10.00234 16.745
10.00641 14.517
10.01048 15.525
10.01455 15.549
10.01862 16.581
10.02268 15.338
10.02675 14.962
10.03082 16.346
10.03489 17.261
10.03896 15.736
10.04303 17.519
10.04709 16.510
10.05116 17.777
10.05523 15.643
10.05930 16.510
10.06337 15.689
10.06744 16.346
10.07151 16.393
10.07557 17.120
10.07964 16.628
10.08371 16.018
10.08778 17.144
10.09185 15.549
10.09592 16.628
10.09999 16.182
10.10405 16.041
10.10812 15.455
10.11219 16.018
10.11626 14.939
10.12033 16.979
10.12440 15.994
10.12846 16.534
10.13253 17.026
10.13660 15.267
10.14067 17.472
10.14474 17.683
10.14881 16.979
10.15288 17.214
10.15694 16.276
10.16101 17.003
10.16508 16.815
10.16915 16.839
10.17322 17.308
10.17729 16.393
10.18135 16.557
10.18542 16.205
10.18949 16.323
10.19356 17.050
10.19763 16.604
10.20170 16.440
10.20577 16.440
10.20983 16.346
10.21390 16.557
10.21797 15.478
10.22204 17.706
10.22611 16.886
10.23018 18.082
10.23425 16.839
10.23831 17.613
10.24238 16.886
10.24645 16.252
10.25052 17.519
10.25459 17.003
10.25866 17.120
10.26272 17.964
10.26679 17.308
10.27086 17.777
10.27493 17.026
10.27900 16.112
10.28307 18.129
10.28714 17.683
10.29120 16.510
10.29527 17.448
10.29934 17.073
10.30341 17.120
10.30748 17.190
10.31155 17.659
10.31561 17.073
10.31968 17.964
10.32375 18.105
10.32782 17.683
10.33189 16.909
10.33596 18.386
10.34003 16.065
10.34409 18.433
10.34816 16.956
10.35223 17.261
10.35630 18.129
10.36037 18.762
10.36444 16.745
10.36851 17.683
10.37257 19.160
10.37664 17.448
10.38071 18.996
10.38478 19.137
10.38885 17.800
10.39292 16.721
10.39698 18.527
10.40105 17.261
10.40512 18.035
10.40919 18.668
10.41326 18.457
10.41733 19.841
10.42140 18.433
10.42546 17.308
10.42953 18.621
10.43360 17.144
10.43767 17.402
10.44174 18.949
10.44581 17.636
10.44988 17.871
10.45394 18.621
10.45801 18.902
10.46208 18.949
10.46615 19.043
10.47022 18.152
10.47429 18.785
10.47835 16.674
10.48242 19.043
10.48649 17.683
10.49056 17.659
10.49463 17.190
10.49870 17.753
10.50277 19.278
10.50683 18.527
10.51090 18.222
10.51497 19.371
10.51904 18.410
10.52311 19.371
10.52718 18.715
10.53124 18.011
10.53531 18.105
10.53938 21.130
10.54345 19.325
10.54752 19.278
10.55159 19.325
10.55566 18.762
10.55972 19.934
10.56379 19.231
10.56786 18.832
10.57193 18.621
10.57600 20.005
10.58007 18.996
10.58414 19.981
10.58820 19.981
10.59227 19.114
10.59634 18.058
10.60041 19.465
10.60448 18.433
10.60855 20.052
10.61261 19.489
10.61668 19.512
10.62075 18.199
10.62482 18.527
10.62889 19.629
10.63296 20.169
10.63703 18.480
10.64109 18.973
10.64516 19.114
10.64923 19.512
10.65330 21.177
10.65737 18.879
10.66144 19.231
10.66551 19.934
10.66957 19.442
10.67364 19.418
10.67771 20.779
10.68178 19.817
10.68585 19.653
10.68992 20.474
10.69398 20.028
10.69805 19.184
10.70212 21.764
10.70619 21.130
10.71026 20.145
10.71433 20.521
10.71840 19.160
10.72246 19.676
10.72653 20.427
10.73060 20.286
10.73467 20.568
10.73874 20.732
10.74281 20.286
10.74687 20.919
10.75094 20.943
10.75501 20.638
10.75908 22.514
10.76315 19.747
10.76722 19.536
10.77129 20.872
10.77535 21.201
10.77942 20.380
10.78349 21.623
10.78756 20.145
10.79163 21.646
10.79570 20.075
10.79977 21.060
10.80383 20.052
10.80790 20.145
10.81197 21.107
10.81604 20.333
10.82011 21.482
10.82418 20.872
10.82824 19.489
10.83231 21.154
10.83638 20.849
10.84045 21.599
10.84452 21.060
10.84859 21.201
10.85266 21.154
10.85672 20.732
10.86079 21.787
10.86486 21.881
10.86893 21.740
10.87300 20.286
10.87707 21.412
10.88114 22.209
10.88520 22.631
10.88927 20.403
10.89334 21.553
10.89741 20.896
10.90148 20.544
10.90555 22.420
10.90961 21.599
10.91368 20.802
10.91775 20.333
10.92182 23.030
10.92589 22.795
10.92996 21.177
10.93403 21.130
10.93809 22.702
10.94216 22.584
10.94623 21.154
10.95030 21.904
10.95437 21.881
10.95844 23.546
10.96250 22.350
10.96657 22.092
10.97064 21.693
10.97471 21.177
10.97878 22.702
10.98285 21.506
10.98692 23.476
10.99098 22.186
10.99505 20.849
10.99912 22.866
11.00319 22.162
11.00726 22.631
11.01133 21.764
11.01540 22.749
11.01946 21.998
11.02353 22.584
11.02760 21.435
11.03167 23.476
11.03574 23.030
11.03981 22.397
11.04387 21.764
11.04794 22.326
11.05201 22.913
11.05608 22.256
11.06015 22.584
11.06422 22.561
11.06829 23.827
11.07235 22.092
11.07642 22.584
11.08049 23.007
11.08456 21.928
11.08863 22.725
11.09270 23.898
11.09676 22.209
11.10083 24.812
11.10490 21.670
11.10897 22.889
11.11304 20.966
11.11711 22.819
11.12118 22.256
11.12524 23.734
11.12931 23.569
11.13338 22.819
11.13745 24.742
11.14152 22.631
11.14559 22.702
11.14966 22.514
11.15372 21.646
11.15779 23.030
11.16186 22.655
11.16593 23.382
11.17000 23.476
11.17407 23.124
11.17813 23.007
11.18220 22.749
11.18627 22.373
11.19034 24.977
11.19441 23.218
11.19848 23.077
11.20255 22.467
11.20661 21.834
11.21068 23.921
11.21475 22.842
11.21882 23.898
11.22289 22.538
11.22696 22.866
11.23103 24.531
11.23509 22.983
11.23916 22.842
11.24323 23.851
11.24730 23.523
11.25137 25.094
11.25544 23.100
11.25950 24.461
11.26357 24.601
11.26764 22.936
11.27171 25.352
11.27578 24.977
11.27985 24.812
11.28392 23.687
11.28798 23.546
11.29205 23.452
11.29612 23.710
11.30019 24.484
11.30426 24.320
11.30833 23.945
11.31239 24.953
11.31646 23.992
11.32053 23.546
11.32460 24.554
11.32867 24.343
11.33274 24.977
11.33681 24.742
11.34087 23.311
11.34494 24.296
11.34901 23.358
11.35308 24.156
11.35715 24.742
11.36122 25.141
11.36529 25.938
11.36935 24.695
11.37342 24.719
11.37749 23.804
11.38156 24.930
11.38563 25.422
11.38970 23.218
11.39376 25.047
11.39783 25.000
11.40190 24.414
11.40597 25.047
11.41004 24.390
11.41411 25.117
11.41818 24.367
11.42224 24.109
11.42631 24.226
11.43038 25.750
11.43445 26.220
11.43852 25.141
11.44259 24.578
11.44666 25.141
11.45072 25.117
11.45479 24.601
11.45886 22.702
11.46293 24.672
11.46700 24.038
11.47107 24.812
11.47513 25.586
11.47920 23.968
11.48327 25.821
11.48734 22.373
11.49141 26.431
11.49548 25.375
11.49955 24.672
11.50361 25.938
11.50768 24.508
11.51175 26.337
11.51582 26.407
11.51989 24.343
11.52396 23.476
11.52802 25.469
11.53209 25.492
11.53616 25.399
11.54023 25.516
11.54430 24.273
11.54837 25.516
11.55244 26.126
11.55650 25.844
11.56057 26.501
11.56464 24.789
11.56871 24.414
11.57278 25.868
11.57685 27.181
11.58092 24.625
11.58498 26.008
11.58905 25.117
11.59312 24.273
11.59719 26.501
11.60126 25.422
11.60533 23.898
11.60939 25.657
11.61346 24.742
11.61753 24.367
11.62160 23.382
11.62567 25.141
11.62974 26.947
11.63381 24.461
11.63787 24.296
11.64194 25.563
11.64601 25.563
11.65008 26.665
11.65415 24.789
11.65822 26.923
11.66229 24.742
11.66635 27.205
11.67042 25.516
11.67449 25.868
11.67856 25.446
11.68263 24.789
11.68670 25.305
11.69076 27.439
11.69483 25.446
11.69890 26.079
11.70297 26.407
11.70704 25.281
11.71111 26.196
11.71518 25.211
11.71924 26.618
11.72331 24.038
11.72738 27.298
11.73145 25.188
11.73552 26.993
11.73959 25.962
11.74365 24.906
11.74772 26.524
11.75179 26.970
11.75586 26.126
11.75993 24.977
11.76400 26.266
11.76807 25.774
11.77213 25.539
11.77620 25.492
11.78027 26.196
11.78434 23.945
11.78841 24.742
11.79248 26.055
11.79655 25.750
11.80061 27.134
11.80468 26.102
11.80875 25.891
11.81282 27.439
11.81689 26.173
11.82096 27.040
11.82502 26.079
11.82909 26.337
11.83316 27.416
11.83723 26.032
11.84130 25.446
11.84537 25.141
11.84944 26.595
11.85350 25.235
11.85757 26.454
11.86164 27.322
11.86571 26.407
11.86978 25.305
11.87385 26.618
11.87792 25.164
11.88198 27.205
11.88605 24.883
11.89012 26.642
11.89419 26.993
11.89826 25.891
11.90233 28.307
11.90639 25.047
11.91046 26.431
11.91453 24.812
11.91860 26.829
11.92267 27.627
11.92674 26.266
11.93081 25.797
11.93487 26.689
11.93894 25.797
11.94301 27.978
11.94708 25.680
11.95115 25.422
11.95522 26.337
11.95928 26.501
11.96335 27.158
11.96742 25.023
11.97149 26.853
11.97556 26.477
11.97963 26.055
11.98370 27.158
11.98776 25.469
11.99183 25.235
11.99590 26.196
11.99997 25.727
12.00404 27.087
12.00811 26.689
12.01218 25.704
12.01624 25.422
12.02031 26.149
12.02438 25.586
12.02845 26.126
12.03252 26.102
12.03659 25.281
12.04065 26.266
12.04472 28.049
12.04879 26.079
12.05286 26.782
12.05693 25.633
12.06100 25.422
12.06507 27.017
12.06913 26.126
12.07320 26.454
12.07727 26.571
12.08134 26.126
12.08541 29.034
12.08948 26.360
12.09354 24.578
12.09761 27.369
12.10168 27.509
12.10575 27.322
12.10982 26.454
12.11389 27.158
12.11796 25.610
12.12202 28.377
12.12609 28.143
12.13016 26.243
12.13423 26.524
12.13830 28.049
12.14237 24.812
12.14644 27.814
12.15050 27.275
12.15457 28.541
12.15864 26.548
12.16271 26.266
12.16678 28.705
12.17085 25.844
12.17491 27.767
12.17898 27.674
12.18305 27.111
12.18712 27.416
12.19119 26.173
12.19526 27.369
12.19933 28.447
12.20339 25.750
12.20746 28.565
12.21153 27.392
12.21560 25.797
12.21967 28.963
12.22374 25.985
12.22781 25.985
12.23187 26.454
12.23594 26.947
12.24001 27.509
12.24408 25.539
12.24815 26.477
12.25222 27.181
12.25628 27.486
12.26035 28.987
12.26442 26.876
12.26849 28.025
12.27256 27.134
12.27663 26.454
12.28070 27.040
12.28476 28.189
12.28883 27.556
12.29290 26.642
12.29697 27.369
12.30104 27.298
12.30511 26.360
12.30917 29.831
12.31324 27.838
12.31731 27.627
12.32138 26.782
12.32545 26.079
12.32952 27.369
12.33359 27.556
12.33765 29.362
12.34172 27.111
12.34579 27.369
12.34986 28.682
12.35393 27.674
12.35800 27.298
12.36207 28.541
12.36613 27.416
12.37020 28.025
12.37427 26.900
12.37834 28.659
12.38241 28.494
12.38648 29.479
12.39054 27.158
12.39461 27.744
12.39868 27.205
12.40275 27.134
12.40682 26.032
12.41089 28.565
12.41496 26.993
12.41902 27.908
12.42309 26.712
12.42716 25.985
12.43123 26.970
12.43530 27.087
12.43937 26.876
12.44344 28.635
12.44750 29.057
12.45157 29.034
12.45564 27.767
12.45971 28.659
12.46378 28.682
12.46785 28.917
12.47191 28.236
12.47598 27.556
12.48005 27.158
12.48412 28.940
12.48819 28.143
12.49226 27.650
12.49633 27.509
12.50039 27.744
12.50446 28.447
12.50853 26.501
12.51260 28.635
12.51667 28.049
12.52074 26.993
12.52480 26.689
12.52887 26.876
12.53294 28.354
12.53701 26.618
12.54108 27.838
12.54515 28.447
12.54922 28.447
12.55328 28.330
12.55735 27.486
12.56142 28.283
12.56549 27.533
12.56956 26.618
12.57363 27.369
12.57770 28.377
12.58176 27.040
12.58583 29.386
12.58990 28.354
12.59397 28.119
12.59804 26.853
12.60211 28.143
12.60617 28.729
12.61024 28.846
12.61431 27.697
12.61838 27.181
12.62245 27.392
12.62652 28.283
12.63059 27.627
12.63465 29.339
12.63872 28.776
12.64279 27.158
12.64686 29.268
12.65093 28.940
12.65500 28.401
12.65907 29.315
12.66313 27.111
12.66720 27.603
12.67127 27.627
12.67534 28.823
12.67941 28.236
12.68348 27.345
12.68754 28.963
12.69161 27.392
12.69568 29.409
12.69975 26.735
12.70382 28.776
12.70789 28.330
12.71196 27.955
12.71602 28.963
12.72009 28.166
12.72416 28.752
12.72823 26.735
12.73230 26.477
12.73637 29.315
12.74043 27.861
12.74450 29.292
12.74857 28.752
12.75264 28.213
12.75671 29.784
12.76078 27.697
12.76485 28.799
12.76891 28.776
12.77298 27.205
12.77705 29.573
12.78112 27.064
12.78519 28.072
12.78926 29.057
12.79333 27.486
12.79739 29.010
12.80146 28.799
12.80553 28.541
12.80960 27.462
12.81367 27.603
12.81774 29.057
12.82180 28.049
12.82587 28.729
12.82994 27.322
12.83401 28.072
12.83808 28.447
12.84215 28.494
12.84622 28.447
12.85028 27.885
12.85435 28.166
12.85842 28.541
12.86249 29.479
12.86656 28.541
12.87063 29.878
12.87469 27.486
12.87876 29.128
12.88283 28.119
12.88690 29.245
12.89097 28.002
12.89504 27.040
12.89911 29.128
12.90317 27.158
12.90724 29.644
12.91131 28.870
12.91538 27.416
12.91945 28.565
12.92352 29.292
12.92759 28.870
12.93165 28.002
12.93572 30.746
12.93979 29.479
12.94386 27.275
12.94793 30.042
12.95200 30.019
12.95606 28.729
12.96013 28.635
12.96420 26.407
12.96827 28.119
12.97234 29.526
12.97641 28.846
12.98048 30.582
12.98454 28.119
12.98861 30.206
12.99268 30.347
12.99675 28.143
13.00082 30.675
13.00489 28.494
13.00896 29.151
13.01302 29.010
13.01709 28.002
13.02116 30.535
13.02523 27.134
13.02930 28.635
13.03337 27.955
13.03743 27.720
13.04150 29.526
13.04557 28.025
13.04964 30.019
13.05371 29.362
13.05778 27.814
13.06185 29.409
13.06591 27.978
13.06998 29.573
13.07405 28.659
13.07812 28.799
13.08219 29.948
13.08626 27.720
13.09032 31.051
13.09439 28.776
13.09846 29.386
13.10253 29.339
13.10660 29.057
13.11067 28.682
13.11474 31.098
13.11880 28.705
13.12287 29.784
13.12694 28.424
13.13101 29.198
13.13508 30.136
13.13915 27.674
13.14322 29.620
13.14728 29.104
13.15135 29.690
13.15542 29.526
13.15949 27.111
13.16356 28.963
13.16763 29.409
13.17169 31.379
13.17576 28.846
13.17983 29.878
13.18390 31.238
13.18797 28.565
13.19204 29.479
13.19611 30.511
13.20017 29.831
13.20424 28.213
13.20831 26.266
13.21238 29.714
13.21645 30.019
13.22052 29.597
13.22459 30.417
13.22865 29.784
13.23272 30.253
13.23679 31.004
13.24086 30.605
13.24493 28.049
13.24900 27.392
13.25306 28.588
13.25713 30.300
13.26120 30.582
13.26527 28.917
13.26934 30.840
13.27341 29.620
13.27748 29.761
13.28154 29.104
13.28561 31.848
13.28968 29.503
13.29375 28.541
13.29782 29.151
13.30189 30.183
13.30595 29.902
13.31002 29.034
13.31409 29.831
13.31816 30.089
13.32223 29.761
13.32630 29.198
13.33037 28.471
13.33443 29.362
13.33850 29.456
13.34257 29.010
13.34664 29.456
13.35071 28.893
13.35478 28.846
13.35885 28.893
13.36291 28.424
13.36698 29.808
13.37105 28.776
13.37512 29.362
13.37919 30.558
13.38326 29.245
13.38732 28.752
13.39139 27.861
13.39546 30.066
13.39953 29.972
13.40360 27.767
13.40767 30.394
13.41174 30.206
13.41580 30.159
13.41987 30.394
13.42394 30.699
13.42801 30.277
13.43208 27.838
13.43615 29.714
13.44022 28.588
13.44428 31.473
13.44835 29.292
13.45242 30.347
13.45649 29.714
13.46056 30.347
13.46463 28.424
13.46869 28.424
13.47276 30.417
13.47683 30.417
13.48090 26.970
13.48497 30.769
13.48904 30.488
13.49311 28.189
13.49717 29.972
13.50124 32.294
13.50531 28.213
13.50938 29.339
13.51345 29.948
13.51752 29.174
13.52158 30.488
13.52565 28.963
13.52972 29.245
13.53379 31.801
13.53786 29.292
13.54193 30.183
13.54600 29.034
13.55006 31.871
13.55413 30.605
13.55820 31.918
13.56227 30.652
13.56634 29.315
13.57041 29.714
13.57448 29.409
13.57854 30.183
13.58261 30.019
13.58668 30.206
13.59075 30.957
13.59482 28.729
13.59889 30.722
13.60295 30.253
13.60702 29.432
13.61109 30.910
13.61516 29.948
13.61923 29.245
13.62330 29.902
13.62737 29.644
13.63143 30.417
13.63550 28.917
13.63957 29.714
13.64364 32.739
13.64771 28.588
13.65178 31.965
13.65584 29.339
13.65991 30.136
13.66398 28.987
13.66805 29.503
13.67212 30.136
13.67619 30.230
13.68026 31.238
13.68432 29.432
13.68839 29.573
13.69246 31.520
13.69653 29.010
13.70060 31.496
13.70467 30.300
13.70874 30.019
13.71280 30.347
13.71687 29.714
13.72094 31.238
13.72501 27.932
13.72908 28.799
13.73315 31.520
13.73721 30.019
13.74128 29.573
13.74535 30.980
13.74942 29.948
13.75349 30.324
13.75756 29.245
13.76163 29.995
13.76569 30.722
13.76976 29.831
13.77383 29.761
13.77790 31.121
13.78197 29.620
13.78604 31.027
13.79011 31.238
13.79417 30.253
13.79824 29.245
13.80231 29.432
13.80638 29.948
13.81045 29.128
13.81452 31.215
13.81858 29.737
13.82265 28.799
13.82672 31.051
13.83079 29.503
13.83486 31.520
13.83893 29.550
13.84300 30.605
13.84706 31.027
13.85113 31.567
13.85520 29.456
13.85927 30.089
13.86334 31.754
13.86741 32.880
13.87147 29.292
13.87554 32.176
13.87961 31.121
13.88368 29.174
13.88775 29.573
13.89182 28.799
13.89589 31.637
13.89995 29.409
13.90402 32.176
13.90809 30.722
13.91216 29.644
13.91623 31.168
13.92030 31.426
13.92437 30.488
13.92843 30.136
13.93250 30.230
13.93657 31.238
13.94064 30.113
13.94471 29.737
13.94878 31.754
13.95284 30.464
13.95691 31.590
13.96098 30.206
13.96505 29.479
13.96912 32.317
13.97319 29.948
13.97726 32.810
13.98132 31.402
13.98539 31.168
13.98946 32.505
13.99353 29.995
13.99760 31.871
14.00167 31.754
14.00574 30.582
14.00980 29.902
14.01387 30.159
14.01794 31.707
14.02201 30.159
14.02608 29.034
14.03015 32.200
14.03421 31.520
14.03828 30.371
14.04235 30.746
14.04642 31.168
14.05049 31.871
14.05456 30.089
14.05863 31.473
14.06269 31.262
14.06676 29.902
14.07083 30.417
14.07490 30.113
14.07897 31.637
14.08304 31.004
14.08710 31.590
14.09117 30.441
14.09524 32.810
14.09931 32.012
14.10338 31.918
14.10745 29.948
14.11152 31.027
14.11558 30.582
14.11965 30.159
14.12372 29.268
14.12779 30.394
14.13186 30.699
14.13593 30.089
14.14000 32.270
14.14406 30.558
14.14813 31.614
14.15220 30.347
14.15627 30.652
14.16034 32.294
14.16441 31.637
14.16847 32.317
14.17254 29.784
14.17661 32.036
14.18068 31.590
14.18475 31.098
14.18882 30.746
14.19289 30.886
14.19695 33.021
14.20102 33.044
14.20509 31.496
14.20916 29.339
14.21323 30.793
14.21730 31.965
14.22137 30.253
14.22543 32.716
14.22950 30.933
14.23357 31.801
14.23764 31.379
14.24171 32.012
14.24578 31.731
14.24984 30.347
14.25391 31.543
14.25798 31.918
14.26205 31.918
14.26612 30.324
14.27019 32.856
14.27426 31.262
14.27832 31.379
14.28239 30.371
14.28646 30.840
14.29053 33.513
14.29460 31.520
14.29867 31.121
14.30273 30.910
14.30680 31.965
14.31087 30.746
14.31494 32.622
14.31901 30.769
14.32308 31.332
14.32715 32.270
14.33121 30.464
14.33528 30.675
14.33935 31.731
14.34342 31.989
14.34749 30.746
14.35156 30.464
14.35563 31.215
14.35969 32.176
14.36376 31.778
14.36783 32.739
14.37190 32.763
14.37597 31.449
14.38004 32.364
14.38410 31.567
14.38817 31.332
14.39224 32.481
14.39631 32.341
14.40038 31.191
14.40445 31.449
14.40852 32.903
14.41258 32.645
14.41665 31.449
14.42072 33.372
14.42479 31.942
14.42886 31.004
14.43293 32.856
14.43699 31.731
14.44106 33.583
14.44513 32.458
14.44920 32.059
14.45327 32.317
14.45734 31.098
14.46141 32.481
14.46547 31.098
14.46954 33.279
14.47361 32.598
14.47768 31.895
14.48175 33.630
14.48582 31.543
14.48989 32.856
14.49395 31.168
14.49802 32.622
14.50209 32.387
14.50616 33.443
14.51023 32.505
14.51430 32.294
14.51836 31.707
14.52243 32.387
14.52650 31.614
14.53057 31.660
14.53464 32.903
14.53871 33.091
14.54278 32.036
14.54684 32.176
14.55091 33.560
14.55498 31.895
14.55905 33.255
14.56312 32.270
14.56719 34.357
14.57126 32.129
14.57532 33.396
14.57939 33.795
14.58346 32.739
14.58753 31.731
14.59160 31.309
14.59567 33.654
14.59973 34.099
14.60380 33.279
14.60787 31.684
14.61194 33.068
14.61601 32.341
14.62008 33.208
14.62415 32.505
14.62821 34.991
14.63228 32.763
14.63635 33.537
14.64042 33.795
14.64449 32.552
14.64856 32.950
14.65262 32.434
14.65669 32.200
14.66076 33.068
14.66483 32.786
14.66890 33.326
14.67297 32.622
14.67704 33.372
14.68110 33.138
14.68517 32.622
14.68924 31.825
14.69331 32.575
14.69738 33.654
14.70145 33.607
14.70552 33.349
14.70958 33.349
14.71365 32.387
14.71772 36.703
14.72179 32.505
14.72586 33.654
14.72993 32.974
14.73399 33.982
14.73806 32.176
14.74213 34.170
14.74620 32.575
14.75027 33.185
14.75434 33.560
14.75841 33.630
14.76247 33.232
14.76654 34.334
14.77061 35.084
14.77468 32.880
14.77875 32.411
14.78282 32.786
14.78689 31.684
14.79095 32.880
14.79502 33.091
14.79909 33.021
14.80316 35.202
14.80723 31.731
14.81130 33.302
14.81536 34.404
14.81943 33.208
14.82350 33.654
14.82757 33.865
14.83164 32.458
14.83571 34.123
14.83978 34.053
14.84384 33.372
14.84791 32.950
14.85198 32.716
14.85605 35.155
14.86012 34.193
14.86419 34.709
14.86825 32.411
14.87232 34.592
14.87639 33.537
14.88046 33.982
14.88453 34.029
14.88860 33.748
14.89267 34.193
14.89673 34.850
14.90080 32.763
14.90487 34.099
14.90894 34.826
14.91301 34.967
14.91708 32.012
14.92115 33.818
14.92521 35.131
14.92928 34.686
14.93335 34.615
14.93742 32.997
14.94149 35.413
14.94556 34.991
14.94962 34.099
14.95369 35.788
14.95776 35.131
14.96183 35.647
14.96590 34.357
14.96997 34.756
14.97404 35.272
14.97810 34.686
14.98217 35.553
14.98624 35.741
14.99031 34.475
14.99438 35.131
14.99845 34.264
15.00252 35.108
15.00658 32.927
15.01065 34.780
15.01472 33.208
15.01879 35.108
15.02286 33.677
15.02693 35.202
15.03099 33.630
15.03506 34.170
15.03913 33.161
15.04320 33.021
15.04727 35.061
15.05134 33.466
15.05541 33.537
15.05947 34.193
15.06354 34.006
15.06761 34.217
15.07168 33.560
15.07575 34.099
15.07982 35.366
15.08388 34.897
15.08795 33.748
15.09202 31.989
15.09609 32.903
15.10016 34.897
15.10423 33.982
15.10830 34.686
15.11236 33.865
15.11643 34.780
15.12050 34.475
15.12457 34.592
15.12864 32.786
15.13271 35.436
15.13678 34.170
15.14084 32.880
15.14491 35.647
15.14898 36.280
15.15305 35.929
15.15712 35.483
15.16119 35.061
15.16525 34.615
15.16932 34.850
15.17339 34.287
15.17746 36.445
15.18153 37.430
15.18560 33.982
15.18967 35.483
15.19373 36.187
15.19780 34.780
15.20187 35.084
15.20594 34.357
15.21001 35.319
15.21408 35.929
15.21815 34.123
15.22221 33.466
15.22628 34.475
15.23035 35.882
15.23442 35.202
15.23849 35.507
15.24256 35.319
15.24662 34.498
15.25069 34.357
15.25476 33.396
15.25883 35.624
15.26290 33.888
15.26697 36.984
15.27104 34.639
15.27510 36.726
15.27917 35.108
15.28324 36.632
15.28731 37.852
15.29138 36.398
15.29545 34.193
15.29951 37.219
15.30358 36.468
15.30765 36.445
15.31172 32.716
15.31579 37.265
15.31986 34.967
15.32393 36.538
15.32799 33.396
15.33206 36.492
15.33613 34.639
15.34020 36.280
15.34427 36.163
15.34834 35.671
15.35241 36.468
15.35647 36.093
15.36054 35.624
15.36461 34.498
15.36868 37.430
15.37275 36.937
15.37682 35.600
15.38088 36.069
15.38495 34.099
15.38902 35.577
15.39309 36.632
15.39716 36.984
15.40123 36.445
15.40530 36.374
15.40936 35.131
15.41343 37.219
15.41750 36.421
15.42157 37.078
15.42564 34.686
15.42971 36.750
15.43377 36.562
15.43784 35.694
15.44191 35.131
15.44598 36.421
15.45005 34.381
15.45412 36.492
15.45819 35.342
15.46225 36.163
15.46632 36.398
15.47039 36.843
15.47446 34.944
15.47853 36.304
15.48260 36.703
15.48667 36.703
15.49073 36.163
15.49480 35.929
15.49887 35.976
15.50294 34.897
15.50701 36.820
15.51108 36.703
15.51514 35.389
15.51921 36.069
15.52328 34.006
15.52735 34.709
15.53142 34.850
15.53549 35.858
15.53956 36.398
15.54362 35.718
15.54769 34.850
15.55176 36.468
15.55583 35.061
15.55990 36.726
15.56397 38.204
15.56804 35.835
15.57210 36.750
15.57617 36.679
15.58024 36.163
15.58431 36.538
15.58838 36.304
15.59245 36.445
15.59651 37.617
15.60058 35.225
15.60465 36.585
15.60872 36.538
15.61279 37.242
15.61686 38.133
15.62093 35.671
15.62499 37.312
15.62906 37.477
15.63313 38.344
15.63720 37.008
15.64127 36.163
15.64534 37.031
15.64940 38.626
15.65347 37.500
15.65754 37.735
15.66161 35.272
15.66568 37.781
15.66975 36.515
15.67382 36.609
15.67788 37.054
15.68195 38.532
15.68602 36.890
15.69009 36.585
15.69416 36.726
15.69823 37.477
15.70230 37.054
15.70636 37.570
15.71043 36.937
15.71450 37.969
15.71857 36.609
15.72264 36.187
15.72671 37.265
15.73077 36.585
15.73484 36.468
15.73891 35.999
15.74298 37.383
15.74705 36.163
15.75112 36.562
15.75519 37.289
15.75925 37.992
15.76332 36.937
15.76739 37.735
15.77146 37.336
15.77553 35.436
15.77960 36.234
15.78367 38.039
15.78773 38.321
15.79180 37.289
15.79587 35.694
15.79994 36.468
15.80401 36.961
15.80808 37.148
15.81214 37.359
15.81621 37.570
15.82028 36.679
15.82435 36.538
15.82842 38.438
15.83249 38.555
15.83656 36.140
15.84062 38.157
15.84469 37.383
15.84876 38.508
15.85283 38.110
15.85690 37.641
15.86097 36.726
15.86503 38.344
15.86910 39.142
15.87317 38.555
15.87724 38.626
15.88131 37.899
15.88538 36.890
15.88945 38.227
15.89351 36.867
15.89758 35.249
15.90165 38.462
15.90572 35.483
15.90979 39.329
15.91386 36.187
15.91793 36.890
15.92199 37.969
15.92606 36.515
15.93013 38.884
15.93420 35.811
15.93827 37.289
15.94234 38.086
15.94640 38.344
15.95047 38.133
15.95454 40.080
15.95861 37.711
15.96268 38.110
15.96675 36.398
15.97082 40.127
15.97488 38.274
15.97895 38.649
15.98302 36.914
15.98709 39.212
15.99116 37.195
15.99523 38.063
15.99930 38.180
16.00336 36.914
16.00743 39.282
16.01150 40.314
16.01557 37.195
16.01964 39.423
16.02371 38.673
16.02777 38.274
16.03184 37.054
16.03591 35.905
16.03998 38.696
16.04405 38.532
16.04812 39.564
16.05219 38.626
16.05625 38.696
16.06032 38.720
16.06439 40.220
16.06846 38.696
16.07253 37.946
16.07660 36.961
16.08066 36.234
16.08473 38.602
16.08880 39.916
16.09287 37.969
16.09694 37.594
16.10101 39.095
16.10508 38.907
16.10914 37.523
16.11321 38.720
16.11728 37.992
16.12135 38.907
16.12542 38.626
16.12949 40.009
16.13356 38.555
16.13762 37.078
16.14169 39.376
16.14576 39.024
16.14983 40.150
16.15390 38.696
16.15797 37.523
16.16203 37.336
16.16610 37.969
16.17017 38.884
16.17424 38.227
16.17831 39.235
16.18238 38.720
16.18645 37.406
16.19051 37.570
16.19458 38.321
16.19865 39.282
16.20272 40.291
16.20679 40.830
16.21086 39.400
16.21492 40.947
16.21899 38.086
16.22306 37.758
16.22713 38.039
16.23120 39.962
16.23527 38.626
16.23934 38.180
16.24340 37.969
16.24747 39.423
16.25154 39.212
16.25561 39.423
16.25968 38.063
16.26375 38.884
16.26782 41.557
16.27188 37.477
16.27595 38.063
16.28002 38.344
16.28409 39.681
16.28816 38.180
16.29223 39.962
16.29629 39.259
16.30036 39.962
16.30443 39.493
16.30850 38.696
16.31257 39.916
16.31664 38.204
16.32071 39.235
16.32477 38.133
16.32884 39.705
16.33291 38.860
16.33698 38.086
16.34105 39.118
16.34512 39.423
16.34919 40.338
16.35325 40.314
16.35732 40.220
16.36139 40.056
16.36546 38.368
16.36953 39.001
16.37360 39.611
16.37766 37.641
16.38173 40.877
16.38580 39.822
16.38987 39.705
16.39394 38.626
16.39801 39.540
16.40208 39.376
16.40614 40.854
16.41021 38.133
16.41428 40.080
16.41835 37.875
16.42242 41.534
16.42649 39.962
16.43055 40.385
16.43462 42.050
16.43869 38.157
16.44276 40.736
16.44683 39.728
16.45090 40.643
16.45497 38.766
16.45903 41.065
16.46310 40.361
16.46717 40.877
16.47124 38.157
16.47531 41.557
16.47938 41.487
16.48345 39.306
16.48751 40.408
16.49158 38.415
16.49565 40.338
16.49972 41.839
16.50379 38.415
16.50786 38.673
16.51192 40.619
16.51599 40.643
16.52006 38.931
16.52413 40.103
16.52820 40.314
16.53227 40.009
16.53634 39.400
16.54040 40.924
16.54447 37.289
16.54854 39.259
16.55261 38.462
16.55668 39.212
16.56075 40.783
16.56482 40.924
16.56888 40.525
16.57295 42.659
16.57702 39.986
16.58109 41.135
16.58516 39.916
16.58923 39.892
16.59329 39.118
16.59736 42.824
16.60143 41.370
16.60550 39.798
16.60957 39.892
16.61364 40.432
16.61771 40.502
16.62177 40.549
16.62584 40.174
16.62991 40.127
16.63398 40.924
16.63805 42.613
16.64212 40.596
16.64618 37.547
16.65025 37.735
16.65432 39.587
16.65839 40.009
16.66246 40.174
16.66653 40.619
16.67060 40.643
16.67466 42.284
16.67873 41.276
16.68280 41.182
16.68687 40.713
16.69094 41.534
16.69501 40.291
16.69908 40.150
16.70314 39.916
16.70721 40.314
16.71128 39.658
16.71535 41.909
16.71942 41.065
16.72349 41.393
16.72755 40.525
16.73162 40.314
16.73569 41.674
16.73976 40.174
16.74383 40.220
16.74790 42.026
16.75197 40.666
16.75603 40.009
16.76010 40.502
16.76417 41.463
16.76824 40.033
16.77231 41.205
16.77638 41.088
16.78045 41.698
16.78451 40.666
16.78858 38.977
16.79265 39.376
16.79672 40.666
16.80079 39.658
16.80486 39.962
16.80892 40.244
16.81299 39.212
16.81706 42.706
16.82113 41.252
16.82520 42.519
16.82927 40.924
16.83334 41.674
16.83740 41.745
16.84147 40.619
16.84554 40.619
16.84961 38.837
16.85368 41.112
16.85775 40.150
16.86181 41.182
16.86588 40.596
16.86995 39.142
16.87402 40.220
16.87809 39.962
16.88216 39.447
16.88623 41.018
16.89029 39.892
16.89436 40.689
16.89843 40.103
16.90250 41.557
16.90657 39.705
16.91064 40.924
16.91471 41.229
16.91877 41.979
16.92284 40.713
16.92691 42.073
16.93098 43.035
16.93505 40.314
16.93912 41.229
16.94318 42.261
16.94725 40.994
16.95132 41.979
16.95539 40.314
16.95946 43.058
16.96353 41.417
16.96760 39.798
16.97166 41.557
16.97573 41.604
16.97980 42.331
16.98387 39.447
16.98794 41.745
16.99201 40.830
16.99607 41.018
17.00014 42.167
17.00421 41.276
17.00828 41.628
17.01235 40.291
17.01642 41.370
17.02049 38.813
17.02455 41.323
17.02862 41.276
17.03269 41.065
17.03676 41.815
17.04083 43.082
17.04490 40.783
17.04897 42.097
17.05303 41.909
17.05710 44.114
17.06117 43.293
17.06524 40.033
17.06931 41.182
17.07338 42.402
17.07744 41.417
17.08151 42.073
17.08558 42.190
17.08965 43.105
17.09372 41.229
17.09779 39.493
17.10186 41.932
17.10592 42.120
17.10999 41.229
17.11406 42.988
17.11813 40.197
17.12220 42.753
17.12627 41.510
17.13034 43.082
17.13440 40.666
17.13847 42.871
17.14254 41.674
17.14661 42.519
17.15068 42.753
17.15475 41.112
17.15881 41.745
17.16288 44.841
17.16695 40.830
17.17102 41.557
17.17509 41.862
17.17916 41.135
17.18323 41.745
17.18729 41.299
17.19136 42.589
17.19543 42.003
17.19950 41.182
17.20357 41.229
17.20764 42.824
17.21170 41.112
17.21577 41.628
17.21984 40.783
17.22391 41.346
17.22798 42.448
17.23205 43.386
17.23612 41.651
17.24018 40.854
17.24425 42.167
17.24832 40.197
17.25239 41.205
17.25646 42.073
17.26053 43.527
17.26460 42.753
17.26866 42.800
17.27273 40.877
17.27680 40.971
17.28087 42.120
17.28494 41.862
17.28901 42.777
17.29307 43.082
17.29714 42.542
17.30121 42.097
17.30528 42.331
17.30935 40.901
17.31342 43.082
17.31749 39.869
17.32155 42.894
17.32562 41.041
17.32969 42.871
17.33376 42.144
17.33783 41.792
17.34190 43.293
17.34597 42.331
17.35003 42.355
17.35410 42.167
17.35817 42.894
17.36224 43.527
17.36631 43.527
17.37038 40.807
17.37444 40.174
17.37851 41.299
17.38258 44.207
17.38665 43.011
17.39072 42.097
17.39479 41.088
17.39886 42.683
17.40292 41.299
17.40699 43.832
17.41106 43.973
17.41513 41.346
17.41920 41.557
17.42327 43.691
17.42733 43.199
17.43140 43.457
17.43547 42.214
17.43954 43.738
17.44361 40.689
17.44768 41.417
17.45175 41.862
17.45581 42.706
17.45988 41.393
17.46395 43.386
17.46802 42.425
17.47209 43.152
17.47616 42.284
17.48023 43.129
17.48429 43.011
17.48836 42.777
17.49243 40.314
17.49650 42.120
17.50057 41.698
17.50464 41.721
17.50870 42.894
17.51277 40.056
17.51684 40.971
17.52091 42.683
17.52498 42.472
17.52905 43.691
17.53312 41.276
17.53718 42.050
17.54125 42.542
17.54532 43.011
17.54939 43.762
17.55346 40.596
17.55753 43.222
17.56160 42.331
17.56566 42.730
17.56973 43.175
17.57380 42.003
17.57787 43.340
17.58194 43.644
17.58601 43.293
17.59007 42.237
17.59414 42.050
17.59821 43.527
17.60228 43.527
17.60635 41.839
17.61042 43.129
17.61449 43.926
17.61855 41.370
17.62262 41.909
17.62669 42.425
17.63076 41.510
17.63483 42.144
17.63890 43.269
17.64296 42.378
17.64703 43.082
17.65110 42.167
17.65517 42.402
17.65924 42.871
17.66331 42.706
17.66738 42.495
17.67144 43.082
17.67551 41.979
17.67958 42.659
17.68365 42.941
17.68772 43.715
17.69179 42.050
17.69586 41.909
17.69992 44.067
17.70399 42.542
17.70806 43.457
17.71213 42.214
17.71620 41.112
17.72027 41.651
17.72433 42.800
17.72840 42.308
17.73247 43.011
17.73654 40.760
17.74061 42.331
17.74468 40.150
17.74875 43.058
17.75281 42.331
17.75688 46.412
17.76095 42.120
17.76502 44.231
17.76909 41.932
17.77316 41.346
17.77722 42.871
17.78129 42.706
17.78536 42.402
17.78943 42.730
17.79350 43.996
17.79757 43.105
17.80164 42.190
17.80570 41.651
17.80977 44.841
17.81384 41.018
17.81791 41.721
17.82198 41.487
17.82605 41.932
17.83012 42.073
17.83418 42.824
17.83825 42.941
17.84232 43.058
17.84639 42.190
17.85046 43.363
17.85453 43.316
17.85859 41.651
17.86266 42.542
17.86673 41.041
17.87080 44.723
17.87487 42.542
17.87894 44.278
17.88301 41.604
17.88707 42.613
17.89114 41.698
17.89521 44.583
17.89928 42.308
17.90335 42.003
17.90742 42.026
17.91149 40.971
17.91555 43.879
17.91962 42.003
17.92369 41.041
17.92776 41.346
17.93183 42.495
17.93590 42.753
17.93996 41.440
17.94403 42.871
17.94810 41.815
17.95217 42.683
17.95624 43.551
17.96031 40.807
17.96438 42.097
17.96844 41.979
17.97251 41.651
17.97658 44.278
17.98065 41.792
17.98472 42.073
17.98879 41.088
17.99285 42.871
17.99692 43.433
18.00099 42.964
18.00506 41.651
18.00913 40.854
18.01320 42.683
18.01727 41.956
18.02133 44.090
18.02540 41.252
18.02947 42.284
18.03354 42.355
18.03761 42.120
18.04168 42.003
18.04575 41.182
18.04981 41.886
18.05388 43.480
18.05795 42.542
18.06202 44.278
18.06609 42.659
18.07016 43.082
18.07422 43.762
18.07829 44.043
18.08236 38.907
18.08643 41.393
18.09050 40.971
18.09457 42.261
18.09864 42.214
18.10270 44.043
18.10677 41.862
18.11084 41.651
18.11491 42.566
18.11898 43.222
18.12305 43.058
18.12712 39.165
18.13118 41.323
18.13525 43.246
18.13932 42.261
18.14339 42.824
18.14746 41.346
18.15153 43.082
18.15559 43.129
18.15966 42.402
18.16373 43.691
18.16780 41.581
18.17187 40.736
18.17594 40.619
18.18001 42.355
18.18407 41.839
18.18814 42.495
18.19221 40.807
18.19628 40.830
18.20035 43.738
18.20442 42.331
18.20848 42.847
18.21255 42.425
18.21662 40.244
18.22069 42.448
18.22476 42.378
18.22883 42.542
18.23290 42.284
18.23696 41.792
18.24103 42.237
18.24510 42.894
18.24917 42.284
18.25324 42.284
18.25731 41.088
18.26138 42.003
18.26544 41.018
18.26951 43.574
18.27358 41.346
18.27765 43.316
18.28172 42.730
18.28579 42.988
18.28985 39.517
18.29392 42.120
18.29799 43.644
18.30206 41.205
18.30613 43.246
18.31020 40.549
18.31427 40.807
18.31833 42.730
18.32240 41.065
18.32647 40.033
18.33054 43.222
18.33461 40.056
18.33868 42.355
18.34275 42.448
18.34681 43.293
18.35088 43.832
18.35495 42.800
18.35902 41.651
18.36309 40.596
18.36716 41.487
18.37122 39.259
18.37529 40.994
18.37936 42.542
18.38343 40.338
18.38750 40.713
18.39157 43.105
18.39564 42.824
18.39970 40.783
18.40377 41.370
18.40784 43.480
18.41191 42.917
18.41598 41.792
18.42005 42.495
18.42411 40.947
18.42818 43.363
18.43225 41.276
18.43632 42.331
18.44039 42.777
18.44446 42.683
18.44853 42.284
18.45259 42.894
18.45666 40.901
18.46073 42.636
18.46480 42.425
18.46887 41.018
18.47294 41.205
18.47701 43.785
18.48107 40.783
18.48514 43.105
18.48921 44.137
18.49328 41.440
18.49735 43.082
18.50142 41.604
18.50548 43.504
18.50955 41.979
18.51362 41.417
18.51769 40.643
18.52176 41.768
18.52583 41.440
18.52990 42.753
18.53396 39.540
18.53803 41.862
18.54210 42.683
18.54617 41.323
18.55024 41.159
18.55431 40.619
18.55838 40.947
18.56244 43.222
18.56651 39.212
18.57058 42.331
18.57465 41.862
18.57872 41.323
18.58279 40.244
18.58685 40.549
18.59092 42.284
18.59499 40.478
18.59906 40.760
18.60313 42.331
18.60720 40.314
18.61127 42.073
18.61533 41.370
18.61940 44.137
18.62347 42.659
18.62754 42.566
18.63161 40.736
18.63568 41.932
18.63974 40.901
18.64381 41.417
18.64788 41.487
18.65195 41.159
18.65602 40.220
18.66009 43.058
18.66416 41.041
18.66822 42.847
18.67229 41.768
18.67636 42.120
18.68043 41.112
18.68450 41.041
18.68857 42.073
18.69264 42.542
18.69670 41.745
18.70077 42.706
18.70484 40.807
18.70891 41.674
18.71298 41.839
18.71705 41.815
18.72111 41.792
18.72518 41.581
18.72925 41.581
18.73332 41.487
18.73739 40.947
18.74146 41.956
18.74553 42.237
18.74959 42.964
18.75366 40.807
18.75773 41.510
18.76180 42.917
18.76587 41.205
18.76994 42.894
18.77400 40.478
18.77807 40.338
18.78214 40.666
18.78621 41.932
18.79028 42.542
18.79435 43.105
18.79842 43.363
18.80248 40.127
18.80655 40.408
18.81062 39.259
18.81469 40.619
18.81876 43.035
18.82283 40.455
18.82690 42.120
18.83096 41.839
18.83503 43.386
18.83910 38.813
18.84317 39.564
18.84724 42.120
18.85131 42.050
18.85537 40.385
18.85944 41.839
18.86351 39.986
18.86758 42.519
18.87165 41.839
18.87572 38.954
18.87979 38.860
18.88385 43.199
18.88792 39.517
18.89199 39.259
18.89606 42.050
18.90013 40.713
18.90420 41.674
18.90827 39.916
18.91233 42.519
18.91640 40.666
18.92047 40.947
18.92454 41.440
18.92861 39.611
18.93268 41.205
18.93674 39.986
18.94081 39.142
18.94488 41.276
18.94895 41.487
18.95302 42.050
18.95709 40.783
18.96116 42.355
18.96522 41.135
18.96929 41.862
18.97336 39.939
18.97743 40.103
18.98150 42.425
18.98557 40.549
18.98963 39.235
18.99370 39.681
18.99777 39.986
19.00184 41.581
19.00591 39.705
19.00998 42.378
19.01405 40.244
19.01811 41.018
19.02218 39.048
19.02625 39.353
19.03032 41.252
19.03439 42.026
19.03846 40.830
19.04253 41.581
19.04659 41.393
19.05066 42.308
19.05473 40.807
19.05880 41.346
19.06287 40.877
19.06694 38.532
19.07100 40.572
19.07507 39.095
19.07914 39.962
19.08321 40.267
19.08728 41.370
19.09135 41.252
19.09542 41.041
19.09948 40.713
19.10355 42.355
19.10762 40.291
19.11169 41.252
19.11576 40.220
19.11983 41.393
19.12390 39.986
19.12796 37.899
19.13203 37.219
19.13610 39.775
19.14017 40.643
19.14424 39.024
19.14831 38.907
19.15237 42.167
19.15644 38.813
19.16051 38.954
19.16458 38.977
19.16865 40.432
19.17272 42.988
19.17679 40.174
19.18085 38.766
19.18492 40.220
19.18899 38.297
19.19306 39.329
19.19713 40.760
19.20120 39.212
19.20526 40.244
19.20933 41.346
19.21340 40.033
19.21747 40.502
19.22154 39.001
19.22561 39.986
19.22968 38.508
19.23374 39.587
19.23781 42.097
19.24188 39.916
19.24595 41.135
19.25002 40.009
19.25409 41.768
19.25816 38.110
19.26222 40.854
19.26629 39.095
19.27036 39.400
19.27443 38.696
19.27850 39.705
19.28257 39.189
19.28663 39.423
19.29070 39.142
19.29477 39.658
19.29884 40.525
19.30291 39.611
19.30698 41.651
19.31105 39.212
19.31511 39.024
19.31918 39.986
19.32325 38.907
19.32732 37.641
19.33139 39.071
19.33546 40.291
19.33953 39.705
19.34359 39.095
19.34766 41.018
19.35173 38.415
19.35580 37.711
19.35987 38.884
19.36394 39.728
19.36800 38.485
19.37207 39.095
19.37614 39.118
19.38021 39.118
19.38428 38.297
19.38835 39.939
19.39242 38.016
19.39648 38.626
19.40055 39.282
19.40462 39.751
19.40869 39.892
19.41276 39.329
19.41683 40.174
19.42089 38.532
19.42496 39.306
19.42903 39.118
19.43310 39.986
19.43717 40.150
19.44124 39.353
19.44531 39.540
19.44937 36.820
19.45344 38.016
19.45751 41.159
19.46158 38.204
19.46565 39.658
19.46972 41.768
19.47379 37.359
19.47785 38.110
19.48192 40.619
19.48599 38.016
19.49006 37.406
19.49413 38.133
19.49820 37.054
19.50226 37.500
19.50633 40.502
19.51040 38.813
19.51447 39.517
19.51854 38.462
19.52261 37.946
19.52668 39.095
19.53074 39.118
19.53481 37.922
19.53888 39.400
19.54295 39.611
19.54702 39.447
19.55109 38.626
19.55515 36.116
19.55922 40.244
19.56329 37.078
19.56736 38.063
19.57143 38.931
19.57550 37.899
19.57957 38.391
19.58363 38.837
19.58770 37.828
19.59177 37.594
19.59584 36.843
19.59991 37.477
19.60398 38.626
19.60805 38.039
19.61211 40.572
19.61618 40.080
19.62025 38.321
19.62432 39.329
19.62839 39.822
19.63246 37.523
19.63652 39.095
19.64059 36.585
19.64466 38.133
19.64873 39.658
19.65280 36.280
19.65687 39.024
19.66094 39.212
19.66500 39.259
19.66907 37.735
19.67314 38.931
19.67721 38.157
19.68128 37.969
19.68535 39.353
19.68942 37.383
19.69348 36.750
19.69755 37.336
19.70162 37.312
19.70569 37.946
19.70976 38.579
19.71383 38.907
19.71789 38.790
19.72196 38.720
19.72603 37.453
19.73010 36.890
19.73417 36.796
19.73824 36.163
19.74231 38.696
19.74637 36.867
19.75044 37.828
19.75451 38.086
19.75858 36.069
19.76265 38.743
19.76672 38.766
19.77078 36.304
19.77485 38.438
19.77892 36.914
19.78299 39.751
19.78706 36.632
19.79113 35.577
19.79520 38.391
19.79926 36.843
19.80333 34.944
19.80740 38.391
19.81147 38.532
19.81554 36.538
19.81961 36.351
19.82368 39.235
19.82774 37.336
19.83181 36.210
19.83588 37.383
19.83995 36.914
19.84402 37.078
19.84809 39.728
19.85215 36.234
19.85622 37.899
19.86029 36.726
19.86436 36.867
19.86843 36.609
19.87250 37.594
19.87657 36.984
19.88063 37.828
19.88470 37.711
19.88877 37.289
19.89284 35.483
19.89691 37.078
19.90098 36.656
19.90505 37.617
19.90911 37.570
19.91318 35.272
19.91725 38.368
19.92132 35.882
19.92539 37.922
19.92946 36.116
19.93352 37.406
19.93759 35.999
19.94166 36.421
19.94573 34.967
19.94980 36.750
19.95387 36.679
19.95794 35.553
19.96200 36.562
19.96607 36.890
19.97014 37.758
19.97421 36.562
19.97828 38.485
19.98235 36.163
19.98641 35.249
19.99048 36.374
19.99455 36.750
19.99862 35.788
20.00269 37.383
20.00676 36.890
20.01083 36.585
20.01489 36.843
20.01896 35.295
20.02303 35.999
20.02710 37.453
20.03117 37.453
20.03524 35.366
20.03931 35.765
20.04337 35.882
20.04744 36.890
20.05151 37.500
20.05558 36.492
20.05965 35.389
20.06372 36.937
20.06778 36.327
20.07185 35.225
20.07592 37.172
20.07999 35.483
20.08406 35.483
20.08813 35.600
20.09220 36.984
20.09626 35.694
20.10033 36.492
20.10440 35.788
20.10847 36.187
20.11254 34.897
20.11661 36.187
20.12068 35.765
20.12474 37.031
20.12881 37.594
20.13288 37.242
20.13695 36.961
20.14102 37.875
20.14509 33.841
20.14915 34.451
20.15322 33.466
20.15729 37.664
20.16136 35.038
20.16543 35.225
20.16950 34.873
20.17357 37.125
20.17763 36.468
20.18170 35.671
20.18577 37.265
20.18984 35.905
20.19391 37.899
20.19798 35.295
20.20204 36.374
20.20611 34.568
20.21018 36.984
20.21425 36.069
20.21832 37.008
20.22239 37.899
20.22646 36.140
20.23052 33.654
20.23459 34.592
20.23866 35.272
20.24273 36.304
20.24680 36.304
20.25087 37.312
20.25494 36.492
20.25900 36.163
20.26307 35.038
20.26714 37.054
20.27121 36.421
20.27528 35.905
20.27935 34.991
20.28341 36.023
20.28748 36.257
20.29155 34.826
20.29562 35.952
20.29969 35.436
20.30376 34.967
20.30783 34.146
20.31189 34.733
20.31596 35.483
20.32003 35.202
20.32410 35.765
20.32817 33.232
20.33224 34.967
20.33630 36.046
20.34037 34.170
20.34444 36.374
20.34851 35.389
20.35258 35.342
20.35665 33.466
20.36072 35.366
20.36478 35.108
20.36885 35.553
20.37292 35.342
20.37699 36.351
20.38106 34.897
20.38513 35.741
20.38920 34.099
20.39326 35.671
20.39733 34.428
20.40140 37.172
20.40547 36.116
20.40954 34.170
20.41361 34.756
20.41767 35.178
20.42174 34.170
20.42581 36.046
20.42988 34.897
20.43395 35.366
20.43802 32.645
20.44209 34.850
20.44615 34.615
20.45022 34.639
20.45429 37.312
20.45836 36.843
20.46243 35.718
20.46650 36.773
20.47057 35.811
20.47463 34.826
20.47870 36.210
20.48277 34.592
20.48684 35.976
20.49091 36.327
20.49498 33.114
20.49904 33.349
20.50311 34.944
20.50718 32.552
20.51125 35.413
20.51532 33.326
20.51939 33.490
20.52346 33.537
20.52752 34.873
20.53159 33.982
20.53566 32.810
20.53973 36.046
20.54380 35.765
20.54787 33.795
20.55193 33.841
20.55600 33.607
20.56007 34.357
20.56414 36.163
20.56821 35.600
20.57228 32.739
20.57635 34.240
20.58041 35.929
20.58448 33.208
20.58855 34.428
20.59262 35.553
20.59669 33.771
20.60076 32.997
20.60483 34.053
20.60889 33.607
20.61296 33.935
20.61703 33.701
20.62110 33.583
20.62517 35.014
20.62924 32.856
20.63330 32.247
20.63737 35.131
20.64144 33.888
20.64551 36.023
20.64958 34.475
20.65365 33.724
20.65772 32.880
20.66178 36.187
20.66585 33.466
20.66992 34.264
20.67399 34.099
20.67806 34.193
20.68213 34.193
20.68620 32.669
20.69026 35.460
20.69433 32.903
20.69840 33.630
20.70247 34.873
20.70654 34.920
20.71061 34.076
20.71467 35.788
20.71874 34.123
20.72281 34.123
20.72688 32.739
20.73095 32.059
20.73502 35.295
20.73909 35.084
20.74315 33.607
20.74722 32.856
20.75129 33.724
20.75536 34.076
20.75943 33.490
20.76350 34.873
20.76756 33.724
20.77163 33.748
20.77570 34.428
20.77977 33.607
20.78384 33.630
20.78791 33.560
20.79198 33.888
20.79604 34.873
20.80011 33.396
20.80418 34.146
20.80825 33.959
20.81232 34.146
20.81639 32.223
20.82046 34.029
20.82452 33.396
20.82859 34.709
20.83266 34.709
20.83673 31.942
20.84080 33.044
20.84487 33.677
20.84893 33.185
20.85300 32.716
20.85707 34.803
20.86114 34.920
20.86521 32.856
20.86928 33.630
20.87335 34.709
20.87741 32.598
20.88148 34.264
20.88555 31.473
20.88962 32.317
20.89369 32.810
20.89776 33.724
20.90183 32.739
20.90589 33.185
20.90996 31.942
20.91403 32.786
20.91810 32.387
20.92217 31.520
20.92624 33.771
20.93030 34.287
20.93437 33.654
20.93844 33.185
20.94251 32.552
20.94658 33.161
20.95065 31.121
20.95472 33.068
20.95878 32.552
20.96285 33.443
20.96692 33.255
20.97099 32.270
20.97506 32.411
20.97913 32.856
20.98319 31.848
20.98726 32.364
20.99133 32.270
20.99540 33.771
20.99947 32.317
21.00354 35.225
21.00761 32.294
21.01167 31.660
21.01574 33.279
21.01981 32.505
21.02388 32.387
21.02795 31.660
21.03202 33.982
21.03609 31.074
21.04015 31.942
21.04422 32.950
21.04829 32.411
21.05236 31.543
21.05643 31.449
21.06050 32.552
21.06456 32.528
21.06863 31.918
21.07270 30.933
21.07677 33.396
21.08084 32.739
21.08491 31.332
21.08898 32.200
21.09304 30.793
21.09711 31.778
21.10118 31.754
21.10525 31.543
21.10932 32.903
21.11339 32.106
21.11746 32.974
21.12152 34.287
21.12559 33.114
21.12966 31.871
21.13373 33.372
21.13780 31.426
21.14187 31.660
21.14593 33.513
21.15000 31.238
21.15407 32.786
21.15814 31.473
21.16221 31.965
21.16628 32.200
21.17035 31.590
21.17441 30.816
21.17848 32.364
21.18255 30.886
21.18662 30.722
21.19069 32.950
21.19476 33.982
21.19882 32.294
21.20289 31.215
21.20696 32.716
21.21103 32.622
21.21510 31.215
21.21917 30.629
21.22324 33.021
21.22730 31.942
21.23137 32.739
21.23544 31.473
21.23951 32.598
21.24358 30.535
21.24765 31.027
21.25172 32.997
21.25578 30.347
21.25985 32.810
21.26392 32.950
21.26799 30.488
21.27206 30.417
21.27613 31.801
21.28019 30.629
21.28426 32.856
21.28833 31.825
21.29240 31.074
21.29647 29.714
21.30054 32.223
21.30461 30.886
21.30867 33.232
21.31274 33.138
21.31681 31.567
21.32088 31.871
21.32495 31.567
21.32902 31.402
21.33308 32.059
21.33715 31.590
21.34122 30.019
21.34529 31.965
21.34936 31.496
21.35343 32.317
21.35750 33.068
21.36156 32.036
21.36563 29.386
21.36970 31.848
21.37377 30.605
21.37784 31.309
21.38191 32.083
21.38598 32.903
21.39004 34.029
21.39411 31.262
21.39818 31.121
21.40225 30.675
21.40632 31.285
21.41039 31.825
21.41445 29.737
21.41852 32.387
21.42259 31.614
21.42666 29.948
21.43073 31.379
21.43480 30.113
21.43887 30.558
21.44293 31.449
21.44700 31.848
21.45107 31.871
21.45514 30.582
21.45921 32.763
21.46328 32.481
21.46735 31.942
21.47141 31.004
21.47548 30.605
21.47955 32.012
21.48362 30.840
21.48769 31.660
21.49176 31.051
21.49582 33.208
21.49989 31.848
21.50396 31.309
21.50803 30.113
21.51210 30.488
21.51617 30.957
21.52024 30.324
21.52430 31.918
21.52837 31.590
21.53244 30.253
21.53651 30.300
21.54058 30.652
21.54465 30.840
21.54871 30.136
21.55278 30.675
21.55685 32.106
21.56092 31.004
21.56499 29.667
21.56906 31.098
21.57313 30.464
21.57719 30.746
21.58126 31.707
21.58533 30.910
21.58940 31.074
21.59347 29.644
21.59754 31.825
21.60161 29.081
21.60567 30.488
21.60974 30.394
21.61381 30.933
21.61788 30.441
21.62195 29.362
21.62602 31.074
21.63008 30.910
21.63415 30.347
21.63822 31.004
21.64229 30.511
21.64636 31.637
21.65043 31.543
21.65450 32.012
21.65856 30.980
21.66263 30.675
21.66670 31.238
21.67077 29.714
21.67484 30.183
21.67891 31.379
21.68298 30.816
21.68704 31.895
21.69111 30.441
21.69518 31.332
21.69925 30.042
21.70332 29.972
21.70739 28.870
21.71145 29.409
21.71552 29.667
21.71959 30.113
21.72366 29.784
21.72773 30.746
21.73180 31.121
21.73587 30.019
21.73993 30.183
21.74400 29.010
21.74807 31.449
21.75214 31.449
21.75621 31.895
21.76028 29.878
21.76434 29.315
21.76841 29.362
21.77248 30.746
21.77655 29.925
21.78062 30.089
21.78469 31.778
21.78876 31.098
21.79282 28.565
21.79689 27.908
21.80096 28.963
21.80503 28.565
21.80910 31.098
21.81317 30.042
21.81724 30.277
21.82130 30.722
21.82537 29.972
21.82944 29.221
21.83351 31.332
21.83758 30.675
21.84165 29.573
21.84571 29.526
21.84978 30.464
21.85385 29.526
21.85792 29.737
21.86199 31.965
21.86606 31.074
21.87013 30.933
21.87419 30.840
21.87826 31.543
21.88233 31.332
21.88640 30.206
21.89047 28.635
21.89454 30.089
21.89861 31.215
21.90267 29.667
21.90674 30.629
21.91081 28.823
21.91488 30.910
21.91895 29.550
21.92302 28.987
21.92708 29.761
21.93115 30.277
21.93522 30.582
21.93929 28.846
21.94336 30.863
21.94743 29.315
21.95150 29.784
21.95556 29.737
21.95963 29.174
21.96370 30.324
21.96777 30.582
21.97184 30.253
21.97591 29.362
21.97997 29.198
21.98404 29.315
21.98811 29.597
21.99218 29.292
21.99625 28.143
22.00032 28.377
22.00439 28.682
22.00845 30.183
22.01252 29.245
22.01659 30.699
22.02066 30.417
22.02473 29.010
22.02880 30.277
22.03287 30.159
22.03693 30.840
22.04100 28.283
22.04507 29.784
22.04914 27.767
22.05321 28.072
22.05728 28.752
22.06134 28.893
22.06541 29.174
22.06948 28.166
22.07355 28.799
22.07762 29.902
22.08169 28.401
22.08576 28.588
22.08982 29.245
22.09389 29.128
22.09796 29.620
22.10203 30.206
22.10610 29.245
22.11017 30.066
22.11423 27.978
22.11830 29.526
22.12237 30.113
22.12644 29.878
22.13051 28.377
22.13458 27.580
22.13865 28.096
22.14271 30.886
22.14678 30.371
22.15085 27.627
22.15492 28.682
22.15899 29.831
22.16306 29.456
22.16713 29.573
22.17119 30.816
22.17526 30.230
22.17933 28.870
22.18340 30.253
22.18747 30.675
22.19154 29.198
22.19560 27.439
22.19967 29.057
22.20374 30.206
22.20781 28.236
22.21188 28.705
22.21595 28.401
22.22002 30.042
22.22408 29.409
22.22815 29.620
22.23222 29.339
22.23629 28.236
22.24036 27.533
22.24443 28.307
22.24850 30.488
22.25256 28.541
22.25663 27.228
22.26070 30.488
22.26477 30.793
22.26884 28.213
22.27291 28.518
22.27697 29.104
22.28104 28.424
22.28511 28.565
22.28918 29.432
22.29325 28.166
22.29732 30.066
22.30139 31.426
22.30545 28.917
22.30952 27.580
22.31359 28.565
22.31766 27.603
22.32173 29.714
22.32580 28.963
22.32986 28.377
22.33393 27.697
22.33800 28.049
22.34207 28.494
22.34614 29.057
22.35021 29.128
22.35428 28.424
22.35834 27.556
22.36241 28.565
22.36648 28.494
22.37055 27.627
22.37462 27.627
22.37869 27.885
22.38276 28.377
22.38682 29.503
22.39089 27.134
22.39496 28.940
22.39903 28.119
22.40310 27.674
22.40717 28.330
22.41123 28.917
22.41530 28.893
22.41937 26.993
22.42344 27.767
22.42751 27.462
22.43158 26.876
22.43565 28.401
22.43971 27.345
22.44378 27.955
22.44785 27.650
22.45192 27.298
22.45599 28.447
22.46006 29.526
22.46413 27.486
22.46819 28.049
22.47226 27.885
22.47633 27.064
22.48040 29.104
22.48447 29.479
22.48854 28.471
22.49260 28.377
22.49667 28.096
22.50074 26.360
22.50481 29.386
22.50888 28.612
22.51295 29.339
22.51702 26.947
22.52108 28.424
22.52515 27.439
22.52922 27.486
22.53329 26.970
22.53736 28.189
22.54143 28.823
22.54549 29.597
22.54956 28.541
22.55363 28.330
22.55770 28.612
22.56177 28.565
22.56584 26.595
22.56991 26.993
22.57397 28.377
22.57804 28.049
22.58211 27.885
22.58618 26.782
22.59025 29.198
22.59432 27.603
22.59839 28.072
22.60245 26.993
22.60652 28.705
22.61059 27.650
22.61466 27.861
22.61873 29.245
22.62280 28.612
22.62686 29.315
22.63093 28.283
22.63500 28.049
22.63907 27.462
22.64314 29.081
22.64721 26.759
22.65128 26.665
22.65534 26.993
22.65941 27.181
22.66348 27.556
22.66755 28.119
22.67162 26.548
22.67569 27.298
22.67976 27.978
22.68382 27.040
22.68789 28.330
22.69196 28.541
22.69603 27.697
22.70010 27.509
22.70417 26.993
22.70823 26.548
22.71230 27.978
22.71637 28.424
22.72044 26.618
22.72451 29.620
22.72858 28.987
22.73265 27.134
22.73671 27.439
22.74078 29.972
22.74485 29.245
22.74892 27.298
22.75299 27.978
22.75706 26.735
22.76112 27.838
22.76519 28.705
22.76926 28.143
22.77333 27.932
22.77740 26.689
22.78147 27.392
22.78554 26.618
22.78960 26.477
22.79367 25.891
22.79774 28.377
22.80181 27.861
22.80588 26.782
22.80995 28.096
22.81402 28.049
22.81808 28.166
22.82215 27.040
22.82622 27.908
22.83029 25.258
22.83436 27.251
22.83843 29.081
22.84249 28.541
22.84656 28.612
22.85063 27.181
22.85470 27.838
22.85877 28.119
22.86284 27.040
22.86691 27.275
22.87097 27.814
22.87504 28.471
22.87911 26.829
22.88318 26.454
22.88725 27.885
22.89132 26.290
22.89538 27.932
22.89945 26.149
22.90352 27.322
22.90759 27.509
22.91166 27.228
22.91573 28.518
22.91980 28.002
22.92386 28.424
22.92793 26.689
22.93200 26.055
22.93607 27.650
22.94014 26.642
22.94421 25.915
22.94828 26.384
22.95234 27.556
22.95641 26.689
22.96048 26.806
22.96455 27.298
22.96862 26.173
22.97269 26.008
22.97675 25.915
22.98082 26.970
22.98489 27.251
22.98896 26.477
22.99303 27.697
22.99710 25.305
23.00117 26.665
23.00523 26.665
23.00930 27.298
23.01337 26.689
23.01744 27.275
23.02151 27.674
23.02558 27.251
23.02965 27.064
23.03371 26.454
23.03778 25.750
23.04185 25.891
23.04592 27.064
23.04999 26.477
23.05406 26.477
23.05812 26.993
23.06219 26.032
23.06626 26.407
23.07033 26.642
23.07440 25.399
23.07847 26.102
23.08254 26.220
23.08660 25.727
23.09067 27.509
23.09474 26.149
23.09881 25.117
23.10288 27.369
23.10695 25.610
23.11101 26.571
23.11508 28.635
23.11915 25.281
23.12322 26.196
23.12729 26.477
23.13136 25.962
23.13543 25.094
23.13949 26.782
23.14356 25.844
23.14763 27.369
23.15170 25.211
23.15577 26.642
23.15984 24.906
23.16391 26.993
23.16797 28.612
23.17204 27.345
23.17611 27.439
23.18018 24.625
23.18425 27.064
23.18832 25.422
23.19238 27.322
23.19645 25.915
23.20052 26.782
23.20459 26.290
23.20866 26.337
23.21273 25.891
23.21680 25.962
23.22086 25.633
23.22493 26.501
23.22900 25.469
23.23307 24.719
23.23714 27.814
23.24121 27.627
23.24528 25.774
23.24934 25.891
23.25341 26.853
23.25748 25.352
23.26155 27.533
23.26562 26.876
23.26969 27.298
23.27375 25.962
23.27782 25.281
23.28189 24.765
23.28596 25.633
23.29003 24.977
23.29410 24.977
23.29817 24.578
23.30223 25.844
23.30630 25.985
23.31037 27.181
23.31444 25.258
23.31851 25.000
23.32258 24.320
23.32664 27.017
23.33071 26.759
23.33478 26.454
23.33885 24.273
23.34292 27.134
23.34699 26.173
23.35106 26.689
23.35512 26.712
23.35919 26.008
23.36326 26.102
23.36733 27.392
23.37140 27.040
23.37547 24.789
23.37954 25.469
23.38360 25.352
23.38767 26.923
23.39174 26.947
23.39581 26.337
23.39988 25.821
23.40395 27.416
23.40801 26.642
23.41208 25.727
23.41615 27.181
23.42022 26.220
23.42429 26.431
23.42836 25.704
23.43243 25.117
23.43649 25.985
23.44056 25.680
23.44463 25.000
23.44870 24.930
23.45277 25.375
23.45684 27.064
23.46091 25.235
23.46497 26.290
23.46904 26.055
23.47311 25.610
23.47718 26.032
23.48125 25.891
23.48532 24.977
23.48938 25.680
23.49345 25.305
23.49752 26.055
23.50159 25.446
23.50566 26.102
23.50973 25.188
23.51380 24.930
23.51786 25.891
23.52193 25.211
23.52600 25.727
23.53007 25.000
23.53414 25.141
23.53821 25.375
23.54227 26.665
23.54634 25.610
23.55041 26.149
23.55448 25.211
23.55855 25.305
23.56262 24.508
23.56669 25.375
23.57075 26.595
23.57482 26.923
23.57889 25.422
23.58296 27.158
23.58703 27.228
23.59110 26.266
23.59517 25.750
23.59923 25.891
23.60330 26.431
23.60737 25.539
23.61144 27.298
23.61551 26.923
23.61958 25.023
23.62364 26.102
23.62771 26.220
23.63178 26.337
23.63585 25.235
23.63992 25.610
23.64399 26.055
23.64806 24.367
23.65212 24.367
23.65619 26.313
23.66026 25.539
23.66433 25.094
23.66840 24.812
23.67247 25.281
23.67653 25.352
23.68060 23.874
23.68467 25.915
23.68874 25.985
23.69281 25.117
23.69688 26.477
23.70095 27.181
23.70501 25.258
23.70908 24.906
23.71315 24.953
23.71722 26.360
23.72129 24.601
23.72536 25.117
23.72943 25.047
23.73349 25.305
23.73756 25.586
23.74163 24.742
23.74570 24.953
23.74977 26.501
23.75384 25.258
23.75790 25.281
23.76197 24.367
23.76604 26.173
23.77011 25.516
23.77418 25.117
23.77825 25.328
23.78232 27.228
23.78638 26.501
23.79045 24.320
23.79452 23.194
23.79859 24.578
23.80266 24.672
23.80673 24.250
23.81080 25.750
23.81486 25.141
23.81893 24.789
23.82300 24.250
23.82707 25.000
23.83114 25.446
23.83521 25.328
23.83927 25.727
23.84334 25.469
23.84741 25.704
23.85148 25.821
23.85555 23.945
23.85962 25.094
23.86369 25.023
23.86775 26.970
23.87182 24.250
23.87589 27.040
23.87996 24.672
23.88403 23.640
23.88810 25.469
23.89216 25.539
23.89623 26.173
23.90030 24.836
23.90437 25.211
23.90844 25.680
23.91251 24.695
23.91658 25.938
23.92064 25.680
23.92471 25.750
23.92878 23.100
23.93285 24.883
23.93692 22.491
23.94099 24.273
23.94506 25.047
23.94912 26.126
23.95319 25.399
23.95726 24.296
23.96133 24.930
23.96540 24.836
23.96947 25.727
23.97353 23.804
23.97760 23.124
23.98167 25.117
23.98574 25.000
23.98981 23.640
23.99388 24.390
23.99795 23.593
24.00201 25.188
24.00608 23.710
24.01015 24.367
24.01422 25.774
24.01829 23.757
24.02236 25.070
24.02643 25.727
24.03049 24.578
24.03456 25.235
24.03863 24.296
24.04270 25.610
24.04677 23.616
24.05084 24.273
24.05490 23.898
24.05897 23.827
24.06304 23.710
24.06711 24.320
24.07118 23.804
24.07525 25.023
24.07932 24.930
24.08338 25.539
24.08745 22.960
24.09152 24.531
24.09559 23.546
24.09966 24.953
24.10373 24.578
24.10779 25.727
24.11186 24.672
24.11593 25.399
24.12000 23.546
24.12407 25.633
24.12814 24.789
24.13221 24.695
24.13627 24.203
24.14034 25.563
24.14441 23.921
24.14848 23.569
24.15255 25.281
24.15662 23.241
24.16069 24.250
24.16475 25.094
24.16882 23.710
24.17289 24.273
24.17696 22.702
24.18103 24.414
24.18510 25.164
24.18916 23.616
24.19323 24.672
24.19730 25.750
24.20137 24.484
24.20544 24.015
24.20951 24.296
24.21358 24.836
24.21764 24.015
24.22171 25.023
24.22578 23.382
24.22985 25.375
24.23392 25.469
24.23799 24.367
24.24206 23.640
24.24612 25.211
24.25019 24.226
24.25426 24.203
24.25833 22.983
24.26240 23.499
24.26647 25.399
24.27053 25.399
24.27460 23.241
24.27867 24.203
24.28274 22.162
24.28681 23.874
24.29088 24.296
24.29495 24.109
24.29901 24.672
24.30308 24.273
24.30715 24.601
24.31122 24.625
24.31529 25.188
24.31936 24.156
24.32342 23.546
24.32749 24.508
24.33156 25.023
24.33563 23.241
24.33970 25.094
24.34377 23.945
24.34784 24.906
24.35190 24.179
24.35597 23.827
24.36004 24.015
24.36411 23.945
24.36818 23.804
24.37225 24.038
24.37632 23.616
24.38038 24.789
24.38445 23.030
24.38852 24.812
24.39259 24.977
24.39666 23.640
24.40073 23.921
24.40479 23.780
24.40886 23.593
24.41293 25.117
24.41700 25.492
24.42107 24.672
24.42514 23.499
24.42921 25.563
24.43327 23.452
24.43734 25.586
24.44141 23.452
24.44548 23.616
24.44955 22.584
24.45362 23.687
24.45769 25.539
24.46175 23.241
24.46582 23.898
24.46989 22.655
24.47396 24.648
24.47803 23.288
24.48210 23.523
24.48616 23.452
24.49023 23.546
24.49430 25.164
24.49837 24.812
24.50244 24.085
24.50651 23.429
24.51058 22.678
24.51464 24.554
24.51871 23.382
24.52278 24.038
24.52685 23.851
24.53092 24.508
24.53499 23.757
24.53905 24.296
24.54312 23.358
24.54719 22.889
24.55126 23.147
24.55533 23.898
24.55940 23.593
24.56347 24.038
24.56753 23.593
24.57160 22.631
24.57567 23.616
24.57974 24.977
24.58381 22.561
24.58788 23.710
24.59195 23.007
24.59601 24.203
24.60008 23.077
24.60415 23.358
24.60822 22.819
24.61229 24.578
24.61636 23.288
24.62042 23.100
24.62449 22.280
24.62856 23.569
24.63263 22.725
24.63670 23.030
24.64077 24.742
24.64484 23.710
24.64890 23.734
24.65297 23.124
24.65704 23.382
24.66111 22.233
24.66518 22.115
24.66925 22.866
24.67331 22.772
24.67738 24.672
24.68145 25.235
24.68552 24.085
24.68959 23.710
24.69366 24.038
24.69773 21.459
24.70179 23.687
24.70586 23.476
24.70993 22.233
24.71400 23.147
24.71807 23.734
24.72214 23.827
24.72621 22.256
24.73027 24.296
24.73434 23.382
24.73841 22.842
24.74248 24.179
24.74655 22.092
24.75062 24.836
24.75468 22.280
24.75875 24.414
24.76282 23.569
24.76689 23.569
24.77096 22.913
24.77503 22.233
24.77910 22.420
24.78316 22.889
24.78723 22.467
24.79130 23.053
24.79537 22.702
24.79944 23.288
24.80351 22.303
24.80758 22.584
24.81164 22.866
24.81571 25.164
24.81978 23.265
24.82385 22.491
24.82792 21.529
24.83199 23.053
24.83605 24.132
24.84012 23.593
24.84419 22.702
24.84826 23.171
24.85233 22.678
24.85640 22.702
24.86047 23.124
24.86453 24.672
24.86860 22.749
24.87267 22.889
24.87674 22.819
24.88081 23.616
24.88488 23.827
24.88894 21.998
24.89301 23.710
24.89708 23.218
24.90115 23.757
24.90522 22.397
24.90929 21.553
24.91336 23.476
24.91742 23.804
24.92149 22.233
24.92556 23.288
24.92963 22.326
24.93370 24.132
24.93777 23.311
24.94184 22.420
24.94590 23.124
24.94997 23.053
24.95404 23.124
24.95811 23.616
24.96218 22.795
24.96625 21.412
24.97031 23.499
24.97438 22.233
24.97845 23.265
24.98252 21.857
24.98659 23.546
24.99066 24.109
24.99473 22.983
24.99879 22.795
25.00286 22.420
25.00693 22.702
25.01100 23.171
25.01507 23.007
25.01914 24.531
25.02321 23.710
25.02727 21.717
25.03134 22.631
25.03541 22.186
25.03948 22.256
25.04355 21.811
25.04762 22.631
25.05168 23.335
25.05575 21.529
25.05982 21.693
25.06389 23.007
25.06796 23.429
25.07203 22.115
25.07610 22.702
25.08016 21.529
25.08423 22.584
25.08830 23.499
25.09237 21.857
25.09644 23.030
25.10051 24.719
25.10457 22.045
25.10864 22.631
25.11271 22.068
25.11678 22.256
25.12085 21.975
25.12492 22.022
25.12899 23.851
25.13305 22.842
25.13712 23.007
25.14119 22.749
25.14526 22.491
25.14933 22.913
25.15340 23.030
25.15747 20.661
25.16153 21.787
25.16560 21.341
25.16967 22.960
25.17374 22.936
25.17781 22.866
25.18188 23.358
25.18594 22.209
25.19001 21.248
25.19408 21.506
25.19815 22.772
25.20222 22.561
25.20629 23.335
25.21036 21.130
25.21442 21.904
25.21849 22.068
25.22256 21.529
25.22663 21.412
25.23070 21.693
25.23477 21.529
25.23884 24.531
25.24290 22.068
25.24697 22.725
25.25104 22.491
25.25511 21.365
25.25918 23.265
25.26325 21.177
25.26731 23.358
25.27138 22.303
25.27545 21.599
25.27952 22.584
25.28359 21.599
25.28766 23.616
25.29173 21.975
25.29579 22.092
25.29986 22.983
25.30393 23.124
25.30800 21.177
25.31207 23.851
25.31614 21.388
25.32020 22.772
25.32427 22.326
25.32834 21.060
25.33241 21.951
25.33648 22.538
25.34055 19.794
25.34462 22.561
25.34868 23.171
25.35275 22.280
25.35682 22.584
25.36089 22.866
25.36496 21.013
25.36903 22.936
25.37310 20.849
25.37716 22.983
25.38123 21.576
25.38530 22.233
25.38937 20.802
25.39344 22.420
25.39751 21.201
25.40157 21.201
25.40564 20.450
25.40971 21.388
25.41378 21.177
25.41785 21.529
25.42192 21.646
25.42599 22.326
25.43005 21.365
25.43412 22.397
25.43819 21.295
25.44226 21.998
25.44633 20.990
25.45040 23.100
25.45446 21.576
25.45853 22.373
25.46260 21.811
25.46667 21.553
25.47074 21.459
25.47481 23.429
25.47888 21.365
25.48294 21.341
25.48701 22.068
25.49108 21.248
25.49515 21.787
25.49922 22.022
25.50329 20.849
25.50736 21.904
25.51142 23.147
25.51549 21.623
25.51956 20.732
25.52363 20.098
25.52770 21.670
25.53177 22.913
25.53583 22.162
25.53990 20.872
25.54397 22.889
25.54804 22.092
25.55211 22.795
25.55618 21.576
25.56025 22.795
25.56431 20.849
25.56838 22.139
25.57245 21.295
25.57652 22.936
25.58059 21.130
25.58466 21.553
25.58873 21.646
25.59279 21.717
25.59686 21.365
25.60093 21.717
25.60500 21.904
25.60907 22.326
25.61314 22.491
25.61720 20.990
25.62127 22.584
25.62534 20.990
25.62941 21.623
25.63348 20.239
25.63755 22.209
25.64162 21.599
25.64568 21.248
25.64975 21.928
25.65382 21.951
25.65789 20.943
25.66196 22.538
25.66603 21.623
25.67009 21.599
25.67416 21.295
25.67823 20.826
25.68230 22.303
25.68637 21.599
25.69044 21.787
25.69451 20.990
25.69857 20.708
25.70264 20.310
25.70671 20.755
25.71078 21.553
25.71485 21.740
25.71892 22.772
25.72299 20.779
25.72705 22.326
25.73112 22.913
25.73519 21.881
25.73926 21.787
25.74333 21.646
25.74740 19.770
25.75146 21.060
25.75553 21.740
25.75960 21.881
25.76367 22.538
25.76774 21.459
25.77181 20.333
25.77588 20.966
25.77994 21.975
25.78401 20.403
25.78808 21.271
25.79215 21.177
25.79622 22.373
25.80029 20.990
25.80436 21.529
25.80842 20.169
25.81249 21.295
25.81656 21.248
25.82063 21.646
25.82470 20.802
25.82877 21.881
25.83283 20.990
25.83690 20.708
25.84097 23.218
25.84504 20.403
25.84911 21.576
25.85318 20.943
25.85725 20.310
25.86131 20.427
25.86538 20.286
25.86945 20.075
25.87352 21.881
25.87759 20.779
25.88166 21.599
25.88572 21.224
25.88979 20.919
25.89386 20.450
25.89793 20.216
25.90200 21.224
25.90607 21.435
25.91014 21.834
25.91420 20.286
25.91827 21.013
25.92234 21.998
25.92641 21.318
25.93048 21.576
25.93455 21.646
25.93862 20.708
25.94268 21.553
25.94675 22.139
25.95082 19.794
25.95489 21.787
25.95896 21.037
25.96303 21.248
25.96709 21.764
25.97116 21.811
25.97523 21.341
25.97930 19.723
25.98337 21.435
25.98744 18.996
25.99151 21.154
25.99557 21.646
25.99964 20.310
26.00371 20.333
26.00778 20.802
26.01185 21.787
26.01592 20.872
26.01999 21.130
26.02405 20.872
26.02812 19.184
26.03219 20.216
26.03626 22.514
26.04033 20.591
26.04440 20.661
26.04846 20.169
26.05253 19.958
26.05660 20.779
26.06067 20.779
26.06474 20.239
26.06881 20.263
26.07288 20.380
26.07694 21.975
26.08101 21.388
26.08508 20.122
26.08915 19.981
26.09322 20.732
26.09729 20.169
26.10135 19.606
26.10542 20.286
26.10949 21.459
26.11356 20.755
26.11763 21.623
26.12170 20.192
26.12577 20.356
26.12983 20.755
26.13390 20.638
26.13797 21.130
26.14204 21.201
26.14611 21.365
26.15018 20.474
26.15425 19.489
26.15831 20.380
26.16238 21.482
26.16645 19.770
26.17052 20.896
26.17459 21.388
26.17866 20.474
26.18272 20.263
26.18679 20.872
26.19086 20.474
26.19493 20.755
26.19900 20.356
26.20307 20.661
26.20714 21.599
26.21120 20.263
26.21527 20.450
26.21934 21.693
26.22341 20.497
26.22748 20.216
26.23155 19.770
26.23561 20.614
26.23968 20.990
26.24375 21.037
26.24782 21.740
26.25189 20.052
26.25596 21.435
26.26003 21.623
26.26409 21.881
26.26816 20.028
26.27223 20.427
26.27630 19.653
26.28037 20.802
26.28444 21.318
26.28851 21.459
26.29257 19.653
26.29664 20.872
26.30071 20.145
26.30478 20.192
26.30885 21.834
26.31292 21.435
26.31698 19.418
26.32105 19.981
26.32512 21.435
26.32919 20.122
26.33326 20.310
26.33733 19.864
26.34140 20.661
26.34546 19.348
26.34953 20.544
26.35360 20.403
26.35767 19.723
26.36174 20.614
26.36581 20.661
26.36988 19.465
26.37394 20.826
26.37801 20.216
26.38208 19.371
26.38615 20.380
26.39022 20.122
26.39429 19.207
26.39835 20.169
26.40242 20.145
26.40649 20.356
26.41056 19.254
26.41463 20.122
26.41870 19.184
26.42277 20.192
26.42683 20.052
26.43090 20.849
26.43497 18.902
26.43904 19.653
26.44311 20.052
26.44718 20.568
26.45124 20.779
26.45531 19.137
26.45938 19.512
26.46345 19.817
26.46752 20.521
26.47159 21.459
26.47566 19.981
26.47972 19.817
26.48379 18.386
26.48786 20.075
26.49193 19.958
26.49600 21.435
26.50007 19.958
26.50414 19.653
26.50820 19.723
26.51227 19.348
26.51634 19.184
26.52041 19.559
26.52448 20.614
26.52855 19.958
26.53261 19.254
26.53668 19.278
26.54075 18.504
26.54482 20.826
26.54889 20.802
26.55296 18.598
26.55703 20.356
26.56109 19.723
26.56516 20.591
26.56923 19.700
26.57330 19.934
26.57737 19.325
26.58144 21.412
26.58551 21.341
26.58957 19.184
26.59364 19.653
26.59771 19.325
26.60178 20.239
26.60585 18.902
26.60992 19.629
26.61398 20.310
26.61805 19.114
26.62212 19.442
26.62619 20.872
26.63026 20.638
26.63433 19.747
26.63840 18.809
26.64246 19.301
26.64653 19.817
26.65060 19.606
26.65467 19.114
26.65874 19.442
26.66281 18.410
26.66687 20.028
26.67094 19.723
26.67501 20.169
26.67908 19.020
26.68315 19.981
26.68722 19.160
26.69129 20.028
26.69535 18.785
26.69942 18.152
26.70349 18.527
26.70756 19.114
26.71163 19.841
26.71570 20.122
26.71977 19.512
26.72383 17.777
26.72790 19.887
26.73197 20.474
26.73604 19.301
26.74011 19.301
26.74418 19.489
26.74824 20.216
26.75231 19.254
26.75638 18.386
26.76045 19.325
26.76452 20.544
26.76859 19.512
26.77266 19.489
26.77672 18.879
26.78079 18.527
26.78486 19.559
26.78893 19.231
26.79300 20.919
26.79707 18.316
26.80114 18.129
26.80520 18.668
26.80927 19.489
26.81334 20.145
26.81741 19.254
26.82148 18.410
26.82555 19.254
26.82961 19.160
26.83368 19.231
26.83775 18.551
26.84182 18.879
26.84589 19.160
26.84996 19.864
26.85403 19.348
26.85809 18.738
26.86216 18.293
26.86623 18.340
26.87030 20.403
26.87437 18.246
26.87844 18.926
26.88250 16.651
26.88657 18.316
26.89064 19.090
26.89471 19.231
26.89878 20.239
26.90285 18.269
26.90692 19.114
26.91098 17.589
26.91505 18.504
26.91912 18.785
26.92319 19.043
26.92726 18.340
26.93133 19.536
26.93540 17.730
26.93946 20.356
26.94353 18.926
26.94760 18.996
26.95167 18.785
26.95574 18.129
26.95981 19.137
26.96387 18.574
26.96794 19.371
26.97201 19.512
26.97608 18.504
26.98015 19.207
26.98422 19.653
26.98829 18.785
26.99235 17.824
26.99642 17.824
27.00049 18.363
27.00456 18.410
27.00863 19.254
27.01270 18.668
27.01676 19.325
27.02083 18.902
27.02490 17.261
27.02897 18.598
27.03304 17.871
27.03711 18.644
27.04118 20.333
27.04524 18.949
27.04931 18.175
27.05338 19.090
27.05745 19.043
27.06152 18.527
27.06559 18.762
27.06966 18.644
27.07372 18.949
27.07779 17.777
27.08186 19.700
27.08593 17.847
27.09000 17.237
27.09407 18.011
27.09813 18.856
27.10220 18.668
27.10627 17.425
27.11034 18.457
27.11441 18.738
27.11848 18.551
27.12255 19.583
27.12661 17.003
27.13068 19.395
27.13475 18.316
27.13882 18.058
27.14289 17.847
27.14696 17.941
27.15103 19.817
27.15509 16.932
27.15916 17.448
27.16323 17.402
27.16730 18.316
27.17137 17.308
27.17544 18.011
27.17950 18.386
27.18357 18.410
27.18764 17.214
27.19171 18.293
27.19578 18.668
27.19985 18.058
27.20392 18.527
27.20798 19.137
27.21205 18.668
27.21612 17.120
27.22019 17.941
27.22426 18.316
27.22833 17.777
27.23239 18.644
27.23646 17.448
27.24053 18.785
27.24460 17.683
27.24867 17.237
27.25274 19.887
27.25681 18.129
27.26087 19.278
27.26494 18.199
27.26901 19.278
27.27308 18.175
27.27715 18.058
27.28122 18.293
27.28529 17.683
27.28935 16.886
27.29342 18.574
27.29749 19.090
27.30156 19.418
27.30563 18.082
27.30970 17.988
27.31376 17.613
27.31783 17.824
27.32190 17.308
27.32597 17.847
27.33004 18.480
27.33411 18.386
27.33818 16.581
27.34224 17.237
27.34631 19.137
27.35038 18.293
27.35445 18.715
27.35852 17.894
27.36259 17.402
27.36666 18.738
27.37072 18.105
27.37479 19.090
27.37886 20.263
27.38293 18.527
27.38700 17.964
27.39107 17.167
27.39513 17.730
27.39920 18.644
27.40327 18.785
27.40734 19.911
27.41141 17.519
27.41548 17.402
27.41955 18.926
27.42361 17.988
27.42768 17.847
27.43175 16.721
27.43582 17.636
27.43989 17.613
27.44396 17.519
27.44802 18.785
27.45209 17.050
27.45616 16.839
27.46023 17.941
27.46430 17.402
27.46837 18.269
27.47244 17.777
27.47650 17.659
27.48057 18.363
27.48464 17.847
27.48871 17.073
27.49278 17.073
27.49685 18.011
27.50092 17.777
27.50498 17.284
27.50905 17.706
27.51312 16.276
27.51719 17.144
27.52126 17.003
27.52533 16.862
27.52939 17.777
27.53346 18.152
27.53753 17.331
27.54160 18.105
27.54567 17.589
27.54974 17.190
27.55381 17.214
27.55787 16.510
27.56194 17.331
27.56601 17.097
27.57008 18.316
27.57415 17.871
27.57822 17.308
27.58229 18.082
27.58635 17.964
27.59042 18.340
27.59449 17.073
27.59856 17.120
27.60263 16.956
27.60670 18.433
27.61076 18.340
27.61483 17.144
27.61890 17.894
27.62297 18.363
27.62704 17.613
27.63111 16.651
27.63518 17.167
27.63924 18.480
27.64331 16.886
27.64738 17.167
27.65145 17.847
27.65552 17.683
27.65959 17.214
27.66365 16.839
27.66772 17.847
27.67179 17.824
27.67586 16.909
27.67993 16.862
27.68400 16.745
27.68807 18.175
27.69213 18.058
27.69620 17.355
27.70027 17.073
27.70434 17.355
27.70841 17.214
27.71248 18.433
27.71655 18.386
27.72061 17.120
27.72468 17.730
27.72875 16.956
27.73282 17.589
27.73689 16.862
27.74096 18.316
27.74502 16.768
27.74909 17.589
27.75316 16.862
27.75723 17.800
27.76130 17.824
27.76537 17.448
27.76944 16.721
27.77350 17.894
27.77757 17.214
27.78164 16.674
27.78571 17.964
27.78978 18.058
27.79385 17.237
27.79792 18.246
27.80198 17.777
27.80605 16.557
27.81012 18.129
27.81419 17.730
27.81826 17.050
27.82233 18.058
27.82639 17.730
27.83046 18.058
27.83453 17.261
27.83860 17.237
27.84267 16.135
27.84674 17.730
27.85081 17.777
27.85487 16.370
27.85894 17.120
27.86301 16.932
27.86708 17.659
27.87115 16.370
27.87522 17.589
27.87928 16.815
27.88335 16.886
27.88742 17.613
27.89149 16.792
27.89556 16.839
27.89963 17.589
27.90370 16.862
27.90776 17.144
27.91183 17.800
27.91590 16.768
27.91997 18.129
27.92404 18.129
27.92811 17.777
27.93218 17.777
27.93624 17.308
27.94031 18.574
27.94438 16.674
27.94845 18.293
27.95252 17.261
27.95659 16.909
27.96065 17.824
27.96472 16.886
27.96879 17.261
27.97286 18.668
27.97693 17.683
27.98100 17.613
27.98507 17.495
27.98913 16.839
27.99320 16.393
27.99727 17.917
28.00134 16.674
28.00541 16.463
28.00948 16.839
28.01354 15.854
28.01761 18.668
28.02168 18.082
28.02575 16.979
28.02982 16.510
28.03389 17.917
28.03796 16.932
28.04202 17.894
28.04609 18.340
28.05016 17.073
28.05423 18.175
28.05830 18.035
28.06237 17.495
28.06644 16.393
28.07050 18.222
28.07457 17.777
28.07864 17.448
28.08271 18.035
28.08678 18.293
28.09085 18.082
28.09491 17.659
28.09898 17.613
28.10305 17.636
28.10712 17.777
28.11119 18.175
28.11526 17.214
28.11933 18.175
28.12339 16.463
28.12746 18.762
28.13153 18.551
28.13560 18.480
28.13967 18.105
28.14374 17.894
28.14781 17.190
28.15187 19.348
28.15594 18.410
28.16001 17.777
28.16408 18.551
28.16815 17.589
28.17222 17.824
28.17628 18.222
28.18035 19.278
28.18442 19.231
28.18849 18.949
28.19256 18.621
28.19663 18.386
28.20070 19.747
28.20476 20.122
28.20883 17.941
28.21290 19.794
28.21697 19.887
28.22104 20.098
28.22511 21.013
28.22917 19.536
28.23324 20.028
28.23731 21.248
28.24138 20.708
28.24545 21.341
28.24952 21.295
28.25359 23.265
28.25765 22.326
28.26172 22.866
28.26579 23.546
28.26986 24.859
28.27393 24.508
28.27800 24.273
28.28207 24.578
28.28613 26.642
28.29020 26.360
28.29427 26.102
28.29834 27.251
28.30241 29.315
28.30648 29.245
28.31054 31.473
28.31461 32.294
28.31868 31.660
28.32275 31.942
28.32682 34.311
28.33089 34.053
28.33496 34.897
28.33902 36.585
28.34309 37.523
28.34716 40.478
28.35123 40.760
28.35530 39.916
28.35937 41.839
28.36344 43.644
28.36750 46.201
28.37157 47.491
28.37564 49.484
28.37971 52.533
28.38378 51.337
28.38785 53.776
28.39191 55.347
28.39598 56.707
28.40005 59.991
28.40412 59.920
28.40819 61.093
28.41226 60.647
28.41633 63.321
28.42039 64.728
28.42446 64.517
28.42853 65.736
28.43260 64.493
28.43667 65.549
28.44074 64.962
28.44480 67.871
28.44887 67.144
28.45294 67.730
28.45701 65.103
28.46108 66.510
28.46515 67.472
28.46922 65.666
28.47328 64.212
28.47735 63.133
28.48142 63.884
28.48549 61.187
28.48956 59.944
28.49363 59.076
28.49770 56.004
28.50176 53.987
28.50583 51.431
28.50990 52.111
28.51397 48.241
28.51804 46.083
28.52211 44.160
28.52617 42.144
28.53024 42.097
28.53431 40.596
28.53838 39.142
28.54245 37.641
28.54652 38.180
28.55059 35.905
28.55465 35.507
28.55872 30.957
28.56279 31.567
28.56686 32.106
28.57093 29.690
28.57500 28.354
28.57907 27.838
28.58313 27.369
28.58720 25.047
28.59127 23.804
28.59534 24.226
28.59941 23.265
28.60348 21.412
28.60754 21.670
28.61161 20.661
28.61568 21.154
28.61975 20.310
28.62382 18.879
28.62789 19.231
28.63196 20.052
28.63602 18.222
28.64009 19.160
28.64416 18.809
28.64823 18.715
28.65230 17.988
28.65637 17.519
28.66043 18.293
28.66450 17.472
28.66857 18.644
28.67264 16.862
28.67671 17.378
28.68078 17.355
28.68485 16.299
28.68891 17.659
28.69298 18.152
28.69705 16.229
28.70112 17.308
28.70519 17.355
28.70926 18.598
28.71333 16.698
28.71739 16.839
28.72146 17.050
28.72553 16.768
28.72960 16.721
28.73367 16.674
28.73774 16.065
28.74180 17.284
28.74587 17.284
28.74994 15.994
28.75401 17.495
28.75808 15.525
28.76215 14.751
28.76622 15.760
28.77028 15.385
28.77435 17.214
28.77842 15.432
28.78249 15.643
28.78656 16.581
28.79063 16.018
28.79469 16.252
28.79876 16.393
28.80283 15.572
28.80690 15.291
28.81097 14.634
28.81504 15.385
28.81911 15.666
28.82317 16.088
28.82724 16.112
28.83131 16.815
28.83538 15.971
28.83945 14.962
28.84352 16.018
28.84759 13.977
28.85165 15.502
28.85572 15.385
28.85979 15.174
28.86386 14.986
28.86793 16.440
28.87200 13.977
28.87606 13.977
28.88013 14.001
28.88420 14.517
28.88827 14.611
28.89234 15.619
28.89641 15.127
28.90048 15.666
28.90454 14.798
28.90861 14.845
28.91268 15.432
28.91675 15.643
28.92082 14.869
28.92489 15.385
28.92896 13.649
28.93302 15.009
28.93709 14.798
28.94116 15.009
28.94523 14.916
28.94930 15.572
28.95337 15.244
28.95743 15.220
28.96150 14.306
28.96557 15.338
28.96964 13.579
28.97371 13.954
28.97778 14.751
28.98185 14.939
28.98591 14.517
28.98998 14.916
28.99405 14.845
28.99812 14.024
29.00219 14.681
29.00626 14.353
29.01032 15.689
29.01439 14.423
29.01846 14.892
29.02253 14.470
29.02660 14.681
29.03067 12.735
29.03474 15.267
29.03880 13.602
29.04287 13.157
29.04694 15.643
29.05101 14.892
29.05508 14.564
29.05915 15.572
29.06322 13.790
29.06728 15.455
29.07135 14.892
29.07542 15.009
29.07949 14.118
29.08356 14.400
29.08763 15.830
29.09169 15.478
29.09576 14.517
29.09983 15.127
29.10390 13.250
29.10797 14.118
29.11204 15.033
29.11611 14.048
29.12017 14.658
29.12424 14.705
29.12831 13.485
29.13238 15.338
29.13645 14.587
29.14052 14.212
29.14459 14.118
29.14865 14.235
29.15272 13.626
29.15679 13.602
29.16086 14.822
29.16493 14.282
29.16900 14.634
29.17306 14.329
29.17713 14.118
29.18120 15.056
29.18527 13.977
29.18934 14.587
29.19341 14.986
29.19748 14.798
29.20154 14.540
29.20561 14.353
29.20968 12.969
29.21375 13.954
29.21782 14.470
29.22189 14.212
29.22595 13.837
29.23002 14.282
29.23409 14.165
29.23816 14.259
29.24223 14.986
29.24630 14.165
29.25037 14.329
29.25443 14.071
29.25850 14.048
29.26257 14.845
29.26664 14.001
29.27071 15.127
29.27478 14.353
29.27885 14.118
29.28291 12.922
29.28698 13.884
29.29105 13.368
29.29512 13.016
29.29919 14.728
29.30326 13.696
29.30732 14.189
29.31139 15.009
29.31546 13.368
29.31953 13.626
29.32360 14.118
29.32767 13.579
29.33174 13.907
29.33580 14.212
29.33987 12.946
29.34394 14.658
29.34801 14.329
29.35208 13.321
29.35615 13.227
29.36022 14.728
29.36428 13.837
29.36835 13.626
29.37242 13.016
29.37649 14.306
29.38056 14.611
29.38463 13.837
29.38869 13.555
29.39276 13.766
29.39683 13.696
29.40090 14.892
29.40497 13.250
29.40904 13.766
29.41311 13.368
29.41717 13.415
29.42124 13.438
29.42531 13.813
29.42938 13.508
29.43345 14.634
29.43752 13.321
29.44158 12.852
29.44565 14.822
29.44972 14.329
29.45379 13.766
29.45786 14.282
29.46193 14.329
29.46600 14.071
29.47006 14.071
29.47413 12.617
29.47820 13.977
29.48227 13.391
29.48634 12.664
29.49041 14.024
29.49448 14.259
29.49854 13.180
29.50261 12.969
29.50668 13.532
29.51075 13.696
29.51482 13.555
29.51889 14.165
29.52295 12.852
29.52702 12.477
29.53109 13.602
29.53516 13.720
29.53923 13.884
29.54330 12.172
29.54737 13.485
29.55143 14.306
29.55550 12.688
29.55957 14.071
29.56364 14.142
29.56771 13.157
29.57178 12.641
29.57584 14.095
29.57991 14.118
29.58398 13.931
29.58805 13.204
29.59212 13.790
29.59619 13.673
29.60026 13.532
29.60432 13.508
29.60839 13.931
29.61246 13.110
29.61653 14.282
29.62060 13.931
29.62467 12.570
29.62874 13.696
29.63280 12.594
29.63687 12.688
29.64094 12.875
29.64501 13.485
29.64908 12.570
29.65315 13.485
29.65721 13.532
29.66128 12.805
29.66535 12.992
29.66942 12.688
29.67349 13.250
29.67756 13.415
29.68163 13.391
29.68569 13.110
29.68976 12.500
29.69383 13.415
29.69790 13.086
29.70197 14.001
29.70604 13.907
29.71011 14.071
29.71417 13.157
29.71824 11.914
29.72231 14.447
29.72638 13.837
29.73045 13.673
29.73452 12.969
29.73858 12.219
29.74265 13.204
29.74672 13.415
29.75079 14.071
29.75486 14.001
29.75893 11.820
29.76300 12.992
29.76706 12.899
29.77113 13.016
29.77520 12.922
29.77927 13.391
29.78334 13.602
29.78741 13.368
29.79147 12.852
29.79554 12.641
29.79961 12.477
29.80368 12.899
29.80775 12.946
29.81182 13.180
29.81589 12.735
29.81995 12.992
29.82402 12.406
29.82809 13.391
29.83216 12.195
29.83623 13.579
29.84030 13.415
29.84437 12.664
29.84843 12.758
29.85250 12.406
29.85657 13.157
29.86064 12.406
29.86471 12.899
29.86878 13.180
29.87284 12.289
29.87691 12.172
29.88098 13.579
29.88505 12.828
29.88912 13.180
29.89319 12.688
29.89726 12.711
29.90132 12.688
29.90539 13.837
29.90946 12.781
29.91353 12.594
29.91760 12.500
29.92167 12.523
29.92574 13.673
29.92980 13.485
29.93387 12.054
29.93794 11.984
29.94201 12.219
29.94608 12.570
29.95015 13.673
29.95421 12.992
29.95828 11.984
29.96235 13.368
29.96642 12.969
29.97049 13.016
29.97456 12.969
29.97863 12.594
29.98269 12.946
29.98676 12.125
29.99083 12.688
29.99490 12.992
29.99897 12.711
30.00304 12.781
30.00710 11.234
30.01117 13.297
30.01524 13.063
30.01931 12.336
30.02338 12.172
30.02745 13.368
30.03152 13.227
30.03558 13.227
30.03965 12.430
30.04372 12.711
30.04779 12.430
30.05186 12.430
30.05593 11.961
30.06000 13.063
30.06406 12.383
30.06813 12.500
30.07220 13.462
30.07627 12.125
30.08034 11.656
30.08441 12.101
30.08847 13.016
30.09254 12.383
30.09661 12.008
30.10068 12.477
30.10475 11.961
30.10882 12.195
30.11289 11.656
30.11695 11.562
30.12102 11.468
30.12509 13.462
30.12916 11.937
30.13323 12.664
30.13730 12.828
30.14137 12.664
30.14543 10.929
30.14950 12.406
30.15357 10.976
30.15764 11.914
30.16171 12.148
30.16578 11.280
30.16984 12.312
30.17391 13.204
30.17798 12.148
30.18205 11.492
30.18612 12.031
30.19019 11.843
30.19426 12.523
30.19832 12.664
30.20239 12.359
30.20646 12.641
30.21053 12.289
30.21460 12.828
30.21867 13.297
30.22273 12.265
30.22680 12.383
30.23087 12.688
30.23494 12.946
30.23901 12.453
30.24308 13.039
30.24715 12.054
30.25121 12.195
30.25528 11.726
30.25935 12.195
30.26342 12.805
30.26749 13.321
30.27156 11.538
30.27563 12.922
30.27969 12.054
30.28376 12.523
30.28783 13.110
30.29190 12.688
30.29597 11.679
30.30004 11.726
30.30410 11.538
30.30817 11.890
30.31224 11.515
30.31631 12.453
30.32038 12.125
30.32445 12.054
30.32852 11.515
30.33258 12.265
30.33665 11.937
30.34072 11.562
30.34479 11.984
30.34886 11.585
30.35293 12.828
30.35700 12.219
30.36106 11.515
30.36513 11.867
30.36920 12.359
30.37327 12.148
30.37734 11.257
30.38141 12.500
30.38547 11.961
30.38954 12.477
30.39361 11.374
30.39768 12.523
30.40175 11.726
30.40582 11.351
30.40989 11.726
30.41395 12.735
30.41802 11.538
30.42209 12.125
30.42616 11.914
30.43023 12.336
30.43430 13.039
30.43836 11.984
30.44243 11.632
30.44650 11.562
30.45057 11.656
30.45464 12.617
30.45871 12.430
30.46278 12.008
30.46684 10.811
30.47091 11.914
30.47498 12.219
30.47905 11.093
30.48312 12.547
30.48719 11.046
30.49126 12.383
30.49532 12.078
30.49939 11.398
30.50346 12.265
30.50753 12.031
30.51160 11.750
30.51567 10.507
30.51973 10.882
30.52380 12.008
30.52787 11.374
30.53194 11.562
30.53601 11.257
30.54008 11.984
30.54415 12.172
30.54821 11.515
30.55228 11.820
30.55635 12.195
30.56042 11.093
30.56449 11.750
30.56856 11.937
30.57262 12.125
30.57669 11.445
30.58076 11.257
30.58483 12.148
30.58890 11.914
30.59297 12.289
30.59704 11.796
30.60110 11.890
30.60517 12.031
30.60924 11.234
30.61331 11.773
30.61738 11.914
30.62145 11.187
30.62552 12.312
30.62958 12.664
30.63365 10.905
30.63772 11.069
30.64179 11.890
30.64586 12.242
30.64993 11.890
30.65399 12.148
30.65806 12.008
30.66213 11.984
30.66620 11.515
30.67027 11.445
30.67434 10.647
30.67841 11.726
30.68247 11.585
30.68654 11.679
30.69061 11.468
30.69468 12.031
30.69875 11.656
30.70282 11.445
30.70689 11.210
30.71095 11.984
30.71502 10.905
30.71909 12.101
30.72316 11.257
30.72723 11.257
30.73130 11.703
30.73536 11.327
30.73943 11.069
30.74350 11.234
30.74757 11.773
30.75164 11.937
30.75571 11.468
30.75978 11.820
30.76384 11.679
30.76791 12.101
30.77198 11.703
30.77605 11.210
30.78012 11.421
30.78419 10.952
30.78825 12.359
30.79232 11.843
30.79639 11.280
30.80046 12.312
30.80453 11.679
30.80860 11.656
30.81267 11.773
30.81673 12.054
30.82080 11.421
30.82487 11.609
30.82894 11.890
30.83301 11.234
30.83708 11.890
30.84115 11.538
30.84521 11.163
30.84928 10.319
30.85335 11.187
30.85742 11.304
30.86149 11.210
30.86556 11.187
30.86962 9.686
30.87369 12.219
30.87776 10.952
30.88183 11.210
30.88590 11.773
30.88997 11.726
30.89404 10.999
30.89810 11.468
30.90217 11.585
30.90624 10.976
30.91031 10.858
30.91438 11.069
30.91845 12.054
30.92252 12.336
30.92658 11.796
30.93065 11.750
30.93472 12.078
30.93879 11.069
30.94286 10.577
30.94693 11.890
30.95099 11.609
30.95506 10.366
30.95913 11.515
30.96320 11.937
30.96727 10.460
30.97134 11.538
30.97541 12.219
30.97947 11.820
30.98354 10.319
30.98761 11.023
30.99168 10.858
30.99575 11.023
30.99982 10.319
31.00388 11.257
31.00795 11.210
31.01202 11.327
31.01609 9.780
31.02016 10.671
31.02423 11.750
31.02830 10.553
31.03236 10.553
31.03643 10.694
31.04050 11.421
31.04457 9.826
31.04864 11.304
31.05271 11.116
31.05678 10.694
31.06084 10.507
31.06491 10.600
31.06898 10.976
31.07305 10.741
31.07712 11.210
31.08119 11.093
31.08525 11.374
31.08932 10.882
31.09339 12.054
31.09746 10.600
31.10153 11.398
31.10560 10.389
31.10967 10.553
31.11373 10.436
31.11780 10.366
31.12187 11.140
31.12594 11.609
31.13001 10.788
31.13408 10.624
31.13815 10.249
31.14221 11.492
31.14628 11.468
31.15035 10.952
31.15442 11.445
31.15849 11.796
31.16256 11.163
31.16662 9.897
31.17069 11.374
31.17476 12.101
31.17883 11.914
31.18290 11.116
31.18697 11.562
31.19104 10.038
31.19510 10.647
31.19917 10.882
31.20324 10.882
31.20731 10.319
31.21138 11.163
31.21545 11.023
31.21951 10.202
31.22358 11.069
31.22765 10.155
31.23172 10.061
31.23579 10.225
31.23986 11.468
31.24393 10.483
31.24799 11.140
31.25206 11.374
31.25613 10.460
31.26020 10.577
31.26427 10.272
31.26834 11.421
31.27241 10.694
31.27647 10.389
31.28054 10.553
31.28461 10.905
31.28868 10.014
31.29275 10.342
31.29682 11.374
31.30088 10.718
31.30495 10.366
31.30902 9.709
31.31309 11.140
31.31716 11.703
31.32123 12.406
31.32530 9.897
31.32936 10.460
31.33343 10.483
31.33750 9.733
31.34157 10.835
31.34564 10.436
31.34971 10.272
31.35377 10.647
31.35784 10.976
31.36191 10.577
31.36598 10.295
31.37005 10.624
31.37412 9.944
31.37819 11.937
31.38225 10.553
31.38632 10.507
31.39039 10.741
31.39446 11.023
31.39853 10.553
31.40260 10.647
31.40667 10.436
31.41073 11.093
31.41480 11.351
31.41887 10.647
31.42294 12.383
31.42701 11.093
31.43108 10.295
31.43514 10.061
31.43921 10.858
31.44328 10.835
31.44735 10.131
31.45142 10.366
31.45549 10.295
31.45956 10.811
31.46362 10.483
31.46769 9.756
31.47176 10.952
31.47583 11.116
31.47990 10.155
31.48397 9.733
31.48804 10.366
31.49210 10.624
31.49617 10.577
31.50024 10.530
31.50431 10.272
31.50838 11.187
31.51245 9.803
31.51651 10.295
31.52058 10.765
31.52465 10.366
31.52872 9.475
31.53279 11.093
31.53686 11.093
31.54093 10.366
31.54499 11.023
31.54906 10.577
31.55313 9.780
31.55720 10.507
31.56127 10.061
31.56534 10.858
31.56940 10.366
31.57347 11.492
31.57754 10.342
31.58161 10.600
31.58568 9.826
31.58975 10.718
31.59382 10.952
31.59788 9.944
31.60195 10.295
31.60602 9.944
31.61009 10.389
31.61416 10.202
31.61823 10.436
31.62230 10.952
31.62636 10.741
31.63043 10.460
31.63450 10.319
31.63857 10.460
31.64264 10.483
31.64671 9.686
31.65077 10.155
31.65484 9.803
31.65891 11.843
31.66298 10.600
31.66705 10.788
31.67112 9.897
31.67519 9.568
31.67925 10.577
31.68332 10.600
31.68739 10.202
31.69146 10.905
31.69553 10.507
31.69960 9.873
31.70367 11.116
31.70773 10.202
31.71180 10.084
31.71587 11.187
31.71994 10.530
31.72401 10.976
31.72808 10.389
31.73214 9.709
31.73621 10.460
31.74028 10.108
31.74435 10.624
31.74842 10.225
31.75249 9.568
31.75656 11.187
31.76062 10.249
31.76469 9.780
31.76876 10.202
31.77283 9.357
31.77690 11.140
31.78097 9.944
31.78503 10.741
31.78910 9.545
31.79317 10.788
31.79724 9.709
31.80131 9.944
31.80538 9.850
31.80945 9.920
31.81351 9.967
31.81758 11.093
31.82165 10.249
31.82572 10.460
31.82979 10.882
31.83386 10.178
31.83793 10.178
31.84199 9.686
31.84606 10.577
31.85013 10.272
31.85420 10.178
31.85827 9.709
31.86234 10.835
31.86640 9.873
31.87047 9.733
31.87454 9.920
31.87861 10.319
31.88268 9.873
31.88675 10.225
31.89082 9.780
31.89488 10.038
31.89895 10.905
31.90302 9.967
31.90709 9.568
31.91116 10.202
31.91523 9.568
31.91930 10.507
31.92336 9.991
31.92743 9.733
31.93150 11.116
31.93557 10.295
31.93964 9.991
31.94371 10.061
31.94777 9.803
31.95184 9.756
31.95591 9.639
31.95998 11.023
31.96405 10.577
31.96812 10.952
31.97219 11.187
31.97625 9.873
31.98032 9.568
31.98439 10.295
31.98846 9.475
31.99253 10.366
31.99660 10.413
32.00066 10.600
32.00473 9.920
32.00880 10.530
32.01287 10.108
32.01694 10.647
32.02101 10.131
32.02508 9.944
32.02914 9.615
32.03321 11.163
32.03728 10.460
32.04135 9.428
32.04542 9.615
32.04949 10.202
32.05356 10.155
32.05762 10.413
32.06169 9.264
32.06576 10.624
32.06983 10.108
32.07390 8.888
32.07797 9.991
32.08203 10.155
32.08610 9.897
32.09017 9.850
32.09424 10.647
32.09831 10.882
32.10238 10.553
32.10645 10.084
32.11051 9.756
32.11458 11.187
32.11865 10.413
32.12272 9.451
32.12679 9.991
32.13086 10.647
32.13492 9.733
32.13899 10.108
32.14306 9.264
32.14713 10.389
32.15120 9.381
32.15527 10.858
32.15934 10.389
32.16340 11.140
32.16747 9.475
32.17154 9.639
32.17561 10.811
32.17968 10.108
32.18375 9.193
32.18782 9.498
32.19188 9.615
32.19595 9.615
32.20002 9.873
32.20409 10.342
32.20816 10.249
32.21223 10.108
32.21629 10.084
32.22036 9.826
32.22443 9.146
32.22850 9.592
32.23257 10.131
32.23664 9.287
32.24071 9.451
32.24477 9.967
32.24884 10.225
32.25291 10.553
32.25698 10.295
32.26105 9.873
32.26512 10.694
32.26919 10.436
32.27325 9.944
32.27732 10.553
32.28139 9.146
32.28546 10.295
32.28953 9.639
32.29360 9.850
32.29766 10.131
32.30173 10.295
32.30580 10.225
32.30987 10.178
32.31394 9.780
32.31801 8.935
32.32208 10.131
32.32614 9.967
32.33021 10.038
32.33428 10.436
32.33835 9.615
32.34242 9.709
32.34649 9.733
32.35055 9.451
32.35462 9.967
32.35869 9.240
32.36276 9.357
32.36683 9.944
32.37090 9.498
32.37497 9.475
32.37903 10.366
32.38310 9.240
32.38717 9.522
32.39124 9.170
32.39531 9.803
32.39938 9.123
32.40345 9.709
32.40751 10.460
32.41158 9.897
32.41565 9.873
32.41972 10.483
32.42379 10.295
32.42786 9.920
32.43192 9.756
32.43599 10.155
32.44006 9.803
32.44413 8.583
32.44820 9.639
32.45227 10.577
32.45634 10.178
32.46040 9.897
32.46447 10.577
32.46854 8.466
32.47261 8.607
32.47668 10.295
32.48075 9.592
32.48482 9.053
32.48888 9.897
32.49295 9.639
32.49702 8.677
32.50109 9.873
32.50516 9.756
32.50923 9.662
32.51329 9.592
32.51736 9.991
32.52143 9.217
32.52550 10.624
32.52957 10.624
32.53364 9.264
32.53771 10.741
32.54177 9.545
32.54584 10.084
32.54991 10.178
32.55398 9.897
32.55805 9.826
32.56212 10.225
32.56618 9.733
32.57025 8.935
32.57432 9.709
32.57839 10.460
32.58246 8.841
32.58653 10.436
32.59060 9.803
32.59466 10.249
32.59873 9.311
32.60280 9.756
32.60687 9.428
32.61094 9.803
32.61501 9.639
32.61908 10.483
32.62314 9.123
32.62721 10.413
32.63128 10.038
32.63535 9.991
32.63942 9.381
32.64349 10.530
32.64755 9.170
32.65162 9.826
32.65569 9.967
32.65976 9.944
32.66383 9.873
32.66790 10.155
32.67197 10.155
32.67603 9.475
32.68010 9.709
32.68417 9.545
32.68824 10.460
32.69231 10.460
32.69638 10.155
32.70045 11.421
32.70451 9.686
32.70858 10.718
32.71265 8.865
32.71672 10.225
32.72079 10.131
32.72486 9.357
32.72892 10.600
32.73299 10.483
32.73706 11.069
32.74113 10.694
32.74520 9.780
32.74927 11.585
32.75334 10.061
32.75740 10.202
32.76147 10.249
32.76554 10.530
32.76961 10.155
32.77368 10.131
32.77775 10.436
32.78181 10.507
32.78588 11.374
32.78995 11.468
32.79402 10.718
32.79809 11.280
32.80216 11.398
32.80623 11.398
32.81029 11.187
32.81436 12.312
32.81843 11.398
32.82250 13.039
32.82657 12.852
32.83064 12.735
32.83471 13.907
32.83877 14.282
32.84284 14.142
32.84691 14.259
32.85098 14.634
32.85505 14.728
32.85912 14.986
32.86318 15.689
32.86725 14.634
32.87132 15.760
32.87539 16.370
32.87946 15.807
32.88353 17.871
32.88760 17.003
32.89166 17.542
32.89573 18.129
32.89980 18.363
32.90387 18.082
32.90794 18.551
32.91201 17.519
32.91607 19.676
32.92014 20.779
32.92421 21.154
32.92828 20.286
32.93235 20.544
32.93642 22.373
32.94049 21.013
32.94455 24.367
32.94862 23.452
32.95269 23.640
32.95676 24.062
32.96083 23.945
32.96490 24.250
32.96897 24.859
32.97303 24.343
32.97710 24.812
32.98117 23.874
32.98524 22.678
32.98931 24.484
32.99338 24.461
32.99744 23.194
33.00151 23.945
33.00558 24.226
33.00965 23.100
33.01372 24.836
33.01779 22.913
33.02186 23.100
33.02592 21.506
33.02999 21.553
33.03406 21.435
33.03813 20.380
33.04220 19.747
33.04627 19.629
33.05034 18.856
33.05440 17.636
33.05847 17.472
33.06254 18.363
33.06661 17.026
33.07068 17.190
33.07475 16.979
33.07881 15.877
33.08288 16.112
33.08695 14.705
33.09102 14.798
33.09509 15.150
33.09916 15.056
33.10323 14.728
33.10729 13.626
33.11136 14.118
33.11543 14.517
33.11950 13.485
33.12357 12.758
33.12764 12.922
33.13170 11.843
33.13577 12.008
33.13984 12.383
33.14391 10.014
33.14798 10.647
33.15205 10.460
33.15612 10.178
33.16018 9.920
33.16425 10.671
33.16832 9.662
33.17239 9.920
33.17646 10.460
33.18053 10.671
33.18460 9.826
33.18866 10.624
33.19273 9.967
33.19680 10.835
33.20087 10.272
33.20494 10.084
33.20901 9.873
33.21307 11.234
33.21714 9.170
33.22121 9.287
33.22528 10.600
33.22935 9.733
33.23342 9.826
33.23749 10.202
33.24155 9.545
33.24562 8.537
33.24969 10.225
33.25376 9.639
33.25783 10.389
33.26190 10.366
33.26597 9.334
33.27003 9.170
33.27410 8.583
33.27817 9.357
33.28224 9.264
33.28631 9.850
33.29038 9.756
33.29444 8.560
33.29851 9.099
33.30258 9.381
33.30665 9.475
33.31072 9.615
33.31479 9.686
33.31886 8.677
33.32292 9.826
33.32699 8.724
33.33106 8.818
33.33513 9.334
33.33920 9.357
33.34327 9.076
33.34733 9.146
33.35140 9.803
33.35547 8.912
33.35954 8.490
33.36361 8.654
33.36768 9.381
33.37175 8.888
33.37581 9.451
33.37988 9.475
33.38395 9.311
33.38802 9.897
33.39209 9.826
33.39616 8.021
33.40023 9.076
33.40429 8.677
33.40836 8.560
33.41243 9.193
33.41650 9.006
33.42057 8.583
33.42464 8.982
33.42870 8.818
33.43277 9.522
33.43684 9.522
33.44091 8.935
33.44498 9.522
33.44905 8.818
33.45312 9.240
33.45718 9.170
33.46125 8.724
33.46532 9.193
33.46939 9.264
33.47346 8.841
33.47753 8.795
33.48160 8.795
33.48566 8.560
33.48973 7.645
33.49380 10.061
33.49787 8.982
33.50194 8.771
33.50601 8.935
33.51007 8.091
33.51414 9.006
33.51821 8.795
33.52228 8.208
33.52635 8.466
33.53042 9.334
33.53449 9.217
33.53855 9.428
33.54262 9.006
33.54669 9.053
33.55076 9.240
33.55483 8.396
33.55890 8.560
33.56296 9.240
33.56703 9.334
33.57110 9.287
33.57517 8.208
33.57924 9.193
33.58331 8.560
33.58738 8.349
33.59144 8.232
33.59551 7.997
33.59958 8.818
33.60365 9.545
33.60772 8.912
33.61179 8.443
33.61586 8.279
33.61992 8.865
33.62399 8.419
33.62806 8.419
33.63213 8.396
33.63620 8.490
33.64027 9.099
33.64433 8.396
33.64840 10.061
33.65247 9.146
33.65654 8.654
33.66061 8.185
33.66468 9.170
33.66875 8.560
33.67281 8.935
33.67688 8.419
33.68095 8.677
33.68502 8.654
33.68909 8.419
33.69316 9.334
33.69723 8.748
33.70129 8.302
33.70536 8.513
33.70943 9.170
33.71350 7.645
33.71757 8.818
33.72164 8.349
33.72570 8.982
33.72977 8.982
33.73384 8.912
33.73791 9.522
33.74198 9.006
33.74605 8.161
33.75012 8.912
33.75418 8.607
33.75825 9.170
33.76232 8.583
33.76639 8.701
33.77046 8.232
33.77453 8.349
33.77859 7.974
33.78266 8.607
33.78673 8.021
33.79080 7.997
33.79487 7.950
33.79894 7.739
33.80301 8.255
33.80707 7.856
33.81114 8.607
33.81521 10.061
33.81928 7.950
33.82335 7.716
33.82742 7.387
33.83149 9.029
33.83555 9.639
33.83962 9.006
33.84369 8.795
33.84776 8.888
33.85183 8.654
33.85590 8.349
33.85996 8.232
33.86403 7.903
33.86810 8.748
33.87217 8.701
33.87624 8.654
33.88031 9.264
33.88438 8.208
33.88844 8.935
33.89251 8.748
33.89658 8.583
33.90065 8.888
33.90472 8.654
33.90879 8.513
33.91285 8.068
33.91692 8.865
33.92099 8.513
33.92506 8.302
33.92913 8.349
33.93320 8.208
33.93727 7.810
33.94133 8.279
33.94540 7.950
33.94947 8.208
33.95354 8.114
33.95761 8.607
33.96168 8.537
33.96575 8.372
33.96981 8.654
33.97388 7.810
33.97795 8.443
33.98202 8.302
33.98609 7.833
33.99016 8.161
33.99422 8.372
33.99829 7.341
34.00236 7.856
34.00643 8.607
34.01050 8.724
34.01457 8.232
34.01864 8.349
34.02270 8.279
34.02677 8.654
34.03084 9.146
34.03491 8.583
34.03898 9.099
34.04305 8.114
34.04712 8.677
34.05118 8.654
34.05525 8.841
34.05932 7.622
34.06339 8.349
34.06746 8.912
34.07153 8.279
34.07559 8.208
34.07966 8.372
34.08373 8.795
34.08780 8.724
34.09187 7.950
34.09594 8.326
34.10001 8.396
34.10407 7.927
34.10814 8.654
34.11221 7.810
34.11628 8.560
34.12035 8.044
34.12442 8.607
34.12848 8.419
34.13255 7.833
34.13662 7.763
34.14069 8.443
34.14476 8.630
34.14883 8.560
34.15290 8.912
34.15696 8.771
34.16103 8.490
34.16510 7.856
34.16917 8.208
34.17324 8.771
34.17731 8.091
34.18138 8.044
34.18544 8.208
34.18951 8.677
34.19358 7.950
34.19765 8.443
34.20172 7.434
34.20579 7.950
34.20985 7.786
34.21392 8.185
34.21799 8.091
34.22206 9.099
34.22613 8.537
34.23020 7.598
34.23427 7.880
34.23833 8.935
34.24240 8.865
34.24647 8.091
34.25054 7.763
34.25461 8.044
34.25868 8.138
34.26275 8.279
34.26681 8.912
34.27088 8.396
34.27495 8.208
34.27902 8.865
34.28309 8.396
34.28716 8.185
34.29122 8.091
34.29529 7.950
34.29936 8.537
34.30343 8.021
34.30750 9.053
34.31157 7.997
34.31564 7.458
34.31970 7.411
34.32377 7.997
34.32784 8.466
34.33191 8.068
34.33598 8.771
34.34005 7.833
34.34411 9.193
34.34818 8.255
34.35225 7.434
34.35632 7.997
34.36039 8.021
34.36446 8.490
34.36853 8.935
34.37259 8.138
34.37666 8.982
34.38073 8.161
34.38480 8.583
34.38887 7.856
34.39294 8.630
34.39701 8.771
34.40107 8.935
34.40514 7.810
34.40921 7.645
34.41328 7.974
34.41735 8.255
34.42142 7.528
34.42548 9.123
34.42955 7.434
34.43362 8.490
34.43769 8.419
34.44176 8.279
34.44583 8.255
34.44990 7.739
34.45396 7.786
34.45803 8.795
34.46210 8.724
34.46617 7.645
34.47024 8.630
34.47431 7.270
34.47838 8.372
34.48244 8.677
34.48651 8.513
34.49058 8.654
34.49465 8.349
34.49872 8.513
34.50279 7.927
34.50685 7.880
34.51092 7.129
34.51499 7.880
34.51906 7.974
34.52313 8.654
34.52720 9.170
34.53127 8.537
34.53533 8.630
34.53940 7.903
34.54347 7.458
34.54754 8.302
34.55161 8.865
34.55568 7.622
34.55974 8.419
34.56381 7.645
34.56788 8.537
34.57195 7.903
34.57602 8.279
34.58009 7.856
34.58416 8.138
34.58822 8.138
34.59229 8.490
34.59636 8.161
34.60043 7.810
34.60450 8.114
34.60857 7.364
34.61264 8.068
34.61670 8.138
34.62077 7.739
34.62484 7.458
34.62891 8.068
34.63298 8.255
34.63705 8.091
34.64111 7.903
34.64518 7.645
34.64925 8.255
34.65332 8.583
34.65739 8.912
34.66146 7.950
34.66553 8.560
34.66959 8.021
34.67366 7.950
34.67773 7.036
34.68180 8.091
34.68587 7.810
34.68994 7.950
34.69400 8.208
34.69807 8.677
34.70214 8.372
34.70621 9.029
34.71028 7.880
34.71435 7.880
34.71842 7.739
34.72248 8.302
34.72655 7.645
34.73062 8.865
34.73469 8.349
34.73876 7.763
34.74283 8.701
34.74690 7.575
34.75096 7.786
34.75503 8.912
34.75910 8.091
34.76317 9.123
34.76724 7.833
34.77131 8.396
34.77537 8.302
34.77944 7.458
34.78351 8.021
34.78758 8.701
34.79165 7.364
34.79572 8.630
34.79979 8.396
34.80385 8.021
34.80792 8.114
34.81199 7.856
34.81606 8.302
34.82013 7.645
34.82420 8.161
34.82827 8.091
34.83233 7.598
34.83640 8.114
34.84047 8.607
34.84454 8.326
34.84861 7.903
34.85268 8.068
34.85674 7.622
34.86081 7.833
34.86488 8.630
34.86895 8.490
34.87302 8.068
34.87709 6.778
34.88116 7.458
34.88522 6.895
34.88929 7.598
34.89336 8.396
34.89743 7.481
34.90150 8.091
34.90557 9.006
34.90963 7.223
34.91370 7.176
34.91777 8.161
34.92184 7.692
34.92591 7.716
34.92998 7.481
34.93405 8.255
34.93811 7.341
34.94218 7.505
34.94625 7.997
34.95032 8.021
34.95439 8.044
34.95846 8.349
34.96253 8.232
34.96659 7.669
34.97066 8.208
34.97473 7.927
34.97880 7.317
34.98287 7.833
34.98694 7.528
34.99100 7.903
34.99507 7.833
34.99914 7.669
35.00321 8.208
35.00728 8.443
35.01135 8.021
35.01542 7.880
35.01948 8.232
35.02355 7.129
35.02762 6.707
35.03169 7.317
35.03576 7.317
35.03983 8.161
35.04390 8.607
35.04796 7.950
35.05203 8.138
35.05610 7.974
35.06017 7.974
35.06424 7.411
35.06831 7.833
35.07237 7.856
35.07644 7.856
35.08051 7.856
35.08458 8.068
35.08865 7.106
35.09272 7.552
35.09679 8.232
35.10085 7.270
35.10492 7.763
35.10899 7.552
35.11306 7.739
35.11713 7.411
35.12120 7.598
35.12526 8.138
35.12933 7.481
35.13340 7.927
35.13747 7.645
35.14154 7.434
35.14561 8.888
35.14968 7.481
35.15374 7.950
35.15781 8.302
35.16188 7.411
35.16595 7.294
35.17002 7.880
35.17409 7.903
35.17816 8.279
35.18222 8.302
35.18629 7.364
35.19036 7.856
35.19443 8.513
35.19850 8.068
35.20257 8.068
35.20663 7.036
35.21070 6.590
35.21477 7.270
35.21884 7.645
35.22291 7.810
35.22698 7.927
35.23105 7.129
35.23511 6.942
35.23918 7.974
35.24325 8.255
35.24732 8.068
35.25139 8.349
35.25546 7.598
35.25953 7.669
35.26359 7.434
35.26766 7.528
35.27173 7.786
35.27580 7.341
35.27987 8.279
35.28394 7.505
35.28800 8.396
35.29207 7.810
35.29614 7.294
35.30021 7.833
35.30428 7.575
35.30835 7.880
35.31242 8.208
35.31648 8.044
35.32055 7.200
35.32462 8.279
35.32869 7.645
35.33276 7.387
35.33683 8.583
35.34089 7.129
35.34496 7.505
35.34903 8.021
35.35310 8.114
35.35717 7.927
35.36124 7.176
35.36531 8.208
35.36937 7.036
35.37344 7.739
35.37751 7.645
35.38158 7.974
35.38565 7.950
35.38972 8.068
35.39379 7.833
35.39785 7.528
35.40192 7.434
35.40599 8.841
35.41006 7.622
35.41413 7.200
35.41820 6.660
35.42226 7.411
35.42633 7.622
35.43040 7.645
35.43447 7.270
35.43854 7.716
35.44261 7.810
35.44668 8.185
35.45074 7.856
35.45481 7.810
35.45888 7.692
35.46295 7.247
35.46702 7.552
35.47109 7.997
35.47515 8.044
35.47922 7.645
35.48329 7.036
35.48736 7.692
35.49143 7.364
35.49550 7.856
35.49957 7.364
35.50363 7.552
35.50770 7.223
35.51177 7.575
35.51584 7.716
35.51991 7.458
35.52398 6.684
35.52805 7.200
35.53211 7.810
35.53618 7.387
35.54025 7.833
35.54432 7.622
35.54839 7.387
35.55246 7.387
35.55652 7.458
35.56059 7.505
35.56466 8.396
35.56873 8.091
35.57280 7.083
35.57687 7.552
35.58094 7.716
35.58500 7.434
35.58907 7.692
35.59314 7.903
35.59721 7.411
35.60128 7.458
35.60535 6.989
35.60942 7.458
35.61348 8.232
35.61755 7.505
35.62162 7.434
35.62569 6.707
35.62976 7.716
35.63383 7.880
35.63789 7.458
35.64196 7.387
35.64603 7.997
35.65010 7.786
35.65417 7.833
35.65824 7.528
35.66231 7.575
35.66637 7.200
35.67044 7.575
35.67451 7.622
35.67858 7.387
35.68265 7.411
35.68672 7.200
35.69078 7.294
35.69485 7.856
35.69892 7.505
35.70299 7.810
35.70706 8.044
35.71113 7.294
35.71520 7.364
35.71926 6.989
35.72333 7.270
35.72740 7.153
35.73147 7.528
35.73554 7.411
35.73961 7.387
35.74368 7.810
35.74774 8.138
35.75181 7.669
35.75588 7.387
35.75995 7.153
35.76402 7.153
35.76809 7.950
35.77215 7.927
35.77622 7.341
35.78029 8.021
35.78436 6.848
35.78843 7.528
35.79250 7.153
35.79657 7.575
35.80063 7.341
35.80470 7.598
35.80877 7.598
35.81284 7.974
35.81691 7.903
35.82098 7.552
35.82505 7.223
35.82911 7.176
35.83318 8.232
35.83725 7.200
35.84132 6.473
35.84539 8.255
35.84946 7.481
35.85352 7.552
35.85759 6.590
35.86166 7.833
35.86573 7.598
35.86980 8.583
35.87387 7.317
35.87794 7.528
35.88200 7.950
35.88607 7.059
35.89014 7.575
35.89421 7.692
35.89828 6.895
35.90235 7.176
35.90641 7.294
35.91048 7.317
35.91455 7.481
35.91862 7.341
35.92269 6.989
35.92676 6.965
35.93083 8.396
35.93489 8.044
35.93896 7.481
35.94303 8.091
35.94710 7.692
35.95117 7.317
35.95524 7.552
35.95931 7.552
35.96337 8.255
35.96744 7.927
35.97151 6.965
35.97558 6.895
35.97965 7.036
35.98372 8.185
35.98778 7.598
35.99185 7.364
35.99592 7.364
35.99999 6.543
36.00406 8.021
36.00813 7.528
36.01220 6.848
36.01626 7.505
36.02033 7.974
36.02440 6.965
36.02847 7.716
36.03254 7.411
36.03661 8.560
36.04068 7.176
36.04474 7.598
36.04881 7.176
36.05288 7.716
36.05695 7.200
36.06102 7.903
36.06509 7.200
36.06915 7.575
36.07322 7.364
36.07729 6.449
36.08136 7.012
36.08543 7.317
36.08950 6.614
36.09357 8.560
36.09763 8.021
36.10170 6.895
36.10577 7.856
36.10984 7.364
36.11391 7.950
36.11798 7.786
36.12204 7.036
36.12611 7.411
36.13018 6.778
36.13425 7.598
36.13832 7.458
36.14239 6.825
36.14646 7.317
36.15052 8.044
36.15459 7.036
36.15866 7.341
36.16273 7.552
36.16680 7.622
36.17087 7.083
36.17494 7.387
36.17900 7.153
36.18307 7.247
36.18714 6.871
36.19121 7.200
36.19528 6.590
36.19935 6.731
36.20341 8.044
36.20748 7.341
36.21155 7.059
36.21562 7.833
36.21969 8.302
36.22376 6.778
36.22783 7.059
36.23189 6.801
36.23596 6.965
36.24003 7.575
36.24410 7.950
36.24817 7.786
36.25224 7.552
36.25630 7.411
36.26037 7.176
36.26444 7.810
36.26851 6.379
36.27258 8.396
36.27665 7.622
36.28072 7.528
36.28478 7.153
36.28885 7.716
36.29292 7.083
36.29699 6.848
36.30106 7.434
36.30513 7.505
36.30920 7.950
36.31326 7.129
36.31733 6.918
36.32140 7.317
36.32547 8.185
36.32954 7.411
36.33361 7.528
36.33767 8.161
36.34174 6.825
36.34581 7.716
36.34988 7.387
36.35395 7.036
36.35802 7.317
36.36209 7.458
36.36615 7.036
36.37022 6.965
36.37429 7.387
36.37836 8.044
36.38243 7.481
36.38650 7.974
36.39057 7.036
36.39463 6.778
36.39870 7.810
36.40277 7.645
36.40684 7.458
36.41091 7.341
36.41498 7.763
36.41904 7.364
36.42311 7.270
36.42718 7.129
36.43125 7.129
36.43532 7.552
36.43939 7.364
36.44346 7.387
36.44752 7.341
36.45159 6.684
36.45566 7.294
36.45973 6.965
36.46380 7.387
36.46787 7.200
36.47193 6.871
36.47600 7.129
36.48007 7.176
36.48414 6.778
36.48821 7.669
36.49228 7.083
36.49635 7.012
36.50041 7.294
36.50448 7.341
36.50855 7.552
36.51262 7.786
36.51669 7.200
36.52076 6.871
36.52483 6.895
36.52889 7.481
36.53296 8.044
36.53703 6.871
36.54110 8.232
36.54517 7.598
36.54924 7.833
36.55330 6.684
36.55737 7.083
36.56144 7.434
36.56551 6.496
36.56958 6.754
36.57365 7.153
36.57772 7.294
36.58178 6.871
36.58585 7.129
36.58992 7.622
36.59399 7.575
36.59806 7.481
36.60213 6.309
36.60620 7.176
36.61026 7.106
36.61433 7.622
36.61840 7.622
36.62247 7.153
36.62654 7.106
36.63061 7.622
36.63467 7.739
36.63874 7.387
36.64281 7.575
36.64688 7.434
36.65095 7.106
36.65502 7.411
36.65909 7.317
36.66315 7.481
36.66722 7.106
36.67129 6.918
36.67536 6.801
36.67943 7.200
36.68350 6.801
36.68756 7.083
36.69163 7.200
36.69570 6.754
36.69977 7.927
36.70384 7.341
36.70791 6.989
36.71198 6.707
36.71604 7.036
36.72011 6.918
36.72418 6.215
36.72825 7.763
36.73232 7.645
36.73639 7.083
36.74046 7.387
36.74452 7.247
36.74859 7.129
36.75266 7.856
36.75673 7.974
36.76080 7.317
36.76487 7.622
36.76893 6.144
36.77300 7.059
36.77707 7.880
36.78114 7.364
36.78521 6.989
36.78928 7.927
36.79335 6.590
36.79741 7.434
36.80148 6.754
36.80555 6.989
36.80962 6.778
36.81369 6.778
36.81776 6.871
36.82183 6.238
36.82589 6.660
36.82996 6.965
36.83403 6.918
36.83810 7.598
36.84217 6.871
36.84624 7.200
36.85030 7.176
36.85437 7.856
36.85844 7.528
36.86251 7.223
36.86658 7.974
36.87065 7.083
36.87472 7.716
36.87878 7.387
36.88285 6.965
36.88692 6.707
36.89099 6.285
36.89506 6.543
36.89913 7.411
36.90319 7.552
36.90726 6.989
36.91133 6.801
36.91540 6.731
36.91947 6.778
36.92354 6.543
36.92761 7.810
36.93167 6.871
36.93574 7.294
36.93981 6.871
36.94388 7.341
36.94795 7.645
36.95202 6.309
36.95609 7.200
36.96015 7.083
36.96422 7.083
36.96829 6.449
36.97236 7.153
36.97643 7.317
36.98050 7.247
36.98456 7.341
36.98863 6.731
36.99270 6.168
36.99677 7.059
37.00084 7.129
37.00491 6.707
37.00898 6.942
37.01304 6.895
37.01711 7.434
37.02118 7.129
37.02525 6.262
37.02932 7.106
37.03339 6.684
37.03746 6.520
37.04152 6.825
37.04559 6.731
37.04966 6.754
37.05373 7.692
37.05780 7.997
37.06187 6.895
37.06593 7.387
37.07000 6.731
37.07407 7.294
37.07814 7.176
37.08221 6.801
37.08628 6.098
37.09035 7.083
37.09441 6.731
37.09848 7.083
37.10255 6.801
37.10662 6.754
37.11069 7.786
37.11476 7.270
37.11882 6.918
37.12289 7.247
37.12696 6.754
37.13103 6.731
37.13510 7.129
37.13917 7.598
37.14324 7.200
37.14730 7.387
37.15137 7.129
37.15544 6.754
37.15951 6.778
37.16358 6.871
37.16765 6.332
37.17172 7.739
37.17578 6.567
37.17985 6.590
37.18392 6.567
37.18799 6.942
37.19206 7.739
37.19613 7.153
37.20019 7.176
37.20426 7.012
37.20833 7.434
37.21240 7.223
37.21647 7.059
37.22054 6.051
37.22461 7.129
37.22867 6.168
37.23274 6.801
37.23681 7.364
37.24088 7.763
37.24495 7.294
37.24902 6.895
37.25308 7.036
37.25715 6.567
37.26122 6.590
37.26529 6.989
37.26936 7.200
37.27343 6.684
37.27750 7.153
37.28156 7.692
37.28563 6.989
37.28970 7.575
37.29377 6.801
37.29784 6.262
37.30191 6.848
37.30598 6.684
37.31004 6.238
37.31411 7.903
37.31818 7.012
37.32225 7.598
37.32632 6.848
37.33039 6.825
37.33445 6.731
37.33852 7.810
37.34259 6.426
37.34666 6.918
37.35073 7.739
37.35480 6.778
37.35887 7.036
37.36293 7.059
37.36700 6.871
37.37107 6.848
37.37514 6.660
37.37921 7.880
37.38328 6.660
37.38735 6.801
37.39141 6.942
37.39548 7.669
37.39955 7.411
37.40362 6.684
37.40769 7.434
37.41176 6.918
37.41582 6.098
37.41989 6.637
37.42396 7.434
37.42803 6.918
37.43210 6.262
37.43617 7.364
37.44024 6.965
37.44430 7.083
37.44837 7.387
37.45244 6.989
37.45651 7.974
37.46058 6.754
37.46465 7.763
37.46871 6.778
37.47278 7.223
37.47685 7.364
37.48092 6.942
37.48499 6.965
37.48906 6.942
37.49313 7.223
37.49719 6.684
37.50126 7.012
37.50533 6.449
37.50940 6.144
37.51347 7.106
37.51754 7.434
37.52161 6.660
37.52567 7.106
37.52974 7.106
37.53381 6.801
37.53788 7.012
37.54195 7.669
37.54602 7.059
37.55008 6.543
37.55415 7.552
37.55822 7.364
37.56229 7.129
37.56636 7.036
37.57043 7.129
37.57450 7.083
37.57856 7.528
37.58263 7.387
37.58670 7.341
37.59077 7.434
37.59484 7.059
37.59891 6.473
37.60298 6.473
37.60704 6.989
37.61111 7.481
37.61518 7.341
37.61925 6.262
37.62332 6.660
37.62739 6.848
37.63145 7.153
37.63552 6.895
37.63959 6.356
37.64366 6.684
37.64773 6.731
37.65180 7.528
37.65587 6.660
37.65993 6.965
37.66400 6.731
37.66807 6.449
37.67214 7.341
37.67621 6.590
37.68028 6.707
37.68434 6.965
37.68841 6.567
37.69248 6.473
37.69655 6.801
37.70062 7.200
37.70469 7.083
37.70876 6.965
37.71282 6.942
37.71689 6.332
37.72096 7.012
37.72503 6.918
37.72910 6.426
37.73317 7.247
37.73724 6.637
37.74130 5.910
37.74537 6.989
37.74944 6.520
37.75351 7.059
37.75758 7.012
37.76165 7.294
37.76571 6.426
37.76978 6.754
37.77385 6.965
37.77792 6.989
37.78199 7.387
37.78606 6.402
37.79013 7.036
37.79419 6.426
37.79826 7.012
37.80233 6.238
37.80640 6.801
37.81047 6.473
37.81454 7.176
37.81861 6.027
37.82267 6.731
37.82674 6.332
37.83081 6.731
37.83488 6.614
37.83895 6.754
37.84302 6.778
37.84708 7.810
37.85115 6.426
37.85522 7.294
37.85929 6.895
37.86336 7.387
37.86743 7.622
37.87150 7.059
37.87556 6.825
37.87963 6.684
37.88370 7.247
37.88777 6.121
37.89184 6.567
37.89591 6.848
37.89997 6.895
37.90404 6.801
37.90811 7.106
37.91218 6.895
37.91625 7.434
37.92032 6.801
37.92439 6.871
37.92845 7.552
37.93252 6.051
37.93659 6.426
37.94066 6.684
37.94473 6.027
37.94880 6.684
37.95287 6.473
37.95693 6.590
37.96100 6.871
37.96507 6.520
37.96914 6.051
37.97321 7.341
37.97728 6.496
37.98134 6.379
37.98541 7.129
37.98948 7.341
37.99355 6.168
37.99762 6.567
38.00169 6.707
38.00576 6.144
38.00982 6.707
38.01389 7.106
38.01796 7.083
38.02203 6.356
38.02610 6.449
38.03017 6.895
38.03423 6.848
38.03830 7.364
38.04237 6.567
38.04644 6.332
38.05051 6.848
38.05458 6.895
38.05865 6.309
38.06271 6.637
38.06678 6.567
38.07085 7.552
38.07492 7.153
38.07899 6.356
38.08306 7.200
38.08713 6.637
38.09119 6.848
38.09526 6.731
38.09933 6.473
38.10340 6.731
38.10747 6.942
38.11154 6.379
38.11560 6.191
38.11967 6.379
38.12374 6.848
38.12781 7.153
38.13188 7.059
38.13595 6.614
38.14002 6.426
38.14408 7.106
38.14815 6.707
38.15222 6.379
38.15629 6.590
38.16036 6.731
38.16443 6.520
38.16850 6.473
38.17256 6.449
38.17663 6.825
38.18070 6.402
38.18477 6.543
38.18884 6.449
38.19291 7.294
38.19697 6.590
38.20104 6.918
38.20511 6.801
38.20918 5.933
38.21325 6.402
38.21732 6.614
38.22139 7.083
38.22545 5.910
38.22952 6.754
38.23359 6.027
38.23766 7.387
38.24173 7.223
38.24580 7.129
38.24986 5.980
38.25393 6.731
38.25800 6.965
38.26207 6.285
38.26614 6.356
38.27021 6.215
38.27428 6.449
38.27834 6.496
38.28241 6.496
38.28648 6.989
38.29055 7.012
38.29462 7.387
38.29869 6.191
38.30276 7.270
38.30682 6.731
38.31089 7.129
38.31496 5.910
38.31903 6.590
38.32310 7.129
38.32717 6.473
38.33123 6.332
38.33530 6.942
38.33937 6.754
38.34344 6.590
38.34751 6.356
38.35158 6.496
38.35565 6.825
38.35971 6.989
38.36378 7.036
38.36785 6.707
38.37192 7.083
38.37599 6.848
38.38006 6.379
38.38413 6.707
38.38819 6.379
38.39226 6.918
38.39633 6.731
38.40040 5.980
38.40447 6.215
38.40854 6.402
38.41260 6.707
38.41667 6.590
38.42074 6.895
38.42481 6.332
38.42888 6.778
38.43295 6.449
38.43702 6.379
38.44108 6.778
38.44515 6.614
38.44922 7.106
38.45329 6.801
38.45736 6.356
38.46143 6.520
38.46549 7.411
38.46956 6.449
38.47363 6.684
38.47770 6.496
38.48177 6.496
38.48584 6.520
38.48991 6.590
38.49397 6.825
38.49804 6.285
38.50211 6.660
38.50618 7.106
38.51025 6.379
38.51432 5.793
38.51839 7.481
38.52245 6.895
38.52652 7.059
38.53059 6.168
38.53466 6.825
38.53873 6.801
38.54280 6.144
38.54686 6.778
38.55093 6.379
38.55500 6.614
38.55907 6.402
38.56314 6.801
38.56721 6.660
38.57128 6.520
38.57534 6.098
38.57941 7.012
38.58348 6.074
38.58755 7.036
38.59162 6.684
38.59569 6.707
38.59976 6.895
38.60382 6.356
38.60789 6.356
38.61196 6.965
38.61603 6.309
38.62010 6.238
38.62417 7.176
38.62823 5.886
38.63230 7.247
38.63637 6.871
38.64044 6.356
38.64451 6.637
38.64858 6.707
38.65265 6.074
38.65671 7.083
38.66078 5.957
38.66485 5.535
38.66892 6.449
38.67299 6.238
38.67706 6.918
38.68112 6.754
38.68519 6.473
38.68926 6.543
38.69333 6.754
38.69740 6.309
38.70147 7.083
38.70554 6.731
38.70960 6.942
38.71367 6.356
38.71774 6.098
38.72181 6.262
38.72588 6.402
38.72995 7.247
38.73402 6.825
38.73808 6.731
38.74215 5.746
38.74622 7.129
38.75029 6.449
38.75436 6.778
38.75843 6.262
38.76249 6.121
38.76656 6.426
38.77063 6.496
38.77470 6.238
38.77877 6.614
38.78284 6.848
38.78691 6.379
38.79097 5.886
38.79504 7.247
38.79911 6.614
38.80318 6.848
38.80725 6.121
38.81132 6.848
38.81538 6.801
38.81945 6.707
38.82352 6.684
38.82759 6.402
38.83166 6.426
38.83573 6.285
38.83980 6.731
38.84386 6.402
38.84793 6.754
38.85200 6.942
38.85607 5.933
38.86014 6.590
38.86421 6.238
38.86828 6.332
38.87234 6.379
38.87641 6.402
38.88048 5.910
38.88455 6.191
38.88862 6.731
38.89269 6.309
38.89675 5.886
38.90082 6.027
38.90489 6.801
38.90896 6.567
38.91303 5.910
38.91710 6.168
38.92117 6.168
38.92523 6.942
38.92930 6.356
38.93337 6.707
38.93744 7.434
38.94151 7.270
38.94558 6.684
38.94965 5.488
38.95371 6.520
38.95778 5.957
38.96185 5.980
38.96592 6.144
38.96999 6.543
38.97406 6.004
38.97812 6.660
38.98219 6.356
38.98626 5.957
38.99033 6.731
38.99440 6.191
38.99847 6.098
39.00254 6.449
39.00660 6.707
39.01067 6.660
39.01474 6.309
39.01881 5.793
39.02288 6.567
39.02695 6.848
39.03101 6.590
39.03508 6.285
39.03915 6.426
39.04322 6.989
39.04729 6.449
39.05136 6.637
39.05543 6.356
39.05949 5.511
39.06356 6.144
39.06763 6.567
39.07170 6.191
39.07577 6.567
39.07984 6.215
39.08391 6.754
39.08797 6.614
39.09204 6.238
39.09611 6.614
39.10018 6.309
39.10425 6.825
39.10832 6.567
39.11238 6.098
39.11645 6.215
39.12052 5.933
39.12459 6.496
39.12866 5.816
39.13273 6.215
39.13680 6.895
39.14086 6.238
39.14493 5.957
39.14900 6.825
39.15307 6.660
39.15714 6.731
39.16121 6.074
39.16528 6.262
39.16934 6.332
39.17341 6.449
39.17748 6.215
39.18155 6.754
39.18562 5.863
39.18969 6.590
39.19375 6.426
39.19782 6.496
39.20189 6.449
39.20596 6.332
39.21003 6.074
39.21410 6.356
39.21817 6.778
39.22223 6.614
39.22630 5.957
39.23037 6.379
39.23444 6.426
39.23851 6.520
39.24258 6.801
39.24664 6.332
39.25071 6.426
39.25478 6.801
39.25885 6.332
39.26292 5.910
39.26699 6.309
39.27106 5.605
39.27512 5.769
39.27919 6.660
39.28326 6.168
39.28733 6.918
39.29140 6.356
39.29547 5.910
39.29954 5.863
39.30360 6.426
39.30767 6.215
39.31174 6.614
39.31581 6.379
39.31988 6.051
39.32395 6.379
39.32801 6.848
39.33208 5.629
39.33615 6.332
39.34022 6.379
39.34429 6.825
39.34836 5.816
39.35243 5.886
39.35649 6.191
39.36056 6.191
39.36463 6.027
39.36870 6.520
39.37277 5.957
39.37684 6.567
39.38091 6.520
39.38497 6.144
39.38904 6.309
39.39311 5.840
39.39718 6.778
39.40125 6.191
39.40532 6.215
39.40938 6.238
39.41345 5.629
39.41752 5.840
39.42159 5.535
39.42566 5.816
39.42973 6.426
39.43380 6.567
39.43786 6.332
39.44193 6.074
39.44600 6.191
39.45007 5.816
39.45414 6.684
39.45821 6.848
39.46227 6.332
39.46634 6.262
39.47041 6.191
39.47448 6.098
39.47855 6.473
39.48262 6.473
39.48669 6.543
39.49075 5.840
39.49482 6.567
39.49889 6.191
39.50296 6.356
39.50703 6.567
39.51110 6.168
39.51517 6.637
39.51923 6.027
39.52330 5.840
39.52737 6.238
39.53144 7.387
39.53551 6.285
39.53958 6.918
39.54364 6.121
39.54771 6.590
39.55178 6.473
39.55585 6.051
39.55992 6.191
39.56399 6.356
39.56806 6.356
39.57212 6.426
39.57619 6.473
39.58026 5.840
39.58433 6.356
39.58840 6.567
39.59247 6.402
39.59654 6.989
39.60060 6.309
39.60467 5.910
39.60874 5.769
39.61281 6.191
39.61688 6.989
39.62095 6.051
39.62501 5.816
39.62908 6.379
39.63315 6.027
39.63722 5.582
39.64129 6.215
39.64536 5.558
39.64943 5.793
39.65349 5.957
39.65756 6.285
39.66163 5.957
39.66570 5.722
39.66977 5.933
39.67384 6.402
39.67790 6.004
39.68197 6.051
39.68604 5.816
39.69011 6.590
39.69418 6.215
39.69825 5.722
39.70232 6.731
39.70638 5.980
39.71045 6.426
39.71452 5.957
39.71859 6.309
39.72266 6.262
39.72673 5.863
39.73080 6.215
39.73486 6.567
39.73893 5.605
39.74300 5.769
39.74707 6.754
39.75114 6.262
39.75521 6.637
39.75927 6.496
39.76334 6.215
39.76741 5.629
39.77148 5.840
39.77555 6.895
39.77962 6.426
39.78369 6.238
39.78775 7.059
39.79182 5.933
39.79589 6.356
39.79996 6.215
39.80403 6.660
39.80810 5.605
39.81216 5.746
39.81623 5.910
39.82030 6.543
39.82437 6.309
39.82844 6.144
39.83251 6.543
39.83658 5.933
39.84064 5.605
39.84471 6.825
39.84878 6.801
39.85285 6.309
39.85692 5.347
39.86099 6.614
39.86506 6.402
39.86912 5.746
39.87319 5.558
39.87726 6.543
39.88133 5.394
39.88540 6.731
39.88947 6.707
39.89353 6.614
39.89760 6.520
39.90167 6.356
39.90574 6.356
39.90981 5.675
39.91388 5.746
39.91795 6.098
39.92201 5.933
39.92608 6.660
39.93015 6.637
39.93422 5.980
39.93829 6.215
39.94236 6.520
39.94643 6.098
39.95049 6.262
39.95456 5.722
39.95863 5.886
39.96270 6.379
39.96677 6.004
39.97084 5.840
39.97490 6.051
39.97897 6.098
39.98304 5.652
39.98711 6.426
39.99118 6.309
39.99525 5.910
39.99932 6.191
40.00338 6.426
40.00745 5.699
40.01152 6.660
40.01559 7.106
40.01966 6.473
40.02373 5.347
40.02779 5.840
40.03186 5.816
40.03593 6.215
40.04000 5.183
40.04407 6.309
40.04814 5.933
40.05221 5.652
40.05627 6.004
40.06034 6.051
40.06441 6.684
40.06848 6.449
40.07255 6.332
40.07662 5.675
40.08069 6.848
40.08475 5.675
40.08882 6.285
40.09289 6.051
40.09696 6.660
40.10103 6.473
40.10510 6.731
40.10916 6.660
40.11323 6.098
40.11730 6.121
40.12137 6.262
40.12544 5.629
40.12951 6.285
40.13358 6.144
40.13764 6.332
40.14171 5.769
40.14578 6.051
40.14985 6.144
40.15392 7.036
40.15799 5.840
40.16206 5.816
40.16612 6.660
40.17019 6.309
40.17426 6.567
40.17833 5.957
40.18240 6.004
40.18647 6.121
40.19053 6.168
40.19460 6.567
40.19867 6.168
40.20274 5.933
40.20681 6.121
40.21088 6.590
40.21495 6.215
40.21901 5.769
40.22308 6.473
40.22715 6.309
40.23122 6.004
40.23529 6.637
40.23936 5.535
40.24342 5.910
40.24749 6.051
40.25156 6.567
40.25563 6.051
40.25970 6.567
40.26377 5.699
40.26784 6.027
40.27190 6.238
40.27597 5.769
40.28004 6.051
40.28411 6.238
40.28818 6.191
40.29225 5.769
40.29632 6.074
40.30038 6.168
40.30445 5.652
40.30852 5.675
40.31259 6.778
40.31666 5.980
40.32073 6.496
40.32479 6.074
40.32886 6.004
40.33293 5.910
40.33700 5.980
40.34107 5.535
40.34514 6.215
40.34921 5.886
40.35327 6.074
40.35734 5.910
40.36141 6.262
40.36548 6.168
40.36955 6.754
40.37362 5.605
40.37769 6.191
40.38175 6.473
40.38582 6.004
40.38989 6.098
40.39396 5.816
40.39803 6.074
40.40210 6.121
40.40616 6.262
40.41023 6.309
40.41430 6.660
40.41837 5.183
40.42244 6.004
40.42651 6.567
40.43058 6.356
40.43464 6.332
40.43871 5.746
40.44278 5.933
40.44685 6.356
40.45092 5.324
40.45499 5.675
40.45905 6.121
40.46312 5.910
40.46719 5.957
40.47126 6.543
40.47533 5.746
40.47940 5.863
40.48347 6.918
40.48753 5.605
40.49160 6.004
40.49567 5.793
40.49974 6.660
40.50381 5.277
40.50788 5.699
40.51195 6.027
40.51601 6.660
40.52008 5.371
40.52415 6.285
40.52822 6.238
40.53229 5.722
40.53636 5.886
40.54042 6.027
40.54449 5.652
40.54856 6.098
40.55263 5.605
40.55670 6.051
40.56077 5.910
40.56484 5.910
40.56890 5.300
40.57297 5.511
40.57704 5.675
40.58111 5.511
40.58518 6.215
40.58925 6.098
40.59331 5.769
40.59738 6.168
40.60145 5.910
40.60552 6.285
40.60959 6.191
40.61366 6.309
40.61773 5.816
40.62179 6.379
40.62586 5.886
40.62993 6.356
40.63400 6.191
40.63807 6.121
40.64214 5.840
40.64621 5.699
40.65027 6.356
40.65434 5.535
40.65841 5.464
40.66248 5.863
40.66655 5.840
40.67062 6.332
40.67468 5.746
40.67875 6.027
40.68282 5.840
40.68689 5.793
40.69096 5.535
40.69503 5.488
40.69910 6.098
40.70316 6.567
40.70723 6.191
40.71130 5.793
40.71537 5.840
40.71944 6.473
40.72351 5.933
40.72758 5.746
40.73164 6.356
40.73571 6.402
40.73978 6.004
40.74385 6.356
40.74792 5.629
40.75199 6.121
40.75605 6.262
40.76012 5.863
40.76419 6.496
40.76826 5.535
40.77233 6.027
40.77640 5.769
40.78047 6.168
40.78453 5.652
40.78860 6.144
40.79267 6.215
40.79674 6.356
40.80081 5.746
40.80488 6.332
40.80894 5.933
40.81301 5.933
40.81708 6.332
40.82115 5.277
40.82522 6.144
40.82929 5.769
40.83336 6.168
40.83742 5.793
40.84149 6.121
40.84556 5.910
40.84963 5.816
40.85370 5.511
40.85777 6.543
40.86184 6.332
40.86590 5.371
40.86997 6.004
40.87404 6.004
40.87811 5.957
40.88218 6.098
40.88625 5.042
40.89031 5.535
40.89438 5.840
40.89845 6.262
40.90252 5.910
40.90659 5.769
40.91066 5.933
40.91473 6.262
40.91879 6.098
40.92286 6.285
40.92693 6.215
40.93100 6.262
40.93507 5.957
40.93914 6.215
40.94321 5.582
40.94727 5.488
40.95134 6.191
40.95541 5.933
40.95948 6.379
40.96355 6.191
40.96762 6.356
40.97168 5.793
40.97575 5.488
40.97982 5.957
40.98389 6.144
40.98796 5.840
40.99203 5.371
40.99610 5.277
41.00016 5.629
41.00423 6.309
41.00830 6.660
41.01237 5.980
41.01644 5.863
41.02051 5.816
41.02457 5.863
41.02864 6.144
41.03271 5.722
41.03678 6.754
41.04085 5.957
41.04492 5.652
41.04899 6.262
41.05305 5.816
41.05712 6.051
41.06119 6.262
41.06526 6.098
41.06933 6.238
41.07340 5.324
41.07747 5.910
41.08153 5.347
41.08560 5.629
41.08967 5.886
41.09374 6.402
41.09781 5.371
41.10188 5.816
41.10594 5.558
41.11001 5.605
41.11408 6.309
41.11815 6.051
41.12222 5.910
41.12629 6.238
41.13036 5.699
41.13442 6.168
41.13849 5.933
41.14256 5.253
41.14663 5.629
41.15070 6.121
41.15477 5.840
41.15884 5.371
41.16290 5.769
41.16697 5.230
41.17104 6.027
41.17511 6.144
41.17918 5.793
41.18325 6.332
41.18731 5.464
41.19138 5.910
41.19545 5.957
41.19952 5.558
41.20359 5.558
41.20766 5.957
41.21173 6.215
41.21579 5.840
41.21986 6.098
41.22393 5.159
41.22800 5.816
41.23207 5.980
41.23614 5.910
41.24020 5.675
41.24427 5.652
41.24834 5.488
41.25241 5.769
41.25648 5.675
41.26055 5.629
41.26462 5.793
41.26868 4.855
41.27275 6.121
41.27682 6.332
41.28089 5.886
41.28496 6.098
41.28903 5.980
41.29310 5.206
41.29716 5.933
41.30123 5.863
41.30530 5.699
41.30937 5.793
41.31344 5.910
41.31751 6.262
41.32157 5.675
41.32564 5.793
41.32971 5.347
41.33378 6.027
41.33785 5.394
41.34192 6.590
41.34599 5.957
41.35005 5.910
41.35412 5.558
41.35819 5.605
41.36226 5.840
41.36633 5.840
41.37040 5.394
41.37446 5.347
41.37853 5.582
41.38260 5.699
41.38667 5.933
41.39074 5.558
41.39481 5.605
41.39888 5.511
41.40294 4.948
41.40701 6.168
41.41108 5.371
41.41515 5.816
41.41922 5.371
41.42329 5.582
41.42736 5.675
41.43142 5.558
41.43549 5.464
41.43956 5.886
41.44363 5.558
41.44770 6.144
41.45177 5.769
41.45583 6.121
41.45990 6.027
41.46397 5.464
41.46804 5.675
41.47211 5.675
41.47618 5.488
41.48025 5.113
41.48431 5.840
41.48838 5.910
41.49245 5.652
41.49652 6.238
41.50059 6.168
41.50466 5.910
41.50873 6.027
41.51279 5.605
41.51686 5.582
41.52093 5.980
41.52500 6.004
41.52907 6.004
41.53314 5.840
41.53720 5.605
41.54127 5.371
41.54534 6.309
41.54941 5.629
41.55348 5.886
41.55755 5.699
41.56162 6.051
41.56568 5.230
41.56975 5.605
41.57382 5.746
41.57789 5.464
41.58196 5.347
41.58603 6.051
41.59009 5.488
41.59416 5.840
41.59823 5.558
41.60230 5.605
41.60637 5.863
41.61044 5.183
41.61451 6.051
41.61857 6.027
41.62264 5.488
41.62671 5.980
41.63078 5.253
41.63485 5.371
41.63892 5.910
41.64299 6.262
41.64705 5.394
41.65112 5.441
41.65519 6.121
41.65926 5.417
41.66333 5.605
41.66740 6.191
41.67146 5.816
41.67553 6.004
41.67960 6.262
41.68367 5.558
41.68774 5.980
41.69181 5.675
41.69588 5.863
41.69994 5.277
41.70401 5.840
41.70808 6.215
41.71215 5.652
41.71622 5.886
41.72029 6.098
41.72436 5.793
41.72842 5.417
41.73249 6.191
41.73656 5.019
41.74063 5.957
41.74470 5.441
41.74877 5.722
41.75283 5.840
41.75690 5.933
41.76097 6.004
41.76504 6.332
41.76911 5.417
41.77318 5.605
41.77725 5.910
41.78131 5.535
41.78538 5.652
41.78945 5.441
41.79352 5.605
41.79759 6.285
41.80166 5.206
41.80572 5.980
41.80979 5.722
41.81386 6.402
41.81793 4.995
41.82200 6.051
41.82607 6.074
41.83014 5.722
41.83420 5.558
41.83827 5.793
41.84234 6.168
41.84641 6.098
41.85048 5.980
41.85455 6.004
41.85862 5.722
41.86268 6.356
41.86675 5.699
41.87082 6.004
41.87489 6.074
41.87896 5.394
41.88303 5.535
41.88709 5.347
41.89116 6.004
41.89523 5.394
41.89930 6.496
41.90337 5.863
41.90744 6.238
41.91151 5.629
41.91557 5.933
41.91964 5.582
41.92371 5.136
41.92778 5.488
41.93185 5.464
41.93592 5.535
41.93999 5.394
41.94405 5.652
41.94812 5.582
41.95219 5.230
41.95626 6.121
41.96033 5.206
41.96440 6.262
41.96846 6.707
41.97253 5.371
41.97660 5.277
41.98067 5.910
41.98474 6.121
41.98881 6.098
41.99288 5.535
41.99694 6.027
42.00101 5.629
42.00508 5.511
42.00915 5.113
42.01322 5.558
42.01729 6.121
42.02135 5.511
42.02542 5.511
42.02949 5.652
42.03356 5.816
42.03763 5.769
42.04170 5.840
42.04577 5.886
42.04983 5.417
42.05390 5.722
42.05797 5.347
42.06204 5.253
42.06611 4.948
42.07018 5.417
42.07425 4.972
42.07831 5.605
42.08238 5.441
42.08645 5.793
42.09052 5.511
42.09459 6.051
42.09866 5.441
42.10272 6.356
42.10679 6.449
42.11086 5.558
42.11493 5.863
42.11900 5.957
42.12307 5.722
42.12714 5.863
42.13120 5.066
42.13527 5.769
42.13934 5.394
42.14341 5.605
42.14748 6.262
42.15155 5.535
42.15561 6.309
42.15968 4.925
42.16375 5.910
42.16782 5.019
42.17189 5.089
42.17596 5.629
42.18003 5.629
42.18409 6.309
42.18816 5.417
42.19223 6.262
42.19630 5.089
42.20037 5.183
42.20444 5.441
42.20851 6.309
42.21257 5.769
42.21664 5.793
42.22071 5.769
42.22478 5.886
42.22885 6.285
42.23292 5.605
42.23698 5.652
42.24105 5.417
42.24512 5.980
42.24919 5.769
42.25326 5.558
42.25733 5.417
42.26140 6.074
42.26546 5.722
42.26953 5.253
42.27360 5.324
42.27767 5.933
42.28174 5.488
42.28581 6.215
42.28988 5.605
42.29394 5.722
42.29801 5.652
42.30208 5.605
42.30615 5.183
42.31022 4.831
42.31429 5.464
42.31835 5.910
42.32242 5.558
42.32649 4.761
42.33056 5.793
42.33463 5.629
42.33870 5.910
42.34277 6.121
42.34683 4.972
42.35090 5.535
42.35497 5.793
42.35904 5.769
42.36311 5.417
42.36718 5.347
42.37124 5.863
42.37531 6.027
42.37938 5.793
42.38345 5.066
42.38752 5.464
42.39159 5.699
42.39566 5.464
42.39972 4.714
42.40379 5.957
42.40786 5.769
42.41193 6.238
42.41600 5.253
42.42007 5.488
42.42414 4.995
42.42820 5.417
42.43227 5.347
42.43634 5.605
42.44041 5.722
42.44448 5.746
42.44855 5.347
42.45261 5.511
42.45668 5.675
42.46075 5.394
42.46482 5.253
42.46889 5.629
42.47296 5.933
42.47703 4.925
42.48109 5.629
42.48516 6.238
42.48923 6.309
42.49330 5.886
42.49737 5.394
42.50144 5.605
42.50551 5.980
42.50957 5.558
42.51364 5.652
42.51771 5.840
42.52178 6.074
42.52585 6.473
42.52992 5.488
42.53398 5.769
42.53805 5.699
42.54212 5.582
42.54619 6.238
42.55026 5.206
42.55433 5.863
42.55840 5.417
42.56246 5.511
42.56653 5.417
42.57060 5.558
42.57467 5.253
42.57874 5.230
42.58281 6.215
42.58687 6.356
42.59094 5.277
42.59501 5.417
42.59908 5.910
42.60315 5.394
42.60722 5.910
42.61129 6.543
42.61535 5.699
42.61942 5.558
42.62349 5.793
42.62756 5.840
42.63163 5.722
42.63570 5.722
42.63977 5.371
42.64383 5.394
42.64790 6.168
42.65197 6.144
42.65604 5.253
42.66011 5.816
42.66418 5.558
42.66824 5.417
42.67231 5.300
42.67638 5.980
42.68045 5.230
42.68452 5.066
42.68859 6.004
42.69266 5.816
42.69672 5.511
42.70079 5.746
42.70486 6.004
42.70893 5.980
42.71300 5.417
42.71707 5.300
42.72114 6.144
42.72520 5.793
42.72927 5.558
42.73334 5.933
42.73741 5.769
42.74148 5.371
42.74555 5.183
42.74961 4.761
42.75368 5.793
42.75775 5.675
42.76182 5.089
42.76589 5.840
42.76996 4.995
42.77403 6.309
42.77809 5.464
42.78216 5.277
42.78623 5.582
42.79030 5.535
42.79437 5.230
42.79844 5.699
42.80250 5.933
42.80657 6.074
42.81064 5.957
42.81471 5.300
42.81878 6.121
42.82285 5.136
42.82692 5.347
42.83098 5.277
42.83505 5.746
42.83912 6.051
42.84319 5.699
42.84726 5.230
42.85133 5.863
42.85540 5.816
42.85946 6.004
42.86353 5.699
42.86760 5.300
42.87167 5.675
42.87574 5.042
42.87981 5.910
42.88387 5.488
42.88794 4.948
42.89201 5.488
42.89608 5.629
42.90015 5.183
42.90422 5.277
42.90829 5.159
42.91235 5.183
42.91642 5.558
42.92049 5.675
42.92456 5.863
42.92863 6.098
42.93270 5.582
42.93677 5.511
42.94083 5.980
42.94490 5.793
42.94897 5.722
42.95304 5.746
42.95711 5.886
42.96118 6.637
42.96524 5.910
42.96931 4.808
42.97338 5.535
42.97745 5.488
42.98152 5.746
42.98559 5.511
42.98966 5.277
42.99372 5.206
42.99779 6.074
43.00186 5.582
43.00593 5.441
43.01000 5.394
43.01407 6.238
43.01813 6.027
43.02220 4.690
43.02627 5.511
43.03034 6.098
43.03441 5.910
43.03848 5.417
43.04255 5.488
43.04661 5.535
43.05068 5.535
43.05475 5.277
43.05882 5.019
43.06289 5.371
43.06696 5.840
43.07103 5.558
43.07509 5.136
43.07916 5.300
43.08323 5.910
43.08730 6.262
43.09137 5.675
43.09544 5.957
43.09950 6.191
43.10357 5.933
43.10764 6.027
43.11171 5.300
43.11578 5.441
43.11985 6.004
43.12392 5.324
43.12798 5.253
43.13205 5.300
43.13612 5.253
43.14019 5.159
43.14426 4.690
43.14833 5.136
43.15239 5.793
43.15646 5.230
43.16053 5.230
43.16460 5.324
43.16867 5.652
43.17274 6.215
43.17681 5.371
43.18087 5.980
43.18494 5.793
43.18901 5.699
43.19308 5.558
43.19715 5.746
43.20122 6.004
43.20529 5.933
43.20935 5.394
43.21342 5.253
43.21749 5.371
43.22156 5.769
43.22563 5.910
43.22970 5.042
43.23376 5.417
43.23783 5.488
43.24190 5.675
43.24597 5.793
43.25004 4.878
43.25411 5.840
43.25818 5.488
43.26224 5.371
43.26631 5.113
43.27038 5.183
43.27445 4.855
43.27852 5.300
43.28259 5.253
43.28666 5.582
43.29072 5.511
43.29479 6.004
43.29886 5.394
43.30293 5.675
43.30700 4.948
43.31107 5.699
43.31513 5.441
43.31920 4.714
43.32327 5.816
43.32734 5.722
43.33141 5.652
43.33548 5.464
43.33955 4.714
43.34361 5.933
43.34768 5.371
43.35175 5.699
43.35582 5.582
43.35989 5.652
43.36396 5.394
43.36802 6.332
43.37209 5.605
43.37616 5.582
43.38023 5.183
43.38430 6.098
43.38837 5.886
43.39244 5.464
43.39650 5.113
43.40057 4.902
43.40464 5.113
43.40871 5.722
43.41278 5.840
43.41685 5.605
43.42092 4.995
43.42498 5.840
43.42905 5.652
43.43312 5.019
43.43719 5.417
43.44126 5.394
43.44533 5.558
43.44939 5.675
43.45346 5.159
43.45753 5.464
43.46160 5.206
43.46567 5.535
43.46974 5.136
43.47381 4.948
43.47787 5.699
43.48194 5.910
43.48601 5.277
43.49008 5.511
43.49415 5.371
43.49822 5.042
43.50229 5.675
43.50635 5.300
43.51042 5.582
43.51449 5.417
43.51856 4.667
43.52263 4.784
43.52670 5.417
43.53076 5.746
43.53483 5.816
43.53890 5.652
43.54297 5.558
43.54704 5.394
43.55111 5.253
43.55518 5.277
43.55924 5.582
43.56331 5.347
43.56738 5.793
43.57145 5.464
43.57552 5.793
43.57959 5.699
43.58365 5.605
43.58772 5.441
43.59179 5.769
43.59586 5.675
43.59993 4.995
43.60400 5.183
43.60807 5.980
43.61213 5.300
43.61620 5.277
43.62027 5.417
43.62434 5.042
43.62841 6.215
43.63248 5.652
43.63655 5.089
43.64061 5.886
43.64468 5.910
43.64875 5.488
43.65282 5.863
43.65689 4.479
43.66096 5.511
43.66502 5.863
43.66909 5.136
43.67316 5.582
43.67723 5.535
43.68130 5.699
43.68537 4.995
43.68944 5.019
43.69350 5.488
43.69757 5.652
43.70164 5.675
43.70571 5.511
43.70978 5.793
43.71385 5.558
43.71792 5.066
43.72198 5.394
43.72605 6.614
43.73012 5.394
43.73419 5.675
43.73826 6.004
43.74233 5.957
43.74639 5.488
43.75046 5.863
43.75453 5.464
43.75860 5.417
43.76267 5.417
43.76674 5.793
43.77081 5.417
43.77487 5.957
43.77894 5.488
43.78301 5.652
43.78708 5.558
43.79115 5.183
43.79522 5.769
43.79928 5.605
43.80335 5.746
43.80742 5.019
43.81149 5.886
43.81556 5.699
43.81963 5.371
43.82370 5.675
43.82776 4.831
43.83183 5.230
43.83590 5.441
43.83997 5.746
43.84404 5.113
43.84811 5.910
43.85218 5.699
43.85624 5.113
43.86031 5.417
43.86438 4.995
43.86845 5.840
43.87252 5.253
43.87659 5.324
43.88065 4.784
43.88472 5.933
43.88879 5.464
43.89286 6.168
43.89693 5.136
43.90100 5.652
43.90507 5.394
43.90913 5.089
43.91320 5.113
43.91727 5.558
43.92134 5.066
43.92541 5.183
43.92948 5.652
43.93354 5.042
43.93761 4.902
43.94168 5.652
43.94575 5.793
43.94982 5.206
43.95389 5.511
43.95796 4.972
43.96202 5.488
43.96609 5.863
43.97016 5.511
43.97423 4.948
43.97830 5.300
43.98237 5.699
43.98644 5.183
43.99050 5.558
43.99457 5.441
43.99864 5.629
44.00271 5.464
44.00678 5.300
44.01085 6.004
44.01491 5.066
44.01898 5.629
44.02305 5.675
44.02712 5.886
44.03119 5.136
44.03526 5.089
44.03933 5.019
44.04339 5.535
44.04746 5.324
44.05153 5.159
44.05560 5.230
44.05967 5.159
44.06374 5.394
44.06781 5.371
44.07187 5.253
44.07594 5.840
44.08001 5.159
44.08408 5.394
44.08815 5.464
44.09222 5.394
44.09628 5.793
44.10035 4.808
44.10442 5.605
44.10849 5.277
44.11256 5.394
44.11663 5.230
44.12070 5.769
44.12476 5.230
44.12883 5.230
44.13290 5.230
44.13697 5.347
44.14104 5.652
44.14511 5.863
44.14917 5.253
44.15324 4.855
44.15731 5.558
44.16138 5.417
44.16545 5.488
44.16952 5.183
44.17359 5.277
44.17765 5.441
44.18172 5.464
44.18579 5.511
44.18986 5.980
44.19393 5.886
44.19800 5.417
44.20207 5.675
44.20613 5.371
44.21020 5.582
44.21427 5.629
44.21834 5.488
44.22241 5.863
44.22648 5.886
44.23054 5.417
44.23461 5.394
44.23868 5.582
44.24275 5.464
44.24682 5.394
44.25089 5.535
44.25496 5.863
44.25902 5.230
44.26309 6.168
44.26716 5.417
44.27123 5.230
44.27530 5.652
44.27937 5.441
44.28344 6.191
44.28750 6.168
44.29157 5.629
44.29564 5.253
44.29971 6.121
44.30378 5.019
44.30785 5.582
44.31191 5.652
44.31598 5.863
44.32005 5.159
44.32412 6.426
44.32819 5.605
44.33226 5.488
44.33633 4.878
44.34039 4.995
44.34446 5.652
44.34853 5.675
44.35260 4.902
44.35667 6.074
44.36074 5.464
44.36480 5.417
44.36887 4.808
44.37294 5.159
44.37701 5.605
44.38108 5.230
44.38515 5.558
44.38922 4.855
44.39328 5.746
44.39735 5.722
44.40142 5.816
44.40549 5.933
44.40956 6.168
44.41363 4.784
44.41770 5.253
44.42176 5.253
44.42583 5.558
44.42990 5.605
44.43397 5.230
44.43804 5.394
44.44211 5.253
44.44617 5.136
44.45024 5.324
44.45431 4.995
44.45838 5.324
44.46245 5.840
44.46652 5.535
44.47059 4.925
44.47465 5.253
44.47872 5.253
44.48279 5.816
44.48686 5.113
44.49093 4.902
44.49500 5.535
44.49907 5.582
44.50313 4.784
44.50720 5.464
44.51127 5.441
44.51534 5.675
44.51941 4.808
44.52348 5.840
44.52754 5.675
44.53161 4.479
44.53568 4.855
44.53975 4.808
44.54382 5.113
44.54789 5.582
44.55196 5.722
44.55602 5.582
44.56009 5.699
44.56416 5.488
44.56823 5.136
44.57230 5.324
44.57637 5.722
44.58043 4.902
44.58450 5.652
44.58857 5.183
44.59264 5.394
44.59671 5.230
44.60078 5.136
44.60485 5.605
44.60891 5.558
44.61298 5.722
44.61705 5.183
44.62112 4.597
44.62519 5.183
44.62926 5.558
44.63333 5.793
44.63739 5.535
44.64146 4.855
44.64553 5.464
44.64960 5.629
44.65367 5.347
44.65774 5.933
44.66180 4.995
44.66587 5.066
44.66994 5.511
44.67401 5.441
44.67808 5.675
44.68215 5.300
44.68622 5.230
44.69028 5.652
44.69435 4.925
44.69842 4.667
44.70249 5.558
44.70656 5.910
44.71063 5.582
44.71469 4.878
44.71876 4.737
44.72283 4.855
44.72690 4.995
44.73097 5.863
44.73504 5.206
44.73911 5.464
44.74317 5.511
44.74724 5.699
44.75131 5.863
44.75538 5.136
44.75945 5.183
44.76352 4.620
44.76759 5.675
44.77165 4.878
44.77572 5.019
44.77979 5.629
44.78386 5.277
44.78793 5.277
44.79200 5.675
44.79606 5.066
44.80013 5.277
44.80420 5.582
44.80827 5.722
44.81234 4.995
44.81641 5.441
44.82048 5.183
44.82454 5.582
44.82861 5.582
44.83268 5.511
44.83675 5.042
44.84082 5.277
44.84489 4.925
44.84896 5.652
44.85302 4.690
44.85709 5.277
44.86116 5.371
44.86523 5.652
44.86930 4.855
44.87337 5.159
44.87743 4.526
44.88150 5.605
44.88557 5.089
44.88964 5.886
44.89371 5.371
44.89778 5.558
44.90185 5.066
44.90591 5.840
44.90998 5.230
44.91405 5.347
44.91812 4.972
44.92219 5.136
44.92626 5.230
44.93032 5.746
44.93439 5.159
44.93846 5.089
44.94253 5.394
44.94660 5.558
44.95067 4.972
44.95474 5.371
44.95880 5.042
44.96287 4.761
44.96694 5.089
44.97101 5.629
44.97508 6.004
44.97915 5.957
44.98322 4.925
44.98728 5.324
44.99135 4.808
44.99542 4.831
44.99949 5.347
45.00356 6.098
45.00763 5.113
45.01169 4.784
45.01576 5.371
45.01983 5.113
45.02390 5.511
45.02797 5.300
45.03204 5.347
45.03611 5.675
45.04017 5.863
45.04424 5.183
45.04831 5.089
45.05238 5.324
45.05645 4.995
45.06052 5.347
45.06459 5.230
45.06865 5.230
45.07272 5.535
45.07679 5.746
45.08086 5.371
45.08493 4.855
45.08900 5.136
45.09306 5.324
45.09713 5.535
45.10120 5.652
45.10527 5.816
45.10934 5.042
45.11341 5.042
45.11748 5.206
45.12154 4.550
45.12561 6.074
45.12968 5.699
45.13375 5.840
45.13782 5.769
45.14189 5.746
45.14595 5.277
45.15002 5.511
45.15409 5.394
45.15816 4.761
45.16223 5.582
45.16630 5.230
45.17037 5.652
45.17443 5.629
45.17850 4.948
45.18257 4.690
45.18664 5.183
45.19071 5.394
45.19478 5.535
45.19885 5.206
45.20291 6.215
45.20698 5.629
45.21105 5.511
45.21512 5.582
45.21919 5.019
45.22326 5.394
45.22732 5.230
45.23139 5.277
45.23546 4.948
45.23953 5.722
45.24360 5.347
45.24767 5.793
45.25174 5.675
45.25580 6.051
45.25987 5.699
45.26394 5.136
45.26801 5.769
45.27208 5.886
45.27615 5.371
45.28022 4.995
45.28428 5.675
45.28835 5.324
45.29242 4.925
45.29649 5.159
45.30056 5.113
45.30463 5.605
45.30869 5.113
45.31276 5.464
45.31683 5.511
45.32090 4.948
45.32497 5.511
45.32904 5.886
45.33311 5.394
45.33717 5.464
45.34124 5.371
45.34531 5.113
45.34938 4.925
45.35345 5.277
45.35752 5.113
45.36158 5.816
45.36565 5.253
45.36972 5.441
45.37379 4.737
45.37786 5.769
45.38193 5.113
45.38600 5.793
45.39006 5.722
45.39413 4.597
45.39820 5.816
45.40227 4.972
45.40634 4.902
45.41041 5.324
45.41448 5.183
45.41854 5.605
45.42261 4.855
45.42668 5.441
45.43075 5.605
45.43482 4.620
45.43889 5.300
45.44295 5.159
45.44702 5.629
45.45109 5.464
45.45516 4.714
45.45923 4.409
45.46330 5.793
45.46737 5.371
45.47143 5.253
45.47550 4.761
45.47957 4.784
45.48364 6.051
45.48771 6.144
45.49178 5.582
45.49584 5.371
45.49991 4.831
45.50398 5.066
45.50805 5.910
45.51212 5.136
45.51619 5.089
45.52026 4.667
45.52432 4.808
45.52839 5.324
45.53246 4.878
45.53653 5.277
45.54060 5.206
45.54467 5.136
45.54874 5.722
45.55280 5.300
45.55687 4.995
45.56094 5.183
45.56501 5.277
45.56908 5.113
45.57315 5.464
45.57721 4.902
45.58128 5.769
45.58535 5.394
45.58942 5.089
45.59349 5.511
45.59756 5.488
45.60163 5.910
45.60569 4.995
45.60976 4.808
45.61383 4.878
45.61790 5.535
45.62197 5.886
45.62604 4.878
45.63011 5.441
45.63417 5.136
45.63824 5.206
45.64231 5.371
45.64638 5.347
45.65045 5.417
45.65452 5.230
45.65858 5.089
45.66265 5.206
45.66672 6.051
45.67079 5.042
45.67486 5.136
45.67893 5.464
45.68300 5.066
45.68706 5.113
45.69113 5.675
45.69520 5.253
45.69927 5.066
45.70334 5.253
45.70741 5.324
45.71147 5.441
45.71554 5.675
45.71961 5.253
45.72368 5.277
45.72775 4.948
45.73182 5.159
45.73589 5.253
45.73995 5.253
45.74402 5.511
45.74809 5.464
45.75216 5.558
45.75623 5.816
45.76030 5.324
45.76437 5.042
45.76843 6.074
45.77250 5.300
45.77657 5.769
45.78064 4.995
45.78471 5.933
45.78878 5.113
45.79284 6.027
45.79691 5.300
45.80098 5.629
45.80505 4.925
45.80912 5.652
45.81319 5.324
45.81726 5.746
45.82132 5.066
45.82539 5.394
45.82946 5.629
45.83353 5.113
45.83760 5.230
45.84167 5.816
45.84574 5.324
45.84980 5.089
45.85387 5.253
45.85794 5.910
45.86201 6.144
45.86608 5.136
45.87015 5.558
45.87421 5.159
45.87828 4.737
45.88235 5.886
45.88642 5.441
45.89049 5.394
45.89456 5.347
45.89863 5.840
45.90269 4.573
45.90676 5.816
45.91083 5.722
45.91490 4.948
45.91897 5.652
45.92304 5.769
45.92710 5.793
45.93117 5.277
45.93524 5.371
45.93931 4.995
45.94338 4.597
45.94745 5.089
45.95152 5.113
45.95558 5.511
45.95965 5.464
45.96372 5.136
45.96779 5.253
45.97186 5.324
45.97593 4.855
45.98000 5.089
45.98406 5.277
45.98813 5.324
45.99220 5.159
45.99627 5.464
46.00034 5.206
46.00441 5.159
46.00847 5.206
46.01254 5.699
46.01661 5.816
46.02068 5.159
46.02475 5.324
46.02882 5.230
46.03289 5.066
46.03695 5.113
46.04102 5.488
46.04509 4.831
46.04916 4.925
46.05323 5.206
46.05730 5.488
46.06137 5.699
46.06543 4.972
46.06950 5.347
46.07357 5.464
46.07764 5.675
46.08171 5.417
46.08578 5.582
46.08984 4.972
46.09391 4.362
46.09798 4.902
46.10205 4.761
46.10612 5.253
46.11019 5.417
46.11426 5.488
46.11832 5.675
46.12239 5.840
46.12646 5.394
46.13053 5.722
46.13460 4.995
46.13867 5.113
46.14273 5.159
46.14680 4.714
46.15087 5.159
46.15494 5.277
46.15901 5.347
46.16308 5.253
46.16715 5.159
46.17121 5.019
46.17528 5.300
46.17935 4.925
46.18342 5.159
46.18749 5.746
46.19156 5.253
46.19563 5.582
46.19969 5.441
46.20376 5.769
46.20783 5.417
46.21190 4.761
46.21597 5.394
46.22004 5.675
46.22410 4.831
46.22817 5.159
46.23224 5.277
46.23631 5.300
46.24038 5.511
46.24445 4.573
46.24852 5.136
46.25258 5.394
46.25665 5.582
46.26072 6.285
46.26479 4.925
46.26886 5.394
46.27293 5.417
46.27700 5.371
46.28106 4.456
46.28513 4.597
46.28920 5.652
46.29327 5.511
46.29734 5.159
46.30141 5.113
46.30547 6.121
46.30954 5.089
46.31361 5.089
46.31768 4.995
46.32175 5.488
46.32582 5.347
46.32989 5.277
46.33395 5.300
46.33802 5.511
46.34209 5.441
46.34616 5.722
46.35023 5.417
46.35430 5.629
46.35836 5.722
46.36243 4.808
46.36650 4.737
46.37057 5.300
46.37464 4.690
46.37871 5.652
46.38278 5.136
46.38684 4.526
46.39091 5.582
46.39498 5.206
46.39905 5.629
46.40312 4.855
46.40719 5.089
46.41126 5.277
46.41532 4.925
46.41939 5.417
46.42346 5.066
46.42753 4.550
46.43160 5.652
46.43567 5.558
46.43973 5.722
46.44380 5.183
46.44787 5.113
46.45194 5.042
46.45601 5.464
46.46008 5.417
46.46415 5.464
46.46821 5.816
46.47228 5.277
46.47635 5.253
46.48042 5.417
46.48449 5.699
46.48856 5.464
46.49262 5.464
46.49669 5.699
46.50076 5.722
46.50483 5.464
46.50890 5.253
46.51297 5.605
46.51704 5.441
46.52110 5.722
46.52517 5.488
46.52924 5.582
46.53331 5.253
46.53738 4.597
46.54145 5.042
46.54552 5.206
46.54958 5.558
46.55365 5.605
46.55772 5.417
46.56179 5.699
46.56586 5.417
46.56993 5.629
46.57399 5.277
46.57806 5.417
46.58213 5.230
46.58620 5.441
46.59027 6.051
46.59434 5.511
46.59841 6.191
46.60247 4.620
46.60654 4.644
46.61061 5.206
46.61468 5.066
46.61875 5.347
46.62282 5.230
46.62689 5.511
46.63095 5.324
46.63502 5.183
46.63909 5.652
46.64316 5.816
46.64723 4.855
46.65130 5.394
46.65536 5.300
46.65943 5.159
46.66350 6.027
46.66757 5.722
46.67164 5.183
46.67571 5.347
46.67978 5.206
46.68384 5.136
46.68791 4.808
46.69198 5.863
46.69605 6.262
46.70012 5.371
46.70419 5.277
46.70825 4.855
46.71232 5.253
46.71639 5.417
46.72046 5.816
46.72453 5.371
46.72860 5.136
46.73267 4.995
46.73673 5.324
46.74080 4.714
46.74487 5.722
46.74894 4.808
46.75301 5.511
46.75708 5.206
46.76115 4.620
46.76521 5.394
46.76928 5.675
46.77335 5.042
46.77742 4.503
46.78149 5.511
46.78556 5.605
46.78962 5.464
46.79369 5.746
46.79776 5.324
46.80183 5.019
46.80590 6.051
46.80997 5.933
46.81404 5.699
46.81810 5.558
46.82217 5.793
46.82624 5.183
46.83031 5.652
46.83438 5.582
46.83845 4.995
46.84252 5.253
46.84658 5.371
46.85065 5.417
46.85472 5.933
46.85879 5.605
46.86286 5.136
46.86693 5.605
46.87099 6.051
46.87506 5.558
46.87913 5.394
46.88320 6.309
46.88727 5.441
46.89134 6.285
46.89541 5.371
46.89947 5.558
46.90354 5.957
46.90761 5.206
46.91168 5.159
46.91575 6.027
46.91982 5.746
46.92388 6.168
46.92795 6.074
46.93202 5.441
46.93609 5.652
46.94016 5.652
46.94423 5.816
46.94830 5.464
46.95236 5.980
46.95643 5.722
46.96050 5.910
46.96457 5.863
46.96864 5.769
46.97271 7.176
46.97678 5.652
46.98084 5.746
46.98491 5.933
46.98898 5.699
46.99305 6.356
46.99712 5.886
47.00119 5.910
47.00525 6.215
47.00932 6.144
47.01339 5.558
47.01746 6.449
47.02153 6.660
47.02560 6.051
47.02967 6.051
47.03373 5.980
47.03780 6.754
47.04187 6.707
47.04594 5.417
47.05001 6.871
47.05408 6.543
47.05815 6.262
47.06221 6.332
47.06628 6.590
47.07035 6.262
47.07442 5.957
47.07849 6.637
47.08256 6.051
47.08662 6.449
47.09069 6.660
47.09476 7.223
47.09883 6.449
47.10290 7.176
47.10697 6.801
47.11104 6.684
47.11510 7.036
47.11917 7.458
47.12324 6.895
47.12731 7.903
47.13138 7.364
47.13545 7.552
47.13951 7.083
47.14358 6.895
47.14765 7.223
47.15172 7.645
47.15579 8.302
47.15986 7.129
47.16393 7.763
47.16799 8.302
47.17206 8.138
47.17613 8.959
47.18020 8.255
47.18427 8.513
47.18834 8.818
47.19241 8.443
47.19647 9.029
47.20054 9.850
47.20461 9.545
47.20868 9.357
47.21275 9.709
47.21682 9.920
47.22088 10.131
47.22495 10.202
47.22902 11.796
47.23309 11.046
47.23716 11.656
47.24123 12.430
47.24530 13.462
47.24936 14.470
47.25343 13.227
47.25750 15.244
47.26157 14.939
47.26564 15.947
47.26971 16.088
47.27377 16.839
47.27784 16.721
47.28191 17.003
47.28598 18.011
47.29005 19.418
47.29412 19.090
47.29819 20.145
47.30225 20.966
47.30632 20.052
47.31039 22.631
47.31446 22.913
47.31853 23.640
47.32260 26.032
47.32667 27.040
47.33073 27.181
47.33480 28.987
47.33887 30.980
47.34294 31.942
47.34701 32.856
47.35108 36.867
47.35514 34.381
47.35921 36.327
47.36328 37.078
47.36735 37.992
47.37142 37.922
47.37549 39.235
47.37956 38.649
47.38362 39.095
47.38769 36.421
47.39176 38.321
47.39583 38.907
47.39990 40.033
47.40397 38.931
47.40804 39.048
47.41210 39.071
47.41617 38.321
47.42024 38.743
47.42431 38.555
47.42838 36.046
47.43245 34.686
47.43651 36.093
47.44058 34.615
47.44465 34.006
47.44872 33.443
47.45279 30.769
47.45686 30.113
47.46093 30.113
47.46499 28.072
47.46906 26.665
47.47313 27.392
47.47720 24.343
47.48127 26.712
47.48534 25.680
47.48940 25.211
47.49347 23.780
47.49754 24.953
47.50161 22.678
47.50568 25.164
47.50975 23.382
47.51382 22.444
47.51788 22.303
47.52195 22.373
47.52602 20.990
47.53009 21.717
47.53416 21.717
47.53823 20.919
47.54230 19.559
47.54636 21.154
47.55043 20.732
47.55450 20.169
47.55857 18.621
47.56264 16.862
47.56671 17.472
47.57077 16.604
47.57484 14.587
47.57891 14.986
47.58298 13.977
47.58705 13.415
47.59112 11.914
47.59519 10.788
47.59925 10.671
47.60332 10.413
47.60739 9.780
47.61146 9.053
47.61553 8.326
47.61960 8.677
47.62367 8.701
47.62773 8.208
47.63180 8.607
47.63587 8.630
47.63994 8.255
47.64401 7.974
47.64808 7.270
47.65214 8.068
47.65621 7.810
47.66028 7.669
47.66435 7.059
47.66842 7.153
47.67249 7.247
47.67656 7.341
47.68062 7.223
47.68469 7.434
47.68876 6.449
47.69283 6.848
47.69690 6.473
47.70097 6.778
47.70503 6.215
47.70910 5.910
47.71317 6.965
47.71724 6.520
47.72131 6.942
47.72538 6.496
47.72945 5.886
47.73351 6.402
47.73758 6.168
47.74165 6.074
47.74572 6.027
47.74979 5.629
47.75386 5.793
47.75793 6.004
47.76199 5.793
47.76606 6.144
47.77013 5.816
47.77420 5.957
47.77827 6.426
47.78234 5.652
47.78640 5.300
47.79047 5.863
47.79454 5.253
47.79861 6.144
47.80268 6.098
47.80675 6.402
47.81082 5.793
47.81488 5.910
47.81895 5.488
47.82302 6.285
47.82709 5.394
47.83116 6.191
47.83523 5.582
47.83930 5.394
47.84336 5.371
47.84743 5.746
47.85150 6.356
47.85557 5.816
47.85964 5.582
47.86371 5.511
47.86777 5.769
47.87184 5.910
47.87591 5.417
47.87998 5.347
47.88405 4.831
47.88812 5.089
47.89219 5.441
47.89625 5.933
47.90032 5.558
47.90439 4.902
47.90846 5.933
47.91253 5.253
47.91660 5.206
47.92066 5.535
47.92473 5.019
47.92880 5.206
47.93287 5.417
47.93694 5.019
47.94101 5.066
47.94508 4.948
47.94914 5.629
47.95321 5.324
47.95728 5.136
47.96135 5.441
47.96542 4.761
47.96949 5.535
47.97356 4.855
47.97762 5.371
47.98169 5.277
47.98576 5.159
47.98983 5.113
47.99390 5.511
47.99797 4.808
48.00203 4.737
48.00610 4.902
48.01017 4.690
48.01424 5.863
48.01831 5.629
48.02238 5.183
48.02645 4.831
48.03051 5.042
48.03458 5.629
48.03865 4.714
48.04272 4.948
48.04679 5.089
48.05086 4.550
48.05492 5.042
48.05899 4.995
48.06306 5.183
48.06713 4.573
48.07120 4.221
48.07527 4.573
48.07934 4.128
48.08340 5.066
48.08747 5.019
48.09154 5.113
48.09561 5.159
48.09968 4.526
48.10375 4.620
48.10782 4.550
48.11188 5.089
48.11595 4.550
48.12002 5.464
48.12409 5.136
48.12816 5.488
48.13223 5.113
48.13629 5.253
48.14036 4.948
48.14443 5.019
48.14850 4.948
48.15257 5.371
48.15664 4.855
48.16071 5.230
48.16477 4.831
48.16884 5.371
48.17291 4.784
48.17698 4.831
48.18105 4.878
48.18512 4.667
48.18919 5.206
48.19325 5.206
48.19732 4.690
48.20139 5.136
48.20546 5.113
48.20953 5.417
48.21360 4.855
48.21766 4.761
48.22173 4.573
48.22580 4.503
48.22987 4.925
48.23394 4.831
48.23801 4.902
48.24208 5.066
48.24614 5.511
48.25021 4.690
48.25428 5.957
48.25835 4.902
48.26242 4.620
48.26649 4.714
48.27055 4.925
48.27462 5.230
48.27869 4.948
48.28276 4.315
48.28683 5.159
48.29090 5.019
48.29497 4.597
48.29903 5.206
48.30310 5.066
48.30717 4.995
48.31124 5.066
48.31531 4.902
48.31938 4.714
48.32345 5.253
48.32751 4.620
48.33158 4.784
48.33565 5.019
48.33972 4.995
48.34379 4.479
48.34786 4.784
48.35192 4.550
48.35599 5.230
48.36006 4.784
48.36413 4.808
48.36820 5.277
48.37227 4.573
48.37634 4.972
48.38040 5.089
48.38447 4.925
48.38854 4.620
48.39261 4.644
48.39668 4.667
48.40075 4.573
48.40482 4.198
48.40888 4.995
48.41295 5.159
48.41702 4.386
48.42109 5.089
48.42516 5.253
48.42923 4.479
48.43329 4.221
48.43736 4.784
48.44143 5.183
48.44550 4.667
48.44957 4.855
48.45364 4.855
48.45771 4.386
48.46177 4.737
48.46584 4.550
48.46991 4.151
48.47398 4.362
48.47805 4.620
48.48212 5.277
48.48618 4.808
48.49025 5.746
48.49432 5.347
48.49839 4.620
48.50246 4.644
48.50653 4.831
48.51060 4.456
48.51466 4.855
48.51873 4.995
48.52280 5.183
48.52687 4.714
48.53094 4.479
48.53501 4.503
48.53908 5.371
48.54314 5.089
48.54721 4.432
48.55128 5.136
48.55535 5.159
48.55942 4.808
48.56349 5.066
48.56755 4.808
48.57162 5.113
48.57569 5.019
48.57976 4.925
48.58383 4.995
48.58790 4.761
48.59197 4.057
48.59603 3.963
48.60010 5.019
48.60417 5.183
48.60824 4.878
48.61231 4.573
48.61638 4.855
48.62045 5.347
48.62451 4.855
48.62858 4.081
48.63265 4.737
48.63672 4.174
48.64079 4.878
48.64486 4.737
48.64892 4.831
48.65299 4.902
48.65706 4.432
48.66113 4.339
48.66520 4.644
48.66927 4.057
48.67334 4.948
48.67740 4.386
48.68147 4.315
48.68554 4.808
48.68961 3.917
48.69368 5.042
48.69775 5.042
48.70181 4.503
48.70588 4.855
48.70995 4.174
48.71402 4.714
48.71809 4.902
48.72216 4.902
48.72623 4.737
48.73029 4.667
48.73436 4.620
48.73843 4.902
48.74250 4.057
48.74657 4.972
48.75064 4.714
48.75471 5.066
48.75877 4.597
48.76284 4.526
48.76691 4.432
48.77098 4.995
48.77505 4.573
48.77912 5.089
48.78318 4.620
48.78725 4.761
48.79132 4.550
48.79539 5.019
48.79946 4.878
48.80353 5.019
48.80760 4.690
48.81166 4.737
48.81573 4.737
48.81980 5.441
48.82387 4.432
48.82794 4.831
48.83201 4.690
48.83607 4.198
48.84014 4.690
48.84421 5.113
48.84828 4.831
48.85235 3.870
48.85642 4.714
48.86049 4.479
48.86455 4.948
48.86862 4.878
48.87269 4.550
48.87676 4.503
48.88083 4.667
48.88490 3.963
48.88897 4.737
48.89303 4.362
48.89710 5.159
48.90117 4.479
48.90524 5.183
48.90931 4.245
48.91338 4.339
48.91744 4.690
48.92151 4.221
48.92558 5.206
48.92965 4.432
48.93372 4.878
48.93779 4.550
48.94186 4.597
48.94592 4.526
48.94999 5.324
48.95406 4.761
48.95813 5.042
48.96220 4.761
48.96627 5.089
48.97034 4.573
48.97440 5.066
48.97847 4.948
48.98254 4.855
48.98661 4.432
48.99068 5.183
48.99475 4.198
48.99881 4.902
49.00288 5.113
49.00695 4.902
49.01102 4.550
49.01509 4.808
49.01916 4.620
49.02323 4.761
49.02729 4.784
49.03136 4.573
49.03543 4.878
49.03950 4.292
49.04357 4.526
49.04764 4.737
49.05170 4.644
49.05577 4.667
49.05984 4.597
49.06391 4.784
49.06798 4.432
49.07205 4.878
49.07612 4.855
49.08018 5.136
49.08425 4.902
49.08832 4.620
49.09239 3.940
49.09646 4.034
49.10053 4.526
49.10460 5.019
49.10866 5.066
49.11273 4.503
49.11680 5.019
49.12087 4.761
49.12494 4.573
49.12901 4.010
49.13307 4.057
49.13714 4.151
49.14121 4.010
49.14528 4.620
49.14935 4.292
49.15342 4.479
49.15749 4.620
49.16155 4.667
49.16562 4.948
49.16969 4.128
49.17376 4.597
49.17783 4.878
49.18190 4.386
49.18597 4.831
49.19003 4.644
49.19410 4.573
49.19817 4.550
49.20224 4.339
49.20631 4.526
49.21038 4.597
49.21444 4.644
49.21851 4.479
49.22258 4.690
49.22665 4.292
49.23072 5.206
49.23479 4.690
49.23886 4.432
49.24292 4.456
49.24699 5.019
49.25106 4.503
49.25513 4.221
49.25920 4.878
49.26327 5.019
49.26733 4.409
49.27140 4.432
49.27547 3.963
49.27954 4.972
49.28361 3.893
49.28768 4.690
49.29175 4.268
49.29581 4.456
49.29988 4.972
49.30395 4.315
49.30802 4.995
49.31209 4.690
49.31616 5.042
49.32023 4.034
49.32429 4.151
49.32836 4.479
49.33243 4.597
49.33650 4.362
49.34057 4.948
49.34464 4.526
49.34870 4.737
49.35277 4.855
49.35684 4.550
49.36091 4.315
49.36498 4.784
49.36905 4.315
49.37312 4.784
49.37718 3.987
49.38125 4.831
49.38532 4.737
49.38939 3.846
49.39346 5.066
49.39753 4.526
49.40160 4.456
49.40566 4.221
49.40973 3.917
49.41380 4.292
49.41787 4.737
49.42194 4.315
49.42601 4.386
49.43007 5.324
49.43414 4.855
49.43821 4.761
49.44228 4.245
49.44635 4.995
49.45042 4.784
49.45449 4.690
49.45855 4.972
49.46262 4.878
49.46669 4.104
49.47076 4.597
49.47483 4.174
49.47890 4.573
49.48296 4.174
49.48703 4.526
49.49110 4.597
49.49517 4.034
49.49924 4.245
49.50331 4.339
49.50738 4.245
49.51144 4.409
49.51551 4.479
49.51958 4.761
49.52365 4.456
49.52772 4.292
49.53179 4.198
49.53586 4.432
49.53992 4.948
49.54399 4.128
49.54806 4.714
49.55213 4.315
49.55620 5.230
49.56027 4.714
49.56433 4.245
49.56840 4.972
49.57247 4.784
49.57654 5.089
49.58061 4.409
49.58468 4.245
49.58875 3.705
49.59281 4.925
49.59688 4.245
49.60095 4.503
49.60502 5.230
49.60909 4.831
49.61316 4.761
49.61723 3.518
49.62129 4.690
49.62536 4.597
49.62943 4.737
49.63350 4.737
49.63757 4.503
49.64164 4.761
49.64570 4.550
49.64977 4.831
49.65384 4.597
49.65791 4.174
49.66198 4.151
49.66605 3.987
49.67012 4.855
49.67418 4.925
49.67825 4.268
49.68232 4.245
49.68639 4.737
49.69046 4.784
49.69453 4.808
49.69859 4.831
49.70266 4.479
49.70673 3.846
49.71080 4.479
49.71487 4.597
49.71894 4.831
49.72301 4.503
49.72707 4.315
49.73114 4.761
49.73521 4.620
49.73928 4.456
49.74335 4.902
49.74742 4.550
49.75149 4.855
49.75555 5.019
49.75962 4.667
49.76369 4.386
49.76776 5.159
49.77183 4.479
49.77590 4.268
49.77996 4.479
49.78403 4.339
49.78810 4.597
49.79217 4.292
49.79624 4.808
49.80031 4.268
49.80438 4.714
49.80844 4.221
49.81251 4.597
49.81658 4.597
49.82065 4.339
49.82472 4.081
49.82879 4.174
49.83285 4.292
49.83692 4.714
49.84099 4.784
49.84506 4.573
49.84913 4.386
49.85320 4.198
49.85727 3.963
49.86133 4.292
49.86540 4.855
49.86947 4.503
49.87354 4.292
49.87761 4.409
49.88168 4.174
49.88575 4.409
49.88981 4.526
49.89388 3.987
49.89795 4.386
49.90202 4.573
49.90609 4.737
49.91016 4.432
49.91422 4.034
49.91829 4.432
49.92236 4.784
49.92643 4.221
49.93050 4.221
49.93457 3.940
49.93864 4.784
49.94270 4.432
49.94677 4.644
49.95084 4.737
49.95491 4.550
49.95898 5.089
49.96305 4.761
49.96712 4.339
49.97118 4.339
49.97525 4.151
49.97932 4.479
49.98339 4.292
49.98746 4.550
49.99153 4.550
49.99559 4.315
49.99966 4.198
50.00373 3.846
50.00780 4.409
50.01187 4.526
50.01594 4.362
50.02001 5.206
50.02407 4.128
50.02814 4.339
50.03221 4.550
50.03628 4.081
50.04035 4.456
50.04442 4.526
50.04848 4.268
50.05255 4.456
50.05662 4.315
50.06069 4.362
50.06476 4.902
50.06883 4.620
50.07290 4.855
50.07696 4.034
50.08103 3.823
50.08510 4.268
50.08917 5.019
50.09324 4.808
50.09731 4.432
50.10138 4.667
50.10544 4.503
50.10951 4.878
50.11358 4.550
50.11765 3.987
50.12172 4.198
50.12579 4.948
50.12985 4.948
50.13392 4.644
50.13799 4.855
50.14206 4.479
50.14613 4.198
50.15020 4.550
50.15427 4.268
50.15833 4.620
50.16240 4.057
50.16647 4.690
50.17054 5.042
50.17461 3.776
50.17868 4.597
50.18275 4.409
50.18681 3.682
50.19088 4.057
50.19495 4.855
50.19902 4.245
50.20309 4.620
50.20716 4.386
50.21122 4.737
50.21529 4.573
50.21936 4.479
50.22343 4.315
50.22750 3.940
50.23157 4.456
50.23564 4.690
50.23970 4.690
50.24377 4.597
50.24784 5.324
50.25191 4.456
50.25598 4.245
50.26005 4.456
50.26411 4.409
50.26818 4.198
50.27225 4.550
50.27632 4.292
50.28039 4.174
50.28446 4.784
50.28853 4.386
50.29259 4.878
50.29666 4.245
50.30073 4.550
50.30480 4.808
50.30887 4.339
50.31294 3.776
50.31701 4.409
50.32107 4.644
50.32514 4.315
50.32921 4.409
50.33328 4.855
50.33735 4.174
50.34142 4.784
50.34548 4.503
50.34955 3.893
50.35362 4.268
50.35769 4.573
50.36176 4.620
50.36583 4.644
50.36990 4.855
50.37396 4.644
50.37803 4.784
50.38210 4.808
50.38617 4.174
50.39024 4.573
50.39431 4.714
50.39838 4.174
50.40244 4.432
50.40651 4.784
50.41058 4.667
50.41465 4.292
50.41872 4.221
50.42279 4.432
50.42685 4.174
50.43092 4.409
50.43499 4.690
50.43906 4.386
50.44313 4.174
50.44720 3.963
50.45127 4.198
50.45533 3.776
50.45940 4.151
50.46347 4.503
50.46754 4.761
50.47161 4.620
50.47568 4.386
50.47974 4.245
50.48381 4.855
50.48788 4.034
50.49195 4.198
50.49602 4.362
50.50009 4.526
50.50416 4.362
50.50822 4.503
50.51229 4.339
50.51636 4.432
50.52043 4.432
50.52450 4.292
50.52857 4.925
50.53264 4.573
50.53670 4.034
50.54077 4.761
50.54484 4.808
50.54891 4.128
50.55298 4.362
50.55705 4.174
50.56111 4.057
50.56518 4.104
50.56925 4.644
50.57332 4.386
50.57739 4.808
50.58146 3.729
50.58553 4.151
50.58959 4.409
50.59366 4.479
50.59773 4.034
50.60180 4.761
50.60587 4.456
50.60994 4.339
50.61400 4.292
50.61807 4.573
50.62214 4.315
50.62621 4.690
50.63028 4.550
50.63435 4.644
50.63842 4.292
50.64248 4.995
50.64655 3.705
50.65062 4.503
50.65469 4.268
50.65876 4.268
50.66283 4.128
50.66690 4.221
50.67096 4.221
50.67503 4.315
50.67910 4.409
50.68317 4.057
50.68724 4.174
50.69131 4.503
50.69537 4.174
50.69944 4.081
50.70351 4.081
50.70758 4.573
50.71165 4.386
50.71572 4.245
50.71979 4.644
50.72385 4.409
50.72792 4.221
50.73199 4.737
50.73606 4.315
50.74013 4.198
50.74420 4.034
50.74827 4.128
50.75233 4.526
50.75640 4.409
50.76047 3.940
50.76454 4.948
50.76861 4.503
50.77268 4.104
50.77674 4.644
50.78081 5.019
50.78488 4.221
50.78895 4.409
50.79302 4.315
50.79709 4.714
50.80116 4.690
50.80522 4.948
50.80929 4.081
50.81336 4.550
50.81743 4.831
50.82150 4.503
50.82557 4.503
50.82963 4.503
50.83370 4.151
50.83777 3.893
50.84184 4.386
50.84591 4.198
50.84998 4.620
50.85405 3.729
50.85811 4.432
50.86218 4.432
50.86625 4.104
50.87032 4.714
50.87439 4.620
50.87846 4.198
50.88253 4.855
50.88659 4.174
50.89066 4.690
50.89473 4.174
50.89880 5.441
50.90287 4.409
50.90694 4.620
50.91100 4.409
50.91507 4.057
50.91914 4.081
50.92321 3.799
50.92728 4.104
50.93135 4.292
50.93542 4.081
50.93948 4.362
50.94355 4.151
50.94762 4.315
50.95169 4.479
50.95576 4.714
50.95983 3.635
50.96390 4.550
50.96796 4.808
50.97203 4.644
50.97610 4.268
50.98017 3.963
50.98424 4.057
50.98831 4.597
50.99237 4.174
50.99644 4.174
51.00051 4.503
51.00458 5.042
51.00865 4.268
51.01272 4.245
51.01679 3.917
51.02085 4.808
51.02492 4.245
51.02899 4.386
51.03306 4.550
51.03713 4.503
51.04120 4.245
51.04526 4.198
51.04933 4.221
51.05340 4.128
51.05747 4.761
51.06154 3.940
51.06561 4.104
51.06968 4.409
51.07374 4.104
51.07781 4.479
51.08188 4.550
51.08595 4.690
51.09002 4.081
51.09409 4.268
51.09816 4.526
51.10222 4.034
51.10629 4.550
51.11036 4.268
51.11443 4.057
51.11850 4.081
51.12257 4.432
51.12663 4.644
51.13070 4.386
51.13477 4.386
51.13884 4.057
51.14291 4.432
51.14698 4.456
51.15105 4.386
51.15511 4.526
51.15918 4.104
51.16325 4.198
51.16732 4.245
51.17139 3.870
51.17546 4.315
51.17953 4.456
51.18359 4.128
51.18766 4.620
51.19173 4.221
51.19580 4.174
51.19987 4.128
51.20394 3.635
51.20800 4.855
51.21207 4.526
51.21614 4.245
51.22021 4.479
51.22428 4.690
51.22835 4.479
51.23242 4.550
51.23648 4.081
51.24055 3.823
51.24462 4.573
51.24869 4.315
51.25276 4.104
51.25683 3.963
51.26089 3.729
51.26496 4.339
51.26903 4.174
51.27310 4.386
51.27717 4.479
51.28124 4.198
51.28531 4.456
51.28937 4.174
51.29344 4.104
51.29751 4.245
51.30158 3.987
51.30565 4.456
51.30972 4.221
51.31379 4.644
51.31785 4.362
51.32192 3.752
51.32599 4.198
51.33006 4.503
51.33413 4.784
51.33820 4.409
51.34226 4.573
51.34633 4.690
51.35040 4.409
51.35447 4.221
51.35854 4.198
51.36261 4.198
51.36668 4.339
51.37074 4.432
51.37481 4.151
51.37888 4.386
51.38295 4.292
51.38702 3.987
51.39109 4.174
51.39515 3.752
51.39922 4.386
51.40329 4.174
51.40736 4.292
51.41143 4.503
51.41550 3.729
51.41957 4.245
51.42363 4.667
51.42770 4.362
51.43177 4.081
51.43584 4.620
51.43991 3.963
51.44398 4.221
51.44805 4.198
51.45211 4.456
51.45618 4.526
51.46025 4.104
51.46432 4.292
51.46839 4.292
51.47246 4.339
51.47652 4.855
51.48059 4.315
51.48466 4.503
51.48873 4.995
51.49280 4.362
51.49687 3.917
51.50094 4.620
51.50500 4.409
51.50907 4.620
51.51314 4.198
51.51721 4.292
51.52128 4.714
51.52535 4.174
51.52942 3.917
51.53348 4.057
51.53755 4.479
51.54162 3.893
51.54569 4.456
51.54976 4.174
51.55383 3.401
51.55789 3.682
51.56196 3.659
51.56603 4.315
51.57010 4.620
51.57417 3.893
51.57824 4.409
51.58231 4.245
51.58637 4.245
51.59044 4.315
51.59451 4.057
51.59858 4.362
51.60265 4.644
51.60672 4.503
51.61078 4.034
51.61485 4.151
51.61892 4.597
51.62299 4.128
51.62706 4.081
51.63113 4.174
51.63520 4.057
51.63926 4.221
51.64333 4.386
51.64740 3.987
51.65147 4.550
51.65554 4.902
51.65961 4.292
51.66368 4.245
51.66774 4.409
51.67181 4.128
51.67588 3.893
51.67995 3.870
51.68402 4.456
51.68809 3.987
51.69215 4.245
51.69622 4.151
51.70029 3.705
51.70436 4.081
51.70843 3.870
51.71250 4.432
51.71657 4.386
51.72063 4.128
51.72470 4.479
51.72877 4.198
51.73284 4.221
51.73691 4.292
51.74098 4.292
51.74505 4.409
51.74911 4.526
51.75318 3.401
51.75725 4.151
51.76132 4.151
51.76539 3.870
51.76946 4.010
51.77352 3.987
51.77759 4.409
51.78166 4.386
51.78573 3.987
51.78980 4.010
51.79387 4.221
51.79794 4.597
51.80200 4.057
51.80607 4.057
51.81014 4.081
51.81421 3.917
51.81828 4.339
51.82235 4.010
51.82641 4.245
51.83048 3.612
51.83455 3.588
51.83862 4.667
51.84269 4.104
51.84676 4.761
51.85083 3.846
51.85489 4.245
51.85896 3.776
51.86303 4.479
51.86710 4.409
51.87117 3.917
51.87524 4.714
51.87931 4.151
51.88337 4.292
51.88744 4.386
51.89151 4.104
51.89558 4.081
51.89965 4.151
51.90372 4.034
51.90778 4.714
51.91185 4.714
51.91592 3.799
51.91999 4.268
51.92406 4.221
51.92813 4.550
51.93220 4.597
51.93626 4.221
51.94033 4.573
51.94440 3.776
51.94847 3.705
51.95254 4.644
51.95661 4.010
51.96068 3.776
51.96474 4.292
51.96881 3.682
51.97288 4.104
51.97695 4.010
51.98102 4.690
51.98509 4.432
51.98915 4.409
51.99322 4.315
51.99729 4.268
52.00136 3.776
52.00543 3.917
52.00950 4.268
52.01357 4.362
52.01763 4.268
52.02170 4.245
52.02577 4.104
52.02984 4.339
52.03391 4.034
52.03798 4.034
52.04204 3.447
52.04611 4.690
52.05018 4.432
52.05425 4.268
52.05832 4.550
52.06239 4.174
52.06646 4.339
52.07052 4.128
52.07459 4.737
52.07866 3.987
52.08273 4.573
52.08680 3.659
52.09087 4.432
52.09494 3.799
52.09900 3.870
52.10307 4.128
52.10714 4.034
52.11121 3.776
52.11528 4.456
52.11935 4.010
52.12341 4.432
52.12748 4.245
52.13155 4.104
52.13562 4.034
52.13969 4.268
52.14376 4.034
52.14783 3.963
52.15189 4.198
52.15596 3.659
52.16003 4.432
52.16410 4.550
52.16817 3.776
52.17224 3.471
52.17631 3.893
52.18037 4.151
52.18444 3.494
52.18851 3.659
52.19258 3.776
52.19665 4.831
52.20072 4.221
52.20478 4.456
52.20885 4.714
52.21292 4.151
52.21699 4.198
52.22106 3.917
52.22513 3.846
52.22920 4.386
52.23326 3.963
52.23733 3.940
52.24140 4.198
52.24547 3.893
52.24954 3.940
52.25361 3.612
52.25767 3.823
52.26174 4.221
52.26581 3.799
52.26988 4.010
52.27395 3.424
52.27802 3.729
52.28209 4.432
52.28615 3.799
52.29022 4.034
52.29429 3.917
52.29836 3.799
52.30243 4.081
52.30650 4.174
52.31057 3.752
52.31463 3.565
52.31870 4.761
52.32277 4.315
52.32684 4.268
52.33091 4.081
52.33498 3.729
52.33904 4.128
52.34311 4.597
52.34718 4.714
52.35125 4.104
52.35532 4.456
52.35939 3.682
52.36346 3.893
52.36752 4.221
52.37159 4.550
52.37566 4.198
52.37973 4.948
52.38380 4.432
52.38787 4.245
52.39193 4.198
52.39600 4.503
52.40007 4.245
52.40414 3.846
52.40821 3.635
52.41228 3.729
52.41635 4.479
52.42041 4.198
52.42448 3.940
52.42855 4.081
52.43262 4.151
52.43669 4.104
52.44076 4.151
52.44483 4.315
52.44889 3.752
52.45296 3.565
52.45703 3.846
52.46110 3.635
52.46517 3.893
52.46924 4.268
52.47330 3.377
52.47737 4.878
52.48144 3.799
52.48551 4.972
52.48958 3.846
52.49365 3.471
52.49772 4.526
52.50178 4.010
52.50585 4.057
52.50992 4.104
52.51399 4.526
52.51806 4.245
52.52213 4.386
52.52620 3.494
52.53026 4.573
52.53433 4.034
52.53840 3.565
52.54247 4.081
52.54654 3.541
52.55061 4.151
52.55467 3.940
52.55874 3.987
52.56281 3.705
52.56688 4.432
52.57095 4.128
52.57502 3.987
52.57909 4.198
52.58315 4.081
52.58722 4.057
52.59129 3.635
52.59536 3.917
52.59943 4.245
52.60350 4.198
52.60756 4.174
52.61163 4.245
52.61570 4.128
52.61977 4.339
52.62384 4.268
52.62791 4.128
52.63198 4.503
52.63604 4.128
52.64011 4.550
52.64418 4.081
52.64825 4.081
52.65232 4.034
52.65639 3.987
52.66046 4.737
52.66452 4.503
52.66859 3.987
52.67266 3.752
52.67673 4.057
52.68080 4.784
52.68487 4.573
52.68893 4.831
52.69300 4.268
52.69707 4.268
52.70114 4.081
52.70521 4.386
52.70928 4.362
52.71335 4.362
52.71741 4.386
52.72148 4.034
52.72555 4.221
52.72962 4.503
52.73369 4.081
52.73776 3.823
52.74183 3.823
52.74589 3.823
52.74996 3.729
52.75403 3.987
52.75810 4.034
52.76217 4.198
52.76624 4.503
52.77030 3.963
52.77437 3.940
52.77844 4.104
52.78251 3.893
52.78658 3.471
52.79065 4.714
52.79472 4.128
52.79878 4.456
52.80285 3.917
52.80692 4.151
52.81099 4.268
52.81506 4.315
52.81913 4.034
52.82319 3.236
52.82726 4.057
52.83133 3.917
52.83540 4.339
52.83947 4.339
52.84354 4.034
52.84761 4.057
52.85167 3.705
52.85574 4.315
52.85981 4.245
52.86388 4.128
52.86795 4.315
52.87202 4.081
52.87609 3.659
52.88015 4.245
52.88422 4.081
52.88829 3.846
52.89236 4.151
52.89643 4.057
52.90050 3.659
52.90456 4.362
52.90863 4.081
52.91270 4.151
52.91677 3.635
52.92084 3.963
52.92491 3.940
52.92898 4.034
52.93304 3.893
52.93711 4.432
52.94118 3.846
52.94525 4.268
52.94932 3.963
52.95339 4.104
52.95746 4.174
52.96152 3.987
52.96559 4.081
52.96966 4.339
52.97373 3.682
52.97780 4.245
52.98187 4.573
52.98593 4.151
52.99000 3.987
52.99407 4.081
52.99814 4.198
53.00221 3.612
53.00628 4.386
53.01035 3.705
53.01441 4.128
53.01848 4.995
53.02255 4.057
53.02662 4.268
53.03069 3.987
53.03476 3.518
53.03882 3.987
53.04289 3.893
53.04696 4.690
53.05103 4.010
53.05510 3.729
53.05917 4.034
53.06324 4.057
53.06730 4.081
53.07137 3.635
53.07544 4.456
53.07951 3.705
53.08358 3.940
53.08765 3.940
53.09172 4.268
53.09578 3.377
53.09985 3.705
53.10392 3.823
53.10799 4.128
53.11206 3.752
53.11613 4.831
53.12019 3.471
53.12426 4.174
53.12833 4.221
53.13240 3.729
53.13647 3.588
53.14054 4.104
53.14461 4.268
53.14867 4.362
53.15274 4.081
53.15681 3.940
53.16088 3.354
53.16495 3.917
53.16902 3.659
53.17308 3.471
53.17715 4.104
53.18122 3.963
53.18529 4.174
53.18936 3.612
53.19343 3.612
53.19750 3.870
53.20156 3.705
53.20563 4.386
53.20970 4.292
53.21377 3.893
53.21784 4.479
53.22191 4.245
53.22598 3.612
53.23004 3.823
53.23411 3.588
53.23818 3.846
53.24225 4.081
53.24632 4.057
53.25039 4.128
53.25445 3.963
53.25852 4.057
53.26259 4.339
53.26666 3.659
53.27073 3.565
53.27480 4.339
53.27887 4.174
53.28293 3.682
53.28700 4.174
53.29107 4.198
53.29514 3.659
53.29921 3.776
53.30328 3.799
53.30735 4.034
53.31141 4.362
53.31548 3.917
53.31955 3.940
53.32362 3.940
53.32769 3.823
53.33176 4.362
53.33582 4.292
53.33989 4.479
53.34396 3.870
53.34803 4.198
53.35210 4.737
53.35617 3.565
53.36024 4.128
53.36430 4.878
53.36837 4.386
53.37244 3.494
53.37651 3.846
53.38058 4.104
53.38465 3.940
53.38871 3.494
53.39278 4.339
53.39685 4.550
53.40092 4.714
53.40499 4.174
53.40906 3.729
53.41313 4.081
53.41719 4.010
53.42126 3.776
53.42533 4.174
53.42940 4.128
53.43347 3.682
53.43754 4.198
53.44161 3.870
53.44567 4.386
53.44974 4.174
53.45381 4.034
53.45788 4.104
53.46195 4.526
53.46602 3.635
53.47008 3.705
53.47415 4.386
53.47822 3.729
53.48229 4.526
53.48636 4.315
53.49043 4.245
53.49450 4.010
53.49856 3.846
53.50263 3.870
53.50670 3.987
53.51077 4.245
53.51484 4.081
53.51891 4.221
53.52298 4.034
53.52704 3.682
53.53111 4.128
53.53518 3.987
53.53925 4.737
53.54332 4.034
53.54739 4.362
53.55145 3.940
53.55552 3.565
53.55959 3.752
53.56366 4.362
53.56773 4.315
53.57180 3.987
53.57587 3.424
53.57993 3.659
53.58400 4.339
53.58807 3.612
53.59214 4.245
53.59621 3.963
53.60028 3.987
53.60434 3.846
53.60841 3.987
53.61248 3.893
53.61655 4.128
53.62062 4.339
53.62469 4.128
53.62876 3.541
53.63282 3.705
53.63689 3.705
53.64096 4.104
53.64503 3.870
53.64910 3.846
53.65317 4.057
53.65724 4.690
53.66130 3.447
53.66537 3.846
53.66944 3.917
53.67351 4.432
53.67758 3.307
53.68165 4.034
53.68571 3.307
53.68978 4.386
53.69385 3.401
53.69792 4.362
53.70199 3.682
53.70606 3.588
53.71013 4.010
53.71419 3.752
53.71826 4.386
53.72233 3.940
53.72640 4.151
53.73047 3.799
53.73454 3.541
53.73861 3.752
53.74267 3.588
53.74674 3.682
53.75081 3.565
53.75488 4.128
53.75895 3.870
53.76302 3.471
53.76708 4.292
53.77115 3.799
53.77522 4.198
53.77929 3.518
53.78336 3.729
53.78743 3.705
53.79150 3.963
53.79556 4.339
53.79963 3.752
53.80370 4.128
53.80777 4.221
53.81184 4.010
53.81591 3.823
53.81997 3.940
53.82404 3.963
53.82811 3.541
53.83218 4.034
53.83625 3.729
53.84032 4.409
53.84439 4.128
53.84845 4.174
53.85252 3.870
53.85659 4.057
53.86066 4.503
53.86473 4.057
53.86880 4.128
53.87287 4.550
53.87693 4.034
53.88100 3.823
53.88507 4.081
53.88914 3.799
53.89321 4.245
53.89728 4.456
53.90134 4.597
53.90541 3.917
53.90948 4.128
53.91355 4.104
53.91762 4.128
53.92169 4.221
53.92576 4.362
53.92982 4.010
53.93389 3.682
53.93796 3.705
53.94203 4.479
53.94610 4.690
53.95017 3.917
53.95423 4.174
53.95830 4.174
53.96237 3.917
53.96644 3.752
53.97051 3.823
53.97458 3.541
53.97865 4.128
53.98271 3.682
53.98678 3.893
53.99085 3.776
53.99492 3.917
53.99899 3.752
54.00306 4.268
54.00713 4.526
54.01119 4.503
54.01526 3.870
54.01933 3.752
54.02340 3.659
54.02747 3.893
54.03154 3.963
54.03560 4.409
54.03967 3.682
54.04374 4.221
54.04781 4.339
54.05188 3.846
54.05595 3.963
54.06002 3.987
54.06408 3.940
54.06815 3.987
54.07222 3.799
54.07629 4.128
54.08036 4.245
54.08443 4.104
54.08850 4.221
54.09256 4.221
54.09663 4.104
54.10070 3.377
54.10477 4.081
54.10884 4.057
54.11291 4.151
54.11697 4.432
54.12104 3.940
54.12511 3.752
54.12918 4.034
54.13325 4.010
54.13732 4.292
54.14139 3.307
54.14545 3.799
54.14952 4.010
54.15359 4.151
54.15766 4.526
54.16173 4.245
54.16580 3.659
54.16986 3.588
54.17393 3.917
54.17800 3.987
54.18207 4.245
54.18614 4.479
54.19021 3.846
54.19428 4.034
54.19834 4.034
54.20241 4.409
54.20648 3.823
54.21055 4.104
54.21462 4.245
54.21869 3.893
54.22276 4.245
54.22682 4.128
54.23089 3.963
54.23496 4.526
54.23903 4.315
54.24310 3.541
54.24717 3.940
54.25123 3.283
54.25530 3.659
54.25937 4.081
54.26344 4.456
54.26751 4.597
54.27158 4.198
54.27565 4.409
54.27971 3.893
54.28378 3.729
54.28785 4.174
54.29192 4.010
54.29599 3.729
54.30006 3.635
54.30413 3.494
54.30819 4.221
54.31226 4.151
54.31633 4.667
54.32040 3.776
54.32447 4.198
54.32854 4.292
54.33260 3.823
54.33667 3.705
54.34074 4.245
54.34481 4.386
54.34888 3.917
54.35295 4.386
54.35702 3.705
54.36108 3.752
54.36515 4.268
54.36922 3.729
54.37329 3.776
54.37736 3.963
54.38143 3.776
54.38549 4.315
54.38956 3.682
54.39363 3.401
54.39770 3.893
54.40177 3.447
54.40584 4.151
54.40991 3.307
54.41397 4.386
54.41804 4.057
54.42211 4.292
54.42618 3.870
54.43025 3.846
54.43432 4.104
54.43839 3.799
54.44245 3.987
54.44652 3.471
54.45059 3.987
54.45466 3.612
54.45873 4.198
54.46280 3.917
54.46686 4.198
54.47093 3.940
54.47500 3.940
54.47907 3.682
54.48314 4.339
54.48721 3.565
54.49128 3.612
54.49534 3.682
54.49941 4.292
54.50348 4.245
54.50755 4.034
54.51162 3.682
54.51569 3.776
54.51976 3.588
54.52382 4.550
54.52789 3.987
54.53196 4.174
54.53603 3.917
54.54010 3.987
54.54417 3.471
54.54823 3.893
54.55230 3.776
54.55637 4.409
54.56044 3.893
54.56451 3.635
54.56858 3.823
54.57265 4.104
54.57671 4.174
54.58078 4.128
54.58485 4.128
54.58892 4.315
54.59299 3.987
54.59706 4.174
54.60112 4.221
54.60519 3.659
54.60926 4.339
54.61333 4.245
54.61740 4.151
54.62147 4.386
54.62554 3.940
54.62960 4.198
54.63367 3.823
54.63774 3.823
54.64181 3.705
54.64588 4.034
54.64995 4.315
54.65402 3.635
54.65808 4.315
54.66215 3.846
54.66622 3.799
54.67029 4.315
54.67436 4.315
54.67843 3.729
54.68249 3.518
54.68656 3.729
54.69063 3.307
54.69470 4.409
54.69877 4.010
54.70284 3.940
54.70691 3.940
54.71097 4.081
54.71504 4.010
54.71911 3.987
54.72318 3.987
54.72725 4.128
54.73132 3.846
54.73538 4.104
54.73945 3.682
54.74352 4.386
54.74759 4.409
54.75166 3.917
54.75573 4.245
54.75980 3.870
54.76386 4.174
54.76793 4.151
54.77200 4.081
54.77607 4.268
54.78014 3.799
54.78421 4.221
54.78828 4.057
54.79234 4.737
54.79641 4.081
54.80048 3.635
54.80455 4.784
54.80862 3.354
54.81269 3.682
54.81675 4.081
54.82082 4.432
54.82489 3.823
54.82896 4.128
54.83303 3.588
54.83710 4.034
54.84117 4.151
54.84523 4.386
54.84930 4.644
54.85337 3.612
54.85744 4.151
54.86151 3.588
54.86558 4.292
54.86965 4.104
54.87371 4.245
54.87778 3.705
54.88185 4.104
54.88592 3.823
54.88999 4.128
54.89406 3.870
54.89812 4.034
54.90219 4.010
54.90626 3.518
54.91033 3.799
54.91440 3.987
54.91847 3.588
54.92254 3.963
54.92660 4.174
54.93067 4.690
54.93474 4.034
54.93881 3.518
54.94288 3.917
54.94695 4.784
54.95101 4.034
54.95508 3.917
54.95915 3.987
54.96322 4.057
54.96729 3.963
54.97136 3.682
54.97543 4.034
54.97949 3.776
54.98356 4.034
54.98763 4.409
54.99170 3.799
54.99577 4.479
54.99984 3.659
55.00391 3.799
55.00797 3.940
55.01204 4.292
55.01611 4.526
55.02018 3.823
55.02425 3.776
55.02832 3.752
55.03238 4.081
55.03645 3.963
55.04052 3.846
55.04459 4.174
55.04866 3.870
55.05273 3.987
55.05680 3.705
55.06086 3.635
55.06493 4.597
55.06900 3.987
55.07307 4.432
55.07714 4.456
55.08121 3.917
55.08528 3.987
55.08934 4.221
55.09341 4.292
55.09748 3.729
55.10155 4.034
55.10562 4.128
55.10969 3.401
55.11375 3.682
55.11782 3.494
55.12189 4.057
55.12596 3.893
55.13003 4.034
55.13410 4.315
55.13817 3.776
55.14223 3.917
55.14630 3.823
55.15037 4.081
55.15444 3.963
55.15851 3.917
55.16258 3.705
55.16664 3.705
55.17071 3.870
55.17478 4.104
55.17885 3.917
55.18292 3.963
55.18699 3.541
55.19106 4.174
55.19512 4.010
55.19919 3.776
55.20326 3.870
55.20733 3.870
55.21140 3.729
55.21547 3.659
55.21954 3.682
55.22360 3.870
55.22767 3.705
55.23174 3.846
55.23581 3.588
55.23988 3.635
55.24395 3.612
55.24801 4.104
55.25208 4.315
55.25615 3.565
55.26022 4.081
55.26429 3.940
55.26836 3.846
55.27243 3.494
55.27649 3.283
55.28056 4.503
55.28463 3.635
55.28870 4.010
55.29277 3.893
55.29684 3.635
55.30091 3.963
55.30497 3.354
55.30904 4.503
55.31311 4.151
55.31718 4.034
55.32125 3.893
55.32532 3.917
55.32938 4.081
55.33345 4.386
55.33752 3.846
55.34159 3.729
55.34566 3.823
55.34973 3.377
55.35380 4.010
55.35786 4.292
55.36193 4.503
55.36600 4.198
55.37007 4.268
55.37414 3.752
55.37821 4.151
55.38227 4.268
55.38634 3.846
55.39041 4.010
55.39448 3.776
55.39855 4.503
55.40262 3.917
55.40669 4.221
55.41075 4.174
55.41482 4.362
55.41889 3.987
55.42296 3.752
55.42703 3.424
55.43110 4.198
55.43517 4.292
55.43923 3.752
55.44330 3.635
55.44737 3.870
55.45144 4.386
55.45551 4.620
55.45958 3.776
55.46364 3.846
55.46771 4.174
55.47178 3.987
55.47585 4.151
55.47992 3.870
55.48399 3.987
55.48806 3.799
55.49212 3.682
55.49619 3.940
55.50026 4.315
55.50433 3.776
55.50840 3.705
55.51247 4.339
55.51654 4.620
55.52060 3.776
55.52467 3.917
55.52874 4.362
55.53281 3.776
55.53688 3.963
55.54095 4.128
55.54501 4.010
55.54908 4.221
55.55315 4.268
55.55722 4.174
55.56129 3.987
55.56536 4.128
55.56943 3.963
55.57349 3.799
55.57756 4.292
55.58163 4.128
55.58570 3.776
55.58977 4.386
55.59384 4.432
55.59790 3.799
55.60197 4.550
55.60604 3.752
55.61011 4.198
55.61418 3.729
55.61825 4.386
55.62232 4.128
55.62638 4.456
55.63045 3.963
55.63452 4.010
55.63859 4.292
55.64266 4.315
55.64673 4.597
55.65080 3.635
55.65486 4.456
55.65893 3.776
55.66300 4.245
55.66707 4.174
55.67114 4.198
55.67521 4.362
55.67927 3.917
55.68334 4.456
55.68741 4.339
55.69148 3.870
55.69555 4.315
55.69962 4.855
55.70369 4.597
55.70775 4.081
55.71182 4.151
55.71589 4.573
55.71996 4.292
55.72403 3.963
55.72810 4.620
55.73216 4.644
55.73623 4.174
55.74030 4.409
55.74437 4.268
55.74844 3.963
55.75251 4.292
55.75658 4.362
55.76064 4.057
55.76471 3.565
55.76878 4.292
55.77285 4.456
55.77692 4.878
55.78099 4.620
55.78506 4.432
55.78912 4.456
55.79319 5.042
55.79726 4.784
55.80133 4.104
55.80540 4.784
55.80947 4.456
55.81353 4.292
55.81760 4.503
55.82167 4.737
55.82574 4.878
55.82981 4.315
55.83388 4.995
55.83795 5.089
55.84201 5.042
55.84608 4.362
55.85015 4.503
55.85422 4.784
55.85829 4.667
55.86236 5.206
55.86643 4.620
55.87049 4.526
55.87456 5.019
55.87863 5.113
55.88270 5.769
55.88677 4.479
55.89084 5.464
55.89490 4.667
55.89897 5.488
55.90304 4.878
55.90711 4.808
55.91118 4.972
55.91525 4.573
55.91932 5.347
55.92338 5.183
55.92745 4.972
55.93152 5.347
55.93559 5.230
55.93966 4.948
55.94373 5.417
55.94779 5.113
55.95186 5.863
55.95593 5.558
55.96000 5.488
55.96407 5.793
55.96814 4.878
55.97221 5.300
55.97627 5.793
55.98034 5.488
55.98441 5.417
55.98848 5.558
55.99255 5.699
55.99662 6.684
56.00069 5.371
56.00475 5.324
56.00882 5.652
56.01289 6.074
56.01696 5.933
56.02103 6.614
56.02510 6.309
56.02916 6.567
56.03323 7.012
56.03730 6.027
56.04137 6.567
56.04544 6.965
56.04951 6.754
56.05358 6.473
56.05764 7.200
56.06171 7.810
56.06578 7.176
56.06985 7.317
56.07392 8.513
56.07799 8.091
56.08206 8.185
56.08612 7.810
56.09019 8.560
56.09426 8.982
56.09833 9.451
56.10240 9.404
56.10647 8.935
56.11053 11.257
56.11460 10.366
56.11867 10.389
56.12274 11.398
56.12681 12.289
56.13088 12.641
56.13495 12.101
56.13901 13.297
56.14308 14.142
56.14715 14.470
56.15122 14.564
56.15529 16.088
56.15936 16.370
56.16342 17.167
56.16749 18.856
56.17156 19.418
56.17563 19.512
56.17970 21.623
56.18377 22.068
56.18784 22.538
56.19190 24.390
56.19597 25.563
56.20004 25.938
56.20411 26.126
56.20818 27.720
56.21225 27.650
56.21632 28.682
56.22038 30.066
56.22445 30.300
56.22852 30.793
56.23259 31.778
56.23666 30.840
56.24073 31.637
56.24479 31.238
56.24886 33.396
56.25293 33.560
56.25700 31.449
56.26107 33.091
56.26514 32.153
56.26921 32.950
56.27327 31.473
56.27734 32.903
56.28141 31.238
56.28548 31.731
56.28955 31.121
56.29362 31.871
56.29769 29.010
56.30175 28.049
56.30582 27.111
56.30989 27.697
56.31396 25.446
56.31803 23.030
56.32210 21.553
56.32616 20.145
56.33023 21.412
56.33430 19.184
56.33837 19.020
56.34244 20.098
56.34651 18.832
56.35058 19.020
56.35464 20.356
56.35871 17.894
56.36278 18.973
56.36685 17.753
56.37092 18.246
56.37499 18.433
56.37905 18.269
56.38312 17.730
56.38719 17.871
56.39126 18.715
56.39533 18.902
56.39940 20.216
56.40347 18.996
56.40753 18.926
56.41160 18.433
56.41567 19.629
56.41974 18.879
56.42381 19.348
56.42788 17.542
56.43195 17.495
56.43601 17.566
56.44008 17.214
56.44415 16.417
56.44822 17.472
56.45229 15.314
56.45636 15.009
56.46042 13.837
56.46449 12.969
56.46856 11.562
56.47263 11.515
56.47670 10.882
56.48077 9.686
56.48484 9.053
56.48890 9.170
56.49297 7.927
56.49704 8.513
56.50111 7.716
56.50518 7.387
56.50925 6.778
56.51331 6.637
56.51738 6.895
56.52145 6.871
56.52552 6.778
56.52959 6.520
56.53366 6.004
56.53773 7.153
56.54179 5.722
56.54586 5.769
56.54993 5.980
56.55400 6.168
56.55807 5.769
56.56214 5.722
56.56621 5.980
56.57027 5.746
56.57434 5.629
56.57841 5.910
56.58248 5.980
56.58655 5.464
56.59062 5.324
56.59468 5.042
56.59875 5.113
56.60282 5.347
56.60689 4.644
56.61096 4.972
56.61503 4.972
56.61910 5.136
56.62316 5.371
56.62723 5.488
56.63130 5.277
56.63537 5.769
56.63944 4.995
56.64351 4.620
56.64758 4.479
56.65164 4.667
56.65571 4.174
56.65978 4.855
56.66385 5.042
56.66792 4.831
56.67199 4.784
56.67605 5.230
56.68012 4.573
56.68419 4.925
56.68826 4.784
56.69233 4.315
56.69640 4.526
56.70047 4.081
56.70453 4.690
56.70860 4.128
56.71267 4.690
56.71674 4.432
56.72081 4.339
56.72488 4.315
56.72894 5.136
56.73301 4.784
56.73708 4.104
56.74115 4.714
56.74522 4.339
56.74929 3.846
56.75336 4.597
56.75742 4.057
56.76149 4.174
56.76556 4.550
56.76963 4.597
56.77370 3.963
56.77777 4.315
56.78184 4.081
56.78590 3.893
56.78997 3.518
56.79404 4.081
56.79811 4.104
56.80218 4.128
56.80625 4.268
56.81031 3.565
56.81438 3.893
56.81845 4.620
56.82252 3.682
56.82659 4.456
56.83066 4.268
56.83473 3.917
56.83879 4.315
56.84286 3.776
56.84693 4.925
56.85100 3.705
56.85507 4.128
56.85914 4.104
56.86321 4.339
56.86727 4.550
56.87134 4.198
56.87541 4.151
56.87948 4.057
56.88355 4.010
56.88762 4.174
56.89168 4.362
56.89575 4.315
56.89982 4.174
56.90389 4.081
56.90796 4.128
56.91203 3.705
56.91610 3.987
56.92016 4.339
56.92423 4.010
56.92830 4.386
56.93237 4.151
56.93644 3.612
56.94051 4.174
56.94457 3.565
56.94864 4.245
56.95271 3.612
56.95678 4.597
56.96085 3.424
56.96492 4.526
56.96899 3.635
56.97305 3.963
56.97712 4.292
56.98119 4.245
56.98526 4.667
56.98933 3.588
56.99340 4.573
56.99747 3.940
57.00153 3.823
57.00560 4.339
57.00967 4.245
57.01374 3.705
57.01781 3.940
57.02188 4.034
57.02594 4.198
57.03001 4.104
57.03408 3.729
57.03815 4.386
57.04222 3.659
57.04629 4.010
57.05036 4.010
57.05442 4.081
57.05849 3.799
57.06256 4.128
57.06663 4.268
57.07070 3.987
57.07477 3.588
57.07884 4.081
57.08290 3.729
57.08697 3.917
57.09104 3.870
57.09511 4.221
57.09918 3.776
57.10325 4.081
57.10731 4.151
57.11138 3.565
57.11545 3.682
57.11952 3.682
57.12359 3.705
57.12766 3.424
57.13173 4.174
57.13579 4.034
57.13986 4.268
57.14393 4.151
57.14800 3.987
57.15207 3.987
57.15614 4.128
57.16020 3.752
57.16427 4.503
57.16834 3.213
57.17241 3.494
57.17648 4.128
57.18055 3.682
57.18462 3.987
57.18868 3.940
57.19275 4.432
57.19682 4.057
57.20089 3.447
57.20496 3.917
57.20903 4.034
57.21310 3.752
57.21716 4.362
57.22123 4.315
57.22530 4.221
57.22937 3.799
57.23344 3.823
57.23751 3.612
57.24157 3.752
57.24564 3.659
57.24971 4.010
57.25378 4.292
57.25785 4.010
57.26192 4.010
57.26599 3.565
57.27005 3.870
57.27412 3.236
57.27819 3.917
57.28226 3.612
57.28633 4.174
57.29040 3.846
57.29446 3.940
57.29853 3.917
57.30260 3.588
57.30667 3.729
57.31074 3.659
57.31481 4.151
57.31888 3.283
57.32294 4.221
57.32701 3.588
57.33108 3.799
57.33515 4.034
57.33922 3.659
57.34329 3.588
57.34736 4.128
57.35142 3.401
57.35549 3.823
57.35956 3.776
57.36363 3.987
57.36770 3.917
57.37177 3.682
57.37583 3.893
57.37990 4.268
57.38397 4.174
57.38804 3.705
57.39211 4.386
57.39618 3.354
57.40025 3.424
57.40431 4.128
57.40838 4.034
57.41245 3.330
57.41652 4.010
57.42059 4.221
57.42466 3.823
57.42873 3.612
57.43279 3.776
57.43686 3.612
57.44093 3.494
57.44500 3.494
57.44907 4.151
57.45314 3.189
57.45720 4.081
57.46127 3.447
57.46534 3.870
57.46941 3.823
57.47348 4.128
57.47755 4.151
57.48162 4.151
57.48568 3.705
57.48975 4.151
57.49382 3.870
57.49789 3.447
57.50196 4.456
57.50603 4.339
57.51009 3.541
57.51416 4.268
57.51823 3.471
57.52230 3.729
57.52637 3.401
57.53044 3.471
57.53451 4.057
57.53857 3.612
57.54264 4.034
57.54671 4.268
57.55078 3.893
57.55485 3.424
57.55892 3.705
57.56299 3.377
57.56705 3.705
57.57112 3.518
57.57519 3.729
57.57926 3.588
57.58333 3.776
57.58740 3.799
57.59146 3.870
57.59553 4.292
57.59960 3.799
57.60367 4.339
57.60774 3.705
57.61181 3.963
57.61588 3.776
57.61994 4.057
57.62401 3.494
57.62808 4.362
57.63215 3.635
57.63622 3.917
57.64029 3.518
57.64436 4.268
57.64842 3.518
57.65249 3.917
57.65656 3.870
57.66063 3.799
57.66470 3.752
57.66877 3.471
57.67283 3.682
57.67690 3.940
57.68097 3.612
57.68504 3.377
57.68911 3.307
57.69318 3.893
57.69725 3.494
57.70131 3.612
57.70538 3.143
57.70945 3.963
57.71352 3.401
57.71759 3.447
57.72166 3.729
57.72572 3.518
57.72979 3.612
57.73386 4.128
57.73793 3.682
57.74200 4.362
57.74607 3.893
57.75014 3.612
57.75420 3.424
57.75827 3.424
57.76234 3.963
57.76641 3.260
57.77048 3.752
57.77455 3.987
57.77862 3.447
57.78268 3.729
57.78675 4.620
57.79082 3.377
57.79489 3.447
57.79896 3.565
57.80303 3.588
57.80709 3.893
57.81116 3.940
57.81523 3.963
57.81930 3.729
57.82337 3.471
57.82744 3.330
57.83151 3.729
57.83557 4.339
57.83964 3.471
57.84371 3.940
57.84778 3.612
57.85185 3.705
57.85592 3.776
57.85999 4.128
57.86405 3.893
57.86812 3.917
57.87219 3.917
57.87626 4.503
57.88033 4.644
57.88440 3.401
57.88846 4.174
57.89253 3.541
57.89660 3.729
57.90067 3.682
57.90474 3.166
57.90881 3.846
57.91288 3.823
57.91694 3.471
57.92101 3.541
57.92508 3.659
57.92915 3.893
57.93322 3.729
57.93729 3.401
57.94135 3.823
57.94542 3.471
57.94949 3.236
57.95356 3.846
57.95763 3.518
57.96170 3.447
57.96577 3.705
57.96983 3.189
57.97390 3.072
57.97797 3.447
57.98204 3.659
57.98611 3.565
57.99018 3.588
57.99425 4.034
57.99831 3.189
58.00238 3.776
58.00645 3.682
58.01052 3.447
58.01459 4.245
58.01866 3.588
58.02272 4.151
58.02679 3.401
58.03086 3.612
58.03493 3.893
58.03900 3.447
58.04307 3.447
58.04714 3.752
58.05120 3.143
58.05527 3.823
58.05934 3.823
58.06341 3.635
58.06748 3.799
58.07155 4.174
58.07561 3.893
58.07968 3.776
58.08375 3.705
58.08782 4.198
58.09189 3.213
58.09596 3.893
58.10003 3.447
58.10409 3.682
58.10816 3.846
58.11223 3.940
58.11630 4.268
58.12037 3.729
58.12444 3.893
58.12851 3.401
58.13257 3.377
58.13664 3.635
58.14071 3.494
58.14478 3.940
58.14885 3.541
58.15292 4.057
58.15698 3.635
58.16105 3.940
58.16512 4.010
58.16919 3.917
58.17326 3.752
58.17733 4.057
58.18140 3.729
58.18546 3.588
58.18953 3.612
58.19360 3.541
58.19767 3.588
58.20174 4.010
58.20581 3.823
58.20988 3.565
58.21394 3.682
58.21801 3.940
58.22208 3.635
58.22615 3.377
58.23022 3.682
58.23429 3.940
58.23835 3.705
58.24242 3.870
58.24649 3.541
58.25056 3.635
58.25463 3.799
58.25870 4.151
58.26277 3.705
58.26683 3.752
58.27090 3.705
58.27497 3.494
58.27904 3.776
58.28311 3.494
58.28718 3.588
58.29124 3.870
58.29531 3.377
58.29938 3.635
58.30345 3.752
58.30752 3.823
58.31159 3.260
58.31566 3.799
58.31972 4.081
58.32379 3.213
58.32786 3.846
58.33193 3.283
58.33600 3.541
58.34007 3.776
58.34414 3.799
58.34820 3.213
58.35227 3.494
58.35634 3.401
58.36041 3.330
58.36448 3.635
58.36855 3.471
58.37261 3.612
58.37668 3.870
58.38075 3.846
58.38482 3.377
58.38889 4.104
58.39296 3.940
58.39703 3.283
58.40109 3.705
58.40516 3.354
58.40923 3.752
58.41330 3.963
58.41737 3.518
58.42144 3.823
58.42551 4.128
58.42957 4.128
58.43364 3.166
58.43771 3.776
58.44178 4.104
58.44585 4.010
58.44992 4.292
58.45398 3.494
58.45805 3.424
58.46212 3.870
58.46619 3.166
58.47026 3.705
58.47433 4.128
58.47840 3.471
58.48246 3.659
58.48653 3.189
58.49060 3.588
58.49467 3.354
58.49874 3.987
58.50281 3.846
58.50687 3.565
58.51094 4.128
58.51501 3.377
58.51908 4.151
58.52315 4.268
58.52722 3.870
58.53129 4.081
58.53535 3.612
58.53942 3.752
58.54349 3.682
58.54756 3.307
58.55163 4.057
58.55570 3.166
58.55977 3.729
58.56383 3.541
58.56790 3.987
58.57197 3.612
58.57604 3.917
58.58011 3.659
58.58418 3.612
58.58824 3.823
58.59231 3.776
58.59638 4.292
58.60045 3.494
58.60452 3.940
58.60859 3.518
58.61266 4.081
58.61672 3.893
58.62079 4.667
58.62486 3.447
58.62893 3.846
58.63300 4.034
58.63707 3.752
58.64114 3.846
58.64520 4.690
58.64927 4.339
58.65334 3.893
58.65741 4.081
58.66148 4.010
58.66555 4.010
58.66961 4.573
58.67368 3.846
58.67775 3.940
58.68182 3.565
58.68589 4.292
58.68996 3.846
58.69403 4.151
58.69809 3.682
58.70216 3.799
58.70623 4.010
58.71030 4.221
58.71437 4.057
58.71844 3.635
58.72250 4.268
58.72657 4.409
58.73064 3.987
58.73471 3.635
58.73878 4.198
58.74285 4.128
58.74692 3.963
58.75098 3.963
58.75505 4.268
58.75912 4.362
58.76319 4.104
58.76726 4.104
58.77133 4.784
58.77540 3.776
58.77946 4.597
58.78353 4.479
58.78760 3.870
58.79167 4.174
58.79574 4.268
58.79981 4.690
58.80387 4.479
58.80794 3.846
58.81201 4.690
58.81608 4.503
58.82015 4.597
58.82422 4.526
58.82829 4.479
58.83235 4.573
58.83642 4.620
58.84049 4.386
58.84456 4.878
58.84863 5.371
58.85270 5.183
58.85677 4.902
58.86083 4.948
58.86490 5.464
58.86897 5.511
58.87304 5.159
58.87711 5.582
58.88118 5.722
58.88524 6.567
58.88931 6.449
58.89338 6.590
58.89745 7.012
58.90152 7.083
58.90559 6.614
58.90966 6.965
58.91372 7.458
58.91779 7.552
58.92186 7.739
58.92593 7.645
58.93000 7.927
58.93407 8.349
58.93813 8.701
58.94220 8.255
58.94627 8.443
58.95034 8.654
58.95441 9.006
58.95848 9.592
58.96255 9.451
58.96661 9.123
58.97068 10.507
58.97475 9.029
58.97882 9.428
58.98289 9.733
58.98696 9.099
58.99103 11.046
58.99509 10.647
58.99916 10.647
59.00323 10.061
59.00730 10.460
59.01137 10.600
59.01544 10.483
59.01950 9.991
59.02357 10.178
59.02764 10.507
59.03171 10.718
59.03578 10.061
59.03985 10.671
59.04392 10.155
59.04798 9.873
59.05205 8.795
59.05612 9.006
59.06019 9.146
59.06426 8.513
59.06833 7.739
59.07239 7.481
59.07646 7.739
59.08053 7.106
59.08460 7.810
59.08867 6.473
59.09274 7.153
59.09681 6.942
59.10087 8.232
59.10494 6.496
59.10901 7.481
59.11308 6.707
59.11715 7.927
59.12122 7.364
59.12529 7.176
59.12935 6.285
59.13342 7.692
59.13749 6.778
59.14156 6.731
59.14563 6.965
59.14970 7.223
59.15376 8.161
59.15783 6.614
59.16190 7.692
59.16597 7.106
59.17004 7.270
59.17411 7.200
59.17818 7.106
59.18224 6.918
59.18631 7.786
59.19038 7.270
59.19445 7.036
59.19852 6.614
59.20259 6.238
59.20666 6.543
59.21072 6.262
59.21479 6.027
59.21886 5.957
59.22293 5.441
59.22700 5.511
59.23107 5.441
59.23513 5.042
59.23920 4.714
59.24327 4.620
59.24734 4.315
59.25141 4.925
59.25548 4.550
59.25955 4.855
59.26361 3.917
59.26768 4.151
59.27175 3.823
59.27582 4.362
59.27989 4.292
59.28396 4.221
59.28802 4.386
59.29209 4.245
59.29616 4.386
59.30023 3.659
59.30430 4.597
59.30837 4.104
59.31244 4.644
59.31650 3.588
59.32057 4.245
59.32464 4.010
59.32871 3.447
59.33278 3.846
59.33685 3.659
59.34092 3.588
59.34498 3.635
59.34905 3.307
59.35312 4.034
59.35719 3.870
59.36126 3.447
59.36533 3.166
59.36939 3.612
59.37346 4.104
59.37753 4.034
59.38160 3.987
59.38567 3.917
59.38974 3.776
59.39381 4.784
59.39787 3.705
59.40194 4.034
59.40601 4.362
59.41008 3.776
59.41415 3.588
59.41822 3.893
59.42229 3.917
59.42635 4.104
59.43042 3.518
59.43449 3.401
59.43856 3.494
59.44263 4.128
59.44670 3.283
59.45076 4.503
59.45483 4.104
59.45890 3.682
59.46297 3.729
59.46704 3.893
59.47111 3.518
59.47518 3.917
59.47924 3.565
59.48331 3.799
59.48738 3.776
59.49145 3.963
59.49552 4.174
59.49959 3.377
59.50365 4.104
59.50772 4.409
59.51179 3.893
59.51586 3.565
59.51993 3.424
59.52400 4.198
59.52807 3.752
59.53213 3.752
59.53620 4.010
59.54027 4.010
59.54434 3.401
59.54841 3.823
59.55248 3.541
59.55655 3.752
59.56061 3.424
59.56468 4.221
59.56875 3.518
59.57282 3.776
59.57689 3.377
59.58096 3.659
59.58502 3.612
59.58909 3.823
59.59316 3.799
59.59723 3.752
59.60130 3.846
59.60537 3.799
59.60944 3.565
59.61350 3.588
59.61757 3.659
59.62164 3.682
59.62571 3.682
59.62978 3.354
59.63385 3.799
59.63792 3.659
59.64198 3.330
59.64605 3.823
59.65012 3.494
59.65419 3.917
59.65826 3.752
59.66233 3.283
59.66639 3.330
59.67046 3.565
59.67453 3.635
59.67860 3.424
59.68267 3.752
59.68674 3.682
59.69081 3.260
59.69487 3.588
59.69894 3.447
59.70301 3.541
59.70708 3.612
59.71115 3.424
59.71522 3.565
59.71928 3.377
59.72335 3.447
59.72742 3.471
59.73149 3.377
59.73556 3.588
59.73963 3.612
59.74370 3.494
59.74776 3.987
59.75183 4.081
59.75590 3.752
59.75997 3.635
59.76404 3.682
59.76811 3.330
59.77218 3.283
59.77624 3.963
59.78031 4.221
59.78438 3.612
59.78845 3.588
59.79252 3.518
59.79659 3.682
59.80065 4.081
59.80472 3.729
59.80879 3.565
59.81286 3.518
59.81693 3.846
59.82100 3.424
59.82507 3.330
59.82913 3.471
59.83320 3.283
59.83727 3.471
59.84134 3.799
59.84541 3.354
59.84948 3.682
59.85354 3.494
59.85761 2.885
59.86168 3.635
59.86575 3.846
59.86982 3.705
59.87389 3.213
59.87796 3.752
59.88202 3.494
59.88609 4.034
59.89016 3.870
59.89423 3.471
59.89830 3.447
59.90237 3.776
59.90644 3.447
59.91050 3.471
59.91457 4.081
59.91864 3.447
59.92271 3.307
59.92678 3.776
59.93085 3.236
59.93491 3.612
59.93898 3.870
59.94305 3.705
59.94712 3.330
59.95119 3.424
59.95526 3.635
59.95933 3.588
59.96339 3.893
59.96746 3.752
59.97153 3.612
59.97560 3.002
59.97967 3.471
59.98374 3.213
59.98781 4.010
59.99187 3.424
59.99594 3.682
60.00001 3.330
60.00408 3.424
60.00815 3.260
60.01222 3.612
60.01628 3.494
60.02035 3.330
60.02442 3.635
60.02849 3.401
60.03256 3.729
60.03663 3.518
60.04070 3.565
60.04476 3.588
60.04883 3.447
60.05290 3.424
60.05697 3.752
60.06104 3.447
60.06511 3.588
60.06917 3.283
60.07324 2.814
60.07731 3.471
60.08138 3.166
60.08545 3.963
60.08952 3.518
60.09359 4.245
60.09765 3.612
60.10172 3.377
60.10579 3.166
60.10986 3.917
60.11393 3.096
60.11800 3.049
60.12207 3.705
60.12613 3.659
60.13020 3.846
60.13427 3.377
60.13834 4.128
60.14241 3.518
60.14648 3.776
60.15054 3.940
60.15461 3.236
60.15868 3.612
60.16275 3.447
60.16682 3.659
60.17089 3.518
60.17496 3.447
60.17902 3.213
60.18309 3.447
60.18716 3.494
60.19123 3.283
60.19530 3.025
60.19937 3.424
60.20344 3.682
60.20750 3.260
60.21157 3.705
60.21564 3.635
60.21971 3.541
60.22378 3.776
60.22785 3.565
60.23191 3.541
60.23598 3.330
60.24005 3.471
60.24412 3.307
60.24819 3.659
60.25226 3.588
60.25633 3.377
60.26039 3.518
60.26446 3.330
60.26853 3.354
60.27260 3.072
60.27667 4.081
60.28074 3.776
60.28480 4.057
60.28887 3.471
60.29294 3.471
60.29701 3.846
60.30108 4.128
60.30515 3.705
60.30922 3.307
60.31328 4.081
60.31735 2.861
60.32142 3.541
60.32549 3.729
60.32956 3.354
60.33363 3.424
60.33770 3.283
60.34176 3.401
60.34583 2.978
60.34990 4.479
60.35397 3.893
60.35804 3.659
60.36211 3.588
60.36617 3.729
60.37024 3.893
60.37431 3.541
60.37838 3.377
60.38245 4.128
60.38652 3.307
60.39059 3.541
60.39465 3.471
60.39872 3.354
60.40279 3.917
60.40686 3.166
60.41093 3.096
60.41500 3.612
60.41907 3.752
60.42313 3.401
60.42720 3.330
60.43127 3.377
60.43534 3.447
60.43941 3.447
60.44348 3.189
60.44754 3.236
60.45161 3.987
60.45568 3.119
60.45975 3.447
60.46382 3.401
60.46789 3.705
60.47196 3.471
60.47602 2.955
60.48009 3.354
60.48416 3.119
60.48823 3.494
60.49230 3.541
60.49637 3.682
60.50043 3.213
60.50450 3.565
60.50857 4.104
60.51264 3.705
60.51671 3.635
60.52078 3.846
60.52485 3.893
60.52891 3.049
60.53298 3.330
60.53705 3.307
60.54112 3.870
60.54519 3.987
60.54926 3.776
60.55333 3.705
60.55739 2.885
60.56146 3.236
60.56553 3.659
60.56960 3.401
60.57367 3.682
60.57774 3.494
60.58180 3.659
60.58587 3.518
60.58994 3.283
60.59401 3.096
60.59808 3.377
60.60215 3.447
60.60622 3.940
60.61028 3.940
60.61435 3.377
60.61842 3.189
60.62249 3.659
60.62656 3.729
60.63063 3.377
60.63469 3.330
60.63876 3.330
60.64283 3.846
60.64690 3.401
60.65097 3.377
60.65504 2.955
60.65911 3.963
60.66317 3.635
60.66724 3.236
60.67131 3.260
60.67538 3.307
60.67945 3.377
60.68352 3.776
60.68759 3.401
60.69165 3.025
60.69572 3.494
60.69979 3.776
60.70386 3.471
60.70793 3.260
60.71200 3.752
60.71606 3.541
60.72013 3.119
60.72420 3.424
60.72827 2.885
60.73234 3.236
60.73641 3.565
60.74048 3.729
60.74454 3.541
60.74861 3.330
60.75268 3.330
60.75675 3.447
60.76082 3.518
60.76489 3.260
60.76896 3.143
60.77302 3.729
60.77709 3.213
60.78116 3.213
60.78523 3.565
60.78930 3.330
60.79337 3.494
60.79743 3.494
60.80150 3.823
60.80557 3.096
60.80964 3.354
60.81371 2.932
60.81778 2.932
60.82185 3.330
60.82591 3.565
60.82998 3.776
60.83405 3.166
60.83812 3.565
60.84219 3.330
60.84626 3.166
60.85032 3.424
60.85439 3.963
60.85846 3.049
60.86253 3.166
60.86660 3.635
60.87067 3.752
60.87474 3.025
60.87880 3.401
60.88287 3.377
60.88694 3.776
60.89101 3.025
60.89508 3.612
60.89915 3.565
60.90322 3.354
60.90728 3.518
60.91135 3.330
60.91542 3.518
60.91949 3.236
60.92356 3.096
60.92763 3.213
60.93169 3.635
60.93576 2.885
60.93983 3.705
60.94390 3.963
60.94797 3.354
60.95204 3.166
60.95611 3.518
60.96017 3.659
60.96424 3.494
60.96831 3.330
60.97238 3.307
60.97645 4.362
60.98052 3.518
60.98459 3.330
60.98865 3.401
60.99272 3.518
60.99679 3.424
61.00086 3.635
61.00493 3.072
61.00900 3.260
61.01306 3.541
61.01713 3.588
61.02120 3.213
61.02527 3.166
61.02934 3.612
61.03341 3.236
61.03748 3.283
61.04154 3.213
61.04561 3.447
61.04968 3.260
61.05375 3.846
61.05782 3.283
61.06189 3.893
61.06595 3.377
61.07002 3.143
61.07409 3.893
61.07816 3.987
61.08223 3.752
61.08630 3.260
61.09037 3.072
61.09443 3.588
61.09850 3.236
61.10257 3.823
61.10664 3.494
61.11071 3.424
61.11478 3.776
61.11885 2.814
61.12291 3.518
61.12698 3.072
61.13105 3.354
61.13512 3.518
61.13919 3.307
61.14326 3.189
61.14732 3.518
61.15139 4.010
61.15546 3.283
61.15953 3.307
61.16360 3.729
61.16767 3.471
61.17174 3.330
61.17580 3.260
61.17987 3.119
61.18394 3.635
61.18801 3.307
61.19208 3.588
61.19615 3.635
61.20022 3.330
61.20428 3.143
61.20835 3.424
61.21242 3.659
61.21649 3.119
61.22056 3.166
61.22463 3.119
61.22869 3.307
61.23276 3.447
61.23683 3.377
61.24090 3.119
61.24497 3.307
61.24904 3.260
61.25311 3.541
61.25717 3.424
61.26124 3.447
61.26531 3.260
61.26938 3.612
61.27345 3.354
61.27752 3.025
61.28158 3.588
61.28565 3.143
61.28972 3.940
61.29379 3.119
61.29786 3.447
61.30193 3.588
61.30600 3.236
61.31006 3.401
61.31413 3.705
61.31820 3.893
61.32227 3.283
61.32634 3.330
61.33041 3.471
61.33448 3.260
61.33854 3.330
61.34261 3.025
61.34668 3.213
61.35075 3.354
61.35482 3.002
61.35889 3.705
61.36295 3.119
61.36702 3.307
61.37109 3.025
61.37516 3.096
61.37923 3.025
61.38330 3.002
61.38737 3.752
61.39143 3.752
61.39550 3.307
61.39957 2.814
61.40364 3.002
61.40771 3.612
61.41178 3.260
61.41585 3.588
61.41991 3.494
61.42398 3.518
61.42805 3.401
61.43212 3.659
61.43619 3.307
61.44026 3.635
61.44432 3.447
61.44839 3.354
61.45246 3.236
61.45653 3.096
61.46060 3.635
61.46467 3.166
61.46874 3.354
61.47280 3.541
61.47687 2.650
61.48094 3.307
61.48501 3.049
61.48908 3.588
61.49315 3.447
61.49721 3.518
61.50128 3.354
61.50535 3.377
61.50942 3.260
61.51349 3.354
61.51756 3.072
61.52163 3.377
61.52569 3.541
61.52976 3.213
61.53383 3.049
61.53790 3.424
61.54197 3.354
61.54604 3.283
61.55011 3.565
61.55417 3.213
61.55824 3.283
61.56231 3.236
61.56638 3.682
61.57045 3.588
61.57452 3.588
61.57858 3.377
61.58265 3.659
61.58672 2.908
61.59079 3.189
61.59486 3.096
61.59893 3.377
61.60300 3.447
61.60706 3.682
61.61113 3.823
61.61520 3.213
61.61927 3.166
61.62334 3.471
61.62741 2.650
61.63147 3.541
61.63554 3.588
61.63961 3.401
61.64368 3.447
61.64775 3.283
61.65182 3.447
61.65589 3.072
61.65995 3.659
61.66402 2.908
61.66809 3.494
61.67216 3.119
61.67623 3.260
61.68030 3.119
61.68437 3.471
61.68843 3.143
61.69250 2.978
61.69657 3.752
61.70064 3.471
61.70471 3.307
61.70878 4.034
61.71284 2.744
61.71691 2.744
61.72098 3.119
61.72505 3.096
61.72912 2.674
61.73319 3.494
61.73726 3.659
61.74132 3.072
61.74539 2.791
61.74946 3.189
61.75353 2.603
61.75760 3.166
61.76167 3.096
61.76574 4.081
61.76980 3.330
61.77387 3.635
61.77794 3.705
61.78201 3.025
61.78608 3.471
61.79015 3.612
61.79421 3.260
61.79828 3.494
61.80235 3.799
61.80642 3.447
61.81049 2.932
61.81456 2.908
61.81863 3.799
61.82269 3.189
61.82676 3.612
61.83083 3.236
61.83490 4.081
61.83897 2.932
61.84304 2.978
61.84710 3.002
61.85117 2.885
61.85524 2.838
61.85931 3.870
61.86338 3.096
61.86745 3.471
61.87152 3.189
61.87558 3.330
61.87965 3.659
61.88372 3.213
61.88779 3.002
61.89186 3.260
61.89593 3.307
61.90000 3.447
61.90406 3.541
61.90813 3.096
61.91220 3.823
61.91627 3.799
61.92034 3.049
61.92441 3.330
61.92847 3.096
61.93254 3.752
61.93661 3.307
61.94068 3.612
61.94475 3.447
61.94882 2.791
61.95289 3.166
61.95695 3.635
61.96102 3.260
61.96509 3.330
61.96916 3.612
61.97323 2.814
61.97730 4.057
61.98137 3.705
61.98543 3.752
61.98950 3.143
61.99357 3.096
61.99764 3.588
62.00171 3.635
62.00578 3.588
62.00984 3.330
62.01391 2.955
62.01798 3.424
62.02205 3.189
62.02612 3.823
62.03019 2.978
62.03426 3.377
62.03832 3.776
62.04239 3.354
62.04646 2.533
62.05053 3.401
62.05460 3.072
62.05867 3.307
62.06273 3.025
62.06680 3.612
62.07087 3.260
62.07494 3.307
62.07901 3.189
62.08308 3.565
62.08715 2.627
62.09121 3.447
62.09528 3.189
62.09935 3.307
62.10342 3.236
62.10749 3.776
62.11156 3.729
62.11563 3.260
62.11969 3.166
62.12376 3.330
62.12783 3.447
62.13190 3.494
62.13597 3.166
62.14004 3.729
62.14410 3.213
62.14817 3.518
62.15224 3.447
62.15631 3.541
62.16038 3.401
62.16445 3.377
62.16852 2.978
62.17258 2.955
62.17665 3.494
62.18072 3.541
62.18479 3.846
62.18886 3.424
62.19293 3.189
62.19700 3.143
62.20106 3.119
62.20513 3.612
62.20920 3.401
62.21327 3.588
62.21734 3.494
62.22141 3.401
62.22547 3.659
62.22954 2.955
62.23361 3.377
62.23768 3.236
62.24175 3.236
62.24582 3.189
62.24989 3.002
62.25395 3.612
62.25802 3.471
62.26209 3.213
62.26616 3.494
62.27023 3.213
62.27430 3.002
62.27836 3.729
62.28243 3.166
62.28650 3.541
62.29057 3.166
62.29464 3.401
62.29871 3.330
62.30278 2.838
62.30684 3.143
62.31091 3.729
62.31498 3.424
62.31905 3.799
62.32312 3.143
62.32719 3.518
62.33126 3.330
62.33532 3.307
62.33939 3.635
62.34346 3.588
62.34753 3.189
62.35160 3.705
62.35567 3.776
62.35973 3.471
62.36380 3.166
62.36787 3.377
62.37194 3.541
62.37601 3.213
62.38008 3.330
62.38415 3.002
62.38821 3.494
62.39228 3.330
62.39635 3.283
62.40042 2.791
62.40449 3.635
62.40856 3.096
62.41262 2.955
62.41669 3.659
62.42076 3.143
62.42483 3.682
62.42890 3.377
62.43297 3.401
62.43704 3.565
62.44110 3.471
62.44517 3.635
62.44924 2.978
62.45331 3.213
62.45738 2.814
62.46145 3.143
62.46552 3.283
62.46958 3.096
62.47365 3.354
62.47772 3.893
62.48179 3.447
62.48586 3.002
62.48993 2.861
62.49399 3.213
62.49806 3.119
62.50213 3.213
62.50620 2.932
62.51027 3.025
62.51434 3.377
62.51841 3.307
62.52247 3.213
62.52654 3.541
62.53061 3.002
62.53468 3.518
62.53875 2.885
62.54282 3.752
62.54689 3.377
62.55095 3.189
62.55502 3.049
62.55909 3.096
62.56316 3.236
62.56723 3.447
62.57130 3.260
62.57536 3.166
62.57943 3.494
62.58350 3.565
62.58757 3.096
62.59164 3.705
62.59571 3.401
62.59978 3.283
62.60384 3.260
62.60791 3.917
62.61198 3.236
62.61605 3.541
62.62012 3.213
62.62419 3.401
62.62825 3.236
62.63232 3.049
62.63639 3.236
62.64046 3.354
62.64453 3.588
62.64860 3.049
62.65267 3.377
62.65673 3.518
62.66080 2.720
62.66487 2.955
62.66894 3.682
62.67301 3.189
62.67708 3.447
62.68115 3.447
62.68521 3.705
62.68928 3.283
62.69335 3.307
62.69742 3.213
62.70149 3.072
62.70556 3.518
62.70962 3.189
62.71369 3.143
62.71776 3.002
62.72183 3.659
62.72590 3.213
62.72997 3.705
62.73404 3.096
62.73810 3.471
62.74217 3.424
62.74624 2.978
62.75031 3.166
62.75438 3.096
62.75845 3.799
62.76252 2.861
62.76658 3.119
62.77065 3.471
62.77472 3.283
62.77879 3.752
62.78286 3.588
62.78693 3.471
62.79099 3.377
62.79506 3.447
62.79913 3.025
62.80320 3.049
62.80727 3.260
62.81134 3.072
62.81541 3.401
62.81947 3.705
62.82354 3.471
62.82761 3.096
62.83168 3.682
62.83575 2.932
62.83982 3.213
62.84388 3.307
62.84795 3.471
62.85202 3.189
62.85609 3.119
62.86016 3.354
62.86423 3.635
62.86830 3.119
62.87236 3.213
62.87643 3.424
62.88050 3.846
62.88457 2.861
62.88864 3.635
62.89271 3.330
62.89678 3.213
62.90084 3.471
62.90491 2.908
62.90898 2.509
62.91305 3.401
62.91712 3.518
62.92119 3.025
62.92525 3.401
62.92932 2.885
62.93339 3.119
62.93746 3.283
62.94153 3.049
62.94560 2.838
62.94967 3.307
62.95373 3.588
62.95780 3.213
62.96187 3.424
62.96594 3.377
62.97001 3.119
62.97408 3.377
62.97815 3.659
62.98221 3.072
62.98628 2.932
62.99035 3.682
62.99442 2.978
62.99849 2.767
63.00256 3.025
63.00662 3.401
63.01069 3.471
63.01476 3.236
63.01883 3.377
63.02290 3.424
63.02697 3.283
63.03104 4.245
63.03510 2.767
63.03917 3.729
63.04324 3.377
63.04731 3.518
63.05138 3.189
63.05545 3.682
63.05951 3.072
63.06358 3.776
63.06765 3.588
63.07172 3.025
63.07579 2.861
63.07986 3.447
63.08393 3.729
63.08799 3.236
63.09206 3.893
63.09613 3.072
63.10020 3.119
63.10427 3.424
63.10834 3.236
63.11241 3.447
63.11647 3.166
63.12054 3.236
63.12461 3.166
63.12868 3.565
63.13275 3.447
63.13682 3.072
63.14088 3.424
63.14495 3.213
63.14902 3.143
63.15309 3.401
63.15716 3.447
63.16123 3.025
63.16530 3.377
63.16936 2.697
63.17343 2.767
63.17750 3.025
63.18157 3.002
63.18564 3.307
63.18971 3.283
63.19377 3.494
63.19784 3.447
63.20191 3.189
63.20598 3.236
63.21005 3.541
63.21412 3.166
63.21819 3.447
63.22225 3.049
63.22632 3.096
63.23039 3.166
63.23446 3.471
63.23853 2.978
63.24260 3.166
63.24667 2.955
63.25073 3.096
63.25480 3.213
63.25887 3.588
63.26294 2.908
63.26701 3.283
63.27108 3.189
63.27514 3.377
63.27921 3.588
63.28328 2.838
63.28735 3.189
63.29142 3.401
63.29549 3.330
63.29956 3.659
63.30362 3.494
63.30769 3.166
63.31176 3.002
63.31583 3.401
63.31990 3.260
63.32397 3.049
63.32804 3.025
63.33210 3.377
63.33617 2.838
63.34024 4.081
63.34431 3.541
63.34838 3.166
63.35245 3.377
63.35651 2.932
63.36058 3.541
63.36465 3.143
63.36872 3.166
63.37279 3.025
63.37686 3.002
63.38093 3.025
63.38499 3.330
63.38906 3.541
63.39313 3.189
63.39720 3.166
63.40127 3.072
63.40534 3.635
63.40940 3.119
63.41347 3.447
63.41754 3.049
63.42161 3.049
63.42568 3.307
63.42975 3.401
63.43382 3.401
63.43788 3.283
63.44195 3.049
63.44602 3.189
63.45009 3.424
63.45416 3.330
63.45823 3.119
63.46230 3.682
63.46636 3.143
63.47043 2.744
63.47450 4.034
63.47857 3.166
63.48264 3.002
63.48671 3.189
63.49077 2.932
63.49484 3.049
63.49891 3.447
63.50298 3.447
63.50705 3.729
63.51112 3.471
63.51519 3.424
63.51925 3.705
63.52332 2.580
63.52739 3.307
63.53146 3.189
63.53553 3.143
63.53960 3.330
63.54367 3.143
63.54773 3.377
63.55180 3.330
63.55587 3.119
63.55994 3.330
63.56401 3.494
63.56808 3.213
63.57214 3.424
63.57621 3.166
63.58028 2.955
63.58435 3.401
63.58842 3.377
63.59249 3.354
63.59656 2.791
63.60062 2.978
63.60469 3.588
63.60876 3.377
63.61283 2.791
63.61690 3.705
63.62097 3.283
63.62503 3.049
63.62910 3.283
63.63317 3.377
63.63724 3.705
63.64131 3.096
63.64538 3.447
63.64945 2.814
63.65351 2.838
63.65758 3.377
63.66165 3.096
63.66572 3.049
63.66979 2.603
63.67386 3.752
63.67793 2.955
63.68199 2.978
63.68606 2.580
63.69013 3.494
63.69420 3.307
63.69827 3.565
63.70234 3.377
63.70640 2.767
63.71047 3.119
63.71454 3.143
63.71861 3.424
63.72268 3.236
63.72675 3.119
63.73082 3.260
63.73488 3.447
63.73895 3.025
63.74302 3.119
63.74709 3.354
63.75116 3.119
63.75523 3.072
63.75930 3.307
63.76336 3.119
63.76743 3.307
63.77150 3.213
63.77557 3.330
63.77964 3.541
63.78371 2.627
63.78777 3.354
63.79184 3.072
63.79591 3.377
63.79998 3.354
63.80405 3.729
63.80812 3.330
63.81219 3.236
63.81625 3.377
63.82032 3.189
63.82439 3.330
63.82846 3.189
63.83253 2.744
63.83660 3.189
63.84066 3.612
63.84473 2.978
63.84880 3.166
63.85287 3.401
63.85694 3.119
63.86101 3.166
63.86508 3.424
63.86914 3.166
63.87321 3.143
63.87728 3.330
63.88135 3.166
63.88542 3.307
63.88949 2.838
63.89356 3.330
63.89762 3.401
63.90169 3.354
63.90576 3.025
63.90983 2.978
63.91390 3.283
63.91797 3.166
63.92203 3.025
63.92610 3.213
63.93017 3.166
63.93424 3.565
63.93831 2.932
63.94238 3.729
63.94645 3.377
63.95051 3.541
63.95458 3.283
63.95865 3.401
63.96272 3.354
63.96679 2.509
63.97086 3.025
63.97492 3.401
63.97899 3.354
63.98306 3.025
63.98713 3.049
63.99120 3.518
63.99527 3.729
63.99934 2.978
64.00340 2.838
64.00747 3.166
64.01154 3.471
64.01561 3.307
64.01968 3.307
64.02375 3.401
64.02782 3.283
64.03188 3.096
64.03595 3.260
64.04002 3.565
64.04409 2.838
64.04816 3.471
64.05223 2.814
64.05629 3.283
64.06036 3.424
64.06443 3.354
64.06850 3.893
64.07257 3.354
64.07664 3.565
64.08071 2.791
64.08477 2.767
64.08884 3.635
64.09291 3.518
64.09698 3.401
64.10105 2.908
64.10512 3.189
64.10919 3.166
64.11325 2.978
64.11732 3.143
64.12139 3.166
64.12546 2.955
64.12953 3.494
64.13360 3.307
64.13766 3.236
64.14173 3.424
64.14580 2.767
64.14987 3.189
64.15394 3.260
64.15801 3.096
64.16208 2.932
64.16614 3.119
64.17021 3.260
64.17428 3.401
64.17835 3.096
64.18242 2.744
64.18649 3.096
64.19055 3.541
64.19462 3.143
64.19869 3.236
64.20276 2.885
64.20683 2.838
64.21090 3.002
64.21497 2.791
64.21903 3.260
64.22310 3.541
64.22717 3.049
64.23124 3.401
64.23531 3.096
64.23938 3.049
64.24345 3.283
64.24751 3.424
64.25158 3.612
64.25565 3.260
64.25972 3.283
64.26379 3.635
64.26786 3.283
64.27192 3.377
64.27599 3.166
64.28006 3.447
64.28413 3.166
64.28820 3.635
64.29227 4.034
64.29634 3.072
64.30040 3.330
64.30447 2.885
64.30854 3.682
64.31261 3.307
64.31668 3.025
64.32075 3.189
64.32482 2.932
64.32888 3.049
64.33295 2.838
64.33702 3.096
64.34109 3.213
64.34516 3.119
64.34923 3.705
64.35329 3.166
64.35736 3.682
64.36143 3.401
64.36550 3.330
64.36957 2.838
64.37364 2.908
64.37771 3.096
64.38177 3.096
64.38584 3.119
64.38991 3.049
64.39398 3.072
64.39805 3.260
64.40212 3.518
64.40618 3.119
64.41025 2.720
64.41432 3.236
64.41839 3.401
64.42246 3.166
64.42653 3.635
64.43060 3.424
64.43466 3.002
64.43873 2.627
64.44280 3.307
64.44687 3.072
64.45094 2.908
64.45501 3.330
64.45908 3.072
64.46314 3.072
64.46721 3.682
64.47128 2.674
64.47535 3.119
64.47942 3.447
64.48349 3.518
64.48755 2.955
64.49162 3.354
64.49569 3.143
64.49976 3.330
64.50383 3.236
64.50790 2.978
64.51197 3.213
64.51603 3.143
64.52010 3.189
64.52417 3.518
64.52824 2.838
64.53231 3.096
64.53638 3.260
64.54045 3.330
64.54451 3.260
64.54858 2.955
64.55265 3.494
64.55672 3.166
64.56079 3.330
64.56486 3.401
64.56892 3.283
64.57299 3.659
64.57706 3.025
64.58113 3.447
64.58520 3.447
64.58927 3.025
64.59334 3.025
64.59740 3.025
64.60147 2.978
64.60554 3.049
64.60961 2.978
64.61368 2.861
64.61775 3.143
64.62181 3.283
64.62588 3.260
64.62995 3.307
64.63402 3.588
64.63809 3.518
64.64216 3.588
64.64623 3.377
64.65029 3.377
64.65436 3.377
64.65843 3.213
64.66250 2.885
64.66657 2.908
64.67064 2.978
64.67471 3.213
64.67877 3.189
64.68284 3.189
64.68691 3.213
64.69098 3.752
64.69505 2.932
64.69912 3.096
64.70318 3.236
64.70725 3.354
64.71132 3.025
64.71539 3.494
64.71946 3.283
64.72353 3.401
64.72760 3.119
64.73166 3.166
64.73573 3.307
64.73980 2.885
64.74387 3.518
64.74794 3.236
64.75201 3.119
64.75608 3.330
64.76014 3.166
64.76421 3.307
64.76828 3.119
64.77235 3.072
64.77642 3.119
64.78049 2.955
64.78455 3.189
64.78862 3.283
64.79269 2.791
64.79676 3.447
64.80083 3.236
64.80490 3.213
64.80897 2.955
64.81303 3.166
64.81710 3.166
64.82117 3.096
64.82524 3.424
64.82931 2.650
64.83338 3.283
64.83744 2.955
64.84151 3.002
64.84558 3.236
64.84965 3.260
64.85372 3.143
64.85779 3.565
64.86186 3.096
64.86592 3.213
64.86999 2.674
64.87406 2.838
64.87813 3.518
64.88220 3.025
64.88627 3.072
64.89034 3.377
64.89440 3.236
64.89847 3.424
64.90254 3.494
64.90661 3.541
64.91068 3.494
64.91475 2.978
64.91881 3.588
64.92288 2.932
64.92695 3.330
64.93102 3.236
64.93509 3.096
64.93916 3.119
64.94323 3.049
64.94729 3.401
64.95136 3.283
64.95543 2.978
64.95950 3.002
64.96357 3.541
64.96764 3.189
64.97170 2.627
64.97577 2.908
64.97984 2.955
64.98391 3.354
64.98798 3.330
64.99205 3.213
64.99612 3.330
65.00018 3.401
65.00425 2.955
65.00832 3.096
65.01239 3.354
65.01646 3.096
65.02053 3.189
65.02460 3.260
65.02866 3.330
65.03273 3.002
65.03680 3.377
65.04087 2.955
65.04494 2.885
65.04901 3.283
65.05307 2.861
65.05714 3.377
65.06121 3.096
65.06528 2.650
65.06935 2.932
65.07342 2.908
65.07749 3.119
65.08155 3.143
65.08562 3.189
65.08969 2.908
65.09376 3.752
65.09783 3.447
65.10190 3.377
65.10597 3.424
65.11003 3.307
65.11410 3.072
65.11817 2.978
65.12224 3.072
65.12631 3.049
65.13038 2.791
65.13444 3.002
65.13851 3.143
65.14258 3.494
65.14665 3.143
65.15072 3.260
65.15479 3.401
65.15886 2.885
65.16292 2.861
65.16699 3.354
65.17106 3.518
65.17513 2.955
65.17920 3.260
65.18327 3.518
65.18733 3.401
65.19140 3.143
65.19547 3.072
65.19954 3.307
65.20361 3.283
65.20768 3.377
65.21175 3.330
65.21581 3.260
65.21988 3.166
65.22395 3.072
65.22802 2.744
65.23209 2.814
65.23616 3.354
65.24023 2.932
65.24429 2.932
65.24836 3.096
65.25243 3.072
65.25650 2.932
65.26057 2.955
65.26464 3.025
65.26870 3.330
65.27277 3.307
65.27684 3.354
65.28091 2.908
65.28498 2.978
65.28905 3.236
65.29312 2.838
65.29718 3.189
65.30125 3.283
65.30532 2.838
65.30939 3.236
65.31346 3.471
65.31753 3.518
65.32160 3.236
65.32566 3.447
65.32973 3.072
65.33380 3.447
65.33787 2.697
65.34194 2.932
65.34601 2.767
65.35007 3.705
65.35414 3.565
65.35821 3.588
65.36228 3.447
65.36635 3.518
65.37042 2.369
65.37449 3.565
65.37855 3.189
65.38262 3.518
65.38669 2.369
65.39076 3.002
65.39483 2.603
65.39890 2.978
65.40296 3.401
65.40703 3.072
65.41110 2.861
65.41517 3.518
65.41924 3.002
65.42331 3.002
65.42738 3.119
65.43144 2.627
65.43551 3.072
65.43958 3.213
65.44365 2.674
65.44772 3.565
65.45179 3.354
65.45586 3.166
65.45992 3.143
65.46399 3.471
65.46806 3.049
65.47213 3.049
65.47620 3.307
65.48027 3.401
65.48433 3.143
65.48840 2.908
65.49247 3.377
65.49654 2.955
65.50061 2.814
65.50468 3.166
65.50875 3.401
65.51281 2.932
65.51688 3.119
65.52095 3.260
65.52502 3.565
65.52909 3.401
65.53316 3.213
65.53723 3.119
65.54129 3.541
65.54536 2.932
65.54943 2.767
65.55350 3.002
65.55757 3.659
65.56164 2.955
65.56570 3.283
65.56977 3.330
65.57384 2.767
65.57791 3.401
65.58198 2.978
65.58605 3.002
65.59012 3.072
65.59418 3.494
65.59825 2.416
65.60232 3.401
65.60639 3.119
65.61046 3.260
65.61453 3.424
65.61859 3.119
65.62266 3.283
65.62673 3.189
65.63080 3.072
65.63487 3.330
65.63894 2.955
65.64301 2.838
65.64707 2.955
65.65114 2.885
65.65521 2.908
65.65928 2.955
65.66335 3.025
65.66742 2.533
65.67149 3.025
65.67555 3.096
65.67962 3.330
65.68369 2.955
65.68776 2.885
65.69183 2.955
65.69590 2.955
65.69996 3.213
65.70403 3.424
65.70810 3.213
65.71217 3.143
65.71624 3.377
65.72031 3.354
65.72438 3.236
65.72844 3.776
65.73251 3.166
65.73658 3.330
65.74065 3.471
65.74472 3.330
65.74879 3.494
65.75285 2.885
65.75692 3.823
65.76099 3.166
65.76506 3.143
65.76913 2.767
65.77320 3.166
65.77727 3.213
65.78133 3.189
65.78540 3.354
65.78947 3.189
65.79354 3.143
65.79761 3.330
65.80168 3.049
65.80575 2.838
65.80981 3.025
65.81388 2.838
65.81795 3.635
65.82202 3.189
65.82609 2.885
65.83016 3.213
65.83422 3.260
65.83829 3.377
65.84236 2.932
65.84643 3.260
65.85050 3.307
65.85457 3.424
65.85864 3.283
65.86270 3.260
65.86677 3.260
65.87084 3.096
65.87491 2.885
65.87898 3.823
65.88305 2.580
65.88712 3.002
65.89118 3.049
65.89525 3.189
65.89932 3.002
65.90339 3.096
65.90746 2.580
65.91153 3.424
65.91559 2.978
65.91966 2.767
65.92373 3.096
65.92780 3.870
65.93187 3.588
65.93594 3.189
65.94001 3.119
65.94407 2.814
65.94814 3.096
65.95221 2.744
65.95628 3.072
65.96035 3.424
65.96442 2.885
65.96848 3.025
65.97255 3.354
65.97662 2.838
65.98069 3.424
65.98476 3.307
65.98883 3.143
65.99290 2.978
65.99696 2.697
66.00103 3.072
66.00510 2.627
66.00917 3.447
66.01324 3.588
66.01731 2.861
66.02138 3.189
66.02544 2.838
66.02951 3.119
66.03358 3.213
66.03765 3.096
66.04172 2.791
66.04579 3.705
66.04985 3.143
66.05392 3.025
66.05799 3.307
66.06206 2.861
66.06613 3.283
66.07020 3.049
66.07427 2.486
66.07833 3.236
66.08240 3.049
66.08647 3.143
66.09054 3.119
66.09461 2.861
66.09868 3.447
66.10275 3.424
66.10681 3.682
66.11088 2.955
66.11495 3.752
66.11902 3.213
66.12309 2.697
66.12716 2.697
66.13122 3.096
66.13529 2.861
66.13936 2.814
66.14343 3.541
66.14750 3.283
66.15157 3.166
66.15564 3.025
66.15970 3.307
66.16377 3.283
66.16784 2.978
66.17191 3.049
66.17598 3.002
66.18005 3.236
66.18411 2.978
66.18818 2.908
66.19225 3.377
66.19632 3.189
66.20039 3.283
66.20446 3.307
66.20853 3.189
66.21259 3.096
66.21666 3.189
66.22073 2.908
66.22480 2.932
66.22887 3.143
66.23294 3.213
66.23701 2.791
66.24107 3.236
66.24514 2.978
66.24921 3.166
66.25328 3.377
66.25735 2.932
66.26142 3.002
66.26548 2.697
66.26955 3.025
66.27362 3.096
66.27769 3.119
66.28176 2.861
66.28583 3.213
66.28990 2.509
66.29396 2.955
66.29803 2.885
66.30210 3.236
66.30617 2.674
66.31024 3.096
66.31431 3.307
66.31838 2.955
66.32244 3.119
66.32651 3.025
66.33058 3.189
66.33465 2.861
66.33872 3.119
66.34279 3.143
66.34685 3.377
66.35092 3.236
66.35499 2.580
66.35906 3.166
66.36313 3.119
66.36720 3.213
66.37127 3.213
66.37533 3.119
66.37940 3.025
66.38347 3.330
66.38754 3.401
66.39161 3.494
66.39568 3.096
66.39974 3.283
66.40381 3.494
66.40788 2.955
66.41195 2.814
66.41602 2.720
66.42009 3.072
66.42416 3.025
66.42822 3.143
66.43229 3.236
66.43636 3.002
66.44043 2.861
66.44450 2.932
66.44857 3.307
66.45264 2.955
66.45670 3.377
66.46077 3.401
66.46484 3.072
66.46891 3.119
66.47298 2.908
66.47705 3.494
66.48111 3.447
66.48518 3.424
66.48925 3.002
66.49332 2.955
66.49739 3.307
66.50146 3.612
66.50553 3.659
66.50959 3.119
66.51366 3.143
66.51773 3.072
66.52180 3.002
66.52587 2.978
66.52994 3.119
66.53400 3.424
66.53807 3.189
66.54214 3.049
66.54621 3.002
66.55028 3.283
66.55435 2.908
66.55842 2.627
66.56248 3.002
66.56655 3.236
66.57062 3.377
66.57469 3.330
66.57876 3.588
66.58283 2.955
66.58690 3.659
66.59096 3.424
66.59503 3.025
66.59910 3.541
66.60317 3.119
66.60724 2.932
66.61131 3.072
66.61537 3.119
66.61944 3.189
66.62351 3.213
66.62758 2.978
66.63165 3.518
66.63572 3.377
66.63979 3.424
66.64385 2.908
66.64792 3.166
66.65199 3.260
66.65606 3.659
66.66013 3.213
66.66420 3.096
66.66827 3.260
66.67233 2.603
66.67640 3.025
66.68047 3.330
66.68454 2.885
66.68861 3.025
66.69268 3.330
66.69674 3.189
66.70081 2.955
66.70488 2.978
66.70895 3.447
66.71302 3.096
66.71709 3.260
66.72116 2.955
66.72522 2.838
66.72929 2.838
66.73336 2.932
66.73743 3.307
66.74150 3.049
66.74557 3.236
66.74963 2.932
66.75370 3.096
66.75777 3.705
66.76184 3.072
66.76591 3.049
66.76998 3.119
66.77405 3.705
66.77811 2.838
66.78218 2.650
66.78625 2.932
66.79032 2.955
66.79439 2.932
66.79846 2.955
66.80253 3.096
66.80659 3.518
66.81066 3.166
66.81473 3.143
66.81880 3.189
66.82287 3.447
66.82694 3.236
66.83100 3.166
66.83507 3.330
66.83914 3.143
66.84321 3.283
66.84728 3.283
66.85135 3.236
66.85542 3.096
66.85948 3.260
66.86355 2.908
66.86762 3.189
66.87169 3.166
66.87576 3.119
66.87983 2.767
66.88390 2.885
66.88796 3.377
66.89203 3.354
66.89610 2.744
66.90017 3.283
66.90424 3.166
66.90831 2.932
66.91237 3.189
66.91644 3.143
66.92051 2.978
66.92458 3.049
66.92865 3.189
66.93272 3.119
66.93679 2.838
66.94085 3.096
66.94492 3.096
66.94899 3.447
66.95306 3.424
66.95713 2.885
66.96120 3.096
66.96526 2.978
66.96933 3.635
66.97340 2.580
66.97747 2.697
66.98154 3.166
66.98561 3.260
66.98968 3.166
66.99374 3.119
66.99781 2.978
67.00188 2.767
67.00595 2.955
67.01002 2.861
67.01409 3.002
67.01816 2.955
67.02222 2.955
67.02629 3.236
67.03036 2.978
67.03443 3.002
67.03850 2.767
67.04257 2.767
67.04663 2.791
67.05070 3.025
67.05477 3.049
67.05884 2.932
67.06291 3.260
67.06698 3.377
67.07105 2.885
67.07511 2.861
67.07918 3.494
67.08325 2.556
67.08732 2.556
67.09139 2.767
67.09546 2.908
67.09953 3.213
67.10359 2.978
67.10766 2.861
67.11173 3.166
67.11580 3.236
67.11987 3.166
67.12394 3.518
67.12800 2.791
67.13207 3.143
67.13614 2.674
67.14021 2.838
67.14428 3.354
67.14835 3.049
67.15242 3.682
67.15648 2.955
67.16055 2.908
67.16462 2.861
67.16869 3.283
67.17276 2.697
67.17683 3.119
67.18089 3.260
67.18496 2.838
67.18903 3.729
67.19310 3.424
67.19717 2.838
67.20124 3.096
67.20531 3.213
67.20937 2.533
67.21344 2.908
67.21751 3.025
67.22158 2.720
67.22565 3.002
67.22972 2.861
67.23379 2.767
67.23785 2.908
67.24192 3.401
67.24599 3.377
67.25006 2.885
67.25413 3.072
67.25820 2.814
67.26226 3.166
67.26633 2.955
67.27040 3.354
67.27447 2.767
67.27854 3.189
67.28261 2.674
67.28668 3.002
67.29074 3.236
67.29481 2.861
67.29888 3.260
67.30295 3.682
67.30702 3.143
67.31109 2.533
67.31515 3.424
67.31922 2.767
67.32329 3.119
67.32736 3.049
67.33143 3.119
67.33550 3.096
67.33957 3.049
67.34363 3.025
67.34770 3.049
67.35177 3.166
67.35584 3.143
67.35991 3.119
67.36398 3.377
67.36805 2.932
67.37211 3.025
67.37618 3.166
67.38025 3.518
67.38432 2.838
67.38839 3.025
67.39246 3.283
67.39652 2.838
67.40059 2.275
67.40466 3.354
67.40873 2.908
67.41280 2.885
67.41687 2.978
67.42094 2.674
67.42500 3.189
67.42907 2.908
67.43314 2.838
67.43721 3.330
67.44128 3.189
67.44535 3.260
67.44942 2.861
67.45348 2.791
67.45755 2.720
67.46162 3.354
67.46569 3.401
67.46976 2.978
67.47383 3.143
67.47789 3.049
67.48196 3.049
67.48603 3.307
67.49010 3.072
67.49417 3.236
67.49824 2.697
67.50231 3.260
67.50637 3.447
67.51044 2.744
67.51451 3.588
67.51858 3.025
67.52265 2.744
67.52672 2.838
67.53078 2.697
67.53485 3.447
67.53892 2.627
67.54299 3.213
67.54706 3.424
67.55113 3.096
67.55520 3.049
67.55926 3.072
67.56333 2.861
67.56740 3.189
67.57147 2.720
67.57554 2.838
67.57961 3.025
67.58368 3.283
67.58774 3.424
67.59181 2.885
67.59588 2.932
67.59995 3.330
67.60402 3.447
67.60809 3.049
67.61215 3.330
67.61622 3.283
67.62029 3.401
67.62436 3.213
67.62843 2.978
67.63250 2.791
67.63657 2.791
67.64063 3.307
67.64470 3.424
67.64877 3.119
67.65284 2.955
67.65691 2.838
67.66098 3.471
67.66505 3.119
67.66911 3.119
67.67318 3.096
67.67725 2.838
67.68132 2.814
67.68539 3.049
67.68946 3.002
67.69352 3.119
67.69759 3.072
67.70166 3.659
67.70573 3.260
67.70980 2.674
67.71387 3.002
67.71794 2.838
67.72200 2.627
67.72607 3.096
67.73014 2.885
67.73421 3.213
67.73828 3.260
67.74235 2.392
67.74641 2.861
67.75048 2.650
67.75455 3.119
67.75862 3.189
67.76269 2.744
67.76676 3.119
67.77083 2.720
67.77489 3.025
67.77896 3.236
67.78303 3.635
67.78710 2.932
67.79117 2.932
67.79524 2.932
67.79931 2.720
67.80337 2.650
67.80744 3.260
67.81151 3.096
67.81558 3.213
67.81965 3.166
67.82372 3.025
67.82778 3.072
67.83185 2.603
67.83592 3.189
67.83999 2.697
67.84406 2.744
67.84813 2.908
67.85220 3.236
67.85626 2.603
67.86033 3.283
67.86440 3.025
67.86847 3.143
67.87254 3.166
67.87661 2.603
67.88068 3.049
67.88474 3.072
67.88881 2.744
67.89288 3.166
67.89695 3.119
67.90102 3.072
67.90509 3.635
67.90915 2.955
67.91322 2.814
67.91729 2.908
67.92136 3.260
67.92543 2.674
67.92950 2.885
67.93357 3.002
67.93763 3.330
67.94170 2.861
67.94577 3.330
67.94984 2.932
67.95391 2.674
67.95798 2.861
67.96204 3.049
67.96611 3.143
67.97018 2.697
67.97425 3.072
67.97832 3.025
67.98239 2.486
67.98646 2.697
67.99052 2.908
67.99459 3.401
67.99866 2.861
68.00273 2.955
68.00680 3.072
68.01087 2.439
68.01494 2.556
68.01900 2.908
68.02307 2.533
68.02714 2.885
68.03121 3.260
68.03528 2.791
68.03935 3.776
68.04341 3.025
68.04748 3.659
68.05155 2.932
68.05562 3.588
68.05969 3.096
68.06376 3.189
68.06783 2.908
68.07189 3.025
68.07596 3.213
68.08003 3.213
68.08410 2.908
68.08817 2.932
68.09224 3.049
68.09631 3.025
68.10037 3.002
68.10444 3.518
68.10851 2.932
68.11258 2.861
68.11665 2.697
68.12072 3.025
68.12478 3.002
68.12885 2.697
68.13292 2.814
68.13699 3.682
68.14106 3.213
68.14513 3.213
68.14920 2.885
68.15326 3.119
68.15733 2.861
68.16140 2.908
68.16547 2.838
68.16954 3.307
68.17361 2.978
68.17767 3.213
68.18174 3.236
68.18581 3.377
68.18988 3.025
68.19395 3.096
68.19802 2.720
68.20209 2.791
68.20615 2.955
68.21022 2.720
68.21429 3.541
68.21836 2.838
68.22243 3.096
68.22650 2.697
68.23057 2.791
68.23463 2.603
68.23870 3.189
68.24277 2.720
68.24684 3.917
68.25091 2.932
68.25498 3.189
68.25904 3.143
68.26311 2.697
68.26718 3.189
68.27125 3.401
68.27532 2.838
68.27939 2.955
68.28346 2.978
68.28752 2.955
68.29159 2.978
68.29566 2.932
68.29973 2.697
68.30380 2.509
68.30787 2.720
68.31193 3.283
68.31600 2.462
68.32007 2.767
68.32414 2.885
68.32821 3.213
68.33228 2.744
68.33635 2.838
68.34041 3.283
68.34448 3.260
68.34855 3.189
68.35262 2.861
68.35669 3.189
68.36076 3.260
68.36483 2.861
68.36889 2.674
68.37296 2.932
68.37703 2.603
68.38110 2.791
68.38517 3.072
68.38924 2.814
68.39330 3.565
68.39737 2.697
68.40144 3.541
68.40551 3.330
68.40958 2.978
68.41365 2.814
68.41772 2.978
68.42178 3.189
68.42585 3.072
68.42992 3.424
68.43399 3.541
68.43806 2.767
68.44213 3.025
68.44620 2.674
68.45026 3.213
68.45433 3.002
68.45840 2.838
68.46247 2.627
68.46654 2.885
68.47061 3.096
68.47467 3.096
68.47874 2.908
68.48281 3.025
68.48688 2.955
68.49095 3.307
68.49502 3.189
68.49909 2.580
68.50315 3.189
68.50722 2.416
68.51129 3.049
68.51536 2.720
68.51943 3.494
68.52350 2.838
68.52756 3.189
68.53163 3.354
68.53570 3.096
68.53977 3.307
68.54384 3.143
68.54791 3.002
68.55198 3.307
68.55604 3.401
68.56011 3.377
68.56418 2.486
68.56825 3.096
68.57232 2.838
68.57639 2.603
68.58046 3.377
68.58452 3.401
68.58859 3.002
68.59266 2.697
68.59673 2.744
68.60080 3.096
68.60487 3.072
68.60893 3.072
68.61300 3.025
68.61707 2.978
68.62114 3.260
68.62521 3.072
68.62928 2.838
68.63335 2.932
68.63741 3.049
68.64148 2.908
68.64555 2.814
68.64962 2.955
68.65369 3.025
68.65776 3.143
68.66183 3.236
68.66589 2.533
68.66996 3.213
68.67403 2.932
68.67810 2.861
68.68217 3.283
68.68624 3.307
68.69030 3.143
68.69437 2.861
68.69844 2.978
68.70251 2.791
68.70658 2.650
68.71065 3.025
68.71472 2.533
68.71878 3.401
68.72285 2.791
68.72692 3.213
68.73099 2.767
68.73506 2.838
68.73913 2.838
68.74319 2.861
68.74726 3.189
68.75133 3.307
68.75540 3.377
68.75947 3.166
68.76354 3.447
68.76761 3.049
68.77167 3.119
68.77574 2.603
68.77981 2.720
68.78388 2.767
68.78795 3.213
68.79202 3.119
68.79609 3.213
68.80015 3.213
68.80422 3.072
68.80829 3.143
68.81236 3.471
68.81643 3.072
68.82050 3.236
68.82456 3.002
68.82863 3.166
68.83270 2.627
68.83677 3.354
68.84084 2.791
68.84491 2.955
68.84898 3.541
68.85304 3.307
68.85711 2.908
68.86118 3.354
68.86525 3.049
68.86932 3.025
68.87339 2.603
68.87746 3.283
68.88152 3.236
68.88559 2.509
68.88966 2.814
68.89373 3.189
68.89780 2.978
68.90187 3.002
68.90593 2.978
68.91000 2.908
68.91407 2.978
68.91814 2.932
68.92221 2.838
68.92628 3.096
68.93035 3.213
68.93441 2.838
68.93848 3.213
68.94255 3.072
68.94662 3.283
68.95069 3.471
68.95476 2.932
68.95882 3.377
68.96289 3.166
68.96696 3.471
68.97103 2.861
68.97510 3.002
68.97917 3.119
68.98324 3.049
68.98730 3.143
68.99137 3.119
68.99544 3.236
68.99951 3.471
69.00358 3.471
69.00765 3.401
69.01172 3.752
69.01578 2.861
69.01985 3.424
69.02392 3.541
69.02799 3.471
69.03206 3.166
69.03613 3.354
69.04019 2.838
69.04426 3.213
69.04833 3.072
69.05240 3.541
69.05647 2.861
69.06054 3.893
69.06461 3.260
69.06867 3.518
69.07274 3.330
69.07681 2.908
69.08088 3.377
69.08495 3.166
69.08902 3.447
69.09308 3.940
69.09715 3.729
69.10122 3.189
69.10529 3.729
69.10936 3.401
69.11343 3.354
69.11750 3.401
69.12156 3.447
69.12563 3.705
69.12970 3.049
69.13377 3.917
69.13784 3.424
69.14191 3.471
69.14598 3.541
69.15004 3.729
69.15411 3.846
69.15818 4.315
69.16225 4.010
69.16632 4.386
69.17039 3.752
69.17445 3.541
69.17852 4.128
69.18259 4.081
69.18666 3.893
69.19073 4.667
69.19480 4.151
69.19887 4.386
69.20293 4.526
69.20700 3.987
69.21107 4.902
69.21514 4.948
69.21921 4.972
69.22328 4.948
69.22735 5.464
69.23141 5.675
69.23548 5.605
69.23955 6.004
69.24362 5.910
69.24769 5.840
69.25176 5.933
69.25582 6.426
69.25989 6.098
69.26396 6.590
69.26803 6.778
69.27210 7.270
69.27617 6.379
69.28024 6.848
69.28430 6.895
69.28837 7.387
69.29244 7.903
69.29651 7.927
69.30058 7.317
69.30465 7.927
69.30871 7.364
69.31278 8.326
69.31685 8.419
69.32092 8.138
69.32499 7.763
69.32906 8.044
69.33313 7.786
69.33719 8.302
69.34126 7.552
69.34533 8.959
69.34940 8.959
69.35347 7.950
69.35754 7.997
69.36161 7.083
69.36567 8.560
69.36974 8.161
69.37381 7.903
69.37788 7.645
69.38195 7.481
69.38602 6.801
69.39008 6.731
69.39415 5.933
69.39822 6.098
69.40229 6.543
69.40636 5.722
69.41043 5.488
69.41450 5.347
69.41856 5.582
69.42263 4.526
69.42670 5.066
69.43077 4.386
69.43484 5.324
69.43891 5.582
69.44298 4.995
69.44704 5.066
69.45111 4.831
69.45518 4.784
69.45925 5.066
69.46332 5.582
69.46739 5.746
69.47145 5.324
69.47552 5.699
69.47959 6.191
69.48366 5.464
69.48773 5.300
69.49180 6.004
69.49587 5.699
69.49993 5.722
69.50400 4.972
69.50807 5.863
69.51214 5.933
69.51621 5.886
69.52028 6.098
69.52434 6.051
69.52841 6.168
69.53248 5.840
69.53655 6.004
69.54062 5.652
69.54469 5.629
69.54876 6.027
69.55282 5.324
69.55689 5.464
69.56096 5.863
69.56503 5.230
69.56910 6.051
69.57317 5.511
69.57724 4.972
69.58130 5.230
69.58537 4.315
69.58944 4.667
69.59351 4.409
69.59758 3.870
69.60165 3.823
69.60571 4.221
69.60978 3.799
69.61385 3.870
69.61792 3.682
69.62199 4.245
69.62606 3.189
69.63013 3.776
69.63419 4.432
69.63826 3.447
69.64233 3.588
69.64640 3.236
69.65047 3.354
69.65454 3.072
69.65861 3.447
69.66267 3.541
69.66674 3.189
69.67081 3.260
69.67488 3.143
69.67895 3.377
69.68302 3.049
69.68708 2.908
69.69115 3.119
69.69522 3.049
69.69929 3.049
69.70336 3.283
69.70743 3.166
69.71150 3.424
69.71556 3.307
69.71963 3.682
69.72370 3.330
69.72777 3.541
69.73184 3.424
69.73591 2.814
69.73997 3.119
69.74404 3.189
69.74811 3.354
69.75218 3.354
69.75625 2.932
69.76032 3.025
69.76439 3.049
69.76845 2.955
69.77252 3.424
69.77659 2.814
69.78066 3.096
69.78473 3.471
69.78880 2.720
69.79287 3.072
69.79693 2.603
69.80100 3.166
69.80507 3.494
69.80914 3.541
69.81321 3.096
69.81728 2.767
69.82134 3.189
69.82541 3.072
69.82948 3.307
69.83355 3.166
69.83762 2.697
69.84169 3.377
69.84576 2.533
69.84982 2.744
69.85389 3.260
69.85796 3.049
69.86203 3.401
69.86610 3.025
69.87017 2.509
69.87423 2.978
69.87830 3.166
69.88237 2.603
69.88644 3.213
69.89051 2.955
69.89458 2.556
69.89865 2.978
69.90271 2.791
69.90678 3.307
69.91085 2.556
69.91492 3.049
69.91899 2.697
69.92306 2.791
69.92713 3.119
69.93119 3.072
69.93526 3.166
69.93933 3.049
69.94340 2.674
69.94747 3.189
69.95154 3.143
69.95560 2.650
69.95967 3.025
69.96374 2.767
69.96781 3.307
69.97188 3.002
69.97595 2.955
69.98002 3.166
69.98408 2.838
69.98815 2.932
69.99222 2.861
69.99629 3.189
70.00036 2.744
70.00443 3.143
70.00850 3.189
70.01256 2.885
70.01663 3.213
70.02070 3.002
70.02477 2.697
70.02884 3.307
70.03291 2.908
70.03697 2.674
70.04104 2.978
70.04511 2.650
70.04918 3.096
70.05325 2.978
70.05732 3.189
70.06139 2.955
70.06545 3.330
70.06952 3.354
70.07359 2.814
70.07766 2.955
70.08173 2.462
70.08580 3.424
70.08986 3.025
70.09393 3.002
70.09800 2.978
70.10207 3.166
70.10614 2.744
70.11021 3.471
70.11428 2.791
70.11834 2.603
70.12241 2.791
70.12648 2.627
70.13055 2.838
70.13462 2.674
70.13869 3.612
70.14276 2.955
70.14682 3.143
70.15089 2.955
70.15496 2.885
70.15903 2.767
70.16310 3.260
70.16717 2.744
70.17123 2.627
70.17530 3.166
70.17937 2.885
70.18344 3.471
70.18751 2.744
70.19158 2.627
70.19565 2.861
70.19971 3.096
70.20378 2.955
70.20785 2.838
70.21192 2.908
70.21599 2.838
70.22006 2.720
70.22413 3.025
70.22819 3.236
70.23226 3.588
70.23633 2.650
70.24040 2.791
70.24447 3.049
70.24854 3.025
70.25260 2.767
70.25667 3.143
70.26074 2.603
70.26481 2.885
70.26888 2.627
70.27295 2.955
70.27702 2.533
70.28108 2.603
70.28515 3.166
70.28922 3.072
70.29329 3.119
70.29736 2.885
70.30143 3.025
70.30549 2.674
70.30956 3.049
70.31363 2.345
70.31770 3.002
70.32177 2.838
70.32584 2.814
70.32991 3.049
70.33397 2.885
70.33804 2.932
70.34211 3.354
70.34618 3.189
70.35025 3.119
70.35432 2.814
70.35839 3.424
70.36245 2.674
70.36652 2.533
70.37059 3.025
70.37466 3.260
70.37873 3.447
70.38280 2.955
70.38686 3.260
70.39093 2.955
70.39500 3.025
70.39907 3.377
70.40314 2.744
70.40721 2.392
70.41128 2.650
70.41534 3.002
70.41941 2.814
70.42348 2.767
70.42755 3.049
70.43162 3.072
70.43569 2.767
70.43976 2.533
70.44382 3.049
70.44789 3.072
70.45196 2.885
70.45603 2.908
70.46010 2.580
70.46417 2.791
70.46823 3.518
70.47230 3.025
70.47637 3.049
70.48044 3.447
70.48451 3.025
70.48858 3.189
70.49265 3.049
70.49671 2.908
70.50078 2.580
70.50485 2.720
70.50892 3.049
70.51299 2.885
70.51706 2.838
70.52112 3.143
70.52519 3.447
70.52926 2.955
70.53333 3.025
70.53740 2.838
70.54147 3.143
70.54554 2.580
70.54960 2.791
70.55367 2.885
70.55774 3.213
70.56181 2.885
70.56588 2.908
70.56995 3.096
70.57402 2.603
70.57808 3.401
70.58215 2.744
70.58622 2.697
70.59029 2.251
70.59436 2.650
70.59843 2.932
70.60249 3.166
70.60656 3.401
70.61063 2.791
70.61470 2.580
70.61877 2.861
70.62284 2.885
70.62691 2.674
70.63097 3.119
70.63504 2.885
70.63911 2.978
70.64318 2.580
70.64725 3.096
70.65132 3.049
70.65539 3.307
70.65945 2.556
70.66352 2.955
70.66759 2.814
70.67166 3.025
70.67573 2.744
70.67980 2.861
70.68386 2.838
70.68793 2.697
70.69200 3.025
70.69607 2.978
70.70014 2.744
70.70421 2.650
70.70828 3.166
70.71234 2.322
70.71641 2.322
70.72048 2.838
70.72455 2.767
70.72862 2.767
70.73269 2.580
70.73675 2.580
70.74082 2.650
70.74489 2.861
70.74896 2.720
70.75303 3.143
70.75710 3.049
70.76117 3.283
70.76523 2.838
70.76930 2.838
70.77337 3.236
70.77744 2.603
70.78151 2.791
70.78558 2.720
70.78965 3.213
70.79371 2.838
70.79778 3.189
70.80185 2.580
70.80592 2.697
70.80999 2.814
70.81406 3.096
70.81812 2.838
70.82219 3.002
70.82626 2.439
70.83033 3.447
70.83440 2.674
70.83847 2.861
70.84254 3.189
70.84660 3.494
70.85067 3.213
70.85474 3.072
70.85881 2.908
70.86288 2.744
70.86695 2.744
70.87101 2.392
70.87508 2.791
70.87915 3.283
70.88322 3.025
70.88729 3.049
70.89136 2.932
70.89543 2.814
70.89949 3.213
70.90356 2.697
70.90763 2.486
70.91170 2.908
70.91577 3.025
70.91984 2.697
70.92391 2.697
70.92797 2.697
70.93204 2.791
70.93611 3.002
70.94018 3.213
70.94425 3.072
70.94832 2.533
70.95238 3.143
70.95645 2.767
70.96052 2.791
70.96459 3.143
70.96866 3.002
70.97273 3.283
70.97680 2.627
70.98086 3.119
70.98493 2.955
70.98900 2.978
70.99307 3.002
70.99714 2.861
71.00121 2.861
71.00528 2.861
71.00934 2.674
71.01341 2.697
71.01748 3.025
71.02155 2.861
71.02562 3.119
71.02969 2.767
71.03375 2.885
71.03782 2.814
71.04189 2.650
71.04596 2.861
71.05003 2.861
71.05410 2.791
71.05817 2.744
71.06223 2.838
71.06630 2.767
71.07037 2.814
71.07444 2.744
71.07851 3.002
71.08258 2.627
71.08664 2.791
71.09071 2.720
71.09478 3.072
71.09885 3.049
71.10292 3.002
71.10699 3.260
71.11106 2.791
71.11512 3.049
71.11919 2.932
71.12326 3.025
71.12733 2.932
71.13140 2.603
71.13547 2.603
71.13954 3.002
71.14360 3.002
71.14767 2.861
71.15174 2.908
71.15581 2.861
71.15988 3.002
71.16395 2.791
71.16801 2.932
71.17208 3.260
71.17615 2.978
71.18022 2.767
71.18429 2.627
71.18836 3.166
71.19243 2.533
71.19649 2.838
71.20056 2.322
71.20463 2.627
71.20870 2.885
71.21277 2.955
71.21684 2.486
71.22091 2.838
71.22497 3.143
71.22904 2.744
71.23311 2.509
71.23718 2.697
71.24125 2.556
71.24532 2.838
71.24938 3.096
71.25345 2.978
71.25752 3.096
71.26159 3.166
71.26566 2.275
71.26973 2.838
71.27380 3.002
71.27786 2.791
71.28193 2.932
71.28600 3.260
71.29007 2.509
71.29414 2.720
71.29821 3.119
71.30227 2.767
71.30634 2.978
71.31041 2.697
71.31448 2.791
71.31855 2.978
71.32262 2.720
71.32669 2.791
71.33075 3.096
71.33482 2.345
71.33889 3.330
71.34296 2.697
71.34703 2.720
71.35110 2.674
71.35517 2.744
71.35923 2.697
71.36330 3.166
71.36737 2.838
71.37144 2.791
71.37551 2.650
71.37958 3.307
71.38364 2.861
71.38771 2.509
71.39178 2.791
71.39585 2.744
71.39992 3.025
71.40399 3.213
71.40806 3.377
71.41212 2.791
71.41619 2.861
71.42026 2.744
71.42433 2.697
71.42840 2.767
71.43247 2.885
71.43654 2.814
71.44060 3.025
71.44467 2.814
71.44874 2.791
71.45281 2.814
71.45688 2.861
71.46095 2.861
71.46501 2.392
71.46908 3.002
71.47315 3.072
71.47722 2.533
71.48129 3.002
71.48536 2.838
71.48943 2.627
71.49349 3.002
71.49756 2.228
71.50163 2.744
71.50570 2.932
71.50977 2.533
71.51384 2.885
71.51790 2.580
71.52197 2.791
71.52604 2.744
71.53011 2.908
71.53418 2.674
71.53825 2.533
71.54232 2.885
71.54638 2.674
71.55045 3.025
71.55452 3.002
71.55859 2.932
71.56266 2.791
71.56673 2.885
71.57080 2.744
71.57486 2.885
71.57893 2.392
71.58300 3.143
71.58707 2.697
71.59114 3.612
71.59521 2.439
71.59927 2.697
71.60334 2.744
71.60741 2.720
71.61148 3.330
71.61555 2.462
71.61962 2.767
71.62369 2.767
71.62775 3.049
71.63182 3.143
71.63589 2.978
71.63996 2.462
71.64403 2.861
71.64810 2.345
71.65216 2.744
71.65623 2.674
71.66030 2.908
71.66437 3.072
71.66844 2.814
71.67251 2.885
71.67658 3.002
71.68064 2.439
71.68471 2.861
71.68878 2.744
71.69285 2.697
71.69692 3.072
71.70099 3.166
71.70506 2.861
71.70912 3.424
71.71319 2.744
71.71726 3.049
71.72133 2.462
71.72540 2.720
71.72947 2.885
71.73353 3.143
71.73760 2.814
71.74167 2.627
71.74574 2.791
71.74981 3.166
71.75388 3.025
71.75795 2.556
71.76201 2.251
71.76608 2.580
71.77015 2.861
71.77422 2.861
71.77829 2.791
71.78236 2.838
71.78643 2.932
71.79049 2.439
71.79456 2.791
71.79863 2.580
71.80270 2.767
71.80677 3.354
71.81084 2.674
71.81490 2.861
71.81897 2.908
71.82304 2.205
71.82711 3.260
71.83118 2.369
71.83525 2.674
71.83932 3.025
71.84338 2.720
71.84745 2.416
71.85152 2.627
71.85559 2.392
71.85966 3.189
71.86373 2.885
71.86779 2.462
71.87186 2.603
71.87593 2.814
71.88000 3.072
71.88407 2.885
71.88814 2.814
71.89221 2.556
71.89627 2.838
71.90034 2.838
71.90441 2.955
71.90848 2.556
71.91255 2.251
71.91662 2.533
71.92069 2.791
71.92475 2.392
71.92882 2.932
71.93289 2.674
71.93696 2.908
71.94103 2.955
71.94510 2.978
71.94916 2.744
71.95323 3.354
71.95730 2.462
71.96137 3.049
71.96544 2.627
71.96951 2.955
71.97358 2.814
71.97764 2.439
71.98171 2.838
71.98578 2.298
71.98985 3.049
71.99392 2.838
71.99799 2.134
72.00206 2.767
72.00612 2.580
72.01019 2.885
72.01426 2.814
72.01833 2.885
72.02240 2.955
72.02647 2.533
72.03053 2.720
72.03460 2.580
72.03867 3.166
72.04274 3.025
72.04681 2.228
72.05088 2.251
72.05495 2.814
72.05901 2.580
72.06308 2.720
72.06715 2.674
72.07122 3.002
72.07529 2.978
72.07936 2.838
72.08342 2.720
72.08749 2.416
72.09156 2.885
72.09563 2.627
72.09970 2.908
72.10377 2.744
72.10784 2.416
72.11190 2.674
72.11597 2.697
72.12004 2.603
72.12411 2.908
72.12818 2.744
72.13225 2.791
72.13632 2.392
72.14038 2.908
72.14445 2.932
72.14852 2.181
72.15259 2.627
72.15666 3.236
72.16073 2.509
72.16479 3.260
72.16886 2.674
72.17293 3.096
72.17700 2.486
72.18107 2.744
72.18514 2.791
72.18921 2.509
72.19327 2.767
72.19734 2.908
72.20141 2.439
72.20548 2.791
72.20955 2.580
72.21362 3.166
72.21769 2.885
72.22175 2.838
72.22582 2.580
72.22989 2.744
72.23396 2.861
72.23803 2.978
72.24210 2.814
72.24616 2.955
72.25023 2.369
72.25430 2.533
72.25837 2.955
72.26244 2.650
72.26651 2.556
72.27058 2.580
72.27464 2.697
72.27871 2.791
72.28278 2.392
72.28685 2.978
72.29092 2.791
72.29499 2.486
72.29905 2.861
72.30312 2.392
72.30719 2.861
72.31126 3.002
72.31533 3.096
72.31940 2.674
72.32347 2.885
72.32753 3.307
72.33160 2.791
72.33567 2.439
72.33974 2.416
72.34381 3.354
72.34788 2.674
72.35195 2.627
72.35601 2.955
72.36008 2.814
72.36415 2.439
72.36822 2.861
72.37229 2.650
72.37636 2.486
72.38042 2.908
72.38449 2.744
72.38856 2.650
72.39263 2.744
72.39670 3.166
72.40077 2.861
72.40484 3.143
72.40890 3.143
72.41297 2.791
72.41704 3.260
72.42111 3.143
72.42518 2.603
72.42925 2.697
72.43331 2.791
72.43738 2.814
72.44145 2.814
72.44552 3.049
72.44959 2.744
72.45366 2.674
72.45773 3.096
72.46179 2.978
72.46586 2.674
72.46993 3.049
72.47400 2.533
72.47807 3.002
72.48214 2.533
72.48621 2.767
72.49027 2.650
72.49434 2.674
72.49841 2.533
72.50248 2.627
72.50655 3.002
72.51062 2.509
72.51468 2.603
72.51875 2.720
72.52282 2.674
72.52689 2.814
72.53096 3.260
72.53503 2.322
72.53910 3.635
72.54316 2.744
72.54723 2.650
72.55130 3.002
72.55537 2.861
72.55944 2.838
72.56351 2.462
72.56758 2.814
72.57164 3.049
72.57571 2.838
72.57978 2.767
72.58385 2.814
72.58792 2.627
72.59199 2.838
72.59605 3.049
72.60012 2.650
72.60419 2.978
72.60826 3.072
72.61233 2.885
72.61640 2.932
72.62047 2.674
72.62453 2.744
72.62860 2.767
72.63267 2.955
72.63674 2.861
72.64081 2.462
72.64488 2.767
72.64894 2.767
72.65301 2.908
72.65708 2.932
72.66115 2.509
72.66522 3.025
72.66929 2.509
72.67336 2.439
72.67742 2.861
72.68149 2.978
72.68556 3.119
72.68963 3.096
72.69370 2.439
72.69777 2.908
72.70184 3.307
72.70590 2.392
72.70997 3.189
72.71404 2.978
72.71811 2.838
72.72218 2.978
72.72625 2.580
72.73031 2.580
72.73438 3.213
72.73845 2.885
72.74252 3.072
72.74659 2.580
72.75066 2.978
72.75473 2.416
72.75879 2.838
72.76286 2.791
72.76693 2.205
72.77100 2.955
72.77507 2.744
72.77914 3.119
72.78321 2.861
72.78727 2.791
72.79134 2.650
72.79541 2.838
72.79948 2.861
72.80355 2.885
72.80762 2.650
72.81168 3.143
72.81575 2.978
72.81982 3.518
72.82389 3.025
72.82796 2.462
72.83203 2.885
72.83610 3.049
72.84016 2.791
72.84423 2.697
72.84830 2.814
72.85237 2.885
72.85644 2.814
72.86051 2.509
72.86457 2.791
72.86864 2.509
72.87271 2.744
72.87678 2.697
72.88085 3.025
72.88492 2.556
72.88899 2.556
72.89305 2.509
72.89712 2.955
72.90119 2.462
72.90526 2.885
72.90933 2.838
72.91340 2.814
72.91747 2.205
72.92153 2.369
72.92560 2.932
72.92967 2.533
72.93374 2.767
72.93781 2.791
72.94188 2.111
72.94594 2.744
72.95001 2.767
72.95408 2.932
72.95815 2.908
72.96222 2.369
72.96629 3.096
72.97036 2.533
72.97442 3.025
72.97849 2.838
72.98256 2.509
72.98663 2.462
72.99070 2.814
72.99477 2.744
72.99884 3.471
73.00290 2.509
73.00697 2.556
73.01104 2.885
73.01511 2.838
73.01918 2.838
73.02325 2.955
73.02731 2.814
73.03138 2.674
73.03545 2.908
73.03952 3.072
73.04359 2.650
73.04766 3.166
73.05173 3.096
73.05579 2.720
73.05986 2.650
73.06393 2.814
73.06800 2.533
73.07207 2.627
73.07614 2.580
73.08020 3.025
73.08427 2.650
73.08834 2.509
73.09241 2.885
73.09648 2.978
73.10055 3.213
73.10462 2.814
73.10868 2.416
73.11275 2.791
73.11682 2.627
73.12089 3.330
73.12496 2.674
73.12903 2.932
73.13310 2.509
73.13716 2.674
73.14123 2.720
73.14530 3.072
73.14937 3.189
73.15344 2.580
73.15751 2.650
73.16157 2.556
73.16564 2.720
73.16971 3.072
73.17378 2.603
73.17785 2.674
73.18192 2.908
73.18599 2.744
73.19005 2.369
73.19412 3.236
73.19819 2.533
73.20226 2.861
73.20633 2.627
73.21040 2.861
73.21446 2.791
73.21853 2.838
73.22260 3.002
73.22667 3.260
73.23074 2.744
73.23481 3.588
73.23888 2.627
73.24294 3.330
73.24701 3.096
73.25108 3.072
73.25515 2.885
73.25922 2.509
73.26329 2.650
73.26736 2.603
73.27142 2.697
73.27549 3.025
73.27956 2.814
73.28363 2.533
73.28770 2.908
73.29177 2.533
73.29583 2.674
73.29990 2.932
73.30397 2.674
73.30804 2.908
73.31211 2.416
73.31618 2.838
73.32025 2.791
73.32431 2.580
73.32838 2.908
73.33245 2.814
73.33652 2.744
73.34059 3.096
73.34466 3.096
73.34873 2.767
73.35279 3.002
73.35686 2.791
73.36093 2.814
73.36500 2.533
73.36907 3.189
73.37314 2.416
73.37720 2.932
73.38127 2.603
73.38534 2.580
73.38941 2.533
73.39348 2.932
73.39755 2.580
73.40162 2.908
73.40568 2.908
73.40975 2.674
73.41382 2.627
73.41789 2.556
73.42196 2.674
73.42603 2.767
73.43009 2.322
73.43416 3.096
73.43823 2.720
73.44230 2.556
73.44637 2.885
73.45044 2.885
73.45451 2.838
73.45857 2.111
73.46264 2.791
73.46671 2.580
73.47078 2.744
73.47485 2.650
73.47892 2.462
73.48299 3.049
73.48705 2.650
73.49112 2.720
73.49519 2.814
73.49926 2.580
73.50333 2.885
73.50740 2.955
73.51146 2.908
73.51553 2.767
73.51960 2.861
73.52367 2.697
73.52774 3.143
73.53181 2.439
73.53588 2.627
73.53994 2.932
73.54401 2.720
73.54808 3.354
73.55215 2.791
73.55622 2.674
73.56029 2.955
73.56436 2.744
73.56842 2.767
73.57249 2.251
73.57656 3.307
73.58063 2.627
73.58470 2.978
73.58877 2.720
73.59283 2.838
73.59690 2.744
73.60097 2.861
73.60504 2.791
73.60911 2.556
73.61318 2.275
73.61725 2.955
73.62131 2.462
73.62538 3.072
73.62945 2.674
73.63352 2.838
73.63759 2.603
73.64166 2.509
73.64572 2.509
73.64979 2.556
73.65386 2.861
73.65793 2.533
73.66200 2.650
73.66607 2.439
73.67014 2.978
73.67420 2.486
73.67827 2.369
73.68234 2.650
73.68641 2.908
73.69048 3.096
73.69455 2.556
73.69862 2.603
73.70268 3.049
73.70675 2.509
73.71082 3.072
73.71489 2.627
73.71896 2.369
73.72303 2.509
73.72709 2.580
73.73116 2.978
73.73523 3.330
73.73930 3.072
73.74337 3.213
73.74744 3.166
73.75151 2.932
73.75557 3.166
73.75964 2.111
73.76371 3.025
73.76778 2.556
73.77185 2.720
73.77592 2.861
73.77999 2.603
73.78405 2.556
73.78812 2.533
73.79219 2.744
73.79626 2.697
73.80033 2.439
73.80440 2.720
73.80846 2.720
73.81253 3.002
73.81660 2.556
73.82067 2.838
73.82474 2.697
73.82881 2.627
73.83288 2.838
73.83694 2.674
73.84101 2.791
73.84508 2.744
73.84915 3.189
73.85322 3.213
73.85729 2.908
73.86135 2.791
73.86542 2.744
73.86949 2.439
73.87356 2.580
73.87763 3.049
73.88170 2.580
73.88577 2.932
73.88983 2.533
73.89390 2.838
73.89797 2.955
73.90204 3.143
73.90611 2.838
73.91018 3.002
73.91425 2.627
73.91831 2.369
73.92238 3.119
73.92645 3.049
73.93052 2.509
73.93459 2.533
73.93866 2.767
73.94272 2.767
73.94679 2.767
73.95086 2.439
73.95493 2.908
73.95900 3.213
73.96307 2.978
73.96714 2.580
73.97120 3.377
73.97527 3.072
73.97934 2.556
73.98341 2.697
73.98748 3.072
73.99155 2.861
73.99562 2.908
73.99968 2.462
74.00375 2.509
74.00782 2.932
74.01189 2.908
74.01596 2.674
74.02003 2.345
74.02409 2.603
74.02816 2.791
74.03223 2.603
74.03630 2.650
74.04037 2.885
74.04444 2.556
74.04851 2.509
74.05257 2.580
74.05664 2.556
74.06071 3.166
74.06478 2.603
74.06885 3.049
74.07292 3.002
74.07698 3.072
74.08105 2.439
74.08512 2.885
74.08919 3.072
74.09326 2.767
74.09733 2.603
74.10140 2.791
74.10546 2.439
74.10953 3.189
74.11360 3.072
74.11767 3.049
74.12174 2.697
74.12581 2.885
74.12988 2.932
74.13394 2.978
74.13801 2.650
74.14208 2.861
74.14615 2.580
74.15022 3.260
74.15429 2.978
74.15835 3.236
74.16242 2.838
74.16649 2.392
74.17056 2.369
74.17463 2.509
74.17870 2.767
74.18277 2.744
74.18683 2.697
74.19090 2.134
74.19497 2.861
74.19904 3.072
74.20311 2.978
74.20718 2.720
74.21124 2.627
74.21531 2.767
74.21938 3.143
74.22345 3.049
74.22752 2.603
74.23159 2.720
74.23566 2.932
74.23972 3.096
74.24379 2.978
74.24786 3.401
74.25193 2.744
74.25600 2.580
74.26007 2.955
74.26414 2.955
74.26820 2.744
74.27227 3.025
74.27634 3.096
74.28041 3.049
74.28448 2.720
74.28855 3.049
74.29261 2.392
74.29668 3.002
74.30075 2.908
74.30482 2.650
74.30889 2.580
74.31296 2.509
74.31703 3.025
74.32109 2.932
74.32516 2.627
74.32923 3.166
74.33330 2.838
74.33737 3.049
74.34144 3.189
74.34551 3.213
74.34957 3.002
74.35364 3.119
74.35771 2.838
74.36178 2.744
74.36585 2.486
74.36992 2.580
74.37398 2.791
74.37805 2.533
74.38212 3.096
74.38619 2.861
74.39026 2.720
74.39433 2.955
74.39840 2.767
74.40246 2.697
74.40653 2.932
74.41060 2.650
74.41467 3.166
74.41874 2.509
74.42281 2.439
74.42687 2.556
74.43094 2.908
74.43501 2.509
74.43908 2.791
74.44315 2.650
74.44722 2.791
74.45129 3.072
74.45535 2.885
74.45942 2.674
74.46349 2.767
74.46756 2.580
74.47163 2.838
74.47570 2.908
74.47977 2.767
74.48383 2.838
74.48790 2.416
74.49197 2.908
74.49604 2.908
74.50011 2.932
74.50418 1.970
74.50824 3.401
74.51231 2.697
74.51638 2.486
74.52045 2.674
74.52452 2.767
74.52859 2.439
74.53266 2.627
74.53672 3.213
74.54079 2.932
74.54486 2.509
74.54893 2.720
74.55300 2.345
74.55707 3.002
74.56114 2.861
74.56520 2.978
74.56927 2.767
74.57334 3.189
74.57741 2.978
74.58148 2.814
74.58555 2.861
74.58961 2.791
74.59368 2.627
74.59775 2.603
74.60182 2.181
74.60589 2.814
74.60996 2.416
74.61403 3.096
74.61809 2.838
74.62216 2.369
74.62623 2.838
74.63030 2.720
74.63437 2.509
74.63844 2.955
74.64250 3.072
74.64657 2.767
74.65064 2.955
74.65471 2.791
74.65878 3.119
74.66285 2.181
74.66692 2.932
74.67098 2.955
74.67505 2.603
74.67912 2.697
74.68319 2.838
74.68726 2.674
74.69133 2.392
74.69540 2.533
74.69946 2.791
74.70353 2.791
74.70760 2.697
74.71167 2.978
74.71574 2.908
74.71981 2.744
74.72387 2.580
74.72794 2.509
74.73201 2.838
74.73608 3.283
74.74015 2.580
74.74422 2.932
74.74829 2.533
74.75235 2.603
74.75642 2.838
74.76049 3.025
74.76456 2.580
74.76863 2.439
74.77270 2.861
74.77677 2.603
74.78083 2.580
74.78490 2.720
74.78897 2.955
74.79304 2.627
74.79711 3.072
74.80118 2.580
74.80524 2.767
74.80931 2.462
74.81338 3.143
74.81745 2.298
74.82152 2.697
74.82559 2.885
74.82966 3.119
74.83372 3.096
74.83779 2.885
74.84186 2.533
74.84593 2.650
74.85000 2.462
74.85407 2.744
74.85813 2.580
74.86220 2.580
74.86627 2.861
74.87034 2.838
74.87441 2.509
74.87848 2.627
74.88255 2.908
74.88661 2.955
74.89068 2.978
74.89475 2.392
74.89882 2.674
74.90289 2.697
74.90696 2.720
74.91103 2.181
74.91509 2.580
74.91916 2.814
74.92323 3.213
74.92730 3.096
74.93137 2.814
74.93544 2.697
74.93950 2.322
74.94357 2.509
74.94764 2.767
74.95171 2.885
74.95578 2.486
74.95985 3.072
74.96392 2.791
74.96798 2.955
74.97205 2.533
74.97612 3.002
74.98019 2.556
74.98426 2.674
74.98833 3.025
74.99239 3.260
74.99646 2.603
75.00053 2.744
75.00460 3.330
75.00867 2.416
75.01274 2.580
75.01681 2.674
75.02087 3.096
75.02494 3.096
75.02901 2.978
75.03308 2.158
75.03715 3.049
75.04122 2.955
75.04529 3.143
75.04935 2.674
75.05342 3.002
75.05749 2.744
75.06156 2.955
75.06563 2.674
75.06970 2.533
75.07376 2.251
75.07783 2.814
75.08190 2.814
75.08597 2.932
75.09004 2.720
75.09411 2.720
75.09818 2.861
75.10224 3.049
75.10631 2.674
75.11038 3.002
75.11445 2.697
75.11852 2.533
75.12259 2.650
75.12666 2.955
75.13072 2.767
75.13479 2.650
75.13886 2.580
75.14293 2.345
75.14700 2.978
75.15107 2.345
75.15513 2.814
75.15920 2.697
75.16327 2.345
75.16734 3.119
75.17141 2.462
75.17548 2.509
75.17955 2.791
75.18361 2.838
75.18768 2.627
75.19175 2.791
75.19582 2.533
75.19989 3.166
75.20396 2.767
75.20802 3.283
75.21209 3.401
75.21616 2.932
75.22023 3.049
75.22430 2.791
75.22837 2.814
75.23244 3.025
75.23650 2.838
75.24057 2.861
75.24464 2.556
75.24871 2.697
75.25278 3.096
75.25685 2.509
75.26092 3.189
75.26498 2.744
75.26905 2.814
75.27312 2.486
75.27719 2.369
75.28126 2.932
75.28533 3.002
75.28939 3.119
75.29346 2.720
75.29753 2.861
75.30160 2.439
75.30567 2.533
75.30974 2.462
75.31381 2.791
75.31787 2.838
75.32194 2.509
75.32601 2.416
75.33008 2.932
75.33415 2.627
75.33822 2.955
75.34229 2.603
75.34635 2.744
75.35042 2.509
75.35449 2.627
75.35856 2.416
75.36263 2.627
75.36670 2.251
75.37076 2.627
75.37483 2.674
75.37890 2.908
75.38297 2.275
75.38704 2.462
75.39111 3.377
75.39518 2.462
75.39924 2.814
75.40331 2.627
75.40738 2.697
75.41145 2.580
75.41552 2.720
75.41959 2.978
75.42365 3.283
75.42772 2.838
75.43179 2.697
75.43586 2.885
75.43993 3.096
75.44400 2.533
75.44807 2.767
75.45213 2.650
75.45620 2.885
75.46027 2.416
75.46434 2.603
75.46841 2.533
75.47248 2.298
75.47655 3.002
75.48061 2.322
75.48468 3.049
75.48875 2.767
75.49282 3.119
75.49689 2.838
75.50096 2.580
75.50502 2.509
75.50909 3.166
75.51316 2.885
75.51723 2.533
75.52130 2.369
75.52537 3.119
75.52944 3.307
75.53350 2.885
75.53757 2.674
75.54164 3.307
75.54571 3.189
75.54978 2.932
75.55385 2.932
75.55792 3.002
75.56198 2.603
75.56605 3.049
75.57012 2.932
75.57419 2.650
75.57826 2.650
75.58233 2.580
75.58639 2.838
75.59046 2.650
75.59453 2.674
75.59860 2.861
75.60267 2.533
75.60674 2.861
75.61081 2.861
75.61487 2.580
75.61894 2.885
75.62301 3.002
75.62708 2.650
75.63115 2.908
75.63522 3.049
75.63928 2.509
75.64335 2.744
75.64742 2.838
75.65149 3.049
75.65556 3.002
75.65963 2.650
75.66370 2.885
75.66776 3.049
75.67183 2.767
75.67590 2.955
75.67997 2.181
75.68404 2.908
75.68811 2.392
75.69218 2.814
75.69624 2.322
75.70031 3.072
75.70438 2.978
75.70845 2.674
75.71252 2.838
75.71659 2.932
75.72065 3.307
75.72472 3.213
75.72879 2.978
75.73286 2.674
75.73693 2.955
75.74100 3.166
75.74507 2.932
75.74913 3.143
75.75320 2.416
75.75727 3.072
75.76134 2.627
75.76541 2.556
75.76948 2.674
75.77354 3.166
75.77761 3.096
75.78168 2.533
75.78575 2.908
75.78982 3.002
75.79389 2.720
75.79796 2.462
75.80202 2.556
75.80609 3.002
75.81016 3.002
75.81423 2.908
75.81830 2.720
75.82237 3.260
75.82644 2.791
75.83050 3.236
75.83457 2.650
75.83864 2.697
75.84271 3.236
75.84678 2.908
75.85085 2.580
75.85491 2.767
75.85898 2.650
75.86305 2.650
75.86712 2.486
75.87119 2.650
75.87526 2.908
75.87933 3.002
75.88339 2.955
75.88746 2.697
75.89153 2.838
75.89560 2.885
75.89967 2.955
75.90374 2.767
75.90781 2.767
75.91187 3.143
75.91594 2.580
75.92001 2.556
75.92408 2.298
75.92815 2.439
75.93222 3.096
75.93628 3.119
75.94035 2.861
75.94442 2.674
75.94849 2.533
75.95256 2.697
75.95663 2.978
75.96070 3.166
75.96476 3.025
75.96883 3.260
75.97290 2.720
75.97697 3.119
75.98104 2.720
75.98511 3.213
75.98917 3.025
75.99324 3.330
75.99731 2.697
76.00138 2.955
76.00545 2.603
76.00952 2.955
76.01359 3.189
76.01765 2.791
76.02172 2.932
76.02579 2.885
76.02986 3.307
76.03393 2.861
76.03800 3.283
76.04207 3.025
76.04613 2.978
76.05020 3.166
76.05427 3.236
76.05834 3.119
76.06241 2.720
76.06648 3.330
76.07054 3.401
76.07461 3.096
76.07868 2.674
76.08275 3.354
76.08682 2.744
76.09089 2.369
76.09496 3.424
76.09902 3.424
76.10309 3.401
76.10716 3.401
76.11123 2.838
76.11530 3.307
76.11937 2.556
76.12344 3.612
76.12750 2.674
76.13157 3.049
76.13564 2.955
76.13971 3.494
76.14378 3.588
76.14785 3.166
76.15191 3.659
76.15598 3.565
76.16005 3.002
76.16412 2.885
76.16819 3.260
76.17226 3.143
76.17633 3.119
76.18039 3.166
76.18446 3.471
76.18853 3.518
76.19260 3.518
76.19667 3.330
76.20074 3.307
76.20480 3.330
76.20887 3.377
76.21294 3.166
76.21701 3.494
76.22108 3.025
76.22515 3.424
76.22922 3.166
76.23328 3.307
76.23735 3.401
76.24142 3.119
76.24549 3.424
76.24956 3.025
76.25363 3.166
76.25770 3.260
76.26176 3.189
76.26583 3.565
76.26990 3.471
76.27397 2.697
76.27804 3.518
76.28211 3.143
76.28617 3.870
76.29024 3.025
76.29431 3.447
76.29838 3.987
76.30245 3.823
76.30652 3.729
76.31059 3.987
76.31465 3.518
76.31872 3.518
76.32279 3.799
76.32686 3.471
76.33093 3.705
76.33500 3.917
76.33907 3.846
76.34313 3.424
76.34720 3.917
76.35127 3.940
76.35534 3.705
76.35941 3.447
76.36348 3.729
76.36754 3.682
76.37161 3.447
76.37568 4.010
76.37975 4.104
76.38382 3.940
76.38789 4.268
76.39196 3.565
76.39602 3.940
76.40009 3.682
76.40416 3.659
76.40823 4.268
76.41230 4.128
76.41637 4.221
76.42043 3.705
76.42450 4.409
76.42857 4.667
76.43264 4.034
76.43671 4.386
76.44078 4.644
76.44485 4.315
76.44891 4.925
76.45298 5.277
76.45705 5.089
76.46112 5.159
76.46519 5.253
76.46926 4.948
76.47333 5.347
76.47739 6.238
76.48146 5.933
76.48553 6.402
76.48960 5.629
76.49367 6.449
76.49774 6.543
76.50180 6.590
76.50587 7.129
76.50994 6.942
76.51401 7.528
76.51808 8.255
76.52215 8.114
76.52622 9.053
76.53028 9.146
76.53435 9.170
76.53842 9.615
76.54249 10.061
76.54656 10.765
76.55063 10.272
76.55469 11.703
76.55876 12.500
76.56283 12.992
76.56690 13.110
76.57097 12.992
76.57504 13.673
76.57911 14.447
76.58317 15.009
76.58724 14.259
76.59131 15.127
76.59538 16.182
76.59945 14.939
76.60352 16.628
76.60759 15.596
76.61165 15.783
76.61572 17.917
76.61979 16.557
76.62386 17.566
76.62793 16.651
76.63200 16.182
76.63606 16.604
76.64013 17.190
76.64420 17.284
76.64827 16.229
76.65234 16.534
76.65641 15.783
76.66048 16.463
76.66454 15.314
76.66861 14.634
76.67268 14.916
76.67675 13.297
76.68082 12.101
76.68489 12.852
76.68896 9.615
76.69302 9.850
76.69709 10.014
76.70116 9.006
76.70523 8.419
76.70930 7.692
76.71337 7.200
76.71743 7.552
76.72150 7.505
76.72557 7.270
76.72964 7.528
76.73371 6.965
76.73778 7.856
76.74185 6.848
76.74591 7.129
76.74998 7.012
76.75405 6.684
76.75812 7.856
76.76219 7.739
76.76626 7.364
76.77032 7.106
76.77439 7.458
76.77846 8.044
76.78253 9.123
76.78660 8.818
76.79067 8.865
76.79474 8.818
76.79880 8.982
76.80287 9.686
76.80694 8.232
76.81101 8.982
76.81508 9.803
76.81915 9.686
76.82322 9.170
76.82728 9.076
76.83135 10.014
76.83542 10.178
76.83949 10.624
76.84356 9.897
76.84763 9.944
76.85169 10.788
76.85576 10.366
76.85983 9.826
76.86390 10.671
76.86797 9.240
76.87204 10.225
76.87611 10.553
76.88017 9.780
76.88424 9.170
76.88831 9.897
76.89238 8.161
76.89645 8.654
76.90052 7.927
76.90459 7.341
76.90865 7.317
76.91272 7.176
76.91679 6.660
76.92086 5.863
76.92493 5.371
76.92900 5.699
76.93306 5.722
76.93713 5.347
76.94120 4.644
76.94527 5.253
76.94934 4.456
76.95341 4.878
76.95748 4.995
76.96154 4.081
76.96561 3.635
76.96968 4.292
76.97375 3.659
76.97782 3.823
76.98189 4.339
76.98595 4.221
76.99002 3.963
76.99409 4.010
76.99816 3.518
77.00223 3.799
77.00630 3.471
77.01037 3.447
77.01443 3.729
77.01850 3.846
77.02257 3.541
77.02664 3.776
77.03071 3.072
77.03478 3.729
77.03885 3.917
77.04291 3.471
77.04698 3.846
77.05105 3.588
77.05512 3.283
77.05919 3.189
77.06326 3.166
77.06732 3.518
77.07139 3.518
77.07546 3.354
77.07953 3.307
77.08360 3.494
77.08767 3.143
77.09174 2.674
77.09580 3.565
77.09987 3.612
77.10394 3.119
77.10801 3.283
77.11208 3.424
77.11615 3.213
77.12022 3.283
77.12428 3.096
77.12835 3.025
77.13242 3.307
77.13649 3.541
77.14056 2.932
77.14463 3.330
77.14869 3.096
77.15276 3.049
77.15683 2.955
77.16090 3.213
77.16497 3.612
77.16904 3.025
77.17311 3.307
77.17717 3.260
77.18124 3.236
77.18531 3.377
77.18938 3.705
77.19345 3.354
77.19752 3.518
77.20158 3.166
77.20565 3.072
77.20972 3.236
77.21379 2.533
77.21786 2.814
77.22193 3.166
77.22600 3.025
77.23006 2.791
77.23413 2.885
77.23820 2.885
77.24227 3.166
77.24634 2.791
77.25041 3.096
77.25448 2.650
77.25854 3.494
77.26261 2.861
77.26668 3.377
77.27075 2.720
77.27482 3.025
77.27889 2.955
77.28295 3.002
77.28702 3.002
77.29109 2.603
77.29516 2.885
77.29923 3.166
77.30330 3.213
77.30737 3.494
77.31143 2.767
77.31550 2.978
77.31957 3.213
77.32364 2.509
77.32771 3.401
77.33178 3.002
77.33585 2.885
77.33991 3.424
77.34398 2.932
77.34805 2.744
77.35212 2.580
77.35619 2.978
77.36026 3.494
77.36432 3.260
77.36839 2.720
77.37246 2.580
77.37653 2.955
77.38060 2.978
77.38467 2.627
77.38874 2.978
77.39280 2.697
77.39687 2.697
77.40094 3.354
77.40501 2.791
77.40908 2.697
77.41315 2.955
77.41721 2.955
77.42128 3.002
77.42535 2.650
77.42942 2.791
77.43349 2.251
77.43756 2.650
77.44163 2.767
77.44569 2.697
77.44976 2.744
77.45383 2.369
77.45790 2.627
77.46197 2.697
77.46604 3.049
77.47011 2.720
77.47417 2.908
77.47824 3.565
77.48231 3.119
77.48638 2.720
77.49045 2.932
77.49452 2.486
77.49858 2.627
77.50265 3.119
77.50672 3.260
77.51079 3.307
77.51486 2.650
77.51893 3.283
77.52300 2.392
77.52706 2.932
77.53113 2.791
77.53520 2.650
77.53927 2.767
77.54334 2.767
77.54741 2.744
77.55147 2.885
77.55554 2.932
77.55961 2.767
77.56368 2.885
77.56775 2.674
77.57182 2.744
77.57589 2.720
77.57995 2.978
77.58402 2.861
77.58809 2.627
77.59216 2.603
77.59623 2.697
77.60030 2.627
77.60437 2.744
77.60843 2.744
77.61250 3.096
77.61657 2.580
77.62064 2.978
77.62471 2.439
77.62878 2.908
77.63284 2.955
77.63691 3.025
77.64098 2.720
77.64505 2.744
77.64912 2.627
77.65319 2.838
77.65726 3.025
77.66132 2.627
77.66539 2.932
77.66946 2.767
77.67353 2.369
77.67760 2.650
77.68167 2.767
77.68574 2.439
77.68980 2.861
77.69387 2.932
77.69794 2.556
77.70201 2.298
77.70608 2.556
77.71015 2.744
77.71421 2.533
77.71828 2.720
77.72235 3.213
77.72642 2.720
77.73049 2.978
77.73456 3.635
77.73863 2.580
77.74269 2.439
77.74676 2.509
77.75083 2.580
77.75490 2.603
77.75897 2.861
77.76304 2.955
77.76710 3.072
77.77117 2.345
77.77524 2.908
77.77931 2.978
77.78338 2.791
77.78745 2.674
77.79152 2.791
77.79558 2.416
77.79965 2.650
77.80372 2.298
77.80779 2.439
77.81186 2.486
77.81593 2.674
77.82000 2.838
77.82406 2.416
77.82813 2.791
77.83220 2.580
77.83627 2.580
77.84034 2.556
77.84441 2.509
77.84847 2.462
77.85254 2.697
77.85661 2.439
77.86068 2.462
77.86475 2.650
77.86882 2.392
77.87289 2.627
77.87695 2.650
77.88102 3.049
77.88509 2.345
77.88916 2.767
77.89323 3.096
77.89730 2.885
77.90137 2.908
77.90543 2.932
77.90950 2.322
77.91357 3.189
77.91764 3.189
77.92171 2.603
77.92578 2.908
77.92984 2.932
77.93391 2.697
77.93798 2.955
77.94205 2.978
77.94612 2.861
77.95019 3.354
77.95426 2.556
77.95832 2.556
77.96239 2.697
77.96646 2.674
77.97053 2.580
77.97460 3.166
77.97867 3.025
77.98273 2.767
77.98680 2.838
77.99087 2.908
77.99494 3.236
77.99901 2.697
78.00308 2.767
78.00715 2.791
78.01121 2.791
78.01528 2.580
78.01935 3.518
78.02342 2.955
78.02749 3.166
78.03156 3.143
78.03563 2.838
78.03969 2.392
78.04376 2.674
78.04783 2.744
78.05190 2.744
78.05597 2.580
78.06004 2.885
78.06410 3.189
78.06817 3.002
78.07224 2.674
78.07631 3.166
78.08038 2.838
78.08445 2.627
78.08852 2.697
78.09258 2.767
78.09665 2.885
78.10072 2.533
78.10479 2.720
78.10886 2.697
78.11293 2.674
78.11700 2.932
78.12106 2.627
78.12513 2.767
78.12920 2.650
78.13327 2.674
78.13734 2.603
78.14141 3.096
78.14547 2.603
78.14954 2.791
78.15361 2.603
78.15768 2.932
78.16175 2.627
78.16582 3.025
78.16989 2.580
78.17395 2.720
78.17802 2.791
78.18209 2.978
78.18616 2.603
78.19023 2.814
78.19430 2.627
78.19836 2.908
78.20243 2.509
78.20650 2.205
78.21057 2.697
78.21464 2.462
78.21871 2.838
78.22278 2.439
78.22684 2.627
78.23091 2.556
78.23498 2.369
78.23905 2.697
78.24312 2.838
78.24719 2.885
78.25126 2.861
78.25532 2.392
78.25939 2.838
78.26346 2.720
78.26753 3.049
78.27160 2.650
78.27567 2.885
78.27973 2.674
78.28380 2.603
78.28787 2.111
78.29194 2.627
78.29601 2.228
78.30008 2.978
78.30415 2.439
78.30821 2.744
78.31228 3.236
78.31635 2.791
78.32042 2.744
78.32449 2.720
78.32856 2.767
78.33262 2.603
78.33669 3.049
78.34076 2.744
78.34483 2.978
78.34890 2.275
78.35297 2.697
78.35704 3.072
78.36110 2.650
78.36517 2.556
78.36924 3.119
78.37331 2.978
78.37738 2.674
78.38145 2.674
78.38552 2.674
78.38958 2.955
78.39365 2.814
78.39772 3.002
78.40179 2.908
78.40586 2.932
78.40993 3.025
78.41399 2.298
78.41806 2.838
78.42213 2.720
78.42620 2.978
78.43027 2.932
78.43434 2.275
78.43841 2.744
78.44247 2.720
78.44654 2.533
78.45061 3.401
78.45468 2.627
78.45875 2.978
78.46282 2.744
78.46689 2.650
78.47095 2.674
78.47502 2.556
78.47909 2.767
78.48316 3.283
78.48723 3.307
78.49130 3.143
78.49536 3.166
78.49943 2.908
78.50350 2.838
78.50757 2.814
78.51164 2.861
78.51571 3.096
78.51978 2.814
78.52384 2.791
78.52791 2.674
78.53198 2.861
78.53605 2.603
78.54012 2.885
78.54419 2.908
78.54825 3.002
78.55232 3.143
78.55639 3.025
78.56046 3.025
78.56453 2.838
78.56860 3.025
78.57267 3.002
78.57673 3.025
78.58080 3.002
78.58487 3.096
78.58894 2.932
78.59301 3.166
78.59708 2.814
78.60115 3.189
78.60521 2.932
78.60928 2.908
78.61335 2.603
78.61742 2.603
78.62149 3.283
78.62556 3.025
78.62962 2.932
78.63369 3.096
78.63776 2.861
78.64183 3.518
78.64590 3.260
78.64997 3.377
78.65404 2.978
78.65810 3.119
78.66217 2.814
78.66624 2.978
78.67031 2.978
78.67438 2.744
78.67845 3.072
78.68252 3.260
78.68658 2.697
78.69065 3.471
78.69472 3.424
78.69879 3.447
78.70286 3.049
78.70693 3.096
78.71099 3.307
78.71506 3.213
78.71913 2.978
78.72320 3.447
78.72727 3.049
78.73134 3.213
78.73541 3.166
78.73947 2.955
78.74354 3.354
78.74761 3.424
78.75168 3.424
78.75575 3.565
78.75982 3.119
78.76388 3.518
78.76795 3.330
78.77202 3.401
78.77609 2.978
78.78016 3.213
78.78423 3.283
78.78830 3.401
78.79236 3.330
78.79643 3.635
78.80050 3.354
78.80457 3.893
78.80864 3.917
78.81271 3.917
78.81678 3.189
78.82084 3.588
78.82491 4.174
78.82898 4.128
78.83305 3.987
78.83712 3.776
78.84119 4.174
78.84525 3.987
78.84932 4.526
78.85339 4.479
78.85746 4.995
78.86153 4.995
78.86560 4.855
78.86967 5.652
78.87373 4.925
78.87780 4.902
78.88187 5.300
78.88594 5.980
78.89001 5.652
78.89408 5.746
78.89815 5.746
78.90221 6.332
78.90628 6.918
78.91035 7.083
78.91442 6.801
78.91849 7.528
78.92256 8.232
78.92662 8.724
78.93069 8.232
78.93476 8.748
78.93883 8.888
78.94290 9.826
78.94697 9.780
78.95104 9.873
78.95510 10.413
78.95917 10.718
78.96324 10.624
78.96731 9.850
78.97138 11.585
78.97545 11.515
78.97951 11.538
78.98358 11.234
78.98765 12.359
78.99172 11.961
78.99579 11.773
78.99986 12.430
79.00393 12.781
79.00799 12.008
79.01206 11.327
79.01613 11.046
79.02020 11.937
79.02427 11.656
79.02834 11.656
79.03241 11.562
79.03647 10.295
79.04054 9.991
79.04461 9.451
79.04868 8.841
79.05275 9.522
79.05682 8.349
79.06088 7.974
79.06495 7.575
79.06902 7.575
79.07309 6.332
79.07716 5.652
79.08123 6.004
79.08530 6.379
79.08936 5.886
79.09343 5.746
79.09750 5.324
79.10157 5.441
79.10564 4.925
79.10971 5.159
79.11377 5.746
79.11784 5.183
79.12191 5.582
79.12598 5.347
79.13005 4.972
79.13412 5.206
79.13819 5.183
79.14225 5.183
79.14632 5.769
79.15039 6.215
79.15446 5.769
79.15853 5.980
79.16260 6.707
79.16667 6.590
79.17073 6.426
79.17480 6.074
79.17887 7.153
79.18294 6.965
79.18701 7.176
79.19108 7.036
79.19514 7.458
79.19921 7.786
79.20328 7.317
79.20735 7.645
79.21142 7.247
79.21549 6.965
79.21956 7.528
79.22362 6.942
79.22769 7.341
79.23176 7.528
79.23583 7.247
79.23990 7.598
79.24397 7.294
79.24804 6.778
79.25210 7.341
79.25617 6.825
79.26024 7.458
79.26431 6.496
79.26838 7.434
79.27245 6.825
79.27651 5.746
79.28058 5.933
79.28465 5.980
79.28872 6.098
79.29279 5.066
79.29686 5.371
79.30093 5.113
79.30499 4.831
79.30906 4.714
79.31313 4.432
79.31720 4.550
79.32127 4.151
79.32534 4.432
79.32940 4.292
79.33347 3.917
79.33754 4.057
79.34161 3.893
79.34568 3.635
79.34975 3.447
79.35382 2.791
79.35788 3.401
79.36195 2.885
79.36602 3.494
79.37009 4.128
79.37416 3.424
79.37823 3.424
79.38230 3.189
79.38636 3.189
79.39043 3.119
79.39450 3.260
79.39857 3.166
79.40264 3.002
79.40671 3.072
79.41077 3.049
79.41484 3.401
79.41891 2.978
79.42298 3.401
79.42705 2.932
79.43112 2.861
79.43519 3.002
79.43925 3.541
79.44332 3.049
79.44739 2.720
79.45146 2.978
79.45553 2.861
79.45960 3.025
79.46367 2.932
79.46773 3.025
79.47180 3.213
79.47587 2.509
79.47994 2.791
79.48401 3.072
79.48808 2.720
79.49214 3.307
79.49621 3.189
79.50028 2.932
79.50435 3.072
79.50842 3.166
79.51249 2.978
79.51656 2.580
79.52062 2.791
79.52469 2.908
79.52876 3.236
79.53283 3.330
79.53690 3.119
79.54097 3.119
79.54503 2.978
79.54910 2.861
79.55317 2.720
79.55724 2.486
79.56131 2.908
79.56538 2.885
79.56945 2.674
79.57351 2.908
79.57758 2.814
79.58165 2.978
79.58572 2.158
79.58979 2.486
79.59386 3.236
79.59793 3.143
79.60199 2.627
79.60606 2.838
79.61013 2.908
79.61420 2.791
79.61827 2.720
79.62234 2.533
79.62640 2.861
79.63047 2.181
79.63454 3.096
79.63861 3.377
79.64268 2.908
79.64675 2.814
79.65082 2.978
79.65488 2.509
79.65895 2.627
79.66302 2.627
79.66709 2.627
79.67116 2.533
79.67523 3.025
79.67930 2.509
79.68336 2.697
79.68743 2.720
79.69150 2.908
79.69557 2.885
79.69964 2.885
79.70371 2.603
79.70777 3.213
79.71184 2.416
79.71591 2.720
79.71998 2.814
79.72405 2.674
79.72812 2.744
79.73219 2.674
79.73625 2.298
79.74032 2.697
79.74439 2.439
79.74846 3.096
79.75253 3.002
79.75660 2.932
79.76066 2.298
79.76473 2.650
79.76880 2.650
79.77287 2.720
79.77694 2.298
79.78101 2.509
79.78508 3.002
79.78914 2.885
79.79321 2.650
79.79728 3.143
79.80135 2.392
79.80542 2.439
79.80949 2.369
79.81356 2.416
79.81762 2.720
79.82169 2.791
79.82576 2.181
79.82983 3.049
79.83390 2.650
79.83797 3.049
79.84203 2.744
79.84610 2.650
79.85017 2.697
79.85424 2.439
79.85831 2.509
79.86238 2.462
79.86645 2.392
79.87051 2.697
79.87458 2.603
79.87865 2.650
79.88272 2.603
79.88679 2.838
79.89086 2.627
79.89493 2.205
79.89899 3.471
79.90306 2.439
79.90713 2.814
79.91120 2.697
79.91527 2.697
79.91934 2.158
79.92340 2.627
79.92747 2.814
79.93154 2.650
79.93561 2.509
79.93968 1.923
79.94375 2.720
79.94782 2.556
79.95188 2.814
79.95595 2.298
79.96002 2.603
79.96409 2.650
79.96816 2.627
79.97223 2.650
79.97629 2.744
79.98036 2.533
79.98443 2.650
79.98850 2.791
79.99257 2.720
79.99664 2.533
80.00071 3.049
80.00477 2.697
80.00884 2.978
80.01291 2.556
80.01698 2.650
80.02105 2.697
80.02512 2.275
80.02919 2.720
80.03325 2.861
80.03732 2.767
80.04139 2.955
80.04546 2.486
80.04953 2.650
80.05360 3.002
80.05766 2.298
80.06173 2.838
80.06580 2.791
80.06987 2.978
80.07394 2.744
80.07801 2.697
80.08208 2.627
80.08614 2.439
80.09021 2.697
80.09428 2.556
80.09835 2.603
80.10242 2.416
80.10649 2.439
80.11055 2.861
80.11462 2.885
80.11869 2.275
80.12276 2.416
80.12683 2.556
80.13090 2.556
80.13497 2.509
80.13903 2.416
80.14310 2.791
80.14717 2.369
80.15124 3.025
80.15531 2.767
80.15938 2.580
80.16345 2.861
80.16751 2.556
80.17158 2.627
80.17565 2.697
80.17972 2.838
80.18379 2.767
80.18786 2.439
80.19192 2.580
80.19599 2.462
80.20006 2.838
80.20413 2.908
80.20820 3.143
80.21227 3.002
80.21634 2.603
80.22040 2.509
80.22447 2.556
80.22854 2.744
80.23261 2.814
80.23668 2.744
80.24075 2.298
80.24482 2.791
80.24888 2.416
80.25295 3.096
80.25702 2.345
80.26109 2.627
80.26516 2.462
80.26923 2.533
80.27329 2.955
80.27736 2.509
80.28143 2.767
80.28550 2.392
80.28957 2.556
80.29364 2.603
80.29771 2.650
80.30177 2.885
80.30584 2.439
80.30991 2.087
80.31398 2.486
80.31805 2.392
80.32212 3.096
80.32618 2.580
80.33025 2.861
80.33432 2.580
80.33839 2.580
80.34246 2.767
80.34653 2.580
80.35060 2.439
80.35466 2.650
80.35873 2.509
80.36280 2.814
80.36687 2.603
80.37094 2.416
80.37501 2.720
80.37908 2.134
80.38314 2.861
80.38721 2.603
80.39128 3.260
80.39535 2.298
80.39942 2.861
80.40349 2.627
80.40755 2.345
80.41162 2.416
80.41569 2.814
80.41976 2.298
80.42383 2.861
80.42790 2.462
80.43197 2.533
80.43603 2.744
80.44010 2.744
80.44417 2.720
80.44824 2.674
80.45231 2.416
80.45638 2.838
80.46045 2.392
80.46451 2.509
80.46858 3.189
80.47265 2.134
80.47672 2.650
80.48079 2.298
80.48486 2.251
80.48892 2.416
80.49299 2.392
80.49706 2.228
80.50113 2.814
80.50520 2.580
80.50927 2.369
80.51334 2.697
80.51740 3.025
80.52147 2.486
80.52554 2.674
80.52961 2.369
80.53368 2.509
80.53775 2.650
80.54181 2.627
80.54588 2.580
80.54995 2.556
80.55402 2.369
80.55809 2.416
80.56216 2.322
80.56623 3.025
80.57029 2.439
80.57436 2.767
80.57843 2.627
80.58250 2.674
80.58657 2.322
80.59064 2.439
80.59471 2.181
80.59877 2.697
80.60284 2.416
80.60691 2.674
80.61098 2.861
80.61505 2.205
80.61912 2.251
80.62318 2.580
80.62725 2.603
80.63132 2.462
80.63539 2.486
80.63946 2.509
80.64353 2.744
80.64760 2.462
80.65166 3.025
80.65573 2.908
80.65980 2.580
80.66387 2.486
80.66794 2.509
80.67201 2.369
80.67608 2.298
80.68014 2.486
80.68421 2.650
80.68828 2.322
80.69235 2.322
80.69642 3.002
80.70049 2.697
80.70455 2.509
80.70862 2.509
80.71269 2.322
80.71676 2.885
80.72083 2.345
80.72490 2.369
80.72897 2.462
80.73303 2.345
80.73710 2.509
80.74117 2.697
80.74524 2.369
80.74931 2.509
80.75338 2.603
80.75744 2.556
80.76151 2.486
80.76558 2.462
80.76965 2.439
80.77372 2.838
80.77779 2.627
80.78186 2.720
80.78592 2.720
80.78999 2.744
80.79406 2.603
80.79813 2.462
80.80220 2.697
80.80627 2.767
80.81034 2.650
80.81440 2.416
80.81847 2.251
80.82254 2.720
80.82661 2.720
80.83068 2.791
80.83475 2.556
80.83881 2.814
80.84288 2.744
80.84695 2.322
80.85102 3.072
80.85509 2.580
80.85916 2.814
80.86323 2.791
80.86729 2.509
80.87136 2.298
80.87543 2.369
80.87950 1.993
80.88357 2.791
80.88764 2.720
80.89170 2.509
80.89577 2.369
80.89984 2.556
80.90391 2.251
80.90798 2.603
80.91205 2.885
80.91612 2.134
80.92018 2.040
80.92425 2.275
80.92832 2.674
80.93239 2.345
80.93646 2.111
80.94053 2.697
80.94460 2.767
80.94866 2.462
80.95273 2.486
80.95680 2.509
80.96087 2.697
80.96494 2.533
80.96901 2.462
80.97307 2.416
80.97714 2.416
80.98121 2.275
80.98528 2.439
80.98935 2.369
80.99342 2.205
80.99749 2.627
81.00155 2.603
81.00562 2.392
81.00969 2.228
81.01376 2.533
81.01783 2.791
81.02190 2.369
81.02597 2.744
81.03003 2.674
81.03410 2.181
81.03817 2.369
81.04224 2.369
81.04631 2.275
81.05038 2.369
81.05444 2.674
81.05851 2.439
81.06258 2.744
81.06665 2.955
81.07072 2.533
81.07479 2.627
81.07886 2.322
81.08292 2.251
81.08699 2.181
81.09106 2.814
81.09513 2.322
81.09920 2.439
81.10327 2.674
81.10733 2.462
81.11140 2.416
81.11547 2.627
81.11954 2.251
81.12361 2.533
81.12768 2.627
81.13175 2.298
81.13581 2.298
81.13988 3.025
81.14395 2.228
81.14802 2.838
81.15209 2.556
81.15616 2.978
81.16023 2.345
81.16429 2.369
81.16836 2.462
81.17243 2.767
81.17650 2.228
81.18057 2.603
81.18464 2.416
81.18870 2.181
81.19277 2.439
81.19684 2.486
81.20091 2.744
81.20498 2.251
81.20905 2.674
81.21312 2.674
81.21718 2.697
81.22125 2.439
81.22532 3.072
81.22939 2.674
81.23346 2.369
81.23753 2.486
81.24160 2.580
81.24566 2.697
81.24973 2.603
81.25380 2.462
81.25787 2.416
81.26194 2.744
81.26601 2.650
81.27007 2.861
81.27414 2.392
81.27821 2.603
81.28228 2.744
81.28635 2.580
81.29042 2.603
81.29449 2.345
81.29855 2.650
81.30262 2.134
81.30669 2.486
81.31076 2.861
81.31483 2.392
81.31890 2.697
81.32296 2.674
81.32703 2.462
81.33110 2.744
81.33517 2.533
81.33924 2.439
81.34331 2.369
81.34738 2.955
81.35144 2.744
81.35551 2.369
81.35958 2.205
81.36365 2.603
81.36772 2.627
81.37179 2.181
81.37586 2.744
81.37992 2.345
81.38399 2.392
81.38806 2.533
81.39213 2.462
81.39620 2.345
81.40027 2.205
81.40433 2.228
81.40840 2.674
81.41247 2.205
81.41654 2.814
81.42061 2.322
81.42468 2.439
81.42875 2.392
81.43281 2.580
81.43688 2.345
81.44095 2.275
81.44502 2.744
81.44909 2.322
81.45316 2.462
81.45723 2.345
81.46129 2.791
81.46536 2.439
81.46943 2.251
81.47350 2.533
81.47757 2.322
81.48164 2.556
81.48570 2.439
81.48977 2.369
81.49384 2.275
81.49791 2.251
81.50198 2.814
81.50605 2.462
81.51012 2.580
81.51418 2.674
81.51825 2.627
81.52232 2.205
81.52639 2.181
81.53046 2.345
81.53453 2.744
81.53859 2.556
81.54266 2.181
81.54673 2.462
81.55080 2.181
81.55487 2.134
81.55894 2.580
81.56301 2.697
81.56707 2.533
81.57114 1.947
81.57521 2.650
81.57928 2.650
81.58335 2.603
81.58742 2.369
81.59149 2.345
81.59555 2.791
81.59962 2.674
81.60369 2.369
81.60776 2.533
81.61183 3.002
81.61590 2.298
81.61996 2.111
81.62403 2.627
81.62810 2.509
81.63217 2.603
81.63624 2.509
81.64031 2.228
81.64438 1.993
81.64844 2.416
81.65251 2.392
81.65658 2.462
81.66065 2.486
81.66472 2.744
81.66879 2.720
81.67285 2.580
81.67692 2.181
81.68099 2.205
81.68506 2.533
81.68913 2.369
81.69320 2.439
81.69727 2.791
81.70133 2.298
81.70540 2.486
81.70947 2.486
81.71354 2.111
81.71761 1.993
81.72168 2.603
81.72575 2.462
81.72981 2.627
81.73388 2.298
81.73795 2.556
81.74202 2.650
81.74609 2.345
81.75016 2.603
81.75422 2.580
81.75829 3.002
81.76236 2.181
81.76643 2.627
81.77050 2.087
81.77457 2.087
81.77864 2.158
81.78270 2.416
81.78677 2.744
81.79084 2.369
81.79491 2.744
81.79898 2.251
81.80305 2.181
81.80712 2.205
81.81118 2.603
81.81525 2.111
81.81932 2.064
81.82339 2.744
81.82746 2.486
81.83153 2.134
81.83559 2.275
81.83966 2.416
81.84373 2.885
81.84780 2.509
81.85187 2.486
81.85594 2.181
81.86001 2.486
81.86407 2.650
81.86814 2.580
81.87221 2.369
81.87628 2.392
81.88035 2.205
81.88442 2.767
81.88848 2.439
81.89255 2.580
81.89662 2.556
81.90069 2.392
81.90476 2.744
81.90883 2.462
81.91290 2.674
81.91696 1.947
81.92103 2.838
81.92510 2.439
81.92917 2.369
81.93324 2.205
81.93731 2.533
81.94138 2.767
81.94544 2.416
81.94951 2.369
81.95358 2.533
81.95765 2.627
81.96172 2.580
81.96579 2.932
81.96985 2.486
81.97392 2.861
81.97799 2.439
81.98206 2.767
81.98613 2.556
81.99020 2.627
81.99427 2.486
81.99833 2.134
82.00240 2.603
82.00647 2.134
82.01054 2.228
82.01461 2.556
82.01868 2.744
82.02275 2.298
82.02681 2.861
82.03088 1.970
82.03495 2.533
82.03902 2.509
82.04309 2.720
82.04716 2.298
82.05122 2.767
82.05529 2.744
82.05936 2.111
82.06343 2.392
82.06750 1.923
82.07157 2.158
82.07564 2.580
82.07970 2.509
82.08377 2.462
82.08784 2.322
82.09191 2.580
82.09598 2.462
82.10005 2.744
82.10411 2.580
82.10818 2.486
82.11225 2.392
82.11632 2.298
82.12039 2.369
82.12446 2.205
82.12853 2.228
82.13259 2.181
82.13666 2.158
82.14073 2.674
82.14480 2.040
82.14887 2.462
82.15294 2.392
82.15701 2.181
82.16107 2.392
82.16514 2.134
82.16921 2.462
82.17328 2.486
82.17735 2.416
82.18142 2.416
82.18548 2.392
82.18955 2.416
82.19362 2.533
82.19769 2.416
82.20176 2.298
82.20583 2.345
82.20990 2.650
82.21396 2.439
82.21803 2.298
82.22210 2.205
82.22617 2.533
82.23024 2.603
82.23431 2.650
82.23838 2.439
82.24244 2.416
82.24651 2.392
82.25058 2.298
82.25465 2.275
82.25872 2.392
82.26279 2.205
82.26685 2.533
82.27092 2.580
82.27499 2.322
82.27906 2.205
82.28313 2.486
82.28720 2.322
82.29127 2.509
82.29533 2.322
82.29940 2.462
82.30347 2.275
82.30754 2.533
82.31161 2.158
82.31568 2.416
82.31974 2.111
82.32381 2.064
82.32788 2.322
82.33195 2.416
82.33602 2.416
82.34009 2.322
82.34416 2.181
82.34822 2.439
82.35229 2.275
82.35636 2.322
82.36043 2.533
82.36450 2.322
82.36857 2.158
82.37264 2.509
82.37670 2.205
82.38077 2.462
82.38484 2.439
82.38891 1.970
82.39298 2.298
82.39705 2.087
82.40111 2.603
82.40518 2.603
82.40925 2.205
82.41332 2.908
82.41739 2.345
82.42146 2.627
82.42553 2.556
82.42959 3.119
82.43366 2.251
82.43773 2.087
82.44180 2.205
82.44587 3.002
82.44994 2.580
82.45400 2.556
82.45807 2.275
82.46214 2.533
82.46621 2.322
82.47028 2.158
82.47435 2.416
82.47842 2.439
82.48248 2.509
82.48655 2.322
82.49062 2.251
82.49469 2.228
82.49876 2.228
82.50283 1.993
82.50690 2.533
82.51096 2.392
82.51503 1.947
82.51910 2.205
82.52317 2.767
82.52724 2.509
82.53131 2.791
82.53537 2.111
82.53944 2.627
82.54351 2.650
82.54758 2.533
82.55165 2.392
82.55572 1.970
82.55979 2.322
82.56385 2.439
82.56792 2.580
82.57199 2.439
82.57606 2.580
82.58013 2.275
82.58420 1.853
82.58827 2.556
82.59233 2.251
82.59640 2.251
82.60047 2.251
82.60454 2.697
82.60861 2.275
82.61268 2.462
82.61674 2.627
82.62081 2.275
82.62488 2.322
82.62895 2.533
82.63302 2.416
82.63709 2.275
82.64116 2.158
82.64522 2.627
82.64929 2.603
82.65336 2.392
82.65743 2.087
82.66150 2.697
82.66557 2.603
82.66963 2.275
82.67370 2.650
82.67777 2.533
82.68184 2.087
82.68591 2.134
82.68998 1.829
82.69405 2.650
82.69811 2.298
82.70218 2.439
82.70625 2.509
82.71032 2.650
82.71439 2.017
82.71846 2.134
82.72253 2.345
82.72659 2.439
82.73066 2.369
82.73473 2.275
82.73880 2.580
82.74287 2.134
82.74694 2.509
82.75100 2.345
82.75507 2.392
82.75914 2.439
82.76321 2.580
82.76728 2.298
82.77135 2.111
82.77542 2.580
82.77948 2.556
82.78355 2.533
82.78762 2.275
82.79169 2.298
82.79576 2.298
82.79983 2.767
82.80390 2.228
82.80796 2.439
82.81203 3.002
82.81610 2.134
82.82017 2.416
82.82424 2.697
82.82831 2.486
82.83237 2.205
82.83644 2.158
82.84051 2.674
82.84458 2.791
82.84865 2.392
82.85272 2.486
82.85679 2.674
82.86085 2.416
82.86492 2.439
82.86899 2.509
82.87306 2.228
82.87713 2.322
82.88120 2.416
82.88526 1.993
82.88933 2.439
82.89340 2.533
82.89747 1.993
82.90154 2.064
82.90561 2.556
82.90968 2.369
82.91374 2.205
82.91781 2.087
82.92188 2.158
82.92595 1.900
82.93002 2.392
82.93409 2.509
82.93816 2.251
82.94222 2.580
82.94629 2.322
82.95036 2.509
82.95443 2.462
82.95850 1.947
82.96257 2.486
82.96663 2.650
82.97070 2.674
82.97477 2.509
82.97884 2.228
82.98291 2.205
82.98698 2.087
82.99105 2.322
82.99511 1.829
82.99918 2.416
83.00325 2.275
83.00732 2.064
83.01139 2.134
83.01546 2.744
83.01953 2.814
83.02359 2.439
83.02766 2.205
83.03173 1.970
83.03580 2.861
83.03987 2.275
83.04394 2.087
83.04800 2.205
83.05207 2.322
83.05614 2.486
83.06021 2.416
83.06428 2.627
83.06835 2.205
83.07242 2.087
83.07648 2.650
83.08055 2.509
83.08462 2.580
83.08869 2.533
83.09276 2.533
83.09683 2.181
83.10089 2.533
83.10496 2.369
83.10903 2.111
83.11310 2.462
83.11717 2.462
83.12124 2.416
83.12531 1.853
83.12937 2.345
83.13344 2.017
83.13751 2.298
83.14158 2.439
83.14565 2.580
83.14972 2.603
83.15379 2.275
83.15785 1.993
83.16192 2.486
83.16599 2.087
83.17006 2.627
83.17413 2.580
83.17820 2.439
83.18226 2.580
83.18633 2.650
83.19040 2.392
83.19447 2.650
83.19854 2.228
83.20261 2.158
83.20668 2.087
83.21074 2.439
83.21481 2.580
83.21888 2.439
83.22295 2.369
83.22702 2.416
83.23109 2.392
83.23516 2.064
83.23922 2.416
83.24329 2.416
83.24736 2.228
83.25143 2.322
83.25550 2.251
83.25957 2.087
83.26363 2.205
83.26770 2.251
83.27177 1.993
83.27584 2.603
83.27991 2.369
83.28398 2.181
83.28805 2.767
83.29211 2.345
83.29618 2.251
83.30025 1.993
83.30432 2.697
83.30839 2.533
83.31246 2.228
83.31652 2.674
83.32059 2.322
83.32466 2.462
83.32873 2.556
83.33280 2.275
83.33687 2.251
83.34094 2.275
83.34500 2.580
83.34907 1.947
83.35314 2.040
83.35721 2.509
83.36128 2.158
83.36535 2.509
83.36942 2.556
83.37348 2.228
83.37755 2.298
83.38162 2.462
83.38569 1.923
83.38976 2.228
83.39383 2.533
83.39789 2.439
83.40196 2.580
83.40603 1.571
83.41010 2.322
83.41417 2.369
83.41824 2.322
83.42231 2.251
83.42637 2.556
83.43044 2.134
83.43451 1.993
83.43858 2.369
83.44265 2.275
83.44672 2.392
83.45078 2.627
83.45485 2.533
83.45892 2.533
83.46299 2.134
83.46706 2.439
83.47113 2.744
83.47520 2.369
83.47926 1.947
83.48333 2.228
83.48740 2.087
83.49147 2.885
83.49554 2.369
83.49961 1.923
83.50368 2.205
83.50774 1.900
83.51181 2.697
83.51588 2.556
83.51995 2.181
83.52402 2.345
83.52809 2.416
83.53215 2.416
83.53622 2.298
83.54029 2.697
83.54436 2.533
83.54843 2.322
83.55250 2.134
83.55657 2.298
83.56063 2.861
83.56470 2.627
83.56877 2.087
83.57284 2.462
83.57691 2.533
83.58098 2.205
83.58505 2.627
83.58911 2.322
83.59318 2.205
83.59725 2.697
83.60132 2.603
83.60539 2.111
83.60946 2.416
83.61352 2.416
83.61759 2.439
83.62166 2.814
83.62573 2.040
83.62980 2.767
83.63387 1.947
83.63794 2.462
83.64200 2.298
83.64607 2.486
83.65014 2.017
83.65421 2.533
83.65828 2.275
83.66235 2.322
83.66641 2.322
83.67048 2.064
83.67455 2.509
83.67862 2.439
83.68269 2.345
83.68676 2.392
83.69083 1.947
83.69489 2.462
83.69896 2.720
83.70303 2.462
83.70710 2.345
83.71117 2.955
83.71524 2.181
83.71931 2.369
83.72337 2.181
83.72744 2.205
83.73151 2.158
83.73558 2.298
83.73965 2.603
83.74372 2.298
83.74778 2.556
83.75185 2.205
83.75592 2.744
83.75999 2.345
83.76406 2.322
83.76813 2.298
83.77220 2.205
83.77626 2.251
83.78033 2.134
83.78440 2.462
83.78847 2.087
83.79254 2.087
83.79661 2.439
83.80068 2.228
83.80474 2.017
83.80881 2.134
83.81288 2.298
83.81695 2.298
83.82102 2.251
83.82509 2.345
83.82915 2.416
83.83322 2.181
83.83729 2.298
83.84136 2.814
83.84543 2.767
83.84950 2.556
83.85357 2.017
83.85763 2.181
83.86170 2.556
83.86577 2.439
83.86984 2.087
83.87391 2.181
83.87798 2.369
83.88204 2.275
83.88611 2.251
83.89018 2.462
83.89425 2.509
83.89832 2.298
83.90239 2.533
83.90646 2.181
83.91052 2.298
83.91459 2.298
83.91866 2.017
83.92273 2.650
83.92680 2.486
83.93087 2.322
83.93494 1.900
83.93900 2.298
83.94307 2.603
83.94714 2.744
83.95121 2.439
83.95528 2.369
83.95935 2.087
83.96341 2.205
83.96748 2.345
83.97155 2.298
83.97562 2.181
83.97969 2.040
83.98376 2.040
83.98783 2.627
83.99189 2.064
83.99596 2.509
84.00003 2.158
84.00410 2.838
84.00817 2.181
84.01224 1.853
84.01631 2.251
84.02037 2.369
84.02444 2.087
84.02851 2.322
84.03258 2.509
84.03665 1.923
84.04072 2.462
84.04478 2.462
84.04885 2.439
84.05292 2.158
84.05699 2.486
84.06106 2.345
84.06513 2.462
84.06920 2.064
84.07326 2.158
84.07733 2.111
84.08140 2.205
84.08547 2.040
84.08954 2.251
84.09361 2.556
84.09767 2.533
84.10174 2.017
84.10581 2.017
84.10988 2.462
84.11395 2.040
84.11802 2.205
84.12209 2.251
84.12615 2.064
84.13022 2.744
84.13429 2.416
84.13836 2.251
84.14243 2.064
84.14650 2.275
84.15057 2.392
84.15463 2.322
84.15870 2.134
84.16277 2.228
84.16684 2.322
84.17091 2.228
84.17498 2.345
84.17904 2.275
84.18311 2.509
84.18718 2.603
84.19125 2.462
84.19532 2.486
84.19939 2.533
84.20346 2.181
84.20752 2.838
84.21159 1.970
84.21566 1.853
84.21973 2.369
84.22380 2.275
84.22787 2.040
84.23193 2.345
84.23600 2.369
84.24007 1.876
84.24414 2.205
84.24821 2.134
84.25228 1.923
84.25635 2.181
84.26041 2.181
84.26448 2.369
84.26855 1.853
84.27262 2.298
84.27669 2.251
84.28076 2.369
84.28483 2.369
84.28889 2.392
84.29296 2.087
84.29703 2.533
84.30110 2.228
84.30517 2.205
84.30924 2.181
84.31330 2.791
84.31737 2.205
84.32144 2.369
84.32551 2.087
84.32958 2.603
84.33365 2.158
84.33772 2.228
84.34178 2.322
84.34585 2.392
84.34992 2.416
84.35399 2.275
84.35806 2.439
84.36213 2.205
84.36620 2.298
84.37026 2.791
84.37433 2.416
84.37840 2.345
84.38247 2.322
84.38654 1.806
84.39061 1.970
84.39467 2.416
84.39874 2.205
84.40281 2.181
84.40688 2.181
84.41095 2.251
84.41502 2.392
84.41909 2.392
84.42315 2.134
84.42722 2.509
84.43129 2.533
84.43536 2.556
84.43943 2.838
84.44350 2.322
84.44756 2.251
84.45163 2.322
84.45570 2.205
84.45977 2.556
84.46384 2.322
84.46791 2.087
84.47198 2.462
84.47604 2.111
84.48011 2.158
84.48418 2.439
84.48825 2.181
84.49232 2.556
84.49639 2.345
84.50046 2.158
84.50452 2.251
84.50859 2.345
84.51266 2.697
84.51673 2.650
84.52080 2.533
84.52487 1.993
84.52893 2.978
84.53300 2.251
84.53707 2.439
84.54114 2.298
84.54521 2.251
84.54928 1.900
84.55335 2.486
84.55741 2.251
84.56148 2.205
84.56555 2.322
84.56962 2.416
84.57369 1.876
84.57776 2.509
84.58183 2.064
84.58589 2.181
84.58996 2.111
84.59403 2.416
84.59810 2.533
84.60217 2.650
84.60624 2.720
84.61030 2.158
84.61437 2.228
84.61844 2.251
84.62251 2.439
84.62658 2.228
84.63065 2.017
84.63472 2.416
84.63878 2.087
84.64285 2.040
84.64692 2.134
84.65099 2.509
84.65506 2.345
84.65913 2.345
84.66319 2.861
84.66726 1.970
84.67133 2.251
84.67540 2.228
84.67947 2.251
84.68354 2.650
84.68761 2.181
84.69167 2.134
84.69574 1.735
84.69981 2.509
84.70388 2.932
84.70795 2.298
84.71202 2.439
84.71609 1.923
84.72015 2.345
84.72422 2.205
84.72829 2.298
84.73236 2.298
84.73643 2.744
84.74050 2.205
84.74456 2.251
84.74863 2.064
84.75270 2.439
84.75677 2.251
84.76084 2.205
84.76491 2.251
84.76898 2.322
84.77304 2.674
84.77711 2.462
84.78118 2.345
84.78525 2.205
84.78932 1.759
84.79339 1.993
84.79746 2.275
84.80152 2.697
84.80559 2.158
84.80966 2.111
84.81373 2.439
84.81780 1.853
84.82187 2.697
84.82593 2.181
84.83000 2.322
84.83407 2.017
84.83814 2.462
84.84221 2.369
84.84628 2.298
84.85035 2.158
84.85441 1.923
84.85848 2.275
84.86255 2.181
84.86662 2.322
84.87069 2.134
84.87476 2.627
84.87882 2.369
84.88289 2.462
84.88696 2.392
84.89103 2.369
84.89510 2.674
84.89917 2.158
84.90324 2.486
84.90730 2.087
84.91137 2.603
84.91544 2.111
84.91951 2.298
84.92358 2.064
84.92765 2.205
84.93172 2.838
84.93578 2.439
84.93985 2.064
84.94392 2.251
84.94799 2.416
84.95206 2.017
84.95613 2.533
84.96019 2.251
84.96426 2.158
84.96833 2.275
84.97240 2.345
84.97647 2.251
84.98054 2.486
84.98461 2.369
84.98867 2.509
84.99274 2.392
84.99681 2.158
85.00088 2.322
85.00495 2.556
85.00902 2.462
85.01308 2.580
85.01715 2.134
85.02122 2.345
85.02529 2.205
85.02936 2.087
85.03343 2.650
85.03750 1.806
85.04156 2.416
85.04563 1.923
85.04970 2.158
85.05377 2.345
85.05784 2.392
85.06191 2.158
85.06598 2.322
85.07004 1.876
85.07411 2.275
85.07818 1.993
85.08225 2.439
85.08632 2.509
85.09039 2.298
85.09445 2.251
85.09852 2.322
85.10259 2.322
85.10666 2.580
85.11073 2.345
85.11480 1.970
85.11887 2.275
85.12293 2.838
85.12700 2.134
85.13107 2.040
85.13514 1.923
85.13921 1.829
85.14328 2.298
85.14735 2.416
85.15141 2.251
85.15548 2.251
85.15955 2.674
85.16362 2.275
85.16769 1.993
85.17176 2.134
85.17582 2.228
85.17989 2.744
85.18396 2.556
85.18803 2.111
85.19210 2.392
85.19617 2.580
85.20024 2.158
85.20430 2.392
85.20837 2.322
85.21244 2.251
85.21651 2.369
85.22058 2.275
85.22465 2.275
85.22871 1.970
85.23278 2.158
85.23685 2.134
85.24092 2.556
85.24499 2.416
85.24906 2.345
85.25313 2.111
85.25719 2.251
85.26126 2.181
85.26533 2.416
85.26940 2.087
85.27347 2.205
85.27754 2.298
85.28161 2.697
85.28567 2.228
85.28974 2.111
85.29381 2.345
85.29788 2.345
85.30195 2.298
85.30602 2.533
85.31008 1.970
85.31415 2.064
85.31822 2.205
85.32229 2.087
85.32636 2.462
85.33043 2.040
85.33450 2.111
85.33856 2.369
85.34263 2.275
85.34670 2.392
85.35077 2.298
85.35484 2.134
85.35891 2.697
85.36298 2.533
85.36704 2.416
85.37111 2.205
85.37518 2.392
85.37925 2.462
85.38332 2.674
85.38739 2.181
85.39145 2.275
85.39552 1.947
85.39959 2.509
85.40366 2.298
85.40773 2.298
85.41180 2.627
85.41587 2.087
85.41993 2.017
85.42400 2.040
85.42807 2.298
85.43214 2.064
85.43621 2.416
85.44028 2.298
85.44434 2.158
85.44841 2.439
85.45248 2.111
85.45655 2.556
85.46062 2.369
85.46469 2.205
85.46876 1.689
85.47282 1.829
85.47689 2.181
85.48096 2.369
85.48503 2.533
85.48910 2.134
85.49317 2.580
85.49724 2.627
85.50130 2.064
85.50537 2.627
85.50944 2.181
85.51351 2.674
85.51758 2.720
85.52165 2.580
85.52571 2.580
85.52978 1.947
85.53385 2.228
85.53792 2.275
85.54199 2.345
85.54606 2.392
85.55013 2.416
85.55419 1.665
85.55826 2.298
85.56233 2.181
85.56640 2.134
85.57047 2.275
85.57454 2.158
85.57861 2.040
85.58267 1.735
85.58674 2.345
85.59081 2.087
85.59488 2.228
85.59895 2.322
85.60302 2.111
85.60708 2.509
85.61115 1.665
85.61522 1.876
85.61929 2.181
85.62336 2.322
85.62743 2.509
85.63150 2.978
85.63556 2.462
85.63963 2.111
85.64370 2.251
85.64777 2.181
85.65184 2.392
85.65591 2.392
85.65997 2.744
85.66404 2.462
85.66811 2.392
85.67218 2.111
85.67625 1.900
85.68032 2.486
85.68439 2.345
85.68845 2.158
85.69252 2.158
85.69659 2.439
85.70066 2.111
85.70473 2.298
85.70880 1.900
85.71287 2.486
85.71693 1.712
85.72100 2.251
85.72507 2.158
85.72914 2.040
85.73321 2.205
85.73728 2.322
85.74134 2.158
85.74541 2.064
85.74948 2.275
85.75355 2.486
85.75762 2.509
85.76169 2.392
85.76576 2.134
85.76982 2.181
85.77389 2.462
85.77796 2.158
85.78203 2.134
85.78610 2.017
85.79017 2.205
85.79423 2.322
85.79830 2.603
85.80237 2.251
85.80644 2.439
85.81051 2.298
85.81458 2.462
85.81865 2.158
85.82271 2.885
85.82678 2.251
85.83085 2.275
85.83492 1.970
85.83899 2.298
85.84306 2.486
85.84713 2.345
85.85119 1.524
85.85526 2.509
85.85933 1.829
85.86340 2.486
85.86747 2.111
85.87154 2.439
85.87560 2.181
85.87967 2.134
85.88374 2.345
85.88781 2.181
85.89188 2.251
85.89595 2.462
85.90002 2.298
85.90408 2.416
85.90815 1.689
85.91222 2.861
85.91629 2.720
85.92036 2.251
85.92443 1.993
85.92850 2.791
85.93256 2.158
85.93663 2.416
85.94070 2.345
85.94477 2.181
85.94884 2.720
85.95291 2.298
85.95697 2.251
85.96104 2.369
85.96511 2.462
85.96918 2.345
85.97325 2.744
85.97732 2.509
85.98139 2.439
85.98545 1.947
85.98952 2.134
85.99359 2.744
85.99766 2.251
86.00173 2.064
86.00580 2.158
86.00986 2.345
86.01393 2.416
86.01800 2.650
86.02207 2.228
86.02614 1.900
86.03021 2.345
86.03428 2.298
86.03834 2.392
86.04241 2.369
86.04648 2.251
86.05055 2.087
86.05462 2.697
86.05869 2.439
86.06276 2.369
86.06682 2.462
86.07089 2.416
86.07496 2.228
86.07903 3.189
86.08310 2.111
86.08717 2.392
86.09123 2.111
86.09530 2.720
86.09937 2.369
86.10344 2.556
86.10751 2.087
86.11158 2.416
86.11565 2.251
86.11971 2.111
86.12378 2.228
86.12785 2.251
86.13192 2.838
86.13599 1.947
86.14006 2.228
86.14413 2.158
86.14819 2.111
86.15226 2.158
86.15633 2.369
86.16040 2.603
86.16447 2.627
86.16854 1.993
86.17260 2.322
86.17667 2.369
86.18074 2.369
86.18481 2.228
86.18888 2.369
86.19295 2.111
86.19702 2.298
86.20108 2.017
86.20515 2.181
86.20922 2.228
86.21329 2.158
86.21736 2.181
86.22143 2.111
86.22549 2.205
86.22956 2.158
86.23363 2.650
86.23770 2.111
86.24177 2.885
86.24584 2.158
86.24991 2.228
86.25397 2.275
86.25804 2.298
86.26211 1.993
86.26618 2.181
86.27025 2.064
86.27432 2.462
86.27839 2.228
86.28245 2.369
86.28652 2.697
86.29059 1.900
86.29466 1.759
86.29873 1.853
86.30280 2.322
86.30686 2.064
86.31093 2.416
86.31500 2.298
86.31907 1.970
86.32314 2.158
86.32721 2.674
86.33128 2.181
86.33534 2.486
86.33941 2.298
86.34348 2.181
86.34755 1.923
86.35162 2.064
86.35569 2.181
86.35976 2.158
86.36382 2.205
86.36789 2.275
86.37196 2.087
86.37603 2.275
86.38010 2.181
86.38417 2.322
86.38823 2.322
86.39230 2.298
86.39637 2.580
86.40044 2.345
86.40451 2.345
86.40858 2.251
86.41265 2.275
86.41671 2.181
86.42078 2.369
86.42485 2.205
86.42892 2.556
86.43299 2.345
86.43706 2.533
86.44112 2.322
86.44519 2.205
86.44926 2.767
86.45333 2.205
86.45740 2.650
86.46147 2.181
86.46554 2.275
86.46960 3.166
86.47367 1.993
86.47774 2.040
86.48181 2.439
86.48588 2.345
86.48995 2.134
86.49402 2.392
86.49808 2.181
86.50215 2.509
86.50622 2.158
86.51029 2.251
86.51436 2.134
86.51843 2.322
86.52249 1.782
86.52656 2.345
86.53063 2.158
86.53470 2.087
86.53877 2.064
86.54284 2.345
86.54691 2.251
86.55097 2.322
86.55504 2.017
86.55911 2.345
86.56318 2.251
86.56725 2.462
86.57132 1.993
86.57539 1.970
86.57945 1.759
86.58352 2.158
86.58759 2.439
86.59166 2.087
86.59573 2.251
86.59980 2.228
86.60386 2.462
86.60793 2.275
86.61200 2.298
86.61607 2.275
86.62014 2.462
86.62421 2.040
86.62828 2.228
86.63234 2.087
86.63641 1.993
86.64048 2.627
86.64455 2.322
86.64862 1.993
86.65269 2.486
86.65675 2.158
86.66082 2.345
86.66489 2.462
86.66896 2.275
86.67303 1.993
86.67710 2.087
86.68117 2.228
86.68523 2.111
86.68930 2.322
86.69337 2.533
86.69744 2.205
86.70151 2.345
86.70558 2.181
86.70965 1.853
86.71371 2.345
86.71778 2.181
86.72185 2.416
86.72592 2.017
86.72999 2.134
86.73406 2.369
86.73812 2.369
86.74219 2.416
86.74626 2.275
86.75033 2.322
86.75440 2.603
86.75847 2.322
86.76254 2.416
86.76660 2.158
86.77067 2.603
86.77474 2.603
86.77881 1.735
86.78288 2.392
86.78695 2.275
86.79101 2.298
86.79508 2.556
86.79915 2.345
86.80322 2.298
86.80729 2.228
86.81136 2.158
86.81543 2.462
86.81949 2.251
86.82356 2.251
86.82763 2.462
86.83170 2.369
86.83577 2.087
86.83984 2.298
86.84391 2.087
86.84797 2.298
86.85204 2.533
86.85611 2.158
86.86018 1.993
86.86425 2.509
86.86832 2.064
86.87238 2.509
86.87645 1.947
86.88052 2.087
86.88459 2.181
86.88866 2.181
86.89273 2.251
86.89680 2.017
86.90086 2.111
86.90493 2.580
86.90900 2.134
86.91307 2.228
86.91714 2.462
86.92121 2.087
86.92528 2.439
86.92934 2.369
86.93341 2.298
86.93748 2.627
86.94155 2.298
86.94562 2.369
86.94969 2.603
86.95375 2.251
86.95782 2.462
86.96189 2.111
86.96596 2.158
86.97003 2.533
86.97410 2.462
86.97817 1.970
86.98223 2.345
86.98630 2.509
86.99037 1.900
86.99444 2.392
86.99851 2.416
87.00258 2.533
87.00664 2.345
87.01071 2.298
87.01478 2.509
87.01885 2.439
87.02292 2.369
87.02699 2.298
87.03106 2.275
87.03512 2.322
87.03919 1.970
87.04326 2.158
87.04733 2.111
87.05140 2.181
87.05547 2.556
87.05954 2.392
87.06360 2.298
87.06767 2.744
87.07174 2.744
87.07581 2.439
87.07988 2.392
87.08395 2.275
87.08801 2.251
87.09208 2.486
87.09615 2.322
87.10022 1.782
87.10429 2.345
87.10836 2.275
87.11243 2.603
87.11649 2.416
87.12056 2.251
87.12463 2.392
87.12870 1.947
87.13277 2.251
87.13684 2.251
87.14091 2.298
87.14497 2.040
87.14904 2.345
87.15311 2.298
87.15718 2.345
87.16125 2.017
87.16532 2.228
87.16938 1.735
87.17345 2.439
87.17752 2.322
87.18159 2.040
87.18566 2.087
87.18973 2.181
87.19380 2.228
87.19786 2.158
87.20193 2.181
87.20600 2.111
87.21007 2.462
87.21414 2.720
87.21821 2.345
87.22227 2.462
87.22634 2.650
87.23041 2.298
87.23448 2.205
87.23855 2.439
87.24262 1.923
87.24669 2.158
87.25075 2.556
87.25482 2.205
87.25889 2.462
87.26296 2.674
87.26703 2.205
87.27110 2.533
87.27517 2.345
87.27923 2.533
87.28330 2.556
87.28737 2.298
87.29144 2.462
87.29551 2.908
87.29958 2.087
87.30364 2.369
87.30771 2.369
87.31178 2.064
87.31585 2.134
87.31992 2.228
87.32399 2.298
87.32806 2.298
87.33212 2.509
87.33619 2.392
87.34026 2.322
87.34433 2.486
87.34840 2.392
87.35247 1.970
87.35654 2.228
87.36060 2.627
87.36467 2.134
87.36874 2.322
87.37281 2.392
87.37688 2.603
87.38095 2.416
87.38501 2.181
87.38908 2.533
87.39315 2.158
87.39722 2.556
87.40129 2.509
87.40536 2.251
87.40943 2.322
87.41349 2.416
87.41756 2.158
87.42163 2.275
87.42570 2.228
87.42977 2.509
87.43384 2.533
87.43790 2.462
87.44197 2.369
87.44604 2.275
87.45011 2.509
87.45418 2.486
87.45825 2.439
87.46232 2.627
87.46638 2.040
87.47045 2.134
87.47452 2.650
87.47859 2.322
87.48266 2.064
87.48673 2.251
87.49080 2.322
87.49486 2.322
87.49893 1.642
87.50300 2.486
87.50707 2.064
87.51114 1.876
87.51521 2.345
87.51927 2.486
87.52334 2.181
87.52741 2.205
87.53148 2.087
87.53555 2.087
87.53962 2.181
87.54369 2.744
87.54775 3.002
87.55182 2.580
87.55589 2.439
87.55996 2.627
87.56403 2.158
87.56810 2.486
87.57216 2.439
87.57623 2.369
87.58030 2.158
87.58437 2.486
87.58844 2.017
87.59251 2.462
87.59658 2.580
87.60064 2.603
87.60471 2.205
87.60878 2.603
87.61285 2.603
87.61692 2.158
87.62099 2.251
87.62506 2.580
87.62912 2.181
87.63319 2.205
87.63726 2.158
87.64133 2.369
87.64540 2.345
87.64947 2.392
87.65353 2.345
87.65760 2.462
87.66167 2.275
87.66574 2.486
87.66981 2.509
87.67388 2.087
87.67795 2.556
87.68201 2.439
87.68608 2.720
87.69015 2.791
87.69422 2.369
87.69829 2.181
87.70236 2.392
87.70643 2.533
87.71049 2.369
87.71456 2.533
87.71863 2.580
87.72270 2.697
87.72677 2.345
87.73084 2.580
87.73490 2.251
87.73897 2.322
87.74304 2.627
87.74711 2.838
87.75118 2.580
87.75525 2.674
87.75932 2.158
87.76338 2.462
87.76745 2.603
87.77152 2.509
87.77559 2.674
87.77966 2.416
87.78373 2.627
87.78779 2.322
87.79186 2.627
87.79593 2.580
87.80000 2.744
87.80407 2.392
87.80814 2.345
87.81221 2.416
87.81627 2.392
87.82034 2.345
87.82441 2.720
87.82848 1.947
87.83255 2.791
87.83662 2.533
87.84069 2.908
87.84475 2.556
87.84882 3.025
87.85289 2.861
87.85696 2.533
87.86103 2.439
87.86510 2.580
87.86916 3.025
87.87323 2.978
87.87730 2.298
87.88137 2.533
87.88544 2.720
87.88951 2.955
87.89358 2.392
87.89764 2.838
87.90171 2.462
87.90578 2.697
87.90985 3.025
87.91392 2.861
87.91799 2.533
87.92206 2.627
87.92612 2.791
87.93019 3.283
87.93426 3.166
87.93833 2.486
87.94240 2.650
87.94647 2.486
87.95053 2.509
87.95460 2.674
87.95867 2.603
87.96274 2.814
87.96681 3.072
87.97088 2.908
87.97495 2.908
87.97901 2.838
87.98308 2.861
87.98715 3.072
87.99122 2.744
87.99529 2.580
87.99936 2.416
88.00342 3.002
88.00749 2.814
88.01156 2.814
88.01563 2.767
88.01970 2.674
88.02377 2.697
88.02784 3.002
88.03190 3.049
88.03597 2.814
88.04004 3.189
88.04411 2.533
88.04818 3.236
88.05225 3.049
88.05632 3.025
88.06038 3.049
88.06445 2.885
88.06852 3.260
88.07259 3.072
88.07666 2.791
88.08073 3.189
88.08479 3.143
88.08886 3.025
88.09293 3.494
88.09700 3.002
88.10107 3.283
88.10514 3.401
88.10921 3.002
88.11327 3.119
88.11734 3.236
88.12141 3.471
88.12548 3.659
88.12955 3.213
88.13362 3.729
88.13769 3.377
88.14175 4.268
88.14582 4.245
88.14989 3.307
88.15396 4.010
88.15803 4.855
88.16210 4.034
88.16616 3.612
88.17023 4.104
88.17430 3.659
88.17837 3.705
88.18244 4.034
88.18651 4.245
88.19058 4.151
88.19464 4.456
88.19871 4.128
88.20278 4.386
88.20685 6.215
88.21092 5.183
88.21499 4.620
88.21905 5.769
88.22312 5.582
88.22719 5.629
88.23126 6.098
88.23533 6.098
88.23940 5.558
88.24347 7.153
88.24753 6.637
88.25160 7.505
88.25567 7.036
88.25974 8.114
88.26381 8.654
88.26788 8.841
88.27195 9.451
88.27601 9.475
88.28008 9.334
88.28415 11.046
88.28822 11.023
88.29229 12.172
88.29636 12.242
88.30042 12.500
88.30449 13.555
88.30856 14.376
88.31263 14.423
88.31670 14.845
88.32077 15.009
88.32484 15.549
88.32890 16.534
88.33297 15.033
88.33704 16.041
88.34111 16.651
88.34518 16.932
88.34925 16.018
88.35331 17.355
88.35738 16.299
88.36145 17.120
88.36552 17.613
88.36959 16.557
88.37366 17.120
88.37773 15.994
88.38179 17.026
88.38586 15.760
88.38993 15.220
88.39400 14.470
88.39807 13.696
88.40214 12.992
88.40621 13.743
88.41027 12.477
88.41434 11.468
88.41841 9.146
88.42248 9.991
88.42655 9.053
88.43062 8.279
88.43468 8.724
88.43875 7.903
88.44282 7.645
88.44689 7.669
88.45096 6.168
88.45503 7.294
88.45910 6.168
88.46316 6.684
88.46723 5.675
88.47130 6.074
88.47537 5.535
88.47944 5.816
88.48351 5.417
88.48758 5.511
88.49164 5.582
88.49571 5.417
88.49978 5.629
88.50385 5.980
88.50792 5.417
88.51199 6.309
88.51605 5.769
88.52012 5.910
88.52419 6.449
88.52826 6.356
88.53233 5.793
88.53640 6.356
88.54047 6.754
88.54453 6.309
88.54860 6.191
88.55267 6.121
88.55674 6.801
88.56081 7.974
88.56488 7.739
88.56894 7.974
88.57301 8.185
88.57708 8.044
88.58115 7.786
88.58522 8.114
88.58929 7.880
88.59336 9.873
88.59742 9.146
88.60149 9.498
88.60556 9.264
88.60963 9.381
88.61370 9.404
88.61777 9.146
88.62184 9.217
88.62590 10.436
88.62997 9.920
88.63404 10.225
88.63811 10.319
88.64218 10.131
88.64625 9.850
88.65031 10.155
88.65438 9.240
88.65845 9.146
88.66252 8.771
88.66659 9.076
88.67066 8.372
88.67473 8.466
88.67879 7.598
88.68286 8.138
88.68693 7.552
88.69100 6.426
88.69507 6.356
88.69914 6.262
88.70321 6.637
88.70727 5.511
88.71134 5.793
88.71541 5.206
88.71948 5.863
88.72355 4.808
88.72762 4.902
88.73168 4.198
88.73575 5.113
88.73982 4.362
88.74389 3.776
88.74796 4.268
88.75203 3.447
88.75610 4.268
88.76016 3.987
88.76423 3.776
88.76830 3.799
88.77237 3.729
88.77644 3.424
88.78051 3.119
88.78457 2.978
88.78864 3.072
88.79271 3.612
88.79678 3.096
88.80085 3.119
88.80492 2.767
88.80899 3.236
88.81305 3.119
88.81712 2.486
88.82119 3.072
88.82526 2.744
88.82933 3.213
88.83340 2.838
88.83747 3.025
88.84153 2.767
88.84560 2.697
88.84967 3.354
88.85374 3.049
88.85781 2.533
88.86188 2.767
88.86594 2.908
88.87001 2.908
88.87408 2.697
88.87815 2.627
88.88222 2.838
88.88629 2.932
88.89036 2.767
88.89442 3.354
88.89849 2.462
88.90256 2.486
88.90663 2.861
88.91070 2.392
88.91477 2.533
88.91884 2.533
88.92290 2.955
88.92697 3.049
88.93104 2.720
88.93511 2.978
88.93918 2.908
88.94325 2.908
88.94731 2.791
88.95138 2.908
88.95545 2.556
88.95952 2.392
88.96359 3.189
88.96766 2.509
88.97173 1.947
88.97579 2.556
88.97986 2.322
88.98393 2.462
88.98800 2.720
88.99207 2.603
88.99614 2.791
89.00020 3.002
89.00427 2.392
89.00834 2.439
89.01241 2.556
89.01648 2.650
89.02055 2.181
89.02462 2.603
89.02868 2.298
89.03275 2.251
89.03682 2.720
89.04089 2.556
89.04496 2.345
89.04903 2.627
89.05310 3.025
89.05716 2.134
89.06123 2.885
89.06530 2.462
89.06937 2.275
89.07344 2.486
89.07751 2.369
89.08157 2.603
89.08564 2.087
89.08971 2.134
89.09378 2.134
89.09785 2.556
89.10192 2.509
89.10599 2.486
89.11005 2.345
89.11412 2.392
89.11819 2.509
89.12226 2.251
89.12633 2.556
89.13040 2.134
89.13447 2.298
89.13853 2.556
89.14260 2.158
89.14667 2.462
89.15074 2.087
89.15481 2.556
89.15888 2.392
89.16294 2.580
89.16701 2.205
89.17108 2.650
89.17515 2.814
89.17922 2.158
89.18329 2.322
89.18736 2.345
89.19142 2.697
89.19549 2.627
89.19956 2.322
89.20363 2.486
89.20770 2.509
89.21177 2.392
89.21583 2.369
89.21990 2.439
89.22397 2.580
89.22804 2.134
89.23211 2.392
89.23618 2.720
89.24025 2.392
89.24431 2.040
89.24838 2.251
89.25245 2.580
89.25652 2.486
89.26059 2.251
89.26466 2.017
89.26873 2.345
89.27279 2.674
89.27686 2.017
89.28093 2.017
89.28500 2.298
89.28907 2.040
89.29314 2.345
89.29720 2.345
89.30127 2.134
89.30534 2.087
89.30941 2.533
89.31348 2.134
89.31755 2.439
89.32162 2.298
89.32568 1.970
89.32975 2.627
89.33382 2.369
89.33789 2.298
89.34196 2.228
89.34603 2.111
89.35009 2.158
89.35416 2.369
89.35823 2.439
89.36230 2.251
89.36637 2.322
89.37044 2.345
89.37451 1.993
89.37857 2.134
89.38264 2.181
89.38671 2.251
89.39078 2.228
89.39485 2.040
89.39892 2.017
89.40299 2.134
89.40705 2.322
89.41112 2.064
89.41519 2.322
89.41926 2.392
89.42333 2.228
89.42740 2.486
89.43146 2.392
89.43553 2.181
89.43960 2.275
89.44367 2.720
89.44774 2.040
89.45181 2.040
89.45588 2.298
89.45994 2.462
89.46401 2.345
89.46808 2.486
89.47215 2.040
89.47622 2.486
89.48029 2.064
89.48436 2.533
89.48842 2.087
89.49249 1.993
89.49656 2.228
89.50063 2.017
89.50470 2.416
89.50877 2.392
89.51283 2.439
89.51690 2.158
89.52097 2.298
89.52504 2.134
89.52911 1.876
89.53318 2.580
89.53725 2.369
89.54131 2.205
89.54538 2.298
89.54945 2.111
89.55352 2.087
89.55759 2.064
89.56166 2.181
89.56572 2.674
89.56979 2.462
89.57386 2.556
89.57793 2.251
89.58200 2.533
89.58607 2.087
89.59014 2.486
89.59420 2.064
89.59827 2.486
89.60234 1.876
89.60641 2.345
89.61048 2.369
89.61455 2.111
89.61862 2.111
89.62268 2.087
89.62675 2.322
89.63082 2.228
89.63489 2.697
89.63896 1.853
89.64303 2.111
89.64709 1.900
89.65116 1.900
89.65523 2.064
89.65930 2.416
89.66337 2.111
89.66744 1.947
89.67151 2.322
89.67557 2.509
89.67964 2.087
89.68371 2.345
89.68778 2.556
89.69185 2.064
89.69592 2.392
89.69999 2.767
89.70405 2.509
89.70812 2.134
89.71219 2.158
89.71626 2.298
89.72033 2.392
89.72440 2.181
89.72846 2.134
89.73253 1.947
89.73660 2.345
89.74067 2.322
89.74474 2.416
89.74881 2.251
89.75288 2.158
89.75694 2.181
89.76101 2.158
89.76508 2.017
89.76915 2.158
89.77322 2.439
89.77729 2.533
89.78135 2.017
89.78542 2.298
89.78949 2.462
89.79356 1.618
89.79763 2.087
89.80170 2.462
89.80577 2.228
89.80983 2.228
89.81390 1.806
89.81797 2.205
89.82204 2.298
89.82611 2.111
89.83018 1.923
89.83425 2.275
89.83831 2.392
89.84238 2.533
89.84645 1.970
89.85052 2.251
89.85459 1.735
89.85866 1.993
89.86272 2.322
89.86679 2.158
89.87086 1.993
89.87493 1.900
89.87900 2.251
89.88307 2.486
89.88714 2.392
89.89120 2.228
89.89527 2.392
89.89934 2.181
89.90341 2.040
89.90748 2.345
89.91155 2.040
89.91562 2.228
89.91968 2.134
89.92375 2.509
89.92782 2.158
89.93189 2.275
89.93596 2.978
89.94003 1.900
89.94409 1.900
89.94816 2.064
89.95223 2.017
89.95630 2.509
89.96037 2.439
89.96444 2.369
89.96851 1.947
89.97257 1.782
89.97664 1.970
89.98071 2.298
89.98478 2.181
89.98885 2.205
89.99292 2.322
89.99698 1.853
90.00105 1.876
90.00512 2.228
90.00919 2.181
90.01326 2.275
90.01733 2.275
90.02140 2.275
90.02546 1.993
90.02953 2.322
90.03360 2.158
90.03767 2.181
90.04174 2.275
90.04581 1.900
90.04988 1.923
90.05394 2.181
90.05801 2.533
90.06208 1.735
90.06615 2.087
90.07022 2.017
90.07429 2.251
90.07835 2.064
90.08242 2.134
90.08649 2.251
90.09056 2.040
90.09463 2.345
90.09870 2.228
90.10277 2.369
90.10683 2.392
90.11090 2.251
90.11497 2.533
90.11904 2.509
90.12311 2.111
90.12718 2.674
90.13124 1.689
90.13531 2.556
90.13938 2.251
90.14345 2.251
90.14752 1.923
90.15159 2.251
90.15566 2.158
90.15972 2.674
90.16379 2.322
90.16786 2.392
90.17193 2.134
90.17600 2.017
90.18007 2.322
90.18414 2.322
90.18820 1.923
90.19227 2.345
90.19634 1.900
90.20041 2.369
90.20448 2.322
90.20855 2.486
90.21261 2.322
90.21668 1.993
90.22075 2.275
90.22482 2.205
90.22889 2.251
90.23296 2.439
90.23703 2.275
90.24109 2.580
90.24516 2.064
90.24923 2.064
90.25330 2.251
90.25737 2.369
90.26144 2.158
90.26551 1.900
90.26957 2.251
90.27364 2.064
90.27771 2.181
90.28178 2.158
90.28585 2.251
90.28992 2.087
90.29398 2.322
90.29805 2.298
90.30212 1.970
90.30619 2.416
90.31026 2.181
90.31433 2.205
90.31840 2.228
90.32246 2.064
90.32653 1.923
90.33060 1.970
90.33467 2.111
90.33874 2.298
90.34281 2.158
90.34687 2.064
90.35094 2.392
90.35501 2.111
90.35908 2.509
90.36315 2.462
90.36722 2.298
90.37129 2.345
90.37535 1.923
90.37942 2.486
90.38349 2.134
90.38756 2.181
90.39163 2.345
90.39570 1.759
90.39977 2.251
90.40383 2.017
90.40790 2.509
90.41197 2.439
90.41604 2.111
90.42011 2.205
90.42418 2.275
90.42824 1.947
90.43231 2.439
90.43638 2.134
90.44045 2.369
90.44452 2.556
90.44859 2.275
90.45266 2.228
90.45672 2.158
90.46079 1.900
90.46486 2.298
90.46893 2.228
90.47300 2.275
90.47707 2.345
90.48114 2.392
90.48520 2.040
90.48927 2.416
90.49334 2.439
90.49741 1.993
90.50148 2.251
90.50555 2.462
90.50961 2.111
90.51368 2.416
90.51775 2.134
90.52182 2.767
90.52589 2.134
90.52996 1.993
90.53403 1.993
90.53809 2.181
90.54216 2.275
90.54623 2.134
90.55030 2.228
90.55437 2.040
90.55844 2.017
90.56250 2.251
90.56657 1.993
90.57064 1.712
90.57471 2.087
90.57878 1.782
90.58285 2.369
90.58692 2.416
90.59098 1.947
90.59505 1.947
90.59912 1.876
90.60319 1.993
90.60726 2.134
90.61133 1.900
90.61540 2.181
90.61946 2.345
90.62353 2.674
90.62760 1.900
90.63167 2.040
90.63574 2.345
90.63981 2.275
90.64387 2.462
90.64794 2.275
90.65201 2.298
90.65608 2.275
90.66015 2.369
90.66422 1.970
90.66829 1.993
90.67235 2.158
90.67642 2.462
90.68049 2.205
90.68456 2.392
90.68863 1.923
90.69270 2.087
90.69677 1.829
90.70083 2.017
90.70490 2.275
90.70897 1.829
90.71304 2.298
90.71711 2.462
90.72118 2.462
90.72524 2.111
90.72931 2.228
90.73338 2.298
90.73745 1.853
90.74152 2.298
90.74559 1.876
90.74966 1.876
90.75372 2.486
90.75779 1.970
90.76186 1.970
90.76593 2.087
90.77000 2.205
90.77407 2.486
90.77813 2.369
90.78220 2.228
90.78627 2.369
90.79034 2.040
90.79441 2.064
90.79848 2.111
90.80255 2.134
90.80661 2.580
90.81068 1.712
90.81475 2.439
90.81882 2.040
90.82289 1.993
90.82696 2.228
90.83103 2.345
90.83509 2.228
90.83916 2.181
90.84323 2.462
90.84730 2.205
90.85137 2.509
90.85544 2.158
90.85950 1.970
90.86357 2.298
90.86764 2.017
90.87171 2.111
90.87578 2.392
90.87985 2.439
90.88392 2.251
90.88798 2.275
90.89205 1.900
90.89612 2.345
90.90019 2.322
90.90426 2.462
90.90833 2.111
90.91239 1.806
90.91646 1.970
90.92053 1.876
90.92460 2.275
90.92867 2.040
90.93274 2.040
90.93681 2.087
90.94087 2.181
90.94494 2.158
90.94901 2.251
90.95308 2.111
90.95715 1.923
90.96122 2.087
90.96529 2.017
90.96935 1.876
90.97342 1.947
90.97749 2.158
90.98156 1.993
90.98563 2.087
90.98970 1.876
90.99376 2.040
90.99783 2.275
91.00190 2.275
91.00597 2.275
91.01004 1.993
91.01411 2.275
91.01818 2.064
91.02224 2.040
91.02631 2.087
91.03038 2.251
91.03445 2.017
91.03852 2.205
91.04259 1.993
91.04666 2.087
91.05072 2.275
91.05479 2.181
91.05886 1.970
91.06293 1.923
91.06700 1.993
91.07107 2.064
91.07513 2.298
91.07920 2.040
91.08327 2.087
91.08734 2.087
91.09141 2.134
91.09548 2.416
91.09955 2.486
91.10361 1.947
91.10768 2.275
91.11175 2.111
91.11582 2.087
91.11989 2.298
91.12396 2.017
91.12802 2.556
91.13209 2.251
91.13616 2.111
91.14023 2.087
91.14430 2.345
91.14837 2.205
91.15244 2.134
91.15650 2.228
91.16057 2.251
91.16464 1.947
91.16871 1.806
91.17278 2.533
91.17685 2.158
91.18092 2.486
91.18498 2.087
91.18905 2.064
91.19312 2.134
91.19719 1.947
91.20126 2.205
91.20533 2.158
91.20939 2.275
91.21346 2.251
91.21753 2.486
91.22160 2.158
91.22567 2.486
91.22974 2.064
91.23381 1.876
91.23787 2.251
91.24194 2.298
91.24601 2.298
91.25008 2.298
91.25415 2.392
91.25822 2.509
91.26229 1.993
91.26635 2.697
91.27042 2.087
91.27449 2.462
91.27856 2.111
91.28263 2.439
91.28670 2.462
91.29076 2.462
91.29483 2.369
91.29890 2.275
91.30297 2.064
91.30704 1.970
91.31111 2.111
91.31518 2.486
91.31924 1.829
91.32331 1.947
91.32738 2.580
91.33145 2.181
91.33552 2.275
91.33959 1.970
91.34365 2.251
91.34772 2.439
91.35179 2.205
91.35586 1.806
91.35993 1.665
91.36400 2.205
91.36807 1.900
91.37213 1.970
91.37620 2.369
91.38027 2.251
91.38434 2.228
91.38841 2.181
91.39248 1.947
91.39655 2.298
91.40061 2.111
91.40468 2.392
91.40875 2.533
91.41282 2.181
91.41689 2.040
91.42096 2.556
91.42502 2.275
91.42909 2.181
91.43316 2.345
91.43723 2.205
91.44130 2.251
91.44537 2.158
91.44944 2.064
91.45350 2.205
91.45757 2.369
91.46164 2.251
91.46571 2.462
91.46978 2.251
91.47385 2.087
91.47792 2.486
91.48198 1.993
91.48605 2.158
91.49012 2.533
91.49419 2.134
91.49826 1.947
91.50233 2.392
91.50639 2.134
91.51046 2.017
91.51453 2.111
91.51860 2.533
91.52267 2.392
91.52674 2.064
91.53081 2.978
91.53487 2.486
91.53894 2.134
91.54301 2.345
91.54708 2.251
91.55115 2.228
91.55522 2.064
91.55928 2.228
91.56335 1.876
91.56742 2.181
91.57149 2.064
91.57556 2.228
91.57963 1.665
91.58370 2.064
91.58776 2.064
91.59183 2.017
91.59590 2.111
91.59997 2.134
91.60404 2.369
91.60811 1.853
91.61218 2.087
91.61624 2.228
91.62031 2.040
91.62438 2.322
91.62845 2.251
91.63252 2.251
91.63659 2.111
91.64065 1.970
91.64472 2.040
91.64879 2.345
91.65286 2.439
91.65693 2.228
91.66100 2.345
91.66507 2.158
91.66913 1.970
91.67320 2.205
91.67727 2.392
91.68134 1.993
91.68541 2.298
91.68948 2.158
91.69354 1.806
91.69761 2.205
91.70168 2.181
91.70575 2.369
91.70982 2.064
91.71389 2.275
91.71796 1.970
91.72202 2.087
91.72609 2.111
91.73016 2.181
91.73423 1.970
91.73830 2.064
91.74237 1.900
91.74644 2.134
91.75050 2.369
91.75457 2.462
91.75864 1.876
91.76271 2.298
91.76678 2.322
91.77085 2.064
91.77491 2.298
91.77898 2.228
91.78305 2.017
91.78712 2.158
91.79119 1.876
91.79526 2.369
91.79933 1.947
91.80339 2.697
91.80746 2.674
91.81153 2.181
91.81560 1.853
91.81967 1.876
91.82374 2.462
91.82781 2.181
91.83187 2.298
91.83594 2.111
91.84001 2.158
91.84408 2.158
91.84815 1.853
91.85222 2.275
91.85628 2.087
91.86035 2.205
91.86442 1.735
91.86849 2.439
91.87256 2.345
91.87663 2.298
91.88070 2.040
91.88476 2.627
91.88883 2.251
91.89290 1.923
91.89697 2.111
91.90104 2.017
91.90511 2.134
91.90917 2.017
91.91324 1.970
91.91731 2.275
91.92138 2.158
91.92545 2.111
91.92952 2.017
91.93359 2.064
91.93765 1.853
91.94172 2.251
91.94579 2.134
91.94986 2.087
91.95393 2.345
91.95800 1.923
91.96207 2.439
91.96613 2.345
91.97020 2.416
91.97427 2.064
91.97834 2.369
91.98241 2.134
91.98648 1.923
91.99054 2.181
91.99461 2.345
91.99868 1.947
92.00275 2.205
92.00682 1.923
92.01089 2.134
92.01496 2.158
92.01902 2.392
92.02309 1.900
92.02716 2.298
92.03123 2.322
92.03530 2.040
92.03937 2.158
92.04344 1.806
92.04750 2.181
92.05157 2.298
92.05564 2.322
92.05971 1.923
92.06378 2.275
92.06785 2.064
92.07191 1.759
92.07598 2.392
92.08005 1.947
92.08412 2.251
92.08819 2.205
92.09226 2.181
92.09633 1.947
92.10039 2.228
92.10446 2.439
92.10853 1.923
92.11260 2.205
92.11667 2.205
92.12074 2.181
92.12480 2.134
92.12887 2.064
92.13294 1.806
92.13701 2.322
92.14108 2.228
92.14515 1.876
92.14922 1.876
92.15328 2.134
92.15735 2.111
92.16142 1.571
92.16549 2.111
92.16956 1.993
92.17363 2.603
92.17770 2.627
92.18176 2.251
92.18583 2.509
92.18990 2.064
92.19397 2.087
92.19804 2.111
92.20211 1.665
92.20617 2.158
92.21024 2.556
92.21431 2.111
92.21838 2.298
92.22245 2.134
92.22652 1.853
92.23059 2.392
92.23465 1.782
92.23872 2.251
92.24279 2.087
92.24686 2.275
92.25093 2.251
92.25500 2.158
92.25907 2.205
92.26313 2.345
92.26720 2.369
92.27127 2.134
92.27534 1.993
92.27941 2.205
92.28348 1.970
92.28754 2.275
92.29161 2.345
92.29568 1.806
92.29975 2.486
92.30382 2.251
92.30789 2.275
92.31196 2.134
92.31602 1.806
92.32009 1.853
92.32416 2.040
92.32823 2.111
92.33230 2.791
92.33637 2.486
92.34043 2.462
92.34450 2.392
92.34857 2.181
92.35264 2.181
92.35671 2.533
92.36078 2.158
92.36485 2.134
92.36891 2.228
92.37298 2.064
92.37705 2.275
92.38112 2.017
92.38519 1.993
92.38926 2.181
92.39333 2.486
92.39739 1.900
92.40146 2.298
92.40553 2.275
92.40960 1.970
92.41367 2.205
92.41774 2.228
92.42180 2.345
92.42587 1.947
92.42994 2.040
92.43401 1.665
92.43808 1.782
92.44215 1.829
92.44622 1.947
92.45028 2.509
92.45435 2.064
92.45842 2.298
92.46249 2.205
92.46656 2.322
92.47063 2.111
92.47470 2.205
92.47876 2.627
92.48283 1.993
92.48690 2.228
92.49097 2.275
92.49504 2.416
92.49911 1.900
92.50317 2.087
92.50724 1.689
92.51131 2.064
92.51538 2.439
92.51945 1.853
92.52352 1.970
92.52759 2.275
92.53165 2.345
92.53572 2.298
92.53979 2.040
92.54386 2.158
92.54793 2.111
92.55200 2.345
92.55606 2.322
92.56013 2.462
92.56420 2.040
92.56827 2.533
92.57234 2.134
92.57641 2.369
92.58048 2.017
92.58454 2.650
92.58861 2.181
92.59268 2.158
92.59675 2.228
92.60082 2.181
92.60489 1.642
92.60896 2.369
92.61302 2.533
92.61709 1.970
92.62116 1.689
92.62523 2.017
92.62930 2.158
92.63337 2.486
92.63743 2.087
92.64150 2.275
92.64557 2.345
92.64964 2.205
92.65371 2.040
92.65778 2.251
92.66185 2.205
92.66591 2.439
92.66998 2.111
92.67405 2.416
92.67812 2.509
92.68219 2.017
92.68626 2.134
92.69032 2.298
92.69439 2.158
92.69846 1.853
92.70253 1.923
92.70660 2.205
92.71067 2.134
92.71474 1.853
92.71880 2.251
92.72287 2.275
92.72694 2.416
92.73101 2.017
92.73508 2.040
92.73915 2.251
92.74322 1.970
92.74728 2.040
92.75135 2.017
92.75542 1.829
92.75949 1.900
92.76356 2.111
92.76763 2.298
92.77169 2.158
92.77576 2.158
92.77983 1.970
92.78390 2.017
92.78797 2.298
92.79204 2.158
92.79611 2.087
92.80017 2.556
92.80424 2.017
92.80831 2.111
92.81238 2.416
92.81645 2.134
92.82052 2.134
92.82459 1.947
92.82865 2.087
92.83272 2.087
92.83679 2.158
92.84086 2.298
92.84493 1.900
92.84900 2.486
92.85306 2.158
92.85713 1.853
92.86120 2.158
92.86527 2.181
92.86934 2.697
92.87341 2.205
92.87748 2.205
92.88154 1.947
92.88561 2.439
92.88968 2.134
92.89375 1.993
92.89782 2.322
92.90189 2.228
92.90595 1.923
92.91002 2.627
92.91409 2.111
92.91816 2.087
92.92223 2.087
92.92630 2.275
92.93037 2.205
92.93443 2.040
92.93850 2.603
92.94257 2.205
92.94664 2.228
92.95071 2.158
92.95478 2.462
92.95885 2.322
92.96291 1.993
92.96698 2.228
92.97105 2.369
92.97512 2.392
92.97919 2.111
92.98326 2.158
92.98732 1.923
92.99139 2.345
92.99546 2.181
92.99953 1.923
93.00360 2.064
93.00767 2.040
93.01174 2.087
93.01580 2.251
93.01987 1.970
93.02394 2.228
93.02801 2.439
93.03208 2.345
93.03615 1.993
93.04022 2.087
93.04428 1.923
93.04835 2.205
93.05242 2.251
93.05649 2.228
93.06056 2.275
93.06463 1.806
93.06869 2.205
93.07276 2.298
93.07683 2.298
93.08090 2.580
93.08497 2.064
93.08904 2.181
93.09311 2.064
93.09717 2.158
93.10124 2.228
93.10531 2.369
93.10938 2.298
93.11345 2.392
93.11752 2.251
93.12158 2.181
93.12565 1.993
93.12972 2.275
93.13379 2.087
93.13786 2.205
93.14193 2.416
93.14600 2.040
93.15006 2.111
93.15413 2.111
93.15820 2.369
93.16227 2.369
93.16634 2.087
93.17041 2.509
93.17448 1.689
93.17854 1.947
93.18261 2.111
93.18668 1.806
93.19075 1.876
93.19482 1.993
93.19889 2.228
93.20295 2.439
93.20702 2.251
93.21109 2.486
93.21516 2.205
93.21923 2.158
93.22330 2.134
93.22737 1.829
93.23143 2.416
93.23550 1.829
93.23957 2.087
93.24364 2.017
93.24771 1.947
93.25178 1.853
93.25585 2.369
93.25991 2.275
93.26398 2.087
93.26805 2.509
93.27212 1.993
93.27619 2.134
93.28026 1.947
93.28432 2.556
93.28839 2.392
93.29246 2.345
93.29653 2.111
93.30060 2.369
93.30467 2.181
93.30874 2.017
93.31280 2.345
93.31687 2.017
93.32094 2.134
93.32501 2.181
93.32908 2.087
93.33315 2.462
93.33721 2.369
93.34128 2.369
93.34535 1.947
93.34942 1.923
93.35349 2.158
93.35756 1.993
93.36163 2.767
93.36569 1.571
93.36976 2.017
93.37383 1.993
93.37790 2.205
93.38197 2.205
93.38604 2.111
93.39011 2.111
93.39417 2.275
93.39824 2.064
93.40231 2.392
93.40638 2.228
93.41045 2.040
93.41452 1.735
93.41858 2.251
93.42265 2.181
93.42672 1.947
93.43079 2.064
93.43486 1.947
93.43893 2.040
93.44300 1.923
93.44706 2.064
93.45113 2.158
93.45520 2.205
93.45927 2.064
93.46334 2.205
93.46741 2.251
93.47147 2.462
93.47554 2.111
93.47961 2.369
93.48368 2.228
93.48775 2.111
93.49182 2.533
93.49589 2.228
93.49995 2.205
93.50402 2.040
93.50809 2.392
93.51216 2.017
93.51623 2.228
93.52030 2.345
93.52437 1.876
93.52843 2.251
93.53250 2.064
93.53657 2.322
93.54064 2.205
93.54471 2.064
93.54878 2.369
93.55284 2.181
93.55691 2.416
93.56098 2.087
93.56505 2.439
93.56912 2.650
93.57319 2.087
93.57726 2.580
93.58132 2.111
93.58539 2.111
93.58946 1.970
93.59353 2.275
93.59760 2.158
93.60167 2.064
93.60574 2.205
93.60980 2.040
93.61387 1.923
93.61794 2.158
93.62201 2.369
93.62608 2.509
93.63015 2.556
93.63421 1.853
93.63828 2.134
93.64235 1.993
93.64642 2.087
93.65049 2.111
93.65456 2.251
93.65863 2.345
93.66269 2.251
93.66676 2.087
93.67083 1.947
93.67490 2.134
93.67897 2.158
93.68304 2.111
93.68710 2.205
93.69117 2.322
93.69524 1.853
93.69931 2.298
93.70338 2.228
93.70745 2.345
93.71152 2.275
93.71558 2.064
93.71965 2.111
93.72372 2.181
93.72779 1.853
93.73186 2.674
93.73593 2.251
93.74000 2.462
93.74406 2.275
93.74813 2.205
93.75220 2.134
93.75627 1.970
93.76034 1.923
93.76441 2.298
93.76847 1.947
93.77254 1.876
93.77661 2.158
93.78068 2.486
93.78475 2.017
93.78882 1.947
93.79289 2.439
93.79695 2.040
93.80102 2.134
93.80509 2.134
93.80916 1.501
93.81323 2.158
93.81730 2.462
93.82137 2.228
93.82543 2.251
93.82950 2.205
93.83357 1.970
93.83764 2.369
93.84171 2.205
93.84578 1.923
93.84984 2.111
93.85391 2.017
93.85798 2.228
93.86205 2.040
93.86612 2.158
93.87019 2.275
93.87426 1.947
93.87832 2.369
93.88239 2.158
93.88646 1.970
93.89053 1.947
93.89460 2.462
93.89867 2.134
93.90273 2.744
93.90680 2.064
93.91087 1.947
93.91494 1.970
93.91901 2.181
93.92308 2.158
93.92715 2.416
93.93121 2.228
93.93528 1.993
93.93935 2.228
93.94342 2.251
93.94749 2.181
93.95156 2.416
93.95563 2.158
93.95969 2.111
93.96376 1.853
93.96783 2.251
93.97190 2.228
93.97597 2.509
93.98004 2.205
93.98410 2.275
93.98817 2.158
93.99224 2.064
93.99631 2.228
94.00038 1.876
94.00445 1.853
94.00852 2.228
94.01258 2.228
94.01665 2.345
94.02072 2.556
94.02479 2.064
94.02886 2.064
94.03293 1.759
94.03700 1.947
94.04106 1.900
94.04513 2.322
94.04920 2.017
94.05327 2.064
94.05734 2.580
94.06141 2.298
94.06547 2.251
94.06954 2.087
94.07361 2.228
94.07768 2.392
94.08175 2.251
94.08582 2.087
94.08989 2.392
94.09395 2.298
94.09802 2.439
94.10209 2.134
94.10616 2.298
94.11023 2.251
94.11430 2.251
94.11836 1.876
94.12243 2.275
94.12650 2.486
94.13057 1.923
94.13464 2.439
94.13871 2.205
94.14278 1.900
94.14684 2.322
94.15091 2.181
94.15498 2.111
94.15905 1.900
94.16312 2.040
94.16719 2.087
94.17126 2.838
94.17532 1.735
94.17939 2.416
94.18346 2.228
94.18753 2.392
94.19160 2.017
94.19567 2.322
94.19973 2.205
94.20380 2.087
94.20787 2.205
94.21194 2.392
94.21601 2.064
94.22008 1.993
94.22415 2.087
94.22821 2.040
94.23228 1.993
94.23635 2.462
94.24042 2.533
94.24449 2.111
94.24856 1.993
94.25262 2.556
94.25669 2.087
94.26076 2.158
94.26483 1.947
94.26890 2.369
94.27297 2.439
94.27704 2.369
94.28110 2.298
94.28517 2.017
94.28924 2.416
94.29331 2.205
94.29738 1.923
94.30145 2.017
94.30552 2.369
94.30958 1.923
94.31365 1.853
94.31772 2.228
94.32179 2.345
94.32586 2.040
94.32993 2.345
94.33399 2.158
94.33806 2.181
94.34213 2.556
94.34620 2.345
94.35027 2.205
94.35434 2.181
94.35841 2.158
94.36247 2.322
94.36654 2.181
94.37061 2.275
94.37468 2.205
94.37875 2.533
94.38282 1.806
94.38689 2.205
94.39095 2.251
94.39502 2.251
94.39909 2.134
94.40316 1.993
94.40723 2.251
94.41130 2.205
94.41536 2.111
94.41943 2.087
94.42350 2.040
94.42757 2.322
94.43164 2.251
94.43571 2.580
94.43978 2.345
94.44384 2.134
94.44791 2.158
94.45198 2.275
94.45605 2.369
94.46012 2.040
94.46419 2.181
94.46825 1.993
94.47232 2.275
94.47639 2.416
94.48046 1.947
94.48453 2.205
94.48860 2.580
94.49267 2.298
94.49673 1.900
94.50080 2.322
94.50487 2.251
94.50894 2.275
94.51301 2.861
94.51708 2.087
94.52115 2.345
94.52521 2.486
94.52928 2.650
94.53335 2.392
94.53742 2.087
94.54149 2.111
94.54556 2.345
94.54962 1.947
94.55369 2.087
94.55776 2.040
94.56183 2.674
94.56590 2.439
94.56997 2.275
94.57404 2.017
94.57810 2.838
94.58217 2.720
94.58624 2.205
94.59031 2.205
94.59438 1.993
94.59845 2.275
94.60252 2.275
94.60658 2.814
94.61065 2.134
94.61472 2.158
94.61879 2.533
94.62286 2.158
94.62693 2.205
94.63099 2.439
94.63506 2.205
94.63913 1.876
94.64320 1.947
94.64727 2.064
94.65134 2.369
94.65541 2.697
94.65947 2.439
94.66354 2.369
94.66761 2.462
94.67168 2.580
94.67575 2.580
94.67982 2.603
94.68388 2.181
94.68795 2.181
94.69202 2.345
94.69609 2.720
94.70016 2.533
94.70423 2.627
94.70830 2.556
94.71236 2.345
94.71643 2.486
94.72050 2.556
94.72457 2.767
94.72864 2.345
94.73271 2.298
94.73678 2.345
94.74084 2.556
94.74491 2.345
94.74898 2.486
94.75305 2.111
94.75712 2.650
94.76119 2.064
94.76525 2.345
94.76932 1.970
94.77339 2.134
94.77746 2.439
94.78153 2.111
94.78560 2.486
94.78967 2.767
94.79373 2.861
94.79780 2.838
94.80187 2.533
94.80594 2.533
94.81001 2.533
94.81408 2.791
94.81815 2.392
94.82221 2.744
94.82628 2.697
94.83035 3.002
94.83442 2.603
94.83849 2.298
94.84256 2.416
94.84662 2.580
94.85069 2.885
94.85476 2.814
94.85883 2.416
94.86290 2.486
94.86697 2.322
94.87104 2.556
94.87510 2.556
94.87917 2.814
94.88324 2.674
94.88731 2.697
94.89138 2.697
94.89545 2.509
94.89951 2.509
94.90358 2.416
94.90765 2.556
94.91172 2.533
94.91579 2.580
94.91986 2.486
94.92393 2.509
94.92799 2.556
94.93206 2.205
94.93613 2.369
94.94020 2.674
94.94427 3.494
94.94834 2.462
94.95241 2.627
94.95647 2.908
94.96054 3.072
94.96461 2.439
94.96868 2.369
94.97275 2.369
94.97682 2.650
94.98088 3.002
94.98495 2.627
94.98902 2.650
94.99309 2.932
94.99716 2.650
95.00123 3.119
95.00530 2.720
95.00936 3.236
95.01343 3.236
95.01750 2.603
95.02157 3.213
95.02564 3.049
95.02971 2.885
95.03377 3.518
95.03784 3.213
95.04191 2.556
95.04598 2.462
95.05005 2.838
95.05412 3.330
95.05819 2.767
95.06225 2.978
95.06632 3.049
95.07039 3.049
95.07446 2.955
95.07853 3.049
95.08260 2.978
95.08667 2.955
95.09073 3.283
95.09480 2.978
95.09887 2.932
95.10294 3.072
95.10701 2.861
95.11108 3.166
95.11514 3.659
95.11921 2.603
95.12328 3.705
95.12735 3.401
95.13142 3.025
95.13549 3.494
95.13956 3.236
95.14362 3.401
95.14769 3.072
95.15176 3.612
95.15583 3.870
95.15990 3.963
95.16397 4.128
95.16804 3.260
95.17210 4.151
95.17617 3.541
95.18024 4.409
95.18431 4.174
95.18838 4.268
95.19245 4.503
95.19651 4.620
95.20058 5.089
95.20465 5.558
95.20872 5.066
95.21279 4.995
95.21686 5.371
95.22093 5.652
95.22499 6.754
95.22906 6.449
95.23313 6.332
95.23720 6.871
95.24127 6.262
95.24534 7.200
95.24940 7.528
95.25347 8.068
95.25754 7.927
95.26161 9.193
95.26568 9.264
95.26975 9.404
95.27382 10.319
95.27788 10.999
95.28195 10.718
95.28602 11.515
95.29009 11.703
95.29416 12.219
95.29823 12.922
95.30230 13.579
95.30636 13.766
95.31043 14.118
95.31450 15.619
95.31857 15.267
95.32264 15.572
95.32671 16.323
95.33077 16.041
95.33484 17.073
95.33891 15.666
95.34298 16.229
95.34705 16.886
95.35112 16.299
95.35519 15.854
95.35925 14.962
95.36332 13.673
95.36739 14.165
95.37146 14.235
95.37553 13.297
95.37960 12.664
95.38367 12.125
95.38773 12.101
95.39180 10.952
95.39587 9.826
95.39994 9.193
95.40401 8.537
95.40808 8.114
95.41214 7.458
95.41621 7.247
95.42028 7.481
95.42435 6.801
95.42842 7.129
95.43249 5.957
95.43656 5.769
95.44062 5.394
95.44469 5.863
95.44876 5.488
95.45283 5.019
95.45690 4.948
95.46097 5.253
95.46503 4.386
95.46910 4.948
95.47317 4.808
95.47724 4.409
95.48131 4.409
95.48538 4.737
95.48945 4.667
95.49351 4.362
95.49758 4.784
95.50165 4.550
95.50572 4.104
95.50979 4.503
95.51386 3.963
95.51793 4.667
95.52199 4.503
95.52606 4.550
95.53013 4.761
95.53420 4.690
95.53827 4.456
95.54234 5.464
95.54640 4.948
95.55047 5.394
95.55454 4.761
95.55861 5.324
95.56268 5.488
95.56675 5.910
95.57082 5.886
95.57488 5.816
95.57895 6.121
95.58302 6.379
95.58709 6.051
95.59116 7.458
95.59523 7.411
95.59930 7.598
95.60336 7.481
95.60743 7.927
95.61150 8.888
95.61557 8.443
95.61964 7.880
95.62371 9.076
95.62777 8.654
95.63184 8.888
95.63591 9.170
95.63998 9.381
95.64405 9.193
95.64812 9.592
95.65219 9.123
95.65625 9.240
95.66032 9.920
95.66439 9.615
95.66846 9.404
95.67253 9.451
95.67660 8.912
95.68066 8.279
95.68473 8.068
95.68880 7.575
95.69287 7.106
95.69694 7.200
95.70101 7.294
95.70508 6.238
95.70914 6.426
95.71321 6.027
95.71728 5.769
95.72135 5.347
95.72542 5.183
95.72949 5.629
95.73356 4.386
95.73762 4.479
95.74169 3.940
95.74576 4.057
95.74983 4.339
95.75390 3.799
95.75797 4.057
95.76203 3.635
95.76610 3.189
95.77017 4.081
95.77424 3.447
95.77831 3.143
95.78238 3.565
95.78645 3.025
95.79051 3.213
95.79458 2.674
95.79865 3.541
95.80272 2.814
95.80679 3.401
95.81086 2.439
95.81493 3.096
95.81899 3.143
95.82306 2.861
95.82713 3.166
95.83120 3.189
95.83527 2.885
95.83934 3.166
95.84340 3.283
95.84747 2.674
95.85154 2.603
95.85561 2.556
95.85968 2.908
95.86375 2.767
95.86782 2.462
95.87188 2.720
95.87595 2.462
95.88002 2.158
95.88409 2.345
95.88816 2.744
95.89223 2.533
95.89629 2.627
95.90036 2.556
95.90443 2.791
95.90850 2.697
95.91257 2.627
95.91664 2.814
95.92071 2.345
95.92477 2.251
95.92884 2.228
95.93291 2.650
95.93698 2.627
95.94105 2.650
95.94512 2.885
95.94919 2.603
95.95325 2.040
95.95732 2.697
95.96139 2.720
95.96546 2.885
95.96953 2.298
95.97360 2.767
95.97766 2.040
95.98173 2.838
95.98580 2.462
95.98987 2.556
95.99394 2.439
95.99801 2.228
96.00208 2.603
96.00614 2.580
96.01021 2.533
96.01428 2.486
96.01835 2.345
96.02242 2.064
96.02649 2.533
96.03055 2.978
96.03462 1.993
96.03869 2.392
96.04276 2.416
96.04683 2.298
96.05090 2.627
96.05497 2.322
96.05903 2.603
96.06310 2.369
96.06717 2.134
96.07124 2.650
96.07531 2.111
96.07938 2.486
96.08345 2.064
96.08751 2.345
96.09158 2.181
96.09565 2.040
96.09972 1.947
96.10379 2.486
96.10786 2.439
96.11192 2.439
96.11599 2.416
96.12006 2.111
96.12413 2.392
96.12820 2.064
96.13227 2.158
96.13634 2.603
96.14040 2.603
96.14447 2.580
96.14854 2.134
96.15261 2.251
96.15668 2.017
96.16075 2.392
96.16482 2.603
96.16888 2.462
96.17295 2.205
96.17702 2.369
96.18109 1.853
96.18516 2.580
96.18923 2.322
96.19329 2.134
96.19736 2.345
96.20143 2.369
96.20550 1.876
96.20957 1.876
96.21364 2.181
96.21771 2.369
96.22177 2.298
96.22584 2.181
96.22991 2.158
96.23398 2.298
96.23805 2.345
96.24212 2.744
96.24618 2.416
96.25025 2.181
96.25432 1.947
96.25839 2.416
96.26246 2.345
96.26653 2.392
96.27060 2.134
96.27466 2.298
96.27873 1.829
96.28280 2.627
96.28687 2.345
96.29094 2.111
96.29501 2.040
96.29908 2.205
96.30314 2.251
96.30721 2.228
96.31128 2.087
96.31535 2.228
96.31942 2.298
96.32349 2.134
96.32755 2.134
96.33162 1.712
96.33569 1.947
96.33976 2.181
96.34383 2.251
96.34790 2.205
96.35197 2.040
96.35603 2.158
96.36010 2.486
96.36417 2.533
96.36824 2.251
96.37231 2.345
96.37638 2.158
96.38045 2.439
96.38451 2.251
96.38858 1.993
96.39265 2.439
96.39672 2.181
96.40079 2.134
96.40486 2.134
96.40892 2.298
96.41299 2.322
96.41706 1.712
96.42113 2.040
96.42520 2.228
96.42927 2.040
96.43334 2.087
96.43740 2.064
96.44147 2.462
96.44554 2.345
96.44961 2.416
96.45368 1.947
96.45775 2.181
96.46181 2.181
96.46588 1.947
96.46995 1.947
96.47402 1.993
96.47809 2.345
96.48216 1.876
96.48623 2.087
96.49029 2.439
96.49436 2.158
96.49843 2.228
96.50250 1.876
96.50657 2.251
96.51064 2.040
96.51471 2.205
96.51877 2.603
96.52284 1.923
96.52691 2.275
96.53098 2.064
96.53505 2.040
96.53912 2.064
96.54318 2.275
96.54725 2.251
96.55132 2.298
96.55539 2.509
96.55946 2.158
96.56353 1.970
96.56760 2.251
96.57166 2.416
96.57573 2.040
96.57980 2.486
96.58387 2.181
96.58794 2.017
96.59201 2.697
96.59608 2.087
96.60014 2.462
96.60421 2.416
96.60828 2.509
96.61235 2.298
96.61642 2.345
96.62049 2.134
96.62455 1.970
96.62862 2.158
96.63269 1.970
96.63676 2.228
96.64083 2.580
96.64490 1.970
96.64897 2.345
96.65303 2.064
96.65710 2.275
96.66117 2.392
96.66524 2.017
96.66931 2.392
96.67338 2.064
96.67744 1.923
96.68151 2.322
96.68558 2.040
96.68965 2.392
96.69372 2.509
96.69779 1.853
96.70186 2.228
96.70592 2.205
96.70999 2.627
96.71406 2.087
96.71813 2.087
96.72220 2.275
96.72627 2.228
96.73034 2.275
96.73440 2.158
96.73847 1.829
96.74254 2.275
96.74661 2.111
96.75068 2.275
96.75475 2.111
96.75881 2.181
96.76288 2.228
96.76695 1.782
96.77102 2.650
96.77509 2.345
96.77916 2.040
96.78323 2.111
96.78729 2.134
96.79136 1.735
96.79543 2.533
96.79950 2.181
96.80357 2.580
96.80764 2.251
96.81170 2.087
96.81577 2.134
96.81984 2.040
96.82391 1.923
96.82798 2.275
96.83205 1.970
96.83612 1.900
96.84018 2.111
96.84425 2.064
96.84832 2.087
96.85239 2.462
96.85646 2.486
96.86053 2.064
96.86460 2.392
96.86866 2.134
96.87273 2.181
96.87680 2.392
96.88087 2.369
96.88494 2.298
96.88901 2.040
96.89307 1.993
96.89714 1.735
96.90121 2.111
96.90528 1.947
96.90935 2.087
96.91342 2.181
96.91749 2.087
96.92155 2.064
96.92562 2.416
96.92969 2.251
96.93376 2.017
96.93783 2.158
96.94190 1.923
96.94597 1.970
96.95003 2.322
96.95410 2.158
96.95817 2.439
96.96224 2.087
96.96631 2.533
96.97038 2.205
96.97444 2.087
96.97851 2.275
96.98258 2.064
96.98665 2.205
96.99072 2.462
96.99479 2.298
96.99886 2.158
97.00292 2.205
97.00699 2.134
97.01106 1.618
97.01513 2.228
97.01920 2.322
97.02327 2.720
97.02733 2.228
97.03140 2.275
97.03547 2.298
97.03954 2.416
97.04361 2.158
97.04768 1.993
97.05175 2.040
97.05581 1.923
97.05988 2.158
97.06395 2.111
97.06802 2.040
97.07209 2.392
97.07616 2.111
97.08023 1.735
97.08429 2.228
97.08836 2.111
97.09243 2.462
97.09650 2.064
97.10057 1.993
97.10464 2.111
97.10870 2.064
97.11277 1.689
97.11684 2.486
97.12091 2.064
97.12498 2.345
97.12905 2.087
97.13312 2.087
97.13718 1.993
97.14125 2.275
97.14532 2.275
97.14939 2.017
97.15346 2.181
97.15753 1.829
97.16160 2.017
97.16566 2.345
97.16973 2.205
97.17380 2.087
97.17787 2.181
97.18194 2.392
97.18601 2.111
97.19007 2.040
97.19414 2.439
97.19821 2.111
97.20228 2.181
97.20635 2.228
97.21042 2.111
97.21449 2.158
97.21855 1.782
97.22262 1.689
97.22669 2.533
97.23076 2.181
97.23483 1.806
97.23890 2.064
97.24296 2.205
97.24703 1.806
97.25110 2.111
97.25517 2.298
97.25924 1.853
97.26331 2.087
97.26738 2.181
97.27144 2.181
97.27551 2.205
97.27958 1.923
97.28365 1.712
97.28772 2.087
97.29179 2.111
97.29586 2.486
97.29992 2.251
97.30399 2.228
97.30806 2.392
97.31213 2.040
97.31620 2.040
97.32027 2.040
97.32433 2.134
97.32840 2.181
97.33247 2.111
97.33654 2.087
97.34061 2.439
97.34468 1.970
97.34875 2.462
97.35281 1.947
97.35688 1.829
97.36095 1.900
97.36502 2.017
97.36909 1.900
97.37316 2.697
97.37723 1.853
97.38129 1.829
97.38536 2.064
97.38943 2.439
97.39350 1.759
97.39757 2.181
97.40164 1.853
97.40570 2.064
97.40977 2.298
97.41384 2.111
97.41791 2.181
97.42198 2.486
97.42605 2.228
97.43012 1.923
97.43418 2.251
97.43825 2.087
97.44232 2.205
97.44639 2.205
97.45046 2.885
97.45453 2.111
97.45859 2.275
97.46266 1.735
97.46673 2.298
97.47080 2.298
97.47487 2.439
97.47894 2.158
97.48301 2.087
97.48707 1.477
97.49114 1.970
97.49521 2.158
97.49928 2.228
97.50335 2.275
97.50742 1.993
97.51149 2.298
97.51555 2.134
97.51962 2.533
97.52369 1.853
97.52776 1.923
97.53183 1.923
97.53590 1.876
97.53996 2.486
97.54403 1.993
97.54810 2.087
97.55217 1.947
97.55624 1.970
97.56031 2.134
97.56438 1.993
97.56844 1.782
97.57251 2.087
97.57658 2.134
97.58065 1.735
97.58472 1.900
97.58879 2.228
97.59285 2.087
97.59692 2.462
97.60099 2.369
97.60506 1.900
97.60913 2.017
97.61320 1.712
97.61727 1.993
97.62133 2.205
97.62540 2.298
97.62947 2.040
97.63354 2.158
97.63761 1.876
97.64168 2.462
97.64575 2.228
97.64981 2.486
97.65388 2.064
97.65795 2.134
97.66202 2.275
97.66609 1.923
97.67016 2.322
97.67422 2.040
97.67829 2.345
97.68236 2.111
97.68643 2.298
97.69050 2.439
97.69457 2.322
97.69864 2.017
97.70270 2.275
97.70677 1.853
97.71084 2.322
97.71491 2.322
97.71898 2.181
97.72305 2.087
97.72712 1.900
97.73118 2.017
97.73525 2.298
97.73932 2.205
97.74339 2.556
97.74746 1.806
97.75153 1.993
97.75559 1.829
97.75966 2.345
97.76373 2.556
97.76780 2.369
97.77187 2.158
97.77594 1.806
97.78001 2.087
97.78407 1.993
97.78814 2.298
97.79221 2.462
97.79628 1.923
97.80035 1.993
97.80442 2.298
97.80848 2.134
97.81255 2.134
97.81662 2.181
97.82069 1.900
97.82476 1.876
97.82883 2.322
97.83290 1.993
97.83696 2.251
97.84103 1.947
97.84510 1.993
97.84917 2.111
97.85324 2.064
97.85731 2.439
97.86138 2.228
97.86544 2.251
97.86951 1.806
97.87358 2.275
97.87765 2.017
97.88172 1.947
97.88579 2.298
97.88985 2.603
97.89392 2.040
97.89799 2.416
97.90206 2.087
97.90613 2.087
97.91020 2.181
97.91427 2.040
97.91833 1.900
97.92240 2.158
97.92647 1.806
97.93054 2.087
97.93461 2.369
97.93868 2.064
97.94275 1.735
97.94681 1.853
97.95088 1.923
97.95495 2.181
97.95902 2.017
97.96309 1.970
97.96716 2.486
97.97122 1.900
97.97529 2.322
97.97936 2.392
97.98343 1.993
97.98750 2.298
97.99157 2.017
97.99564 1.993
97.99970 1.947
98.00377 2.205
98.00784 2.134
98.01191 1.876
98.01598 2.205
98.02005 2.017
98.02411 1.782
98.02818 1.829
98.03225 2.205
98.03632 2.040
98.04039 1.806
98.04446 2.040
98.04853 1.970
98.05259 2.251
98.05666 2.064
98.06073 2.017
98.06480 1.853
98.06887 2.134
98.07294 2.087
98.07701 1.548
98.08107 1.829
98.08514 1.970
98.08921 1.501
98.09328 2.298
98.09735 1.829
98.10142 1.806
98.10548 1.970
98.10955 2.462
98.11362 1.970
98.11769 2.322
98.12176 2.111
98.12583 1.735
98.12990 2.181
98.13396 2.205
98.13803 1.759
98.14210 1.970
98.14617 1.970
98.15024 2.298
98.15431 2.251
98.15838 2.064
98.16244 2.111
98.16651 2.040
98.17058 2.251
98.17465 2.134
98.17872 2.134
98.18279 1.900
98.18685 2.087
98.19092 1.876
98.19499 2.181
98.19906 2.111
98.20313 2.087
98.20720 2.439
98.21127 2.087
98.21533 1.947
98.21940 1.853
98.22347 1.876
98.22754 2.251
98.23161 2.603
98.23568 2.298
98.23974 2.416
98.24381 1.876
98.24788 2.040
98.25195 1.853
98.25602 2.205
98.26009 2.416
98.26416 2.251
98.26822 2.017
98.27229 2.322
98.27636 2.040
98.28043 2.064
98.28450 2.087
98.28857 2.650
98.29264 1.829
98.29670 1.900
98.30077 2.040
98.30484 2.158
98.30891 1.806
98.31298 2.111
98.31705 2.087
98.32111 2.533
98.32518 2.322
98.32925 2.181
98.33332 2.158
98.33739 2.486
98.34146 2.369
98.34553 1.806
98.34959 2.087
98.35366 1.829
98.35773 2.040
98.36180 2.181
98.36587 2.017
98.36994 2.111
98.37401 2.111
98.37807 1.923
98.38214 2.017
98.38621 1.876
98.39028 2.111
98.39435 1.853
98.39842 2.275
98.40248 1.712
98.40655 2.158
98.41062 1.993
98.41469 1.970
98.41876 2.017
98.42283 2.181
98.42690 2.064
98.43096 2.205
98.43503 2.111
98.43910 1.993
98.44317 2.228
98.44724 2.064
98.45131 2.111
98.45537 1.876
98.45944 2.181
98.46351 2.040
98.46758 2.275
98.47165 2.251
98.47572 1.947
98.47979 1.923
98.48385 2.017
98.48792 2.932
98.49199 1.993
98.49606 1.970
98.50013 1.735
98.50420 1.829
98.50827 2.111
98.51233 1.829
98.51640 2.205
98.52047 2.158
98.52454 2.228
98.52861 1.853
98.53268 2.275
98.53674 2.087
98.54081 2.111
98.54488 2.181
98.54895 2.087
98.55302 1.947
98.55709 1.900
98.56116 2.181
98.56522 2.017
98.56929 1.782
98.57336 2.064
98.57743 1.806
98.58150 1.876
98.58557 2.205
98.58963 1.712
98.59370 1.876
98.59777 2.158
98.60184 2.017
98.60591 2.134
98.60998 2.369
98.61405 2.087
98.61811 1.923
98.62218 1.900
98.62625 2.111
98.63032 2.181
98.63439 1.970
98.63846 2.017
98.64253 2.181
98.64659 2.416
98.65066 1.900
98.65473 2.275
98.65880 2.251
98.66287 2.298
98.66694 2.228
98.67100 2.087
98.67507 1.735
98.67914 2.392
98.68321 2.322
98.68728 2.111
98.69135 1.782
98.69542 2.111
98.69948 1.970
98.70355 1.970
98.70762 1.923
98.71169 2.251
98.71576 1.689
98.71983 2.181
98.72390 2.251
98.72796 2.087
98.73203 2.205
98.73610 2.181
98.74017 1.829
98.74424 2.392
98.74831 2.298
98.75237 2.064
98.75644 1.853
98.76051 2.087
98.76458 2.275
98.76865 2.251
98.77272 1.970
98.77679 2.064
98.78085 2.298
98.78492 2.040
98.78899 2.275
98.79306 1.993
98.79713 1.947
98.80120 1.947
98.80526 2.040
98.80933 1.876
98.81340 1.970
98.81747 2.087
98.82154 1.853
98.82561 2.322
98.82968 2.181
98.83374 2.251
98.83781 2.017
98.84188 2.111
98.84595 1.970
98.85002 2.087
98.85409 1.876
98.85816 2.158
98.86222 1.782
98.86629 2.158
98.87036 2.040
98.87443 2.439
98.87850 1.947
98.88257 2.111
98.88663 2.064
98.89070 2.158
98.89477 1.735
98.89884 1.923
98.90291 1.853
98.90698 2.205
98.91105 1.759
98.91511 2.345
98.91918 2.017
98.92325 1.947
98.92732 2.111
98.93139 2.158
98.93546 1.900
98.93953 2.275
98.94359 1.829
98.94766 1.923
98.95173 1.829
98.95580 2.298
98.95987 2.345
98.96394 1.876
98.96800 2.439
98.97207 2.392
98.97614 2.275
98.98021 1.876
98.98428 1.782
98.98835 2.064
98.99242 2.205
98.99648 1.923
99.00055 2.134
99.00462 1.993
99.00869 2.134
99.01276 2.369
99.01683 2.040
99.02089 1.806
99.02496 2.322
99.02903 2.205
99.03310 2.298
99.03717 2.134
99.04124 2.298
99.04531 2.486
99.04937 2.228
99.05344 2.228
99.05751 1.853
99.06158 1.900
99.06565 2.181
99.06972 2.158
99.07379 2.111
99.07785 2.205
99.08192 2.134
99.08599 2.158
99.09006 1.759
99.09413 2.228
99.09820 2.087
99.10226 1.923
99.10633 2.392
99.11040 1.829
99.11447 2.486
99.11854 2.111
99.12261 2.462
99.12668 2.064
99.13074 2.322
99.13481 2.111
99.13888 2.111
99.14295 2.228
99.14702 1.735
99.15109 2.040
99.15516 1.806
99.15922 1.829
99.16329 2.228
99.16736 2.017
99.17143 1.993
99.17550 2.087
99.17957 2.064
99.18363 2.087
99.18770 2.064
99.19177 2.251
99.19584 2.228
99.19991 2.322
99.20398 1.923
99.20805 2.064
99.21211 2.462
99.21618 2.275
99.22025 2.627
99.22432 2.040
99.22839 2.064
99.23246 2.181
99.23652 1.782
99.24059 2.533
99.24466 1.900
99.24873 2.064
99.25280 2.181
99.25687 1.689
99.26094 1.970
99.26500 1.900
99.26907 1.993
99.27314 2.439
99.27721 2.369
99.28128 2.298
99.28535 1.970
99.28942 2.322
99.29348 2.064
99.29755 2.322
99.30162 2.345
99.30569 2.298
99.30976 1.689
99.31383 1.876
99.31789 2.064
99.32196 2.134
99.32603 1.947
99.33010 2.134
99.33417 2.064
99.33824 2.017
99.34231 2.486
99.34637 2.205
99.35044 1.970
99.35451 2.275
99.35858 2.627
99.36265 2.111
99.36672 2.251
99.37078 2.158
99.37485 2.087
99.37892 1.735
99.38299 2.228
99.38706 2.064
99.39113 2.158
99.39520 2.158
99.39926 2.369
99.40333 2.298
99.40740 2.181
99.41147 2.228
99.41554 2.205
99.41961 2.205
99.42368 1.947
99.42774 1.923
99.43181 2.111
99.43588 2.087
99.43995 2.205
99.44402 2.369
99.44809 2.251
99.45215 1.735
99.45622 2.298
99.46029 2.439
99.46436 2.345
99.46843 1.782
99.47250 2.111
99.47657 2.369
99.48063 1.970
99.48470 1.923
99.48877 1.923
99.49284 1.947
99.49691 2.087
99.50098 2.111
99.50505 1.853
99.50911 2.205
99.51318 2.181
99.51725 2.181
99.52132 1.689
99.52539 2.111
99.52946 2.298
99.53352 2.181
99.53759 1.876
99.54166 2.345
99.54573 2.087
99.54980 2.181
99.55387 1.900
99.55794 2.392
99.56200 1.923
99.56607 2.251
99.57014 2.040
99.57421 1.735
99.57828 2.040
99.58235 1.970
99.58641 1.853
99.59048 1.900
99.59455 2.134
99.59862 2.064
99.60269 2.416
99.60676 2.791
99.61083 2.111
99.61489 2.064
99.61896 2.134
99.62303 2.017
99.62710 2.205
99.63117 2.087
99.63524 2.298
99.63931 1.993
99.64337 1.947
99.64744 1.923
99.65151 2.205
99.65558 2.322
99.65965 2.017
99.66372 2.650
99.66778 2.298
99.67185 1.900
99.67592 2.369
99.67999 1.993
99.68406 1.782
99.68813 2.181
99.69220 2.064
99.69626 2.228
99.70033 2.322
99.70440 2.205
99.70847 2.064
99.71254 2.040
99.71661 2.205
99.72068 2.111
99.72474 2.275
99.72881 2.251
99.73288 2.298
99.73695 2.322
99.74102 2.111
99.74509 2.181
99.74915 1.900
99.75322 2.134
99.75729 1.782
99.76136 1.993
99.76543 1.759
99.76950 1.806
99.77357 2.017
99.77763 2.111
99.78170 2.017
99.78577 1.712
99.78984 2.298
99.79391 1.571
99.79798 2.556
99.80204 2.134
99.80611 1.735
99.81018 1.759
99.81425 2.251
99.81832 2.674
99.82239 1.900
99.82646 2.017
99.83052 1.759
99.83459 2.134
99.83866 1.806
99.84273 2.134
99.84680 1.829
99.85087 2.111
99.85494 1.900
99.85900 2.111
99.86307 2.017
99.86714 2.017
99.87121 1.806
99.87528 2.205
99.87935 2.017
99.88341 2.134
99.88748 1.853
99.89155 2.228
99.89562 2.205
99.89969 1.993
99.90376 1.829
99.90783 2.087
99.91189 2.158
99.91596 2.040
99.92003 1.923
99.92410 2.251
99.92817 2.134
99.93224 2.181
99.93631 2.228
99.94037 1.829
99.94444 2.392
99.94851 1.876
99.95258 1.993
99.95665 1.993
99.96072 1.970
99.96478 1.993
99.96885 2.134
99.97292 2.134
99.97699 2.087
99.98106 1.993
99.98513 2.111
99.98920 2.275
99.99326 2.111
99.99733 2.650
100.00140 2.322
100.00547 2.087
100.00954 2.158
100.01361 2.486
100.01767 2.205
100.02174 1.947
100.02581 1.993
100.02988 1.923
100.03395 1.970
100.03802 2.181
100.04209 2.040
100.04615 2.298
100.05022 1.853
100.05429 1.853
100.05836 2.205
100.06243 1.947
100.06650 2.181
100.07057 2.134
100.07463 1.993
100.07870 2.298
100.08277 2.064
100.08684 2.369
100.09091 2.392
100.09498 1.876
100.09904 1.665
100.10311 1.970
100.10718 2.158
100.11125 1.970
100.11532 2.064
100.11939 2.228
100.12346 2.111
100.12752 2.298
100.13159 2.134
100.13566 2.251
100.13973 2.134
100.14380 1.712
100.14787 1.806
100.15193 2.369
100.15600 1.595
100.16007 2.392
100.16414 1.970
100.16821 2.087
100.17228 2.181
100.17635 1.876
100.18041 2.134
100.18448 2.322
100.18855 1.782
100.19262 2.134
100.19669 2.416
100.20076 1.970
100.20483 1.782
100.20889 1.829
100.21296 2.205
100.21703 2.416
100.22110 2.275
100.22517 1.970
100.22924 2.251
100.23330 1.689
100.23737 2.040
100.24144 2.392
100.24551 2.134
100.24958 1.993
100.25365 1.853
100.25772 2.416
100.26178 1.970
100.26585 1.665
100.26992 1.993
100.27399 1.923
100.27806 2.228
100.28213 1.829
100.28620 1.970
100.29026 1.993
100.29433 2.134
100.29840 2.251
100.30247 2.134
100.30654 2.087
100.31061 1.947
100.31467 1.782
100.31874 2.040
100.32281 1.782
100.32688 2.064
100.33095 2.064
100.33502 1.876
100.33909 2.392
100.34315 1.759
100.34722 1.665
100.35129 2.181
100.35536 2.251
100.35943 2.462
100.36350 2.158
100.36756 2.111
100.37163 2.275
100.37570 2.369
100.37977 2.181
100.38384 2.509
100.38791 2.275
100.39198 1.665
100.39604 2.158
100.40011 2.111
100.40418 1.900
100.40825 2.439
100.41232 2.087
100.41639 2.134
100.42046 2.181
100.42452 2.111
100.42859 1.806
100.43266 1.970
100.43673 1.806
100.44080 1.993
100.44487 2.017
100.44893 1.876
100.45300 1.853
100.45707 1.806
100.46114 2.134
100.46521 2.205
100.46928 2.040
100.47335 1.876
100.47741 2.697
100.48148 1.900
100.48555 2.158
100.48962 2.087
100.49369 2.134
100.49776 1.993
100.50183 2.228
100.50589 1.993
100.50996 2.158
100.51403 1.782
100.51810 2.087
100.52217 1.970
100.52624 2.111
100.53030 1.947
100.53437 1.853
100.53844 1.876
100.54251 1.829
100.54658 2.158
100.55065 2.251
100.55472 1.900
100.55878 2.251
100.56285 2.392
100.56692 2.040
100.57099 1.853
100.57506 1.923
100.57913 2.322
100.58319 2.205
100.58726 1.853
100.59133 2.416
100.59540 1.782
100.59947 2.275
100.60354 1.993
100.60761 2.392
100.61167 2.205
100.61574 2.298
100.61981 2.228
100.62388 2.251
100.62795 1.923
100.63202 2.509
100.63609 2.134
100.64015 2.040
100.64422 1.829
100.64829 1.876
100.65236 2.158
100.65643 2.509
100.66050 1.806
100.66456 2.205
100.66863 1.806
100.67270 2.158
100.67677 2.111
100.68084 2.158
100.68491 2.369
100.68898 2.064
100.69304 1.876
100.69711 1.970
100.70118 2.369
100.70525 2.111
100.70932 2.275
100.71339 2.251
100.71746 2.040
100.72152 2.228
100.72559 2.040
100.72966 2.158
100.73373 2.181
100.73780 2.392
100.74187 1.970
100.74593 2.064
100.75000 2.134
100.75407 2.298
100.75814 1.829
100.76221 2.298
100.76628 1.947
100.77035 2.392
100.77441 2.111
100.77848 1.689
100.78255 2.181
100.78662 2.205
100.79069 2.134
100.79476 2.134
100.79882 1.970
100.80289 1.993
100.80696 1.993
100.81103 1.923
100.81510 2.228
100.81917 1.782
100.82324 2.275
100.82730 2.251
100.83137 1.829
100.83544 2.087
100.83951 1.853
100.84358 2.017
100.84765 2.322
100.85172 2.134
100.85578 2.416
100.85985 1.947
100.86392 2.322
100.86799 2.040
100.87206 2.111
100.87613 2.111
100.88019 2.064
100.88426 1.923
100.88833 2.392
100.89240 2.087
100.89647 2.017
100.90054 2.416
100.90461 2.158
100.90867 2.275
100.91274 2.017
100.91681 2.298
100.92088 2.392
100.92495 2.134
100.92902 1.970
100.93308 2.345
100.93715 2.064
100.94122 1.665
100.94529 1.900
100.94936 2.228
100.95343 2.181
100.95750 1.993
100.96156 2.509
100.96563 2.181
100.96970 2.627
100.97377 2.040
100.97784 1.993
100.98191 2.064
100.98598 2.205
100.99004 1.970
100.99411 1.993
100.99818 1.947
101.00225 2.205
101.00632 1.947
101.01039 1.970
101.01445 2.533
101.01852 2.251
101.02259 2.462
101.02666 2.017
101.03073 2.744
101.03480 2.087
101.03887 2.439
101.04293 2.017
101.04700 2.087
101.05107 2.087
101.05514 2.275
101.05921 1.806
101.06328 2.627
101.06735 2.369
101.07141 1.665
101.07548 1.829
101.07955 2.369
101.08362 2.416
101.08769 1.993
101.09176 1.923
101.09582 1.923
101.09989 1.970
101.10396 2.040
101.10803 2.040
101.11210 2.345
101.11617 2.533
101.12024 2.251
101.12430 2.064
101.12837 1.947
101.13244 2.087
101.13651 2.369
101.14058 1.923
101.14465 2.017
101.14871 2.134
101.15278 2.322
101.15685 2.087
101.16092 2.322
101.16499 2.369
101.16906 2.275
101.17313 2.251
101.17719 2.322
101.18126 1.806
101.18533 2.416
101.18940 2.392
101.19347 2.322
101.19754 2.205
101.20161 2.111
101.20567 2.251
101.20974 2.439
101.21381 1.829
101.21788 2.486
101.22195 2.228
101.22602 2.087
101.23008 1.970
101.23415 1.712
101.23822 2.134
101.24229 2.697
101.24636 2.111
101.25043 2.158
101.25450 1.782
101.25856 2.181
101.26263 2.533
101.26670 1.970
101.27077 2.509
101.27484 2.158
101.27891 1.970
101.28298 1.806
101.28704 2.392
101.29111 2.064
101.29518 2.416
101.29925 1.923
101.30332 1.970
101.30739 2.275
101.31145 1.876
101.31552 1.782
101.31959 2.228
101.32366 2.650
101.32773 1.900
101.33180 2.064
101.33587 2.158
101.33993 1.829
101.34400 2.017
101.34807 2.134
101.35214 1.947
101.35621 2.275
101.36028 1.970
101.36434 2.345
101.36841 2.322
101.37248 2.111
101.37655 2.322
101.38062 2.017
101.38469 1.806
101.38876 2.322
101.39282 1.993
101.39689 1.947
101.40096 1.595
101.40503 2.134
101.40910 2.228
101.41317 2.181
101.41724 2.017
101.42130 1.947
101.42537 2.462
101.42944 1.806
101.43351 2.017
101.43758 2.275
101.44165 1.759
101.44571 1.829
101.44978 2.087
101.45385 2.134
101.45792 2.087
101.46199 2.040
101.46606 2.462
101.47013 2.111
101.47419 2.251
101.47826 2.111
101.48233 2.111
101.48640 1.970
101.49047 2.087
101.49454 2.205
101.49861 2.416
101.50267 2.134
101.50674 2.040
101.51081 2.369
101.51488 2.087
101.51895 2.181
101.52302 2.017
101.52708 1.876
101.53115 2.251
101.53522 2.017
101.53929 2.744
101.54336 2.017
101.54743 2.111
101.55150 1.806
101.55556 2.017
101.55963 2.134
101.56370 2.228
101.56777 2.134
101.57184 2.134
101.57591 2.087
101.57997 2.181
101.58404 2.228
101.58811 1.876
101.59218 1.993
101.59625 1.947
101.60032 2.205
101.60439 2.251
101.60845 2.181
101.61252 1.993
101.61659 2.228
101.62066 1.947
101.62473 1.993
101.62880 2.369
101.63287 2.228
101.63693 2.111
101.64100 2.228
101.64507 1.947
101.64914 2.720
101.65321 1.900
101.65728 1.712
101.66134 2.111
101.66541 2.111
101.66948 2.298
101.67355 1.900
101.67762 2.181
101.68169 2.017
101.68576 1.759
101.68982 2.556
101.69389 2.017
101.69796 2.134
101.70203 1.829
101.70610 1.970
101.71017 1.970
101.71424 2.251
101.71830 2.322
101.72237 2.111
101.72644 2.369
101.73051 1.993
101.73458 1.829
101.73865 2.064
101.74271 2.322
101.74678 2.369
101.75085 2.369
101.75492 1.970
101.75899 2.251
101.76306 2.111
101.76713 2.181
101.77119 2.603
101.77526 1.993
101.77933 2.134
101.78340 2.064
101.78747 2.158
101.79154 1.571
101.79560 1.993
101.79967 1.970
101.80374 2.111
101.80781 2.439
101.81188 2.158
101.81595 2.017
101.82002 1.993
101.82408 2.134
101.82815 2.369
101.83222 1.829
101.83629 1.993
101.84036 2.087
101.84443 1.970
101.84850 2.158
101.85256 2.345
101.85663 2.205
101.86070 2.040
101.86477 1.970
101.86884 1.829
101.87291 2.345
101.87697 1.900
101.88104 1.829
101.88511 2.205
101.88918 1.923
101.89325 2.298
101.89732 2.158
101.90139 1.970
101.90545 2.228
101.90952 1.993
101.91359 2.580
101.91766 2.017
101.92173 1.970
101.92580 1.993
101.92986 2.416
101.93393 2.228
101.93800 2.064
101.94207 2.322
101.94614 1.993
101.95021 2.322
101.95428 2.017
101.95834 1.876
101.96241 2.134
101.96648 2.369
101.97055 2.275
101.97462 1.970
101.97869 2.369
101.98276 2.251
101.98682 1.829
101.99089 2.040
101.99496 1.829
101.99903 1.735
102.00310 2.322
102.00717 1.853
102.01123 2.017
102.01530 1.876
102.01937 2.369
102.02344 2.439
102.02751 2.275
102.03158 2.251
102.03565 2.087
102.03971 1.970
102.04378 1.923
102.04785 1.993
102.05192 1.947
102.05599 2.228
102.06006 2.580
102.06413 1.900
102.06819 2.158
102.07226 2.181
102.07633 1.970
102.08040 2.111
102.08447 1.806
102.08854 2.181
102.09260 1.900
102.09667 2.087
102.10074 2.040
102.10481 2.322
102.10888 1.993
102.11295 2.275
102.11702 2.416
102.12108 1.993
102.12515 1.595
102.12922 2.275
102.13329 2.298
102.13736 2.298
102.14143 2.251
102.14549 2.369
102.14956 2.181
102.15363 1.876
102.15770 2.040
102.16177 2.345
102.16584 1.735
102.16991 2.134
102.17397 1.876
102.17804 1.900
102.18211 1.712
102.18618 2.040
102.19025 1.853
102.19432 1.970
102.19839 2.205
102.20245 2.205
102.20652 1.876
102.21059 2.322
102.21466 2.134
102.21873 2.087
102.22280 2.228
102.22686 1.759
102.23093 2.275
102.23500 2.251
102.23907 2.087
102.24314 2.017
102.24721 1.735
102.25128 1.947
102.25534 2.158
102.25941 1.876
102.26348 2.087
102.26755 2.251
102.27162 2.251
102.27569 2.251
102.27976 2.603
102.28382 2.064
102.28789 1.618
102.29196 1.993
102.29603 2.228
102.30010 1.993
102.30417 2.017
102.30823 1.853
102.31230 2.017
102.31637 2.134
102.32044 2.040
102.32451 1.970
102.32858 2.040
102.33265 2.087
102.33671 1.829
102.34078 2.111
102.34485 2.369
102.34892 2.064
102.35299 1.947
102.35706 2.017
102.36112 2.251
102.36519 2.064
102.36926 1.712
102.37333 2.158
102.37740 1.829
102.38147 1.618
102.38554 2.275
102.38960 2.275
102.39367 1.923
102.39774 1.829
102.40181 2.298
102.40588 1.947
102.40995 2.017
102.41402 2.345
102.41808 2.158
102.42215 2.275
102.42622 1.735
102.43029 2.205
102.43436 2.228
102.43843 2.298
102.44249 1.947
102.44656 2.439
102.45063 2.228
102.45470 2.181
102.45877 1.853
102.46284 1.618
102.46691 2.158
102.47097 1.900
102.47504 1.900
102.47911 1.900
102.48318 2.181
102.48725 2.322
102.49132 2.369
102.49539 1.759
102.49945 2.040
102.50352 1.947
102.50759 2.040
102.51166 2.017
102.51573 2.580
102.51980 2.298
102.52386 2.017
102.52793 1.829
102.53200 2.064
102.53607 2.134
102.54014 2.181
102.54421 2.064
102.54828 2.298
102.55234 2.111
102.55641 1.853
102.56048 2.134
102.56455 2.017
102.56862 1.947
102.57269 2.392
102.57675 2.251
102.58082 2.416
102.58489 1.947
102.58896 1.923
102.59303 2.298
102.59710 1.735
102.60117 2.322
102.60523 2.181
102.60930 2.322
102.61337 2.158
102.61744 2.158
102.62151 2.158
102.62558 2.392
102.62965 2.158
102.63371 1.806
102.63778 1.923
102.64185 1.712
102.64592 1.900
102.64999 2.181
102.65406 2.017
102.65812 2.345
102.66219 2.017
102.66626 2.416
102.67033 2.275
102.67440 2.298
102.67847 2.017
102.68254 2.275
102.68660 2.040
102.69067 1.853
102.69474 2.134
102.69881 2.322
102.70288 2.181
102.70695 1.993
102.71101 1.993
102.71508 2.462
102.71915 1.876
102.72322 2.134
102.72729 2.251
102.73136 2.275
102.73543 1.970
102.73949 2.205
102.74356 1.947
102.74763 2.017
102.75170 2.181
102.75577 1.431
102.75984 2.205
102.76391 1.947
102.76797 2.087
102.77204 1.735
102.77611 2.228
102.78018 1.993
102.78425 1.970
102.78832 2.134
102.79238 2.322
102.79645 2.462
102.80052 2.251
102.80459 2.439
102.80866 2.087
102.81273 2.111
102.81680 2.205
102.82086 2.275
102.82493 2.158
102.82900 2.205
102.83307 2.322
102.83714 2.439
102.84121 2.275
102.84528 1.900
102.84934 1.970
102.85341 1.759
102.85748 1.782
102.86155 1.970
102.86562 2.486
102.86969 2.111
102.87375 2.486
102.87782 1.993
102.88189 2.040
102.88596 1.735
102.89003 2.416
102.89410 2.439
102.89817 2.111
102.90223 2.064
102.90630 2.181
102.91037 2.345
102.91444 1.970
102.91851 2.040
102.92258 1.876
102.92664 2.251
102.93071 1.947
102.93478 1.900
102.93885 1.806
102.94292 2.134
102.94699 2.017
102.95106 2.111
102.95512 2.040
102.95919 2.017
102.96326 1.993
102.96733 2.017
102.97140 2.087
102.97547 2.392
102.97954 2.134
102.98360 1.923
102.98767 1.571
102.99174 2.392
102.99581 2.369
102.99988 2.017
103.00395 2.087
103.00801 2.064
103.01208 1.993
103.01615 2.087
103.02022 2.251
103.02429 2.158
103.02836 2.040
103.03243 1.759
103.03649 1.853
103.04056 2.205
103.04463 1.947
103.04870 2.017
103.05277 2.205
103.05684 2.087
103.06091 2.158
103.06497 1.876
103.06904 2.181
103.07311 2.392
103.07718 1.993
103.08125 2.040
103.08532 1.970
103.08938 2.275
103.09345 2.181
103.09752 2.322
103.10159 1.759
103.10566 1.993
103.10973 1.876
103.11380 2.181
103.11786 2.017
103.12193 1.923
103.12600 1.876
103.13007 2.298
103.13414 2.439
103.13821 2.275
103.14227 1.993
103.14634 1.947
103.15041 2.205
103.15448 2.181
103.15855 2.181
103.16262 2.111
103.16669 2.416
103.17075 2.322
103.17482 1.947
103.17889 2.205
103.18296 2.134
103.18703 1.806
103.19110 2.040
103.19517 2.040
103.19923 2.345
103.20330 2.040
103.20737 2.064
103.21144 2.111
103.21551 2.228
103.21958 2.158
103.22364 2.158
103.22771 1.782
103.23178 2.064
103.23585 1.782
103.23992 2.228
103.24399 2.181
103.24806 2.205
103.25212 1.548
103.25619 2.064
103.26026 2.392
103.26433 2.462
103.26840 2.087
103.27247 2.111
103.27654 2.228
103.28060 2.251
103.28467 2.064
103.28874 2.416
103.29281 2.416
103.29688 1.759
103.30095 1.712
103.30501 2.345
103.30908 2.205
103.31315 1.970
103.31722 2.158
103.32129 2.134
103.32536 1.712
103.32943 2.392
103.33349 2.205
103.33756 2.017
103.34163 2.064
103.34570 2.017
103.34977 2.111
103.35384 1.923
103.35790 2.392
103.36197 2.040
103.36604 2.298
103.37011 2.251
103.37418 2.228
103.37825 2.251
103.38232 2.158
103.38638 2.064
103.39045 2.205
103.39452 2.251
103.39859 2.111
103.40266 2.462
103.40673 2.134
103.41080 2.017
103.41486 2.205
103.41893 2.205
103.42300 2.040
103.42707 2.134
103.43114 2.111
103.43521 1.947
103.43927 1.900
103.44334 2.087
103.44741 1.595
103.45148 1.970
103.45555 1.970
103.45962 2.181
103.46369 1.759
103.46775 1.618
103.47182 2.228
103.47589 1.829
103.47996 1.923
103.48403 2.064
103.48810 2.064
103.49216 1.618
103.49623 2.017
103.50030 2.111
103.50437 1.993
103.50844 2.040
103.51251 2.674
103.51658 2.064
103.52064 2.017
103.52471 2.181
103.52878 2.111
103.53285 2.087
103.53692 2.462
103.54099 2.158
103.54506 2.345
103.54912 1.993
103.55319 1.665
103.55726 2.017
103.56133 2.556
103.56540 1.923
103.56947 2.228
103.57353 2.345
103.57760 1.806
103.58167 1.923
103.58574 2.087
103.58981 2.345
103.59388 1.947
103.59795 2.064
103.60201 2.462
103.60608 1.923
103.61015 2.205
103.61422 2.158
103.61829 2.087
103.62236 1.947
103.62643 2.228
103.63049 2.040
103.63456 1.876
103.63863 2.158
103.64270 2.228
103.64677 2.251
103.65084 1.970
103.65490 1.782
103.65897 2.017
103.66304 2.322
103.66711 1.712
103.67118 2.134
103.67525 2.017
103.67932 1.853
103.68338 2.369
103.68745 2.369
103.69152 2.228
103.69559 2.017
103.69966 1.993
103.70373 1.947
103.70779 2.017
103.71186 2.064
103.71593 1.993
103.72000 1.947
103.72407 2.251
103.72814 2.416
103.73221 1.900
103.73627 1.712
103.74034 1.993
103.74441 2.040
103.74848 2.087
103.75255 2.275
103.75662 2.416
103.76069 2.462
103.76475 2.251
103.76882 1.993
103.77289 1.900
103.77696 2.205
103.78103 2.322
103.78510 1.993
103.78916 2.017
103.79323 2.369
103.79730 2.017
103.80137 2.205
103.80544 1.923
103.80951 2.251
103.81358 2.064
103.81764 2.064
103.82171 2.322
103.82578 2.439
103.82985 1.853
103.83392 2.111
103.83799 2.228
103.84206 2.064
103.84612 2.040
103.85019 1.947
103.85426 2.439
103.85833 1.759
103.86240 2.228
103.86647 2.111
103.87053 2.369
103.87460 1.970
103.87867 2.533
103.88274 1.806
103.88681 1.923
103.89088 1.665
103.89495 2.298
103.89901 2.251
103.90308 2.040
103.90715 2.298
103.91122 2.181
103.91529 2.228
103.91936 1.900
103.92342 2.087
103.92749 2.298
103.93156 1.993
103.93563 2.158
103.93970 2.017
103.94377 2.064
103.94784 2.064
103.95190 2.392
103.95597 2.275
103.96004 2.064
103.96411 2.298
103.96818 2.017
103.97225 1.900
103.97632 1.970
103.98038 2.017
103.98445 2.181
103.98852 2.298
103.99259 1.923
103.99666 2.111
104.00073 2.040
104.00479 2.744
104.00886 1.970
104.01293 2.205
104.01700 2.064
104.02107 2.017
104.02514 1.618
104.02921 2.017
104.03327 2.275
104.03734 2.298
104.04141 2.064
104.04548 2.416
104.04955 2.134
104.05362 2.251
104.05769 2.322
104.06175 2.040
104.06582 2.040
104.06989 2.251
104.07396 2.251
104.07803 2.205
104.08210 2.580
104.08616 1.759
104.09023 1.947
104.09430 2.439
104.09837 2.462
104.10244 2.017
104.10651 1.900
104.11058 2.087
104.11464 2.134
104.11871 2.298
104.12278 1.853
104.12685 1.993
104.13092 2.392
104.13499 1.970
104.13905 2.205
104.14312 2.181
104.14719 2.040
104.15126 2.439
104.15533 2.345
104.15940 2.087
104.16347 2.251
104.16753 2.087
104.17160 2.298
104.17567 2.087
104.17974 2.205
104.18381 2.134
104.18788 1.571
104.19195 2.298
104.19601 2.767
104.20008 2.345
104.20415 2.111
104.20822 2.017
104.21229 2.416
104.21636 2.345
104.22042 2.017
104.22449 2.111
104.22856 2.392
104.23263 2.205
104.23670 2.087
104.24077 2.040
104.24484 1.829
104.24890 1.782
104.25297 2.228
104.25704 2.064
104.26111 2.322
104.26518 2.298
104.26925 2.275
104.27331 1.947
104.27738 2.158
104.28145 1.853
104.28552 2.627
104.28959 1.782
104.29366 2.017
104.29773 2.111
104.30179 2.251
104.30586 2.017
104.30993 2.017
104.31400 2.275
104.31807 2.158
104.32214 2.158
104.32621 2.205
104.33027 2.650
104.33434 2.228
104.33841 2.017
104.34248 2.064
104.34655 1.806
104.35062 2.392
104.35468 2.838
104.35875 2.181
104.36282 2.205
104.36689 2.369
104.37096 2.158
104.37503 2.228
104.37910 2.345
104.38316 2.064
104.38723 1.923
104.39130 1.829
104.39537 2.158
104.39944 2.345
104.40351 2.134
104.40758 1.900
104.41164 2.064
104.41571 2.064
104.41978 2.111
104.42385 1.689
104.42792 2.205
104.43199 1.853
104.43605 2.134
104.44012 1.970
104.44419 1.970
104.44826 1.923
104.45233 1.829
104.45640 2.111
104.46047 2.369
104.46453 1.993
104.46860 2.345
104.47267 1.806
104.47674 2.111
104.48081 2.392
104.48488 1.923
104.48894 2.275
104.49301 1.923
104.49708 1.806
104.50115 2.134
104.50522 1.876
104.50929 2.158
104.51336 2.064
104.51742 2.017
104.52149 1.782
104.52556 2.111
104.52963 2.416
104.53370 2.697
104.53777 2.416
104.54184 1.993
104.54590 1.947
104.54997 1.923
104.55404 2.228
104.55811 2.181
104.56218 1.759
104.56625 2.275
104.57031 2.205
104.57438 1.829
104.57845 2.345
104.58252 2.392
104.58659 2.087
104.59066 2.181
104.59473 2.251
104.59879 1.970
104.60286 1.665
104.60693 2.111
104.61100 2.462
104.61507 1.900
104.61914 1.900
104.62321 2.064
104.62727 2.509
104.63134 1.759
104.63541 1.876
104.63948 2.298
104.64355 2.111
104.64762 2.064
104.65168 2.509
104.65575 2.040
104.65982 1.923
104.66389 1.876
104.66796 1.829
104.67203 2.111
104.67610 2.017
104.68016 2.158
104.68423 2.087
104.68830 2.064
104.69237 2.556
104.69644 1.712
104.70051 2.181
104.70457 1.923
104.70864 2.627
104.71271 2.087
104.71678 2.087
104.72085 2.275
104.72492 2.111
104.72899 2.064
104.73305 1.923
104.73712 2.556
104.74119 2.251
104.74526 2.017
104.74933 1.947
104.75340 2.017
104.75747 2.158
104.76153 1.618
104.76560 1.970
104.76967 2.205
104.77374 1.806
104.77781 1.970
104.78188 2.087
104.78594 1.829
104.79001 2.158
104.79408 2.158
104.79815 2.181
104.80222 2.087
104.80629 2.462
104.81036 2.533
104.81442 2.322
104.81849 2.228
104.82256 1.970
104.82663 2.205
104.83070 2.251
104.83477 1.923
104.83884 1.993
104.84290 1.876
104.84697 2.251
104.85104 2.064
104.85511 2.134
104.85918 1.853
104.86325 2.087
104.86731 2.228
104.87138 2.205
104.87545 2.017
104.87952 2.486
104.88359 2.251
104.88766 1.900
104.89173 1.993
104.89579 2.251
104.89986 1.993
104.90393 1.829
104.90800 1.900
104.91207 2.439
104.91614 2.087
104.92020 2.134
104.92427 2.064
104.92834 2.275
104.93241 2.017
104.93648 1.735
104.94055 2.158
104.94462 2.275
104.94868 2.298
104.95275 1.970
104.95682 1.970
104.96089 2.017
104.96496 2.158
104.96903 2.369
104.97310 2.556
104.97716 2.040
104.98123 1.947
104.98530 1.853
104.98937 2.251
104.99344 1.923
104.99751 2.064
105.00157 2.181
105.00564 2.087
105.00971 1.853
105.01378 1.900
105.01785 2.345
105.02192 2.416
105.02599 2.181
105.03005 1.853
105.03412 1.970
105.03819 2.040
105.04226 2.392
105.04633 1.876
105.05040 2.181
105.05447 1.947
105.05853 2.181
105.06260 1.923
105.06667 2.017
105.07074 2.509
105.07481 1.642
105.07888 2.416
105.08294 2.205
105.08701 1.477
105.09108 2.064
105.09515 2.134
105.09922 2.040
105.10329 2.298
105.10736 2.251
105.11142 2.087
105.11549 1.970
105.11956 2.040
105.12363 2.040
105.12770 2.181
105.13177 2.767
105.13583 1.947
105.13990 2.251
105.14397 2.462
105.14804 2.017
105.15211 2.134
105.15618 2.205
105.16025 2.158
105.16431 1.806
105.16838 2.439
105.17245 2.040
105.17652 2.322
105.18059 2.111
105.18466 2.392
105.18873 1.923
105.19279 2.134
105.19686 2.040
105.20093 2.205
105.20500 1.993
105.20907 2.134
105.21314 2.486
105.21720 2.111
105.22127 2.486
105.22534 1.947
105.22941 2.298
105.23348 1.947
105.23755 2.462
105.24162 2.205
105.24568 2.416
105.24975 1.900
105.25382 2.181
105.25789 2.298
105.26196 2.369
105.26603 2.462
105.27009 2.087
105.27416 1.735
105.27823 2.111
105.28230 2.087
105.28637 2.369
105.29044 2.462
105.29451 1.829
105.29857 2.322
105.30264 1.759
105.30671 2.134
105.31078 2.345
105.31485 2.158
105.31892 1.806
105.32299 2.509
105.32705 2.017
105.33112 2.251
105.33519 2.181
105.33926 2.462
105.34333 2.228
105.34740 2.345
105.35146 2.181
105.35553 1.853
105.35960 2.298
105.36367 2.134
105.36774 2.298
105.37181 2.064
105.37588 2.134
105.37994 1.853
105.38401 2.228
105.38808 1.853
105.39215 2.017
105.39622 2.158
105.40029 1.806
105.40436 2.205
105.40842 2.087
105.41249 2.111
105.41656 2.158
105.42063 2.134
105.42470 1.876
105.42877 2.158
105.43283 2.345
105.43690 2.134
105.44097 2.533
105.44504 1.759
105.44911 2.017
105.45318 2.181
105.45725 2.087
105.46131 2.134
105.46538 1.993
105.46945 1.947
105.47352 2.205
105.47759 2.251
105.48166 2.275
105.48572 1.665
105.48979 2.181
105.49386 1.829
105.49793 1.970
105.50200 1.876
105.50607 2.064
105.51014 2.134
105.51420 2.087
105.51827 2.040
105.52234 1.759
105.52641 2.533
105.53048 2.111
105.53455 2.228
105.53862 2.322
105.54268 2.228
105.54675 2.416
105.55082 2.205
105.55489 2.064
105.55896 2.392
105.56303 2.017
105.56709 2.158
105.57116 1.993
105.57523 2.275
105.57930 2.205
105.58337 2.087
105.58744 1.993
105.59151 2.040
105.59557 2.322
105.59964 1.665
105.60371 1.876
105.60778 2.322
105.61185 2.017
105.61592 2.040
105.61999 2.462
105.62405 2.134
105.62812 1.993
105.63219 2.603
105.63626 2.017
105.64033 2.017
105.64440 2.345
105.64846 2.111
105.65253 2.064
105.65660 2.064
105.66067 2.064
105.66474 2.064
105.66881 2.134
105.67288 2.087
105.67694 1.923
105.68101 2.064
105.68508 2.181
105.68915 2.064
105.69322 2.134
105.69729 1.993
105.70135 2.064
105.70542 2.251
105.70949 2.158
105.71356 1.829
105.71763 2.087
105.72170 2.158
105.72577 2.228
105.72983 2.111
105.73390 2.134
105.73797 2.017
105.74204 1.829
105.74611 2.462
105.75018 2.275
105.75425 1.759
105.75831 2.697
105.76238 2.486
105.76645 2.017
105.77052 2.556
105.77459 2.017
105.77866 1.923
105.78272 2.275
105.78679 2.228
105.79086 1.947
105.79493 2.228
105.79900 2.017
105.80307 2.416
105.80714 2.040
105.81120 2.064
105.81527 2.509
105.81934 2.040
105.82341 1.829
105.82748 1.947
105.83155 2.251
105.83562 1.970
105.83968 2.158
105.84375 2.134
105.84782 2.603
105.85189 1.853
105.85596 2.228
105.86003 2.298
105.86409 2.040
105.86816 2.064
105.87223 2.158
105.87630 1.876
105.88037 2.111
105.88444 2.416
105.88851 2.251
105.89257 2.275
105.89664 2.134
105.90071 1.829
105.90478 2.251
105.90885 2.228
105.91292 2.040
105.91698 1.993
105.92105 2.462
105.92512 2.298
105.92919 2.416
105.93326 2.462
105.93733 2.486
105.94140 2.134
105.94546 2.040
105.94953 2.556
105.95360 1.782
105.95767 2.158
105.96174 1.923
105.96581 1.876
105.96988 1.993
105.97394 2.064
105.97801 2.275
105.98208 1.853
105.98615 2.509
105.99022 2.462
105.99429 2.158
105.99835 2.111
106.00242 2.134
106.00649 1.947
106.01056 2.251
106.01463 2.134
106.01870 1.665
106.02277 2.158
106.02683 2.134
106.03090 1.993
106.03497 2.111
106.03904 1.829
106.04311 2.017
106.04718 2.181
106.05124 2.228
106.05531 2.111
106.05938 1.993
106.06345 2.322
106.06752 1.900
106.07159 2.462
106.07566 2.134
106.07972 2.345
106.08379 2.345
106.08786 1.993
106.09193 1.806
106.09600 1.947
106.10007 2.251
106.10414 2.040
106.10820 2.322
106.11227 2.134
106.11634 1.876
106.12041 1.829
106.12448 2.064
106.12855 1.993
106.13261 2.017
106.13668 1.595
106.14075 2.205
106.14482 2.111
106.14889 2.158
106.15296 2.228
106.15703 2.251
106.16109 2.251
106.16516 2.087
106.16923 2.181
106.17330 2.228
106.17737 2.369
106.18144 2.322
106.18551 2.251
106.18957 2.205
106.19364 1.900
106.19771 2.392
106.20178 2.040
106.20585 2.158
106.20992 2.369
106.21398 1.829
106.21805 1.900
106.22212 2.251
106.22619 1.947
106.23026 2.228
106.23433 1.993
106.23840 2.158
106.24246 1.782
106.24653 2.439
106.25060 2.111
106.25467 2.228
106.25874 2.111
106.26281 2.369
106.26687 2.181
106.27094 2.181
106.27501 2.322
106.27908 2.205
106.28315 2.228
106.28722 2.181
106.29129 2.416
106.29535 2.040
106.29942 2.134
106.30349 1.947
106.30756 2.017
106.31163 2.040
106.31570 2.486
106.31977 2.205
106.32383 2.087
106.32790 1.900
106.33197 2.369
106.33604 2.322
106.34011 1.853
106.34418 2.275
106.34824 2.134
106.35231 2.158
106.35638 1.993
106.36045 2.439
106.36452 1.947
106.36859 2.134
106.37266 2.181
106.37672 2.345
106.38079 1.923
106.38486 2.228
106.38893 2.181
106.39300 1.970
106.39707 2.251
106.40114 2.064
106.40520 2.040
106.40927 2.298
106.41334 2.322
106.41741 1.970
106.42148 2.275
106.42555 2.369
106.42961 2.416
106.43368 2.111
106.43775 2.275
106.44182 2.416
106.44589 2.322
106.44996 2.322
106.45403 1.923
106.45809 2.228
106.46216 1.970
106.46623 2.322
106.47030 2.345
106.47437 2.205
106.47844 2.345
106.48250 2.533
106.48657 2.181
106.49064 2.650
106.49471 2.228
106.49878 2.158
106.50285 2.205
106.50692 2.298
106.51098 2.462
106.51505 2.509
106.51912 1.923
106.52319 2.087
106.52726 1.876
106.53133 2.181
106.53540 2.720
106.53946 1.970
106.54353 2.509
106.54760 2.486
106.55167 2.181
106.55574 2.158
106.55981 2.111
106.56387 2.392
106.56794 2.322
106.57201 1.947
106.57608 2.158
106.58015 2.416
106.58422 2.040
106.58829 2.181
106.59235 2.134
106.59642 2.439
106.60049 2.087
106.60456 2.298
106.60863 2.627
106.61270 2.767
106.61677 2.345
106.62083 2.251
106.62490 2.228
106.62897 2.416
106.63304 2.556
106.63711 2.181
106.64118 2.462
106.64524 2.392
106.64931 2.181
106.65338 2.416
106.65745 1.970
106.66152 2.603
106.66559 2.697
106.66966 2.392
106.67372 2.580
106.67779 2.791
106.68186 2.275
106.68593 2.064
106.69000 2.603
106.69407 2.439
106.69813 2.556
106.70220 2.228
106.70627 1.876
106.71034 2.627
106.71441 2.228
106.71848 2.111
106.72255 2.486
106.72661 2.885
106.73068 2.603
106.73475 2.134
106.73882 2.369
106.74289 2.603
106.74696 2.369
106.75103 2.345
106.75509 2.251
106.75916 2.439
106.76323 2.158
106.76730 2.462
106.77137 2.228
106.77544 2.627
106.77950 2.392
106.78357 2.228
106.78764 2.275
106.79171 2.345
106.79578 2.322
106.79985 2.111
106.80392 2.416
106.80798 2.228
106.81205 2.439
106.81612 2.345
106.82019 2.322
106.82426 2.439
106.82833 2.462
106.83239 2.533
106.83646 2.486
106.84053 2.509
106.84460 3.002
106.84867 2.650
106.85274 2.205
106.85681 2.509
106.86087 2.509
106.86494 2.720
106.86901 2.556
106.87308 2.181
106.87715 2.838
106.88122 2.345
106.88529 2.791
106.88935 2.509
106.89342 2.603
106.89749 2.908
106.90156 2.533
106.90563 2.908
106.90970 2.580
106.91376 2.744
106.91783 2.533
106.92190 2.369
106.92597 2.697
106.93004 2.720
106.93411 2.416
106.93818 2.322
106.94224 2.416
106.94631 2.486
106.95038 2.908
106.95445 2.322
106.95852 2.439
106.96259 2.275
106.96666 2.533
106.97072 2.814
106.97479 2.932
106.97886 2.814
106.98293 2.720
106.98700 3.049
106.99107 2.674
106.99513 2.556
106.99920 3.002
107.00327 2.392
107.00734 2.580
107.01141 2.720
107.01548 2.767
107.01955 3.025
107.02361 2.978
107.02768 2.674
107.03175 2.603
107.03582 2.978
107.03989 2.814
107.04396 2.885
107.04802 2.556
107.05209 2.697
107.05616 2.627
107.06023 3.143
107.06430 3.588
107.06837 2.885
107.07244 3.354
107.07650 3.635
107.08057 3.307
107.08464 3.494
107.08871 3.377
107.09278 3.682
107.09685 3.729
107.10092 3.612
107.10498 4.010
107.10905 4.057
107.11312 4.386
107.11719 4.292
107.12126 5.417
107.12533 4.550
107.12939 5.089
107.13346 5.042
107.13753 5.629
107.14160 5.582
107.14567 6.051
107.14974 5.629
107.15381 6.660
107.15787 6.989
107.16194 6.473
107.16601 6.918
107.17008 7.645
107.17415 6.895
107.17822 8.091
107.18229 7.974
107.18635 8.138
107.19042 8.044
107.19449 7.903
107.19856 8.513
107.20263 8.114
107.20670 7.458
107.21076 8.701
107.21483 7.176
107.21890 7.974
107.22297 7.598
107.22704 8.279
107.23111 7.411
107.23518 6.707
107.23924 6.731
107.24331 6.918
107.24738 6.121
107.25145 5.933
107.25552 5.840
107.25959 5.417
107.26365 4.948
107.26772 5.206
107.27179 5.066
107.27586 5.089
107.27993 4.902
107.28400 4.221
107.28807 4.690
107.29213 4.339
107.29620 4.081
107.30027 4.010
107.30434 3.659
107.30841 4.268
107.31248 4.034
107.31655 3.072
107.32061 3.447
107.32468 3.072
107.32875 3.659
107.33282 3.917
107.33689 3.025
107.34096 3.588
107.34502 2.932
107.34909 3.049
107.35316 3.189
107.35723 3.213
107.36130 3.283
107.36537 3.072
107.36944 3.143
107.37350 3.565
107.37757 3.447
107.38164 2.814
107.38571 2.838
107.38978 2.978
107.39385 2.978
107.39792 2.720
107.40198 2.697
107.40605 3.072
107.41012 2.650
107.41419 2.697
107.41826 2.932
107.42233 3.307
107.42639 2.838
107.43046 3.260
107.43453 2.908
107.43860 2.462
107.44267 3.213
107.44674 2.650
107.45081 3.330
107.45487 3.143
107.45894 3.283
107.46301 3.612
107.46708 3.588
107.47115 2.885
107.47522 3.447
107.47928 3.307
107.48335 3.330
107.48742 2.791
107.49149 3.659
107.49556 3.072
107.49963 3.166
107.50370 3.401
107.50776 3.518
107.51183 3.494
107.51590 3.917
107.51997 3.659
107.52404 3.799
107.52811 4.198
107.53218 3.987
107.53624 4.386
107.54031 4.479
107.54438 4.573
107.54845 4.902
107.55252 4.667
107.55659 4.456
107.56065 4.057
107.56472 4.714
107.56879 4.784
107.57286 4.878
107.57693 4.620
107.58100 4.831
107.58507 4.878
107.58913 6.051
107.59320 5.558
107.59727 5.206
107.60134 5.113
107.60541 4.714
107.60948 4.690
107.61355 4.808
107.61761 4.902
107.62168 4.667
107.62575 4.784
107.62982 4.174
107.63389 4.081
107.63796 4.081
107.64202 4.128
107.64609 4.268
107.65016 4.268
107.65423 3.729
107.65830 3.471
107.66237 4.339
107.66644 3.846
107.67050 3.518
107.67457 3.143
107.67864 3.518
107.68271 3.752
107.68678 3.096
107.69085 2.838
107.69491 2.814
107.69898 3.072
107.70305 3.213
107.70712 2.838
107.71119 2.932
107.71526 2.674
107.71933 3.025
107.72339 2.744
107.72746 2.509
107.73153 2.650
107.73560 2.744
107.73967 2.627
107.74374 2.462
107.74781 2.978
107.75187 2.838
107.75594 2.580
107.76001 2.650
107.76408 2.462
107.76815 2.392
107.77222 2.392
107.77628 2.580
107.78035 2.580
107.78442 2.674
107.78849 2.205
107.79256 2.533
107.79663 2.158
107.80070 2.275
107.80476 2.392
107.80883 2.416
107.81290 2.345
107.81697 2.322
107.82104 2.228
107.82511 2.345
107.82917 2.533
107.83324 2.462
107.83731 2.697
107.84138 2.416
107.84545 2.298
107.84952 2.814
107.85359 2.134
107.85765 2.369
107.86172 1.665
107.86579 2.228
107.86986 2.228
107.87393 2.486
107.87800 2.017
107.88207 2.017
107.88613 2.228
107.89020 2.439
107.89427 2.158
107.89834 2.345
107.90241 1.923
107.90648 2.181
107.91054 2.158
107.91461 2.275
107.91868 2.205
107.92275 2.134
107.92682 2.322
107.93089 2.861
107.93496 2.275
107.93902 2.134
107.94309 2.322
107.94716 2.392
107.95123 2.533
107.95530 2.017
107.95937 2.111
107.96344 3.025
107.96750 2.275
107.97157 2.533
107.97564 2.111
107.97971 2.509
107.98378 2.158
107.98785 1.900
107.99191 2.322
107.99598 2.158
108.00005 2.603
108.00412 2.181
108.00819 2.509
108.01226 2.134
108.01633 2.322
108.02039 2.462
108.02446 2.181
108.02853 2.298
108.03260 2.322
108.03667 1.993
108.04074 2.603
108.04480 2.205
108.04887 2.345
108.05294 1.923
108.05701 2.181
108.06108 2.580
108.06515 2.392
108.06922 2.205
108.07328 2.111
108.07735 2.509
108.08142 2.486
108.08549 1.782
108.08956 1.782
108.09363 1.947
108.09770 2.158
108.10176 2.650
108.10583 2.322
108.10990 1.900
108.11397 2.158
108.11804 2.369
108.12211 2.181
108.12617 2.298
108.13024 2.087
108.13431 2.111
108.13838 2.040
108.14245 2.345
108.14652 2.275
108.15059 2.181
108.15465 2.134
108.15872 2.509
108.16279 2.603
108.16686 2.298
108.17093 2.205
108.17500 2.603
108.17907 2.087
108.18313 2.439
108.18720 2.158
108.19127 2.322
108.19534 2.416
108.19941 1.947
108.20348 2.251
108.20754 2.205
108.21161 2.345
108.21568 2.251
108.21975 1.571
108.22382 2.111
108.22789 2.087
108.23196 1.759
108.23602 2.767
108.24009 2.509
108.24416 1.947
108.24823 2.345
108.25230 1.829
108.25637 2.251
108.26043 2.017
108.26450 2.111
108.26857 2.345
108.27264 2.111
108.27671 2.017
108.28078 2.064
108.28485 2.064
108.28891 2.275
108.29298 2.228
108.29705 2.064
108.30112 2.251
108.30519 2.345
108.30926 2.017
108.31333 2.205
108.31739 2.251
108.32146 2.111
108.32553 1.806
108.32960 2.158
108.33367 2.205
108.33774 2.345
108.34180 2.416
108.34587 2.017
108.34994 2.087
108.35401 2.064
108.35808 2.251
108.36215 2.064
108.36622 2.275
108.37028 2.509
108.37435 2.580
108.37842 2.181
108.38249 1.665
108.38656 2.087
108.39063 2.040
108.39470 2.111
108.39876 2.322
108.40283 1.993
108.40690 2.040
108.41097 1.993
108.41504 2.181
108.41911 2.087
108.42317 2.040
108.42724 2.040
108.43131 2.111
108.43538 2.087
108.43945 1.993
108.44352 2.134
108.44759 1.993
108.45165 2.462
108.45572 1.876
108.45979 2.345
108.46386 2.111
108.46793 2.158
108.47200 2.462
108.47606 2.205
108.48013 2.087
108.48420 2.392
108.48827 2.791
108.49234 1.900
108.49641 2.251
108.50048 1.923
108.50454 2.087
108.50861 2.462
108.51268 2.111
108.51675 2.251
108.52082 1.712
108.52489 2.228
108.52896 2.134
108.53302 1.993
108.53709 2.228
108.54116 1.876
108.54523 1.829
108.54930 2.040
108.55337 1.970
108.55743 2.087
108.56150 2.228
108.56557 1.876
108.56964 2.111
108.57371 2.228
108.57778 2.322
108.58185 1.993
108.58591 2.298
108.58998 2.017
108.59405 2.275
108.59812 2.345
108.60219 2.416
108.60626 2.040
108.61032 2.087
108.61439 2.486
108.61846 2.205
108.62253 2.345
108.62660 1.970
108.63067 2.509
108.63474 2.158
108.63880 2.345
108.64287 2.509
108.64694 2.111
108.65101 2.275
108.65508 2.181
108.65915 1.923
108.66322 1.970
108.66728 2.134
108.67135 2.134
108.67542 1.993
108.67949 2.416
108.68356 2.603
108.68763 2.134
108.69169 2.134
108.69576 2.580
108.69983 1.923
108.70390 2.158
108.70797 2.298
108.71204 2.228
108.71611 2.064
108.72017 2.275
108.72424 1.923
108.72831 1.853
108.73238 2.064
108.73645 2.040
108.74052 2.674
108.74459 2.087
108.74865 2.322
108.75272 2.158
108.75679 2.134
108.76086 2.134
108.76493 2.064
108.76900 2.509
108.77306 1.923
108.77713 2.017
108.78120 2.322
108.78527 2.462
108.78934 1.782
108.79341 2.040
108.79748 2.674
108.80154 2.416
108.80561 2.369
108.80968 2.040
108.81375 2.017
108.81782 1.993
108.82189 1.970
108.82595 2.087
108.83002 1.970
108.83409 1.759
108.83816 2.205
108.84223 1.993
108.84630 2.439
108.85037 2.111
108.85443 2.322
108.85850 2.439
108.86257 2.228
108.86664 2.064
108.87071 2.158
108.87478 1.782
108.87885 2.392
108.88291 2.181
108.88698 2.181
108.89105 2.275
108.89512 2.298
108.89919 2.040
108.90326 1.947
108.90732 2.369
108.91139 2.134
108.91546 2.533
108.91953 2.369
108.92360 2.158
108.92767 2.158
108.93174 2.345
108.93580 1.970
108.93987 2.439
108.94394 2.017
108.94801 2.087
108.95208 2.416
108.95615 2.322
108.96022 2.251
108.96428 2.392
108.96835 2.017
108.97242 2.251
108.97649 2.064
108.98056 2.040
108.98463 2.134
108.98869 1.735
108.99276 2.064
108.99683 2.111
109.00090 2.345
109.00497 1.900
109.00904 2.181
109.01311 2.416
109.01717 1.829
109.02124 2.439
109.02531 2.134
109.02938 2.369
109.03345 2.627
109.03752 1.947
109.04158 1.876
109.04565 1.970
109.04972 2.134
109.05379 1.829
109.05786 2.228
109.06193 1.947
109.06600 1.595
109.07006 2.064
109.07413 2.345
109.07820 2.181
109.08227 2.298
109.08634 2.064
109.09041 1.900
109.09448 1.876
109.09854 2.509
109.10261 1.853
109.10668 2.040
109.11075 2.298
109.11482 2.228
109.11889 2.345
109.12295 2.228
109.12702 1.876
109.13109 2.251
109.13516 2.275
109.13923 2.205
109.14330 2.322
109.14737 2.416
109.15143 1.993
109.15550 1.993
109.15957 2.298
109.16364 2.228
109.16771 2.087
109.17178 1.735
109.17585 2.533
109.17991 2.087
109.18398 1.853
109.18805 1.923
109.19212 2.087
109.19619 1.735
109.20026 1.782
109.20432 2.251
109.20839 2.181
109.21246 2.580
109.21653 2.158
109.22060 2.251
109.22467 2.392
109.22874 2.111
109.23280 2.416
109.23687 2.486
109.24094 2.134
109.24501 1.782
109.24908 2.064
109.25315 2.322
109.25721 2.017
109.26128 2.087
109.26535 2.416
109.26942 2.392
109.27349 2.111
109.27756 2.251
109.28163 2.228
109.28569 2.228
109.28976 2.298
109.29383 2.369
109.29790 2.087
109.30197 2.392
109.30604 2.462
109.31011 2.040
109.31417 2.181
109.31824 2.556
109.32231 2.134
109.32638 2.228
109.33045 2.462
109.33452 2.275
109.33858 1.853
109.34265 2.228
109.34672 2.158
109.35079 2.181
109.35486 2.251
109.35893 2.275
109.36300 1.923
109.36706 2.228
109.37113 2.040
109.37520 1.923
109.37927 2.462
109.38334 2.275
109.38741 2.322
109.39147 2.158
109.39554 2.251
109.39961 2.017
109.40368 1.923
109.40775 2.462
109.41182 2.181
109.41589 2.322
109.41995 2.345
109.42402 2.181
109.42809 2.228
109.43216 2.298
109.43623 2.392
109.44030 1.876
109.44437 2.392
109.44843 2.369
109.45250 2.087
109.45657 2.228
109.46064 2.087
109.46471 2.439
109.46878 2.298
109.47284 2.439
109.47691 2.064
109.48098 1.947
109.48505 2.744
109.48912 1.900
109.49319 2.322
109.49726 2.533
109.50132 2.205
109.50539 2.251
109.50946 2.064
109.51353 2.064
109.51760 2.345
109.52167 2.392
109.52574 2.181
109.52980 2.134
109.53387 2.181
109.53794 2.134
109.54201 1.876
109.54608 1.993
109.55015 2.439
109.55421 2.064
109.55828 2.674
109.56235 1.947
109.56642 2.205
109.57049 1.759
109.57456 2.228
109.57863 2.345
109.58269 2.205
109.58676 2.322
109.59083 2.064
109.59490 2.158
109.59897 2.111
109.60304 2.674
109.60710 2.017
109.61117 2.087
109.61524 1.829
109.61931 1.947
109.62338 2.134
109.62745 2.134
109.63152 1.876
109.63558 2.064
109.63965 2.275
109.64372 2.251
109.64779 2.017
109.65186 2.111
109.65593 2.111
109.66000 2.228
109.66406 1.759
109.66813 2.017
109.67220 2.040
109.67627 1.900
109.68034 2.556
109.68441 1.806
109.68847 1.947
109.69254 2.603
109.69661 1.947
109.70068 2.509
109.70475 1.923
109.70882 2.275
109.71289 2.322
109.71695 2.228
109.72102 2.228
109.72509 2.040
109.72916 1.735
109.73323 2.416
109.73730 2.040
109.74137 1.900
109.74543 1.923
109.74950 2.040
109.75357 2.369
109.75764 2.275
109.76171 2.087
109.76578 2.369
109.76984 1.993
109.77391 1.759
109.77798 2.251
109.78205 2.322
109.78612 1.900
109.79019 2.040
109.79426 2.416
109.79832 2.298
109.80239 2.134
109.80646 2.158
109.81053 2.345
109.81460 2.228
109.81867 2.509
109.82273 2.228
109.82680 2.064
109.83087 1.993
109.83494 2.322
109.83901 2.064
109.84308 2.158
109.84715 2.322
109.85121 2.064
109.85528 2.040
109.85935 1.993
109.86342 2.040
109.86749 1.993
109.87156 1.853
109.87563 1.923
109.87969 2.064
109.88376 2.462
109.88783 2.251
109.89190 2.298
109.89597 2.486
109.90004 1.900
109.90410 2.087
109.90817 2.439
109.91224 2.416
109.91631 2.251
109.92038 1.947
109.92445 2.275
109.92852 2.322
109.93258 2.322
109.93665 2.205
109.94072 2.181
109.94479 1.806
109.94886 2.275
109.95293 2.040
109.95700 1.947
109.96106 1.970
109.96513 2.040
109.96920 1.900
109.97327 2.134
109.97734 2.439
109.98141 2.134
