10.00234 8.326
10.00641 8.748
10.01048 8.255
10.01455 8.419
10.01862 8.795
10.02268 8.255
10.02675 7.645
10.03082 8.677
10.03489 7.763
10.03896 7.903
10.04303 8.841
10.04709 7.692
10.05116 8.982
10.05523 8.232
10.05930 8.724
10.06337 9.709
10.06744 7.763
10.07151 8.161
10.07557 8.560
10.07964 8.279
10.08371 8.701
10.08778 8.888
10.09185 8.466
10.09592 7.810
10.09999 8.044
10.10405 9.170
10.10812 8.607
10.11219 8.607
10.11626 8.372
10.12033 8.724
10.12440 8.279
10.12846 8.466
10.13253 9.029
10.13660 8.607
10.14067 8.677
10.14474 9.193
10.14881 8.232
10.15288 7.974
10.15694 8.396
10.16101 8.302
10.16508 7.997
10.16915 7.880
10.17322 8.138
10.17729 9.498
10.18135 8.795
10.18542 8.795
10.18949 8.748
10.19356 8.654
10.19763 8.513
10.20170 8.419
10.20577 9.615
10.20983 8.302
10.21390 8.396
10.21797 8.208
10.22204 8.255
10.22611 8.982
10.23018 8.232
10.23425 8.888
10.23831 7.997
10.24238 8.490
10.24645 8.372
10.25052 8.560
10.25459 8.630
10.25866 8.114
10.26272 8.841
10.26679 8.701
10.27086 8.607
10.27493 8.396
10.27900 8.795
10.28307 8.349
10.28714 8.583
10.29120 8.771
10.29527 9.944
10.29934 8.372
10.30341 8.818
10.30748 10.061
10.31155 9.240
10.31561 8.443
10.31968 8.419
10.32375 10.319
10.32782 8.935
10.33189 9.053
10.33596 8.677
10.34003 8.795
10.34409 8.818
10.34816 8.537
10.35223 8.396
10.35630 9.686
10.36037 7.997
10.36444 9.217
10.36851 8.560
10.37257 8.208
10.37664 8.537
10.38071 7.598
10.38478 9.240
10.38885 8.982
10.39292 8.771
10.39698 8.795
10.40105 8.349
10.40512 8.677
10.40919 8.513
10.41326 7.880
10.41733 8.326
10.42140 9.404
10.42546 8.607
10.42953 8.349
10.43360 9.123
10.43767 8.630
10.44174 8.138
10.44581 9.264
10.44988 9.053
10.45394 8.935
10.45801 8.865
10.46208 8.888
10.46615 9.334
10.47022 8.935
10.47429 8.888
10.47835 9.568
10.48242 8.372
10.48649 9.522
10.49056 9.475
10.49463 9.780
10.49870 9.522
10.50277 9.264
10.50683 8.959
10.51090 9.170
10.51497 8.630
10.51904 8.935
10.52311 9.217
10.52718 9.170
10.53124 9.733
10.53531 8.537
10.53938 9.006
10.54345 8.888
10.54752 8.818
10.55159 9.146
10.55566 8.466
10.55972 9.451
10.56379 9.498
10.56786 8.865
10.57193 9.662
10.57600 9.404
10.58007 9.264
10.58414 9.193
10.58820 8.959
10.59227 9.498
10.59634 9.639
10.60041 9.334
10.60448 10.342
10.60855 8.959
10.61261 9.076
10.61668 9.357
10.62075 8.771
10.62482 9.639
10.62889 10.507
10.63296 8.630
10.63703 8.724
10.64109 8.654
10.64516 9.826
10.64923 9.053
10.65330 7.997
10.65737 9.311
10.66144 9.944
10.66551 10.038
10.66957 8.302
10.67364 9.357
10.67771 8.583
10.68178 8.677
10.68585 9.123
10.68992 9.991
10.69398 10.249
10.69805 9.311
10.70212 8.537
10.70619 8.959
10.71026 9.803
10.71433 9.756
10.71840 8.537
10.72246 10.436
10.72653 8.912
10.73060 8.959
10.73467 9.522
10.73874 9.193
10.74281 8.912
10.74687 9.451
10.75094 8.396
10.75501 10.366
10.75908 9.381
10.76315 9.686
10.76722 9.381
10.77129 8.959
10.77535 9.217
10.77942 8.419
10.78349 10.061
10.78756 9.944
10.79163 9.053
10.79570 10.929
10.79977 9.733
10.80383 9.944
10.80790 8.466
10.81197 10.577
10.81604 9.850
10.82011 8.677
10.82418 9.662
10.82824 9.733
10.83231 9.451
10.83638 8.302
10.84045 9.545
10.84452 10.319
10.84859 9.944
10.85266 10.038
10.85672 8.982
10.86079 9.357
10.86486 10.131
10.86893 10.436
10.87300 10.577
10.87707 8.982
10.88114 8.326
10.88520 9.545
10.88927 9.498
10.89334 10.389
10.89741 10.272
10.90148 9.475
10.90555 9.287
10.90961 9.733
10.91368 9.170
10.91775 10.249
10.92182 9.428
10.92589 10.084
10.92996 10.460
10.93403 9.217
10.93809 9.991
10.94216 9.099
10.94623 9.498
10.95030 10.342
10.95437 10.413
10.95844 11.140
10.96250 9.615
10.96657 9.146
10.97064 9.498
10.97471 9.381
10.97878 10.413
10.98285 9.873
10.98692 9.545
10.99098 9.897
10.99505 9.568
10.99912 10.460
11.00319 9.826
11.00726 10.014
11.01133 9.404
11.01540 10.460
11.01946 9.803
11.02353 9.029
11.02760 9.944
11.03167 9.850
11.03574 9.568
11.03981 9.428
11.04387 9.498
11.04794 9.592
11.05201 9.428
11.05608 9.686
11.06015 10.835
11.06422 9.146
11.06829 9.568
11.07235 9.287
11.07642 10.553
11.08049 10.600
11.08456 9.568
11.08863 9.686
11.09270 9.944
11.09676 10.507
11.10083 9.826
11.10490 10.084
11.10897 10.671
11.11304 10.319
11.11711 10.225
11.12118 9.826
11.12524 10.131
11.12931 10.413
11.13338 9.240
11.13745 10.718
11.14152 10.671
11.14559 10.366
11.14966 10.061
11.15372 9.803
11.15779 10.319
11.16186 10.061
11.16593 10.483
11.17000 11.351
11.17407 10.460
11.17813 9.850
11.18220 10.647
11.18627 10.483
11.19034 9.615
11.19441 8.607
11.19848 9.991
11.20255 9.615
11.20661 9.686
11.21068 10.319
11.21475 10.202
11.21882 10.811
11.22289 9.756
11.22696 9.217
11.23103 10.811
11.23509 9.967
11.23916 10.507
11.24323 10.155
11.24730 10.976
11.25137 10.952
11.25544 10.061
11.25950 9.756
11.26357 11.046
11.26764 10.741
11.27171 10.671
11.27578 11.234
11.27985 10.460
11.28392 10.460
11.28798 9.803
11.29205 10.765
11.29612 9.756
11.30019 10.155
11.30426 10.225
11.30833 10.249
11.31239 10.741
11.31646 9.568
11.32053 9.615
11.32460 11.023
11.32867 10.202
11.33274 10.436
11.33681 10.319
11.34087 10.835
11.34494 9.826
11.34901 10.788
11.35308 10.694
11.35715 10.460
11.36122 11.304
11.36529 9.662
11.36935 10.624
11.37342 10.038
11.37749 9.967
11.38156 10.882
11.38563 10.460
11.38970 10.436
11.39376 9.967
11.39783 11.492
11.40190 10.530
11.40597 10.507
11.41004 9.639
11.41411 11.374
11.41818 10.155
11.42224 10.741
11.42631 10.155
11.43038 10.858
11.43445 11.257
11.43852 10.835
11.44259 10.483
11.44666 10.718
11.45072 11.023
11.45479 10.272
11.45886 10.741
11.46293 10.014
11.46700 11.961
11.47107 11.093
11.47513 10.272
11.47920 10.460
11.48327 10.108
11.48734 11.351
11.49141 11.585
11.49548 10.811
11.49955 9.920
11.50361 10.624
11.50768 11.163
11.51175 11.914
11.51582 11.679
11.51989 10.460
11.52396 11.234
11.52802 11.421
11.53209 10.436
11.53616 11.304
11.54023 10.858
11.54430 11.914
11.54837 12.265
11.55244 11.140
11.55650 11.937
11.56057 11.445
11.56464 11.069
11.56871 11.374
11.57278 10.858
11.57685 10.952
11.58092 10.811
11.58498 11.726
11.58905 11.937
11.59312 10.600
11.59719 11.398
11.60126 10.999
11.60533 11.327
11.60939 11.445
11.61346 9.756
11.61753 11.093
11.62160 11.327
11.62567 11.351
11.62974 11.468
11.63381 10.272
11.63787 11.093
11.64194 11.679
11.64601 10.553
11.65008 11.327
11.65415 11.890
11.65822 11.046
11.66229 10.295
11.66635 11.632
11.67042 10.835
11.67449 11.327
11.67856 10.577
11.68263 11.796
11.68670 11.445
11.69076 11.468
11.69483 11.421
11.69890 12.430
11.70297 10.366
11.70704 10.202
11.71111 11.656
11.71518 11.538
11.71924 11.280
11.72331 10.858
11.72738 11.234
11.73145 11.210
11.73552 12.500
11.73959 11.421
11.74365 11.820
11.74772 11.421
11.75179 11.984
11.75586 11.069
11.75993 11.867
11.76400 10.858
11.76807 10.811
11.77213 10.507
11.77620 10.507
11.78027 11.632
11.78434 12.265
11.78841 11.796
11.79248 11.210
11.79655 10.976
11.80061 12.242
11.80468 11.280
11.80875 11.116
11.81282 11.492
11.81689 11.093
11.82096 11.069
11.82502 11.421
11.82909 10.976
11.83316 11.867
11.83723 11.562
11.84130 11.820
11.84537 10.530
11.84944 11.538
11.85350 10.765
11.85757 11.843
11.86164 11.796
11.86571 10.882
11.86978 11.726
11.87385 10.929
11.87792 11.492
11.88198 11.656
11.88605 11.492
11.89012 11.515
11.89419 11.585
11.89826 10.765
11.90233 12.711
11.90639 12.101
11.91046 11.374
11.91453 11.234
11.91860 11.961
11.92267 11.820
11.92674 11.585
11.93081 10.976
11.93487 11.234
11.93894 11.468
11.94301 11.187
11.94708 12.570
11.95115 11.304
11.95522 11.656
11.95928 11.726
11.96335 11.351
11.96742 12.242
11.97149 11.726
11.97556 12.219
11.97963 11.679
11.98370 11.609
11.98776 12.054
11.99183 11.984
11.99590 12.852
11.99997 10.858
12.00404 12.054
12.00811 11.867
12.01218 12.523
12.01624 12.430
12.02031 12.383
12.02438 12.148
12.02845 12.781
12.03252 12.031
12.03659 12.406
12.04065 11.914
12.04472 11.961
12.04879 12.172
12.05286 12.594
12.05693 11.890
12.06100 11.703
12.06507 12.336
12.06913 12.688
12.07320 11.257
12.07727 12.031
12.08134 11.304
12.08541 11.773
12.08948 12.430
12.09354 10.952
12.09761 11.820
12.10168 12.406
12.10575 12.547
12.10982 11.796
12.11389 11.726
12.11796 12.195
12.12202 12.547
12.12609 11.562
12.13016 10.952
12.13423 12.336
12.13830 13.110
12.14237 11.796
12.14644 12.172
12.15050 12.008
12.15457 12.219
12.15864 13.344
12.16271 12.101
12.16678 12.899
12.17085 12.664
12.17491 12.054
12.17898 11.492
12.18305 11.984
12.18712 11.961
12.19119 12.711
12.19526 11.726
12.19933 12.664
12.20339 11.210
12.20746 12.172
12.21153 11.843
12.21560 12.758
12.21967 12.406
12.22374 11.937
12.22781 11.140
12.23187 12.101
12.23594 12.523
12.24001 12.899
12.24408 12.852
12.24815 13.204
12.25222 11.585
12.25628 11.937
12.26035 12.195
12.26442 12.735
12.26849 12.688
12.27256 12.242
12.27663 13.274
12.28070 12.383
12.28476 13.204
12.28883 12.523
12.29290 13.086
12.29697 13.039
12.30104 12.828
12.30511 11.210
12.30917 12.899
12.31324 12.523
12.31731 13.086
12.32138 12.336
12.32545 12.852
12.32952 12.547
12.33359 12.523
12.33765 12.054
12.34172 12.594
12.34579 12.383
12.34986 12.547
12.35393 12.852
12.35800 12.875
12.36207 13.039
12.36613 12.875
12.37020 12.899
12.37427 12.758
12.37834 12.054
12.38241 14.024
12.38648 12.265
12.39054 12.992
12.39461 13.204
12.39868 12.922
12.40275 13.368
12.40682 13.579
12.41089 13.743
12.41496 12.899
12.41902 12.477
12.42309 12.711
12.42716 12.758
12.43123 13.063
12.43530 13.086
12.43937 12.946
12.44344 13.086
12.44750 12.688
12.45157 12.383
12.45564 12.617
12.45971 13.204
12.46378 11.679
12.46785 12.547
12.47191 12.383
12.47598 13.438
12.48005 11.937
12.48412 13.508
12.48819 11.374
12.49226 13.579
12.49633 12.570
12.50039 13.813
12.50446 12.219
12.50853 13.063
12.51260 13.766
12.51667 13.766
12.52074 13.813
12.52480 13.696
12.52887 12.922
12.53294 13.626
12.53701 12.054
12.54108 13.227
12.54515 12.711
12.54922 13.110
12.55328 12.148
12.55735 11.914
12.56142 12.453
12.56549 12.758
12.56956 11.937
12.57363 11.843
12.57770 13.039
12.58176 13.766
12.58583 12.570
12.58990 12.289
12.59397 14.024
12.59804 12.805
12.60211 13.415
12.60617 12.758
12.61024 13.204
12.61431 12.899
12.61838 12.570
12.62245 13.039
12.62652 12.922
12.63059 12.054
12.63465 14.001
12.63872 13.110
12.64279 12.383
12.64686 12.946
12.65093 13.766
12.65500 13.954
12.65907 13.485
12.66313 13.063
12.66720 14.540
12.67127 13.039
12.67534 13.837
12.67941 11.351
12.68348 12.688
12.68754 12.899
12.69161 12.547
12.69568 14.329
12.69975 13.438
12.70382 12.758
12.70789 13.438
12.71196 13.626
12.71602 14.658
12.72009 12.664
12.72416 13.579
12.72823 12.969
12.73230 13.133
12.73637 13.626
12.74043 12.805
12.74450 14.329
12.74857 13.720
12.75264 13.555
12.75671 13.344
12.76078 13.016
12.76485 13.931
12.76891 14.212
12.77298 12.148
12.77705 14.400
12.78112 13.977
12.78519 12.664
12.78926 14.517
12.79333 13.274
12.79739 13.063
12.80146 14.986
12.80553 12.500
12.80960 14.517
12.81367 13.673
12.81774 14.001
12.82180 13.649
12.82587 12.008
12.82994 13.508
12.83401 12.969
12.83808 13.227
12.84215 13.485
12.84622 13.907
12.85028 13.274
12.85435 14.212
12.85842 14.798
12.86249 13.274
12.86656 13.813
12.87063 15.502
12.87469 12.617
12.87876 13.063
12.88283 12.875
12.88690 13.626
12.89097 13.673
12.89504 13.673
12.89911 12.453
12.90317 12.265
12.90724 13.813
12.91131 13.743
12.91538 12.641
12.91945 15.033
12.92352 13.157
12.92759 13.462
12.93165 13.602
12.93572 14.024
12.93979 13.931
12.94386 12.805
12.94793 13.860
12.95200 14.775
12.95606 14.353
12.96013 13.860
12.96420 13.884
12.96827 12.992
12.97234 14.306
12.97641 14.517
12.98048 13.954
12.98454 13.016
12.98861 13.180
12.99268 14.986
12.99675 13.274
13.00082 14.423
13.00489 13.860
13.00896 14.329
13.01302 14.939
13.01709 14.095
13.02116 14.212
13.02523 14.071
13.02930 14.869
13.03337 12.758
13.03743 13.907
13.04150 13.157
13.04557 13.813
13.04964 14.400
13.05371 15.150
13.05778 13.954
13.06185 14.751
13.06591 13.227
13.06998 14.282
13.07405 14.564
13.07812 13.204
13.08219 13.649
13.08626 14.235
13.09032 14.189
13.09439 15.291
13.09846 13.579
13.10253 14.658
13.10660 14.071
13.11067 14.376
13.11474 14.751
13.11880 13.485
13.12287 14.705
13.12694 13.110
13.13101 15.689
13.13508 13.532
13.13915 14.118
13.14322 13.250
13.14728 14.189
13.15135 13.954
13.15542 13.485
13.15949 14.142
13.16356 14.259
13.16763 13.110
13.17169 12.805
13.17576 13.813
13.17983 13.204
13.18390 13.743
13.18797 14.517
13.19204 14.423
13.19611 12.711
13.20017 13.485
13.20424 14.540
13.20831 14.189
13.21238 14.259
13.21645 14.447
13.22052 14.634
13.22459 13.931
13.22865 14.189
13.23272 13.157
13.23679 14.048
13.24086 13.555
13.24493 14.517
13.24900 13.532
13.25306 14.306
13.25713 13.884
13.26120 13.977
13.26527 14.282
13.26934 14.634
13.27341 14.962
13.27748 14.986
13.28154 14.775
13.28561 14.892
13.28968 14.376
13.29375 13.039
13.29782 15.361
13.30189 14.916
13.30595 14.986
13.31002 14.705
13.31409 14.118
13.31816 13.415
13.32223 15.056
13.32630 14.728
13.33037 15.596
13.33443 14.400
13.33850 13.626
13.34257 13.039
13.34664 13.884
13.35071 12.875
13.35478 15.009
13.35885 13.907
13.36291 15.174
13.36698 14.634
13.37105 13.485
13.37512 14.212
13.37919 13.860
13.38326 13.837
13.38732 15.502
13.39139 13.837
13.39546 14.587
13.39953 15.783
13.40360 14.001
13.40767 15.338
13.41174 14.470
13.41580 14.071
13.41987 15.056
13.42394 14.423
13.42801 13.602
13.43208 14.540
13.43615 14.517
13.44022 15.174
13.44428 14.798
13.44835 15.525
13.45242 13.297
13.45649 14.282
13.46056 15.080
13.46463 15.033
13.46869 15.314
13.47276 14.611
13.47683 15.127
13.48090 14.118
13.48497 14.798
13.48904 14.470
13.49311 14.329
13.49717 13.907
13.50124 13.743
13.50531 13.508
13.50938 14.353
13.51345 14.376
13.51752 14.142
13.52158 15.009
13.52565 14.329
13.52972 14.869
13.53379 15.103
13.53786 13.555
13.54193 13.837
13.54600 15.033
13.55006 13.649
13.55413 14.306
13.55820 14.705
13.56227 15.267
13.56634 13.696
13.57041 15.009
13.57448 14.705
13.57854 14.728
13.58261 14.189
13.58668 13.954
13.59075 15.103
13.59482 15.150
13.59889 15.267
13.60295 15.361
13.60702 14.329
13.61109 14.986
13.61516 15.830
13.61923 15.267
13.62330 15.689
13.62737 14.611
13.63143 15.478
13.63550 14.470
13.63957 14.869
13.64364 15.338
13.64771 15.220
13.65178 14.376
13.65584 14.798
13.65991 14.916
13.66398 15.267
13.66805 15.971
13.67212 15.291
13.67619 14.892
13.68026 14.282
13.68432 14.517
13.68839 14.892
13.69246 15.056
13.69653 14.282
13.70060 14.798
13.70467 15.854
13.70874 14.235
13.71280 15.033
13.71687 14.939
13.72094 16.463
13.72501 16.581
13.72908 14.142
13.73315 15.877
13.73721 14.869
13.74128 16.323
13.74535 14.681
13.74942 15.080
13.75349 14.775
13.75756 13.720
13.76163 15.197
13.76569 14.822
13.76976 14.986
13.77383 15.619
13.77790 16.346
13.78197 15.689
13.78604 15.385
13.79011 14.634
13.79417 14.705
13.79824 14.962
13.80231 15.056
13.80638 15.385
13.81045 13.086
13.81452 16.417
13.81858 14.962
13.82265 15.971
13.82672 14.962
13.83079 14.189
13.83486 16.792
13.83893 14.728
13.84300 15.478
13.84706 15.314
13.85113 16.088
13.85520 15.525
13.85927 15.760
13.86334 15.314
13.86741 16.018
13.87147 15.502
13.87554 16.417
13.87961 15.478
13.88368 14.962
13.88775 15.361
13.89182 15.689
13.89589 16.604
13.89995 15.056
13.90402 15.572
13.90809 15.244
13.91216 14.071
13.91623 16.393
13.92030 15.338
13.92437 16.768
13.92843 15.854
13.93250 14.775
13.93657 15.220
13.94064 14.939
13.94471 14.728
13.94878 16.159
13.95284 14.165
13.95691 17.003
13.96098 15.854
13.96505 15.432
13.96912 15.314
13.97319 15.150
13.97726 15.830
13.98132 15.056
13.98539 15.478
13.98946 15.854
13.99353 14.775
13.99760 16.534
14.00167 15.549
14.00574 15.619
14.00980 14.986
14.01387 15.760
14.01794 16.604
14.02201 15.643
14.02608 15.713
14.03015 16.323
14.03421 16.557
14.03828 15.244
14.04235 15.455
14.04642 15.830
14.05049 15.807
14.05456 15.924
14.05863 15.877
14.06269 15.455
14.06676 16.159
14.07083 16.862
14.07490 15.854
14.07897 15.455
14.08304 16.346
14.08710 15.033
14.09117 16.721
14.09524 16.440
14.09931 16.721
14.10338 15.267
14.10745 16.159
14.11152 16.276
14.11558 16.323
14.11965 16.979
14.12372 14.681
14.12779 14.634
14.13186 16.065
14.13593 16.393
14.14000 15.713
14.14406 16.792
14.14813 15.666
14.15220 15.525
14.15627 15.314
14.16034 16.604
14.16441 15.291
14.16847 16.065
14.17254 16.182
14.17661 15.361
14.18068 16.229
14.18475 16.581
14.18882 16.229
14.19289 16.909
14.19695 15.572
14.20102 15.619
14.20509 16.510
14.20916 18.433
14.21323 15.291
14.21730 16.768
14.22137 16.487
14.22543 16.886
14.22950 16.862
14.23357 16.346
14.23764 15.432
14.24171 15.901
14.24578 17.120
14.24984 15.385
14.25391 14.634
14.25798 15.854
14.26205 17.120
14.26612 17.519
14.27019 16.792
14.27426 16.487
14.27832 15.736
14.28239 16.417
14.28646 16.674
14.29053 16.370
14.29460 16.463
14.29867 16.909
14.30273 16.417
14.30680 16.979
14.31087 16.346
14.31494 17.167
14.31901 17.355
14.32308 16.674
14.32715 16.417
14.33121 16.651
14.33528 16.229
14.33935 16.417
14.34342 16.088
14.34749 17.519
14.35156 16.792
14.35563 17.472
14.35969 17.355
14.36376 16.323
14.36783 16.534
14.37190 16.721
14.37597 17.824
14.38004 16.698
14.38410 16.604
14.38817 17.097
14.39224 16.745
14.39631 16.651
14.40038 15.713
14.40445 16.135
14.40852 16.463
14.41258 16.440
14.41665 17.800
14.42072 16.698
14.42479 17.425
14.42886 16.346
14.43293 16.862
14.43699 16.651
14.44106 17.214
14.44513 16.792
14.44920 15.736
14.45327 17.425
14.45734 16.299
14.46141 17.167
14.46547 16.698
14.46954 16.065
14.47361 16.135
14.47768 17.050
14.48175 16.604
14.48582 17.097
14.48989 15.478
14.49395 16.674
14.49802 17.495
14.50209 16.674
14.50616 17.988
14.51023 16.956
14.51430 16.112
14.51836 16.417
14.52243 16.721
14.52650 15.807
14.53057 17.894
14.53464 15.220
14.53871 17.237
14.54278 17.073
14.54684 16.721
14.55091 17.402
14.55498 17.190
14.55905 16.557
14.56312 17.167
14.56719 17.402
14.57126 16.205
14.57532 17.026
14.57939 15.947
14.58346 18.363
14.58753 17.847
14.59160 16.862
14.59567 18.785
14.59973 17.097
14.60380 17.026
14.60787 17.402
14.61194 17.284
14.61601 17.753
14.62008 17.566
14.62415 17.073
14.62821 17.566
14.63228 17.120
14.63635 17.026
14.64042 17.495
14.64449 18.058
14.64856 18.222
14.65262 15.901
14.65669 16.440
14.66076 17.659
14.66483 17.495
14.66890 17.542
14.67297 18.035
14.67704 18.785
14.68110 17.331
14.68517 18.246
14.68924 18.035
14.69331 17.050
14.69738 17.777
14.70145 16.745
14.70552 18.386
14.70958 17.073
14.71365 16.417
14.71772 18.902
14.72179 18.058
14.72586 17.824
14.72993 18.246
14.73399 18.035
14.73806 18.644
14.74213 18.105
14.74620 19.160
14.75027 19.512
14.75434 17.871
14.75841 18.410
14.76247 18.222
14.76654 17.284
14.77061 17.824
14.77468 18.738
14.77875 18.504
14.78282 17.894
14.78689 18.926
14.79095 18.011
14.79502 18.996
14.79909 17.190
14.80316 18.222
14.80723 18.949
14.81130 19.114
14.81536 17.753
14.81943 18.809
14.82350 17.636
14.82757 17.847
14.83164 18.105
14.83571 19.278
14.83978 18.551
14.84384 17.777
14.84791 18.316
14.85198 18.340
14.85605 19.067
14.86012 17.800
14.86419 18.785
14.86825 17.402
14.87232 18.902
14.87639 17.683
14.88046 18.457
14.88453 19.254
14.88860 18.410
14.89267 18.598
14.89673 17.214
14.90080 18.785
14.90487 19.137
14.90894 18.433
14.91301 18.668
14.91708 19.418
14.92115 17.730
14.92521 18.551
14.92928 18.457
14.93335 17.964
14.93742 17.964
14.94149 18.058
14.94556 18.058
14.94962 18.832
14.95369 18.832
14.95776 18.574
14.96183 19.911
14.96590 19.583
14.96997 18.480
14.97404 17.800
14.97810 18.926
14.98217 18.129
14.98624 18.879
14.99031 18.152
14.99438 20.380
14.99845 18.152
15.00252 19.653
15.00658 17.941
15.01065 18.949
15.01472 16.956
15.01879 17.800
15.02286 17.917
15.02693 18.082
15.03099 18.386
15.03506 19.207
15.03913 18.785
15.04320 19.114
15.04727 19.676
15.05134 18.551
15.05541 19.794
15.05947 19.043
15.06354 17.589
15.06761 19.160
15.07168 18.621
15.07575 18.551
15.07982 19.465
15.08388 19.536
15.08795 19.536
15.09202 19.348
15.09609 19.090
15.10016 19.278
15.10423 19.043
15.10830 19.559
15.11236 19.911
15.11643 19.583
15.12050 18.973
15.12457 18.668
15.12864 18.809
15.13271 19.137
15.13678 19.371
15.14084 18.856
15.14491 20.450
15.14898 20.098
15.15305 18.340
15.15712 17.683
15.16119 20.005
15.16525 18.738
15.16932 19.348
15.17339 19.114
15.17746 20.544
15.18153 19.114
15.18560 19.911
15.18967 19.371
15.19373 19.418
15.19780 18.926
15.20187 20.474
15.20594 19.254
15.21001 18.762
15.21408 19.020
15.21815 18.902
15.22221 19.207
15.22628 18.644
15.23035 19.325
15.23442 18.902
15.23849 21.435
15.24256 18.902
15.24662 20.380
15.25069 19.184
15.25476 18.433
15.25883 19.442
15.26290 19.137
15.26697 19.067
15.27104 19.301
15.27510 19.817
15.27917 19.676
15.28324 21.201
15.28731 20.075
15.29138 19.067
15.29545 18.598
15.29951 19.278
15.30358 19.934
15.30765 20.779
15.31172 17.917
15.31579 19.231
15.31986 19.794
15.32393 19.020
15.32799 19.067
15.33206 19.981
15.33613 18.949
15.34020 20.028
15.34427 19.184
15.34834 19.841
15.35241 19.371
15.35647 18.621
15.36054 18.809
15.36461 19.864
15.36868 20.005
15.37275 18.832
15.37682 20.685
15.38088 19.583
15.38495 18.691
15.38902 19.700
15.39309 20.403
15.39716 20.638
15.40123 19.348
15.40530 20.380
15.40936 19.231
15.41343 19.676
15.41750 19.184
15.42157 19.583
15.42564 19.231
15.42971 20.849
15.43377 20.966
15.43784 21.060
15.44191 18.644
15.44598 20.216
15.45005 20.685
15.45412 20.403
15.45819 21.154
15.46225 20.239
15.46632 20.333
15.47039 20.802
15.47446 20.614
15.47853 19.559
15.48260 21.083
15.48667 19.020
15.49073 20.286
15.49480 19.981
15.49887 20.685
15.50294 21.482
15.50701 20.075
15.51108 19.254
15.51514 19.395
15.51921 19.723
15.52328 20.849
15.52735 21.740
15.53142 21.013
15.53549 20.591
15.53956 18.856
15.54362 20.966
15.54769 19.559
15.55176 18.973
15.55583 19.676
15.55990 20.474
15.56397 19.418
15.56804 19.700
15.57210 18.879
15.57617 20.310
15.58024 21.435
15.58431 20.474
15.58838 21.740
15.59245 20.779
15.59651 21.599
15.60058 21.271
15.60465 20.661
15.60872 20.005
15.61279 21.646
15.61686 21.060
15.62093 21.998
15.62499 22.139
15.62906 21.904
15.63313 20.685
15.63720 20.802
15.64127 19.794
15.64534 21.388
15.64940 21.248
15.65347 20.544
15.65754 21.107
15.66161 20.192
15.66568 20.403
15.66975 20.826
15.67382 20.802
15.67788 21.295
15.68195 21.083
15.68602 21.341
15.69009 20.310
15.69416 21.388
15.69823 20.216
15.70230 21.459
15.70636 20.732
15.71043 20.661
15.71450 20.028
15.71857 20.497
15.72264 20.755
15.72671 20.708
15.73077 20.802
15.73484 20.450
15.73891 20.685
15.74298 21.506
15.74705 23.898
15.75112 20.145
15.75519 22.045
15.75925 20.896
15.76332 21.740
15.76739 20.872
15.77146 20.849
15.77553 20.685
15.77960 23.100
15.78367 20.685
15.78773 21.130
15.79180 21.341
15.79587 22.186
15.79994 22.162
15.80401 21.506
15.80808 21.951
15.81214 21.693
15.81621 20.263
15.82028 21.693
15.82435 21.318
15.82842 21.107
15.83249 21.224
15.83656 20.919
15.84062 22.584
15.84469 22.444
15.84876 20.919
15.85283 20.403
15.85690 22.303
15.86097 21.365
15.86503 22.233
15.86910 21.811
15.87317 20.474
15.87724 21.646
15.88131 22.162
15.88538 21.928
15.88945 21.951
15.89351 22.045
15.89758 23.077
15.90165 20.849
15.90572 21.646
15.90979 21.529
15.91386 21.037
15.91793 22.303
15.92199 21.740
15.92606 21.553
15.93013 22.420
15.93420 21.506
15.93827 22.373
15.94234 24.038
15.94640 21.177
15.95047 22.022
15.95454 22.303
15.95861 21.740
15.96268 21.717
15.96675 22.326
15.97082 21.904
15.97488 22.068
15.97895 22.209
15.98302 22.045
15.98709 22.186
15.99116 21.295
15.99523 21.037
15.99930 23.147
16.00336 23.476
16.00743 21.717
16.01150 22.397
16.01557 22.373
16.01964 21.295
16.02371 21.670
16.02777 20.826
16.03184 22.678
16.03591 21.060
16.03998 24.156
16.04405 22.608
16.04812 23.358
16.05219 22.256
16.05625 22.092
16.06032 22.631
16.06439 21.717
16.06846 23.007
16.07253 24.367
16.07660 22.186
16.08066 22.209
16.08473 22.538
16.08880 22.444
16.09287 22.326
16.09694 21.881
16.10101 22.092
16.10508 22.256
16.10914 23.124
16.11321 22.280
16.11728 20.708
16.12135 22.491
16.12542 22.913
16.12949 21.951
16.13356 22.678
16.13762 22.303
16.14169 22.186
16.14576 22.842
16.14983 21.599
16.15390 22.772
16.15797 22.819
16.16203 24.156
16.16610 21.787
16.17017 23.053
16.17424 23.405
16.17831 22.655
16.18238 22.092
16.18645 23.476
16.19051 24.508
16.19458 23.569
16.19865 22.678
16.20272 22.303
16.20679 22.655
16.21086 23.077
16.21492 22.772
16.21899 22.045
16.22306 23.100
16.22713 23.335
16.23120 23.429
16.23527 22.678
16.23934 22.397
16.24340 22.842
16.24747 22.186
16.25154 23.476
16.25561 23.780
16.25968 22.795
16.26375 23.382
16.26782 24.812
16.27188 21.248
16.27595 22.045
16.28002 21.811
16.28409 23.218
16.28816 22.655
16.29223 23.007
16.29629 23.382
16.30036 23.452
16.30443 23.968
16.30850 24.578
16.31257 23.827
16.31664 22.139
16.32071 23.358
16.32477 23.077
16.32884 23.827
16.33291 23.499
16.33698 23.992
16.34105 22.866
16.34512 24.859
16.34919 22.866
16.35325 23.476
16.35732 22.608
16.36139 23.311
16.36546 22.280
16.36953 24.461
16.37360 23.241
16.37766 22.584
16.38173 23.476
16.38580 21.787
16.38987 24.296
16.39394 22.960
16.39801 24.812
16.40208 23.194
16.40614 24.484
16.41021 22.280
16.41428 21.295
16.41835 22.842
16.42242 23.147
16.42649 24.836
16.43055 23.780
16.43462 23.077
16.43869 23.663
16.44276 24.859
16.44683 23.265
16.45090 23.593
16.45497 22.303
16.45903 24.156
16.46310 22.444
16.46717 23.218
16.47124 22.889
16.47531 23.640
16.47938 24.203
16.48345 23.640
16.48751 23.616
16.49158 22.655
16.49565 23.124
16.49972 23.053
16.50379 25.774
16.50786 24.203
16.51192 25.211
16.51599 23.804
16.52006 23.827
16.52413 23.452
16.52820 23.265
16.53227 22.913
16.53634 24.484
16.54040 23.687
16.54447 24.179
16.54854 23.663
16.55261 23.241
16.55668 24.367
16.56075 24.343
16.56482 24.953
16.56888 24.719
16.57295 24.132
16.57702 23.523
16.58109 24.836
16.58516 24.132
16.58923 24.156
16.59329 23.476
16.59736 24.296
16.60143 23.124
16.60550 23.288
16.60957 24.343
16.61364 25.070
16.61771 24.226
16.62177 24.789
16.62584 23.710
16.62991 25.375
16.63398 23.640
16.63805 24.554
16.64212 23.358
16.64618 24.390
16.65025 23.992
16.65432 24.320
16.65839 25.727
16.66246 23.804
16.66653 25.305
16.67060 24.461
16.67466 23.757
16.67873 24.508
16.68280 23.734
16.68687 23.546
16.69094 23.405
16.69501 24.367
16.69908 23.687
16.70314 24.742
16.70721 22.749
16.71128 24.414
16.71535 22.842
16.71942 24.765
16.72349 24.132
16.72755 24.953
16.73162 23.992
16.73569 24.672
16.73976 25.305
16.74383 24.038
16.74790 25.352
16.75197 25.774
16.75603 22.772
16.76010 24.508
16.76417 25.281
16.76824 24.085
16.77231 24.648
16.77638 25.492
16.78045 24.484
16.78451 25.868
16.78858 24.648
16.79265 24.085
16.79672 24.742
16.80079 24.508
16.80486 23.968
16.80892 25.211
16.81299 23.734
16.81706 24.320
16.82113 24.789
16.82520 25.070
16.82927 24.273
16.83334 24.883
16.83740 24.765
16.84147 25.962
16.84554 25.094
16.84961 25.023
16.85368 26.806
16.85775 25.070
16.86181 23.640
16.86588 24.812
16.86995 23.968
16.87402 23.640
16.87809 25.704
16.88216 23.898
16.88623 26.454
16.89029 24.789
16.89436 26.102
16.89843 24.765
16.90250 26.102
16.90657 26.782
16.91064 24.953
16.91471 23.241
16.91877 24.695
16.92284 24.765
16.92691 25.094
16.93098 26.032
16.93505 24.343
16.93912 25.539
16.94318 25.750
16.94725 26.477
16.95132 25.235
16.95539 24.414
16.95946 24.296
16.96353 25.258
16.96760 25.704
16.97166 26.337
16.97573 25.657
16.97980 25.586
16.98387 24.930
16.98794 25.281
16.99201 26.290
16.99607 24.085
17.00014 24.930
17.00421 25.399
17.00828 25.868
17.01235 24.789
17.01642 25.446
17.02049 24.390
17.02455 25.516
17.02862 25.563
17.03269 26.032
17.03676 24.390
17.04083 25.563
17.04490 23.569
17.04897 26.384
17.05303 24.320
17.05710 25.023
17.06117 24.883
17.06524 24.132
17.06931 25.305
17.07338 25.094
17.07744 25.422
17.08151 26.595
17.08558 26.571
17.08965 27.556
17.09372 24.883
17.09779 25.750
17.10186 24.836
17.10592 25.164
17.10999 25.985
17.11406 25.328
17.11813 24.484
17.12220 26.431
17.12627 26.431
17.13034 26.008
17.13440 24.859
17.13847 27.111
17.14254 25.915
17.14661 25.539
17.15068 25.844
17.15475 26.360
17.15881 26.079
17.16288 26.642
17.16695 27.345
17.17102 26.079
17.17509 26.149
17.17916 26.923
17.18323 26.923
17.18729 24.953
17.19136 26.548
17.19543 26.689
17.19950 26.970
17.20357 27.158
17.20764 25.985
17.21170 25.188
17.21577 25.047
17.21984 25.422
17.22391 26.548
17.22798 24.578
17.23205 28.143
17.23612 26.642
17.24018 24.601
17.24425 26.571
17.24832 25.891
17.25239 25.000
17.25646 26.642
17.26053 25.774
17.26460 27.627
17.26866 26.173
17.27273 26.595
17.27680 26.407
17.28087 27.791
17.28494 26.079
17.28901 26.032
17.29307 28.518
17.29714 25.774
17.30121 26.876
17.30528 25.563
17.30935 25.750
17.31342 25.962
17.31749 26.712
17.32155 28.705
17.32562 25.774
17.32969 26.243
17.33376 25.891
17.33783 26.196
17.34190 25.985
17.34597 24.343
17.35003 25.539
17.35410 25.188
17.35817 27.251
17.36224 27.416
17.36631 27.181
17.37038 25.188
17.37444 26.923
17.37851 26.008
17.38258 24.977
17.38665 27.650
17.39072 27.978
17.39479 26.782
17.39886 27.720
17.40292 26.876
17.40699 26.173
17.41106 26.266
17.41513 25.633
17.41920 26.196
17.42327 25.844
17.42733 27.744
17.43140 25.915
17.43547 27.720
17.43954 26.595
17.44361 28.776
17.44768 26.290
17.45175 27.087
17.45581 27.040
17.45988 26.290
17.46395 27.275
17.46802 28.330
17.47209 26.829
17.47616 26.454
17.48023 26.970
17.48429 27.720
17.48836 27.697
17.49243 25.891
17.49650 26.266
17.50057 26.735
17.50464 27.040
17.50870 26.782
17.51277 27.369
17.51684 26.032
17.52091 25.891
17.52498 26.618
17.52905 26.407
17.53312 26.313
17.53718 27.205
17.54125 26.595
17.54532 26.548
17.54939 28.471
17.55346 27.275
17.55753 26.782
17.56160 25.258
17.56566 27.064
17.56973 29.081
17.57380 27.838
17.57787 28.072
17.58194 27.744
17.58601 27.533
17.59007 27.087
17.59414 26.806
17.59821 27.087
17.60228 26.595
17.60635 28.776
17.61042 26.196
17.61449 26.102
17.61855 26.806
17.62262 26.571
17.62669 26.782
17.63076 26.876
17.63483 26.266
17.63890 27.298
17.64296 26.900
17.64703 27.087
17.65110 26.900
17.65517 27.205
17.65924 27.416
17.66331 27.580
17.66738 27.275
17.67144 28.025
17.67551 26.665
17.67958 27.627
17.68365 27.650
17.68772 26.571
17.69179 27.251
17.69586 28.823
17.69992 26.993
17.70399 26.360
17.70806 28.612
17.71213 27.627
17.71620 27.720
17.72027 27.251
17.72433 27.439
17.72840 26.149
17.73247 28.143
17.73654 27.369
17.74061 27.627
17.74468 27.885
17.74875 27.158
17.75281 29.456
17.75688 28.776
17.76095 26.806
17.76502 26.947
17.76909 27.251
17.77316 27.205
17.77722 28.612
17.78129 27.251
17.78536 28.682
17.78943 27.978
17.79350 27.158
17.79757 27.205
17.80164 26.947
17.80570 27.111
17.80977 27.322
17.81384 27.885
17.81791 28.166
17.82198 26.290
17.82605 27.908
17.83012 27.158
17.83418 27.791
17.83825 28.213
17.84232 27.603
17.84639 28.401
17.85046 28.119
17.85453 26.735
17.85859 27.228
17.86266 28.729
17.86673 28.025
17.87080 27.697
17.87487 26.689
17.87894 27.298
17.88301 27.017
17.88707 26.665
17.89114 29.526
17.89521 27.744
17.89928 28.471
17.90335 28.189
17.90742 28.659
17.91149 27.978
17.91555 28.049
17.91962 27.674
17.92369 28.494
17.92776 27.978
17.93183 27.205
17.93590 28.682
17.93996 27.205
17.94403 27.486
17.94810 27.814
17.95217 27.228
17.95624 28.682
17.96031 27.814
17.96438 28.096
17.96844 27.744
17.97251 29.972
17.97658 28.612
17.98065 26.829
17.98472 28.072
17.98879 29.432
17.99285 28.659
17.99692 27.627
18.00099 28.213
18.00506 27.392
18.00913 28.283
18.01320 26.665
18.01727 28.354
18.02133 27.111
18.02540 25.774
18.02947 28.166
18.03354 28.635
18.03761 29.198
18.04168 30.159
18.04575 27.345
18.04981 27.697
18.05388 27.439
18.05795 27.932
18.06202 29.784
18.06609 27.462
18.07016 27.978
18.07422 28.494
18.07829 29.479
18.08236 28.354
18.08643 27.509
18.09050 28.377
18.09457 27.533
18.09864 29.784
18.10270 28.119
18.10677 28.963
18.11084 28.447
18.11491 28.729
18.11898 29.128
18.12305 29.362
18.12712 26.243
18.13118 28.494
18.13525 29.151
18.13932 27.955
18.14339 28.143
18.14746 28.189
18.15153 28.518
18.15559 28.401
18.15966 28.963
18.16373 26.454
18.16780 27.064
18.17187 28.635
18.17594 28.330
18.18001 28.705
18.18407 28.330
18.18814 28.119
18.19221 29.902
18.19628 30.582
18.20035 27.744
18.20442 27.885
18.20848 28.729
18.21255 30.277
18.21662 28.354
18.22069 28.659
18.22476 28.189
18.22883 28.143
18.23290 28.002
18.23696 29.737
18.24103 27.885
18.24510 29.315
18.24917 27.908
18.25324 27.416
18.25731 28.307
18.26138 29.855
18.26544 28.401
18.26951 28.752
18.27358 28.096
18.27765 27.814
18.28172 29.128
18.28579 27.556
18.28985 28.471
18.29392 29.292
18.29799 29.151
18.30206 27.275
18.30613 28.729
18.31020 29.057
18.31427 28.635
18.31833 29.034
18.32240 28.705
18.32647 28.776
18.33054 29.339
18.33461 30.347
18.33868 28.659
18.34275 28.612
18.34681 29.104
18.35088 26.126
18.35495 28.588
18.35902 28.377
18.36309 28.213
18.36716 30.089
18.37122 26.970
18.37529 26.947
18.37936 29.104
18.38343 28.424
18.38750 28.189
18.39157 29.456
18.39564 28.541
18.39970 28.002
18.40377 29.597
18.40784 27.674
18.41191 28.377
18.41598 30.347
18.42005 27.017
18.42411 27.509
18.42818 27.791
18.43225 30.113
18.43632 27.392
18.44039 28.307
18.44446 28.659
18.44853 28.283
18.45259 29.386
18.45666 30.417
18.46073 26.947
18.46480 30.464
18.46887 27.861
18.47294 28.870
18.47701 28.354
18.48107 28.213
18.48514 27.978
18.48921 29.620
18.49328 28.729
18.49735 29.268
18.50142 28.049
18.50548 29.034
18.50955 29.409
18.51362 27.908
18.51769 28.917
18.52176 28.729
18.52583 26.431
18.52990 29.690
18.53396 28.307
18.53803 30.464
18.54210 29.948
18.54617 26.806
18.55024 27.978
18.55431 28.002
18.55838 28.705
18.56244 28.401
18.56651 30.464
18.57058 29.526
18.57465 30.277
18.57872 29.503
18.58279 30.089
18.58685 29.362
18.59092 29.362
18.59499 28.260
18.59906 28.213
18.60313 29.550
18.60720 28.049
18.61127 28.565
18.61533 28.330
18.61940 27.955
18.62347 28.893
18.62754 28.447
18.63161 28.682
18.63568 29.597
18.63974 29.339
18.64381 29.456
18.64788 29.526
18.65195 29.526
18.65602 28.330
18.66009 29.808
18.66416 28.236
18.66822 28.213
18.67229 28.283
18.67636 29.784
18.68043 29.339
18.68450 28.823
18.68857 28.096
18.69264 28.799
18.69670 27.439
18.70077 28.705
18.70484 29.198
18.70891 27.416
18.71298 30.722
18.71705 27.744
18.72111 29.198
18.72518 28.447
18.72925 27.205
18.73332 28.143
18.73739 27.908
18.74146 28.823
18.74553 27.978
18.74959 29.597
18.75366 28.307
18.75773 29.526
18.76180 30.793
18.76587 28.752
18.76994 28.424
18.77400 31.144
18.77807 30.675
18.78214 28.823
18.78621 30.042
18.79028 28.917
18.79435 29.386
18.79842 28.189
18.80248 29.081
18.80655 29.128
18.81062 29.690
18.81469 27.744
18.81876 28.846
18.82283 28.494
18.82690 29.128
18.83096 28.072
18.83503 29.456
18.83910 29.456
18.84317 30.113
18.84724 28.447
18.85131 28.166
18.85537 28.588
18.85944 28.424
18.86351 29.151
18.86758 27.181
18.87165 29.573
18.87572 27.017
18.87979 28.072
18.88385 29.456
18.88792 28.143
18.89199 27.134
18.89606 29.902
18.90013 28.541
18.90420 29.315
18.90827 29.972
18.91233 28.823
18.91640 29.151
18.92047 29.081
18.92454 29.526
18.92861 28.401
18.93268 29.409
18.93674 29.339
18.94081 29.268
18.94488 28.307
18.94895 28.260
18.95302 29.104
18.95709 28.143
18.96116 29.151
18.96522 28.963
18.96929 29.104
18.97336 30.863
18.97743 29.573
18.98150 27.720
18.98557 28.612
18.98963 30.066
18.99370 28.940
18.99777 28.354
19.00184 28.588
19.00591 29.104
19.00998 28.893
19.01405 29.245
19.01811 28.917
19.02218 28.729
19.02625 28.119
19.03032 27.767
19.03439 27.791
19.03846 29.221
19.04253 29.315
19.04659 28.518
19.05066 29.432
19.05473 30.652
19.05880 28.799
19.06287 30.277
19.06694 27.486
19.07100 28.002
19.07507 27.369
19.07914 31.356
19.08321 29.456
19.08728 28.096
19.09135 28.635
19.09542 28.752
19.09948 28.307
19.10355 29.690
19.10762 28.612
19.11169 29.995
19.11576 26.923
19.11983 27.251
19.12390 27.744
19.12796 29.268
19.13203 29.573
19.13610 29.128
19.14017 27.674
19.14424 27.627
19.14831 28.776
19.15237 28.612
19.15644 28.940
19.16051 29.174
19.16458 27.932
19.16865 27.627
19.17272 28.471
19.17679 29.174
19.18085 28.776
19.18492 28.870
19.18899 29.761
19.19306 28.682
19.19713 28.213
19.20120 28.213
19.20526 28.893
19.20933 28.307
19.21340 27.416
19.21747 29.268
19.22154 29.902
19.22561 27.838
19.22968 28.283
19.23374 28.635
19.23781 28.893
19.24188 29.714
19.24595 28.025
19.25002 27.134
19.25409 29.292
19.25816 28.072
19.26222 29.573
19.26629 29.808
19.27036 28.893
19.27443 28.963
19.27850 29.714
19.28257 29.855
19.28663 30.019
19.29070 28.377
19.29477 28.588
19.29884 29.034
19.30291 29.034
19.30698 29.245
19.31105 27.720
19.31511 28.776
19.31918 27.791
19.32325 28.846
19.32732 28.870
19.33139 27.955
19.33546 28.635
19.33953 27.767
19.34359 29.010
19.34766 29.831
19.35173 28.096
19.35580 28.635
19.35987 29.902
19.36394 27.533
19.36800 28.729
19.37207 27.462
19.37614 27.697
19.38021 29.409
19.38428 30.699
19.38835 28.588
19.39242 28.917
19.39648 28.143
19.40055 28.049
19.40462 29.620
19.40869 28.307
19.41276 27.251
19.41683 29.339
19.42089 28.870
19.42496 27.439
19.42903 27.885
19.43310 28.096
19.43717 27.017
19.44124 29.761
19.44531 27.486
19.44937 28.119
19.45344 27.580
19.45751 29.128
19.46158 27.908
19.46565 29.479
19.46972 28.401
19.47379 27.275
19.47785 27.533
19.48192 28.260
19.48599 28.635
19.49006 30.371
19.49413 29.761
19.49820 28.189
19.50226 30.769
19.50633 27.814
19.51040 28.635
19.51447 27.040
19.51854 27.345
19.52261 27.720
19.52668 28.471
19.53074 29.057
19.53481 28.705
19.53888 27.744
19.54295 28.705
19.54702 26.806
19.55109 29.081
19.55515 28.283
19.55922 29.081
19.56329 29.081
19.56736 28.870
19.57143 28.588
19.57550 26.524
19.57957 28.682
19.58363 28.025
19.58770 28.330
19.59177 29.292
19.59584 28.260
19.59991 29.057
19.60398 28.236
19.60805 29.573
19.61211 27.040
19.61618 27.603
19.62025 27.087
19.62432 29.620
19.62839 29.644
19.63246 27.322
19.63652 27.181
19.64059 26.923
19.64466 27.791
19.64873 28.565
19.65280 28.963
19.65687 26.970
19.66094 29.526
19.66500 29.315
19.66907 28.049
19.67314 27.955
19.67721 29.268
19.68128 27.603
19.68535 28.143
19.68942 27.556
19.69348 25.727
19.69755 30.300
19.70162 27.040
19.70569 26.642
19.70976 28.377
19.71383 27.298
19.71789 27.955
19.72196 27.814
19.72603 28.565
19.73010 27.392
19.73417 25.844
19.73824 26.735
19.74231 28.189
19.74637 28.870
19.75044 28.729
19.75451 28.330
19.75858 27.369
19.76265 29.034
19.76672 28.776
19.77078 27.556
19.77485 27.275
19.77892 28.330
19.78299 27.674
19.78706 27.439
19.79113 28.189
19.79520 28.354
19.79926 28.799
19.80333 29.081
19.80740 29.902
19.81147 26.337
19.81554 26.407
19.81961 26.735
19.82368 27.627
19.82774 28.213
19.83181 26.689
19.83588 27.932
19.83995 28.049
19.84402 28.870
19.84809 27.674
19.85215 27.533
19.85622 28.963
19.86029 26.384
19.86436 28.049
19.86843 25.844
19.87250 28.729
19.87657 27.439
19.88063 26.759
19.88470 27.298
19.88877 26.384
19.89284 27.908
19.89691 27.416
19.90098 27.345
19.90505 27.462
19.90911 28.119
19.91318 26.689
19.91725 27.251
19.92132 29.221
19.92539 26.313
19.92946 29.362
19.93352 27.580
19.93759 27.720
19.94166 28.963
19.94573 27.885
19.94980 26.735
19.95387 27.533
19.95794 27.533
19.96200 26.454
19.96607 27.650
19.97014 27.486
19.97421 27.064
19.97828 27.134
19.98235 28.189
19.98641 28.518
19.99048 28.354
19.99455 26.759
19.99862 27.767
20.00269 27.838
20.00676 26.665
20.01083 26.290
20.01489 27.720
20.01896 28.401
20.02303 26.876
20.02710 26.548
20.03117 27.580
20.03524 26.618
20.03931 27.627
20.04337 27.955
20.04744 26.149
20.05151 27.251
20.05558 27.251
20.05965 26.876
20.06372 26.102
20.06778 27.720
20.07185 27.064
20.07592 28.119
20.07999 27.416
20.08406 26.407
20.08813 27.697
20.09220 27.955
20.09626 27.205
20.10033 27.181
20.10440 27.462
20.10847 27.674
20.11254 27.674
20.11661 28.377
20.12068 28.025
20.12474 26.689
20.12881 27.932
20.13288 27.627
20.13695 28.119
20.14102 26.923
20.14509 26.665
20.14915 28.729
20.15322 26.806
20.15729 27.298
20.16136 26.524
20.16543 26.360
20.16950 26.782
20.17357 26.548
20.17763 27.322
20.18170 25.891
20.18577 26.712
20.18984 28.002
20.19391 26.501
20.19798 27.932
20.20204 25.235
20.20611 26.759
20.21018 26.454
20.21425 26.055
20.21832 26.220
20.22239 27.111
20.22646 26.501
20.23052 25.610
20.23459 27.720
20.23866 26.618
20.24273 26.032
20.24680 27.298
20.25087 26.477
20.25494 27.345
20.25900 26.055
20.26307 25.750
20.26714 27.134
20.27121 26.407
20.27528 26.759
20.27935 27.955
20.28341 26.712
20.28748 24.648
20.29155 27.603
20.29562 25.375
20.29969 27.228
20.30376 26.032
20.30783 28.096
20.31189 26.454
20.31596 26.384
20.32003 27.533
20.32410 27.509
20.32817 26.477
20.33224 26.947
20.33630 25.891
20.34037 26.735
20.34444 27.345
20.34851 26.806
20.35258 25.727
20.35665 27.369
20.36072 27.509
20.36478 26.923
20.36885 25.727
20.37292 25.610
20.37699 26.665
20.38106 27.251
20.38513 27.978
20.38920 25.492
20.39326 24.437
20.39733 27.580
20.40140 26.243
20.40547 27.040
20.40954 26.806
20.41361 26.102
20.41767 26.571
20.42174 27.064
20.42581 25.750
20.42988 26.126
20.43395 26.712
20.43802 26.501
20.44209 26.173
20.44615 25.399
20.45022 25.164
20.45429 26.571
20.45836 26.501
20.46243 26.360
20.46650 26.524
20.47057 26.853
20.47463 26.220
20.47870 26.102
20.48277 25.891
20.48684 25.962
20.49091 25.962
20.49498 26.055
20.49904 25.586
20.50311 27.767
20.50718 25.211
20.51125 26.759
20.51532 24.812
20.51939 26.407
20.52346 26.173
20.52752 25.610
20.53159 26.149
20.53566 25.750
20.53973 24.883
20.54380 25.235
20.54787 24.953
20.55193 26.853
20.55600 25.750
20.56007 24.578
20.56414 26.290
20.56821 26.689
20.57228 25.563
20.57635 28.213
20.58041 26.524
20.58448 24.554
20.58855 26.102
20.59262 25.352
20.59669 25.727
20.60076 26.782
20.60483 27.322
20.60889 25.070
20.61296 27.017
20.61703 25.281
20.62110 26.407
20.62517 25.211
20.62924 26.524
20.63330 25.188
20.63737 26.337
20.64144 26.477
20.64551 24.742
20.64958 27.322
20.65365 25.446
20.65772 24.765
20.66178 25.469
20.66585 26.313
20.66992 25.446
20.67399 25.328
20.67806 25.680
20.68213 26.759
20.68620 26.126
20.69026 25.891
20.69433 24.625
20.69840 25.657
20.70247 26.407
20.70654 25.446
20.71061 25.797
20.71467 26.407
20.71874 24.554
20.72281 27.509
20.72688 25.023
20.73095 25.281
20.73502 25.985
20.73909 26.173
20.74315 25.328
20.74722 25.469
20.75129 26.829
20.75536 25.962
20.75943 26.689
20.76350 25.868
20.76756 26.313
20.77163 26.876
20.77570 26.032
20.77977 24.695
20.78384 26.220
20.78791 25.469
20.79198 24.789
20.79604 25.070
20.80011 24.812
20.80418 25.985
20.80825 25.821
20.81232 25.727
20.81639 24.812
20.82046 25.399
20.82452 23.851
20.82859 25.610
20.83266 26.173
20.83673 24.554
20.84080 25.094
20.84487 24.953
20.84893 26.970
20.85300 25.188
20.85707 25.164
20.86114 24.578
20.86521 25.774
20.86928 25.844
20.87335 25.117
20.87741 24.672
20.88148 25.727
20.88555 25.680
20.88962 24.719
20.89369 24.343
20.89776 25.211
20.90183 23.827
20.90589 24.273
20.90996 25.962
20.91403 24.367
20.91810 25.727
20.92217 26.501
20.92624 24.226
20.93030 24.461
20.93437 25.727
20.93844 24.203
20.94251 26.220
20.94658 23.616
20.95065 23.523
20.95472 22.866
20.95878 25.704
20.96285 25.235
20.96692 24.883
20.97099 25.258
20.97506 25.821
20.97913 23.663
20.98319 25.399
20.98726 24.883
20.99133 24.531
20.99540 26.149
20.99947 23.851
21.00354 25.821
21.00761 24.625
21.01167 25.962
21.01574 23.921
21.01981 25.539
21.02388 24.320
21.02795 23.898
21.03202 24.343
21.03609 24.390
21.04015 24.367
21.04422 25.704
21.04829 24.578
21.05236 24.085
21.05643 24.812
21.06050 24.367
21.06456 24.461
21.06863 23.687
21.07270 24.648
21.07677 25.164
21.08084 24.343
21.08491 25.821
21.08898 24.461
21.09304 24.578
21.09711 23.898
21.10118 26.360
21.10525 23.616
21.10932 24.343
21.11339 23.640
21.11746 25.070
21.12152 24.859
21.12559 24.883
21.12966 25.539
21.13373 22.960
21.13780 25.610
21.14187 26.243
21.14593 23.429
21.15000 24.062
21.15407 24.578
21.15814 24.109
21.16221 23.499
21.16628 24.273
21.17035 23.569
21.17441 24.414
21.17848 23.194
21.18255 24.390
21.18662 25.633
21.19069 24.250
21.19476 25.446
21.19882 25.023
21.20289 24.203
21.20696 24.203
21.21103 24.930
21.21510 25.328
21.21917 24.109
21.22324 23.194
21.22730 24.414
21.23137 24.156
21.23544 23.616
21.23951 22.068
21.24358 23.335
21.24765 23.311
21.25172 24.625
21.25578 24.062
21.25985 24.226
21.26392 23.921
21.26799 23.077
21.27206 24.156
21.27613 22.725
21.28019 23.687
21.28426 24.953
21.28833 24.038
21.29240 24.437
21.29647 25.141
21.30054 24.719
21.30461 23.523
21.30867 24.648
21.31274 22.538
21.31681 22.772
21.32088 24.132
21.32495 22.678
21.32902 23.100
21.33308 23.053
21.33715 24.343
21.34122 24.508
21.34529 24.859
21.34936 23.710
21.35343 23.874
21.35750 23.968
21.36156 24.390
21.36563 23.030
21.36970 22.491
21.37377 24.461
21.37784 23.640
21.38191 22.866
21.38598 24.343
21.39004 23.030
21.39411 23.429
21.39818 24.226
21.40225 22.514
21.40632 24.203
21.41039 24.390
21.41445 24.531
21.41852 23.616
21.42259 24.343
21.42666 23.007
21.43073 23.663
21.43480 24.015
21.43887 21.975
21.44293 23.874
21.44700 23.616
21.45107 22.326
21.45514 23.124
21.45921 22.162
21.46328 22.584
21.46735 24.109
21.47141 23.476
21.47548 23.851
21.47955 23.476
21.48362 24.250
21.48769 23.218
21.49176 25.094
21.49582 23.405
21.49989 23.405
21.50396 23.593
21.50803 23.945
21.51210 23.593
21.51617 23.007
21.52024 23.499
21.52430 23.241
21.52837 23.780
21.53244 23.030
21.53651 22.397
21.54058 24.038
21.54465 23.734
21.54871 22.068
21.55278 22.467
21.55685 25.399
21.56092 22.631
21.56499 24.015
21.56906 22.889
21.57313 23.007
21.57719 23.968
21.58126 23.053
21.58533 21.576
21.58940 23.358
21.59347 22.702
21.59754 22.631
21.60161 23.874
21.60567 23.100
21.60974 23.194
21.61381 22.749
21.61788 23.335
21.62195 23.734
21.62602 22.678
21.63008 23.687
21.63415 22.772
21.63822 22.983
21.64229 22.538
21.64636 23.053
21.65043 24.296
21.65450 22.749
21.65856 24.132
21.66263 22.819
21.66670 22.561
21.67077 21.248
21.67484 23.452
21.67891 22.092
21.68298 23.827
21.68704 22.749
21.69111 21.576
21.69518 22.795
21.69925 22.866
21.70332 23.616
21.70739 22.960
21.71145 22.749
21.71552 21.717
21.71959 22.631
21.72366 22.655
21.72773 23.218
21.73180 22.795
21.73587 22.280
21.73993 23.616
21.74400 22.678
21.74807 23.827
21.75214 23.288
21.75621 21.904
21.76028 22.842
21.76434 21.459
21.76841 22.303
21.77248 22.936
21.77655 23.311
21.78062 22.139
21.78469 22.584
21.78876 24.132
21.79282 23.077
21.79689 22.068
21.80096 22.256
21.80503 23.124
21.80910 21.740
21.81317 22.584
21.81724 23.851
21.82130 23.241
21.82537 23.358
21.82944 22.420
21.83351 22.936
21.83758 23.476
21.84165 22.866
21.84571 23.898
21.84978 21.881
21.85385 22.233
21.85792 22.983
21.86199 22.280
21.86606 23.499
21.87013 23.147
21.87419 22.303
21.87826 21.881
21.88233 23.945
21.88640 23.100
21.89047 23.429
21.89454 23.288
21.89861 22.514
21.90267 23.452
21.90674 23.429
21.91081 22.842
21.91488 21.670
21.91895 22.749
21.92302 23.382
21.92708 22.233
21.93115 23.663
21.93522 23.053
21.93929 22.678
21.94336 22.655
21.94743 23.452
21.95150 22.162
21.95556 23.921
21.95963 23.992
21.96370 21.435
21.96777 22.162
21.97184 23.218
21.97591 21.083
21.97997 22.866
21.98404 23.851
21.98811 21.482
21.99218 22.045
21.99625 22.068
22.00032 21.717
22.00439 23.030
22.00845 22.420
22.01252 20.919
22.01659 22.139
22.02066 22.561
22.02473 23.452
22.02880 23.077
22.03287 22.561
22.03693 22.960
22.04100 22.842
22.04507 22.749
22.04914 21.670
22.05321 21.951
22.05728 22.186
22.06134 20.755
22.06541 23.452
22.06948 21.576
22.07355 21.904
22.07762 22.444
22.08169 21.013
22.08576 22.584
22.08982 22.068
22.09389 20.732
22.09796 21.365
22.10203 21.013
22.10610 21.412
22.11017 21.951
22.11423 21.224
22.11830 22.491
22.12237 21.201
22.12644 23.523
22.13051 20.450
22.13458 21.388
22.13865 21.740
22.14271 22.420
22.14678 22.514
22.15085 21.341
22.15492 22.162
22.15899 21.576
22.16306 22.444
22.16713 20.849
22.17119 22.280
22.17526 23.030
22.17933 22.326
22.18340 22.303
22.18747 21.693
22.19154 21.717
22.19560 22.631
22.19967 21.904
22.20374 21.060
22.20781 19.278
22.21188 20.286
22.21595 21.435
22.22002 20.849
22.22408 21.717
22.22815 22.233
22.23222 22.022
22.23629 20.239
22.24036 21.928
22.24443 20.966
22.24850 21.013
22.25256 21.529
22.25663 21.271
22.26070 21.060
22.26477 22.795
22.26884 22.491
22.27291 21.975
22.27697 22.444
22.28104 20.380
22.28511 21.130
22.28918 21.599
22.29325 21.130
22.29732 21.271
22.30139 21.857
22.30545 22.397
22.30952 21.083
22.31359 21.107
22.31766 20.872
22.32173 20.990
22.32580 21.295
22.32986 21.482
22.33393 20.286
22.33800 22.350
22.34207 20.614
22.34614 21.295
22.35021 23.311
22.35428 21.083
22.35834 21.576
22.36241 20.826
22.36648 21.388
22.37055 21.154
22.37462 21.576
22.37869 21.435
22.38276 21.013
22.38682 21.459
22.39089 21.154
22.39496 21.576
22.39903 22.866
22.40310 20.896
22.40717 21.107
22.41123 21.177
22.41530 22.209
22.41937 21.013
22.42344 21.107
22.42751 21.553
22.43158 22.326
22.43565 20.966
22.43971 20.872
22.44378 20.614
22.44785 21.130
22.45192 20.568
22.45599 20.849
22.46006 22.209
22.46413 20.544
22.46819 22.115
22.47226 21.365
22.47633 20.239
22.48040 21.693
22.48447 19.442
22.48854 20.849
22.49260 20.802
22.49667 19.606
22.50074 21.271
22.50481 20.708
22.50888 21.811
22.51295 20.755
22.51702 22.538
22.52108 19.934
22.52515 20.919
22.52922 20.286
22.53329 19.911
22.53736 22.068
22.54143 20.755
22.54549 20.872
22.54956 22.233
22.55363 20.521
22.55770 20.403
22.56177 21.787
22.56584 21.764
22.56991 21.529
22.57397 20.403
22.57804 22.139
22.58211 20.872
22.58618 20.427
22.59025 21.013
22.59432 20.098
22.59839 21.670
22.60245 21.107
22.60652 20.216
22.61059 21.177
22.61466 20.145
22.61873 21.271
22.62280 21.388
22.62686 21.787
22.63093 21.224
22.63500 20.450
22.63907 21.013
22.64314 21.670
22.64721 21.646
22.65128 20.521
22.65534 20.802
22.65941 20.310
22.66348 21.693
22.66755 21.693
22.67162 19.418
22.67569 19.864
22.67976 20.943
22.68382 21.271
22.68789 21.271
22.69196 21.201
22.69603 21.764
22.70010 20.591
22.70417 20.427
22.70823 19.747
22.71230 21.365
22.71637 19.653
22.72044 21.482
22.72451 19.864
22.72858 21.670
22.73265 19.934
22.73671 21.154
22.74078 20.802
22.74485 19.606
22.74892 20.005
22.75299 22.162
22.75706 21.224
22.76112 20.497
22.76519 21.318
22.76926 20.028
22.77333 21.951
22.77740 20.333
22.78147 20.638
22.78554 22.491
22.78960 19.700
22.79367 19.817
22.79774 21.904
22.80181 20.872
22.80588 20.216
22.80995 21.435
22.81402 20.708
22.81808 20.216
22.82215 19.676
22.82622 20.333
22.83029 21.201
22.83436 20.591
22.83843 19.841
22.84249 19.395
22.84656 20.755
22.85063 22.491
22.85470 20.544
22.85877 19.629
22.86284 21.295
22.86691 20.849
22.87097 20.661
22.87504 19.606
22.87911 19.817
22.88318 20.075
22.88725 21.037
22.89132 22.092
22.89538 20.521
22.89945 20.239
22.90352 19.418
22.90759 20.872
22.91166 20.708
22.91573 19.184
22.91980 19.911
22.92386 19.747
22.92793 19.911
22.93200 20.943
22.93607 19.981
22.94014 20.263
22.94421 19.981
22.94828 20.779
22.95234 19.629
22.95641 19.700
22.96048 20.427
22.96455 19.770
22.96862 19.395
22.97269 20.169
22.97675 19.770
22.98082 20.356
22.98489 19.418
22.98896 19.864
22.99303 21.130
22.99710 18.785
23.00117 19.887
23.00523 20.943
23.00930 20.638
23.01337 19.301
23.01744 19.231
23.02151 19.278
23.02558 20.474
23.02965 19.700
23.03371 20.872
23.03778 20.239
23.04185 20.568
23.04592 19.958
23.04999 20.356
23.05406 20.169
23.05812 20.239
23.06219 19.934
23.06626 19.934
23.07033 21.154
23.07440 20.239
23.07847 20.075
23.08254 19.934
23.08660 19.020
23.09067 20.098
23.09474 19.207
23.09881 20.145
23.10288 19.864
23.10695 19.371
23.11101 19.747
23.11508 19.114
23.11915 18.762
23.12322 20.450
23.12729 19.231
23.13136 19.184
23.13543 18.340
23.13949 19.770
23.14356 19.325
23.14763 20.052
23.15170 20.122
23.15577 20.403
23.15984 20.169
23.16391 20.779
23.16797 18.269
23.17204 20.497
23.17611 20.192
23.18018 18.762
23.18425 19.606
23.18832 20.849
23.19238 21.412
23.19645 19.629
23.20052 19.043
23.20459 18.832
23.20866 18.621
23.21273 20.122
23.21680 20.872
23.22086 18.105
23.22493 19.536
23.22900 20.544
23.23307 19.442
23.23714 19.442
23.24121 18.386
23.24528 19.067
23.24934 20.826
23.25341 19.841
23.25748 18.832
23.26155 19.981
23.26562 19.958
23.26969 20.216
23.27375 19.583
23.27782 19.559
23.28189 18.902
23.28596 20.474
23.29003 19.020
23.29410 20.356
23.29817 19.887
23.30223 19.911
23.30630 20.849
23.31037 20.497
23.31444 19.981
23.31851 19.114
23.32258 19.817
23.32664 19.841
23.33071 19.794
23.33478 20.075
23.33885 19.653
23.34292 19.160
23.34699 18.480
23.35106 20.263
23.35512 20.450
23.35919 19.160
23.36326 19.934
23.36733 19.371
23.37140 19.512
23.37547 19.606
23.37954 19.489
23.38360 19.700
23.38767 19.325
23.39174 21.271
23.39581 20.052
23.39988 19.489
23.40395 21.060
23.40801 19.864
23.41208 19.841
23.41615 20.122
23.42022 20.098
23.42429 20.122
23.42836 19.254
23.43243 20.052
23.43649 19.536
23.44056 19.371
23.44463 20.591
23.44870 19.489
23.45277 19.442
23.45684 19.207
23.46091 20.192
23.46497 18.011
23.46904 18.410
23.47311 18.644
23.47718 20.614
23.48125 18.644
23.48532 19.067
23.48938 19.371
23.49345 19.418
23.49752 18.738
23.50159 19.536
23.50566 19.981
23.50973 20.826
23.51380 19.934
23.51786 18.574
23.52193 18.598
23.52600 18.527
23.53007 19.442
23.53414 19.442
23.53821 21.060
23.54227 20.708
23.54634 19.934
23.55041 19.371
23.55448 19.864
23.55855 18.902
23.56262 18.856
23.56669 19.887
23.57075 20.966
23.57482 19.817
23.57889 18.433
23.58296 20.310
23.58703 20.427
23.59110 18.480
23.59517 19.184
23.59923 20.075
23.60330 19.911
23.60737 20.075
23.61144 19.559
23.61551 19.371
23.61958 21.365
23.62364 19.137
23.62771 19.418
23.63178 18.480
23.63585 18.644
23.63992 18.856
23.64399 19.254
23.64806 19.184
23.65212 20.005
23.65619 18.058
23.66026 19.301
23.66433 19.536
23.66840 18.644
23.67247 20.028
23.67653 19.160
23.68060 18.246
23.68467 19.958
23.68874 19.090
23.69281 19.981
23.69688 18.527
23.70095 18.785
23.70501 18.011
23.70908 17.871
23.71315 19.278
23.71722 18.316
23.72129 19.067
23.72536 19.325
23.72943 18.949
23.73349 18.410
23.73756 18.152
23.74163 19.583
23.74570 19.207
23.74977 20.263
23.75384 18.926
23.75790 18.762
23.76197 19.114
23.76604 18.785
23.77011 17.894
23.77418 20.356
23.77825 19.207
23.78232 20.286
23.78638 20.661
23.79045 18.316
23.79452 18.715
23.79859 18.738
23.80266 18.035
23.80673 18.246
23.81080 19.207
23.81486 19.160
23.81893 17.824
23.82300 18.433
23.82707 19.841
23.83114 18.668
23.83521 18.785
23.83927 18.668
23.84334 19.278
23.84741 18.832
23.85148 18.527
23.85555 17.261
23.85962 18.598
23.86369 19.254
23.86775 19.137
23.87182 18.691
23.87589 18.996
23.87996 18.152
23.88403 19.114
23.88810 19.841
23.89216 18.363
23.89623 18.293
23.90030 18.058
23.90437 19.512
23.90844 19.958
23.91251 18.246
23.91658 18.386
23.92064 19.184
23.92471 20.052
23.92878 18.035
23.93285 19.254
23.93692 17.566
23.94099 18.199
23.94506 19.489
23.94912 18.832
23.95319 17.917
23.95726 17.800
23.96133 17.683
23.96540 19.348
23.96947 19.981
23.97353 18.293
23.97760 18.809
23.98167 17.894
23.98574 18.433
23.98981 18.246
23.99388 18.621
23.99795 19.489
24.00201 18.129
24.00608 18.809
24.01015 18.902
24.01422 19.676
24.01829 18.082
24.02236 18.902
24.02643 17.871
24.03049 18.973
24.03456 18.668
24.03863 18.152
24.04270 18.480
24.04677 19.629
24.05084 18.762
24.05490 18.738
24.05897 18.902
24.06304 18.480
24.06711 18.480
24.07118 17.988
24.07525 18.902
24.07932 19.184
24.08338 18.551
24.08745 19.770
24.09152 19.301
24.09559 18.879
24.09966 18.175
24.10373 18.316
24.10779 17.847
24.11186 18.644
24.11593 18.410
24.12000 17.214
24.12407 18.598
24.12814 17.425
24.13221 18.011
24.13627 20.685
24.14034 17.917
24.14441 19.067
24.14848 18.363
24.15255 18.809
24.15662 18.715
24.16069 19.207
24.16475 16.979
24.16882 18.738
24.17289 19.231
24.17696 18.246
24.18103 17.425
24.18510 17.355
24.18916 17.308
24.19323 18.433
24.19730 19.606
24.20137 17.566
24.20544 18.668
24.20951 17.613
24.21358 17.753
24.21764 17.824
24.22171 19.137
24.22578 16.956
24.22985 18.433
24.23392 17.050
24.23799 18.551
24.24206 18.644
24.24612 19.606
24.25019 18.222
24.25426 17.800
24.25833 19.325
24.26240 18.152
24.26647 18.410
24.27053 20.098
24.27460 18.011
24.27867 17.871
24.28274 18.574
24.28681 18.293
24.29088 16.792
24.29495 18.949
24.29901 19.090
24.30308 18.082
24.30715 19.606
24.31122 18.621
24.31529 17.519
24.31936 18.199
24.32342 18.410
24.32749 18.199
24.33156 18.410
24.33563 18.175
24.33970 18.809
24.34377 18.293
24.34784 18.457
24.35190 18.949
24.35597 19.090
24.36004 18.856
24.36411 17.425
24.36818 18.480
24.37225 18.152
24.37632 18.410
24.38038 17.988
24.38445 18.199
24.38852 18.856
24.39259 18.316
24.39666 18.504
24.40073 18.433
24.40479 18.293
24.40886 16.628
24.41293 17.566
24.41700 18.832
24.42107 17.706
24.42514 18.762
24.42921 18.246
24.43327 17.073
24.43734 17.964
24.44141 16.932
24.44548 18.457
24.44955 18.715
24.45362 16.721
24.45769 18.926
24.46175 17.613
24.46582 18.105
24.46989 18.199
24.47396 18.644
24.47803 17.355
24.48210 18.175
24.48616 16.886
24.49023 18.058
24.49430 18.926
24.49837 17.753
24.50244 17.448
24.50651 18.293
24.51058 18.058
24.51464 18.035
24.51871 18.598
24.52278 18.973
24.52685 19.395
24.53092 17.261
24.53499 17.683
24.53905 18.363
24.54312 17.542
24.54719 17.800
24.55126 17.613
24.55533 17.894
24.55940 17.542
24.56347 19.489
24.56753 18.011
24.57160 18.035
24.57567 17.659
24.57974 17.284
24.58381 18.105
24.58788 16.440
24.59195 17.378
24.59601 18.011
24.60008 17.917
24.60415 19.020
24.60822 17.472
24.61229 18.035
24.61636 17.378
24.62042 17.894
24.62449 17.566
24.62856 17.941
24.63263 17.261
24.63670 17.425
24.64077 18.433
24.64484 17.050
24.64890 17.355
24.65297 16.839
24.65704 16.886
24.66111 18.856
24.66518 17.800
24.66925 17.355
24.67331 17.425
24.67738 18.035
24.68145 17.284
24.68552 18.152
24.68959 17.941
24.69366 17.073
24.69773 17.097
24.70179 17.988
24.70586 17.659
24.70993 16.487
24.71400 16.909
24.71807 17.355
24.72214 17.683
24.72621 18.433
24.73027 17.941
24.73434 17.589
24.73841 17.706
24.74248 17.847
24.74655 16.557
24.75062 16.839
24.75468 17.097
24.75875 17.566
24.76282 17.636
24.76689 18.762
24.77096 17.284
24.77503 16.510
24.77910 17.636
24.78316 17.073
24.78723 17.402
24.79130 16.932
24.79537 17.894
24.79944 17.144
24.80351 17.073
24.80758 17.941
24.81164 17.800
24.81571 16.886
24.81978 17.917
24.82385 18.152
24.82792 16.065
24.83199 17.683
24.83605 18.175
24.84012 17.144
24.84419 18.644
24.84826 17.730
24.85233 16.932
24.85640 18.105
24.86047 17.706
24.86453 17.073
24.86860 17.777
24.87267 17.237
24.87674 18.129
24.88081 17.284
24.88488 18.058
24.88894 18.340
24.89301 17.683
24.89708 17.425
24.90115 17.941
24.90522 17.425
24.90929 17.589
24.91336 16.674
24.91742 18.715
24.92149 18.082
24.92556 17.167
24.92963 17.589
24.93370 17.566
24.93777 17.120
24.94184 17.308
24.94590 18.011
24.94997 17.847
24.95404 17.613
24.95811 18.011
24.96218 16.909
24.96625 17.847
24.97031 17.448
24.97438 16.674
24.97845 17.378
24.98252 17.144
24.98659 17.402
24.99066 17.472
24.99473 17.261
24.99879 16.909
25.00286 16.510
25.00693 17.331
25.01100 16.651
25.01507 16.628
25.01914 16.792
25.02321 16.135
25.02727 16.956
25.03134 16.886
25.03541 16.721
25.03948 17.120
25.04355 16.581
25.04762 17.589
25.05168 17.777
25.05575 17.308
25.05982 16.229
25.06389 17.378
25.06796 17.847
25.07203 16.839
25.07610 17.026
25.08016 17.753
25.08423 17.706
25.08830 17.378
25.09237 16.745
25.09644 17.237
25.10051 17.589
25.10457 16.745
25.10864 16.581
25.11271 16.604
25.11678 16.323
25.12085 17.026
25.12492 16.252
25.12899 16.417
25.13305 17.448
25.13712 15.994
25.14119 17.941
25.14526 17.917
25.14933 16.956
25.15340 14.939
25.15747 17.308
25.16153 18.082
25.16560 17.355
25.16967 16.721
25.17374 17.284
25.17781 16.815
25.18188 17.097
25.18594 17.355
25.19001 16.112
25.19408 17.613
25.19815 16.440
25.20222 17.730
25.20629 16.581
25.21036 18.527
25.21442 17.519
25.21849 16.299
25.22256 16.815
25.22663 18.175
25.23070 17.026
25.23477 17.308
25.23884 17.190
25.24290 16.956
25.24697 18.293
25.25104 17.144
25.25511 17.073
25.25918 16.698
25.26325 16.862
25.26731 17.167
25.27138 17.847
25.27545 17.237
25.27952 17.659
25.28359 17.144
25.28766 16.182
25.29173 18.222
25.29579 16.932
25.29986 15.783
25.30393 17.003
25.30800 17.097
25.31207 17.871
25.31614 17.261
25.32020 16.463
25.32427 15.619
25.32834 16.088
25.33241 16.768
25.33648 17.542
25.34055 17.659
25.34462 17.683
25.34868 18.011
25.35275 17.167
25.35682 15.830
25.36089 17.495
25.36496 17.026
25.36903 16.886
25.37310 16.768
25.37716 15.666
25.38123 16.534
25.38530 16.088
25.38937 17.519
25.39344 15.807
25.39751 16.839
25.40157 17.073
25.40564 16.792
25.40971 18.386
25.41378 17.777
25.41785 16.628
25.42192 16.862
25.42599 17.261
25.43005 17.495
25.43412 16.862
25.43819 16.018
25.44226 17.730
25.44633 17.190
25.45040 16.370
25.45446 16.346
25.45853 17.425
25.46260 15.666
25.46667 17.144
25.47074 17.003
25.47481 15.924
25.47888 16.815
25.48294 17.917
25.48701 15.689
25.49108 15.174
25.49515 16.417
25.49922 17.120
25.50329 15.736
25.50736 16.956
25.51142 17.026
25.51549 17.050
25.51956 16.487
25.52363 16.886
25.52770 17.073
25.53177 16.674
25.53583 15.666
25.53990 16.581
25.54397 17.331
25.54804 17.331
25.55211 16.956
25.55618 17.308
25.56025 16.698
25.56431 17.800
25.56838 16.346
25.57245 17.261
25.57652 16.674
25.58059 16.557
25.58466 16.323
25.58873 16.557
25.59279 15.666
25.59686 16.534
25.60093 16.628
25.60500 15.971
25.60907 15.572
25.61314 16.557
25.61720 16.674
25.62127 16.159
25.62534 17.026
25.62941 16.088
25.63348 17.730
25.63755 16.370
25.64162 16.135
25.64568 17.847
25.64975 16.534
25.65382 17.003
25.65789 18.269
25.66196 15.689
25.66603 15.478
25.67009 16.909
25.67416 17.261
25.67823 16.557
25.68230 17.097
25.68637 16.651
25.69044 16.276
25.69451 16.018
25.69857 16.299
25.70264 16.674
25.70671 14.939
25.71078 16.909
25.71485 16.393
25.71892 15.830
25.72299 16.932
25.72705 16.815
25.73112 18.011
25.73519 15.549
25.73926 15.478
25.74333 16.135
25.74740 17.964
25.75146 16.745
25.75553 16.487
25.75960 16.510
25.76367 16.417
25.76774 16.041
25.77181 15.854
25.77588 16.323
25.77994 14.869
25.78401 16.135
25.78808 16.440
25.79215 17.073
25.79622 15.830
25.80029 17.613
25.80436 17.448
25.80842 15.830
25.81249 16.534
25.81656 16.674
25.82063 15.502
25.82470 16.205
25.82877 15.901
25.83283 15.549
25.83690 16.159
25.84097 17.636
25.84504 16.932
25.84911 16.393
25.85318 16.440
25.85725 15.314
25.86131 16.651
25.86538 17.003
25.86945 15.947
25.87352 16.276
25.87759 16.909
25.88166 15.432
25.88572 16.510
25.88979 16.956
25.89386 15.877
25.89793 16.674
25.90200 16.581
25.90607 15.901
25.91014 15.502
25.91420 16.463
25.91827 17.284
25.92234 16.604
25.92641 15.596
25.93048 16.088
25.93455 17.683
25.93862 15.361
25.94268 16.370
25.94675 16.463
25.95082 16.510
25.95489 15.760
25.95896 17.378
25.96303 16.252
25.96709 15.994
25.97116 15.901
25.97523 17.659
25.97930 16.323
25.98337 15.127
25.98744 16.041
25.99151 16.886
25.99557 15.924
25.99964 16.041
26.00371 15.385
26.00778 16.041
26.01185 16.159
26.01592 16.628
26.01999 16.886
26.02405 16.909
26.02812 14.611
26.03219 14.962
26.03626 16.698
26.04033 16.487
26.04440 16.417
26.04846 15.783
26.05253 17.472
26.05660 16.346
26.06067 16.346
26.06474 17.378
26.06881 15.807
26.07288 16.065
26.07694 16.862
26.08101 16.135
26.08508 17.402
26.08915 14.751
26.09322 16.065
26.09729 15.525
26.10135 16.112
26.10542 16.417
26.10949 15.455
26.11356 15.291
26.11763 14.845
26.12170 15.901
26.12577 15.150
26.12983 15.643
26.13390 16.745
26.13797 16.604
26.14204 16.370
26.14611 14.939
26.15018 16.018
26.15425 16.229
26.15831 15.760
26.16238 16.370
26.16645 14.845
26.17052 15.502
26.17459 15.854
26.17866 15.572
26.18272 16.393
26.18679 15.901
26.19086 16.604
26.19493 15.689
26.19900 16.276
26.20307 16.393
26.20714 15.525
26.21120 14.681
26.21527 15.901
26.21934 16.182
26.22341 15.009
26.22748 15.689
26.23155 16.182
26.23561 15.244
26.23968 15.783
26.24375 15.478
26.24782 15.971
26.25189 15.244
26.25596 15.713
26.26003 16.159
26.26409 15.385
26.26816 15.408
26.27223 15.455
26.27630 15.971
26.28037 15.901
26.28444 15.385
26.28851 15.689
26.29257 15.267
26.29664 14.869
26.30071 15.291
26.30478 16.276
26.30885 16.041
26.31292 15.924
26.31698 15.901
26.32105 15.150
26.32512 15.854
26.32919 14.681
26.33326 14.751
26.33733 15.643
26.34140 14.658
26.34546 16.440
26.34953 16.229
26.35360 14.845
26.35767 15.736
26.36174 15.244
26.36581 15.971
26.36988 15.455
26.37394 16.135
26.37801 14.775
26.38208 15.525
26.38615 15.361
26.39022 16.721
26.39429 15.994
26.39835 15.432
26.40242 14.423
26.40649 15.432
26.41056 14.962
26.41463 14.822
26.41870 16.440
26.42277 14.587
26.42683 16.604
26.43090 15.807
26.43497 16.205
26.43904 15.572
26.44311 15.432
26.44718 15.502
26.45124 15.572
26.45531 15.549
26.45938 15.009
26.46345 14.587
26.46752 16.276
26.47159 15.596
26.47566 14.962
26.47972 14.916
26.48379 15.150
26.48786 15.150
26.49193 16.276
26.49600 15.314
26.50007 15.549
26.50414 16.112
26.50820 16.065
26.51227 15.103
26.51634 15.291
26.52041 15.830
26.52448 15.127
26.52855 16.463
26.53261 15.127
26.53668 15.385
26.54075 15.994
26.54482 15.783
26.54889 15.572
26.55296 15.080
26.55703 15.643
26.56109 15.760
26.56516 15.502
26.56923 17.003
26.57330 15.947
26.57737 15.525
26.58144 15.033
26.58551 14.564
26.58957 13.696
26.59364 15.807
26.59771 15.666
26.60178 15.783
26.60585 14.189
26.60992 14.259
26.61398 15.478
26.61805 15.736
26.62212 15.385
26.62619 14.611
26.63026 14.775
26.63433 14.705
26.63840 14.939
26.64246 14.587
26.64653 14.517
26.65060 15.455
26.65467 15.150
26.65874 16.041
26.66281 15.666
26.66687 15.009
26.67094 15.736
26.67501 14.681
26.67908 14.939
26.68315 15.736
26.68722 15.220
26.69129 15.220
26.69535 15.596
26.69942 14.212
26.70349 15.267
26.70756 15.197
26.71163 15.830
26.71570 14.400
26.71977 15.385
26.72383 14.728
26.72790 14.611
26.73197 14.845
26.73604 14.493
26.74011 15.924
26.74418 14.611
26.74824 14.751
26.75231 15.361
26.75638 14.329
26.76045 15.361
26.76452 15.338
26.76859 15.830
26.77266 15.502
26.77672 15.314
26.78079 14.540
26.78486 15.924
26.78893 16.323
26.79300 14.540
26.79707 16.041
26.80114 15.314
26.80520 15.033
26.80927 14.705
26.81334 14.962
26.81741 14.447
26.82148 15.197
26.82555 15.807
26.82961 16.065
26.83368 15.596
26.83775 16.604
26.84182 14.728
26.84589 15.033
26.84996 14.048
26.85403 14.517
26.85809 15.408
26.86216 14.916
26.86623 14.118
26.87030 14.939
26.87437 15.502
26.87844 14.705
26.88250 15.056
26.88657 13.743
26.89064 14.962
26.89471 15.127
26.89878 14.892
26.90285 15.103
26.90692 14.095
26.91098 15.314
26.91505 14.681
26.91912 14.564
26.92319 15.267
26.92726 15.080
26.93133 13.790
26.93540 14.212
26.93946 14.001
26.94353 14.259
26.94760 14.705
26.95167 15.197
26.95574 14.189
26.95981 14.470
26.96387 14.493
26.96794 14.212
26.97201 15.033
26.97608 14.892
26.98015 14.587
26.98422 14.259
26.98829 14.939
26.99235 14.001
26.99642 14.962
27.00049 15.197
27.00456 13.813
27.00863 14.142
27.01270 14.822
27.01676 14.962
27.02083 14.892
27.02490 15.432
27.02897 14.634
27.03304 13.297
27.03711 14.916
27.04118 16.041
27.04524 14.916
27.04931 14.400
27.05338 14.611
27.05745 13.485
27.06152 14.658
27.06559 13.696
27.06966 14.962
27.07372 15.924
27.07779 13.860
27.08186 14.986
27.08593 15.009
27.09000 14.775
27.09407 14.165
27.09813 14.517
27.10220 14.259
27.10627 14.447
27.11034 13.931
27.11441 14.306
27.11848 15.220
27.12255 13.931
27.12661 14.775
27.13068 14.071
27.13475 14.869
27.13882 14.822
27.14289 14.282
27.14696 14.400
27.15103 15.220
27.15509 14.728
27.15916 14.517
27.16323 14.329
27.16730 15.127
27.17137 14.611
27.17544 14.517
27.17950 14.939
27.18357 14.705
27.18764 14.845
27.19171 15.385
27.19578 15.713
27.19985 14.048
27.20392 15.056
27.20798 14.048
27.21205 13.649
27.21612 14.282
27.22019 14.845
27.22426 14.798
27.22833 13.931
27.23239 14.822
27.23646 15.197
27.24053 14.611
27.24460 14.376
27.24867 13.649
27.25274 14.259
27.25681 14.306
27.26087 14.329
27.26494 15.103
27.26901 13.297
27.27308 15.244
27.27715 15.408
27.28122 15.502
27.28529 15.009
27.28935 14.962
27.29342 14.212
27.29749 15.596
27.30156 13.626
27.30563 14.658
27.30970 14.564
27.31376 13.274
27.31783 14.493
27.32190 13.110
27.32597 14.634
27.33004 13.391
27.33411 14.564
27.33818 13.274
27.34224 14.447
27.34631 14.095
27.35038 16.346
27.35445 14.728
27.35852 14.212
27.36259 13.673
27.36666 13.649
27.37072 13.884
27.37479 13.602
27.37886 14.095
27.38293 14.822
27.38700 13.977
27.39107 14.845
27.39513 13.438
27.39920 14.423
27.40327 13.649
27.40734 13.462
27.41141 13.860
27.41548 12.664
27.41955 13.907
27.42361 14.400
27.42768 14.329
27.43175 13.813
27.43582 14.142
27.43989 13.180
27.44396 13.977
27.44802 13.321
27.45209 14.001
27.45616 14.376
27.46023 13.977
27.46430 14.916
27.46837 13.391
27.47244 13.344
27.47650 13.954
27.48057 14.071
27.48464 14.071
27.48871 13.696
27.49278 13.485
27.49685 14.447
27.50092 13.977
27.50498 13.579
27.50905 15.103
27.51312 13.673
27.51719 13.063
27.52126 14.329
27.52533 13.180
27.52939 12.899
27.53346 13.884
27.53753 13.673
27.54160 13.368
27.54567 13.837
27.54974 14.142
27.55381 14.986
27.55787 14.189
27.56194 15.197
27.56601 13.720
27.57008 13.204
27.57415 14.165
27.57822 14.376
27.58229 13.743
27.58635 14.189
27.59042 14.306
27.59449 13.837
27.59856 14.681
27.60263 13.391
27.60670 13.907
27.61076 12.664
27.61483 14.705
27.61890 14.611
27.62297 12.852
27.62704 13.532
27.63111 14.376
27.63518 14.540
27.63924 13.063
27.64331 13.016
27.64738 14.001
27.65145 13.016
27.65552 13.368
27.65959 12.969
27.66365 12.477
27.66772 14.493
27.67179 13.626
27.67586 14.353
27.67993 13.837
27.68400 13.720
27.68807 14.611
27.69213 13.649
27.69620 14.118
27.70027 13.180
27.70434 13.860
27.70841 14.822
27.71248 13.860
27.71655 14.798
27.72061 13.977
27.72468 13.274
27.72875 14.095
27.73282 13.579
27.73689 13.696
27.74096 15.056
27.74502 14.118
27.74909 14.001
27.75316 14.142
27.75723 13.860
27.76130 13.532
27.76537 13.415
27.76944 13.391
27.77350 13.626
27.77757 13.133
27.78164 13.626
27.78571 13.368
27.78978 13.297
27.79385 12.969
27.79792 13.297
27.80198 13.086
27.80605 14.353
27.81012 13.579
27.81419 13.227
27.81826 13.720
27.82233 13.415
27.82639 13.274
27.83046 12.688
27.83453 13.368
27.83860 13.720
27.84267 12.946
27.84674 13.813
27.85081 13.274
27.85487 12.711
27.85894 13.086
27.86301 12.406
27.86708 13.016
27.87115 14.095
27.87522 13.884
27.87928 14.142
27.88335 14.423
27.88742 15.267
27.89149 13.016
27.89556 12.312
27.89963 13.274
27.90370 14.259
27.90776 13.157
27.91183 13.250
27.91590 13.860
27.91997 12.735
27.92404 12.946
27.92811 13.907
27.93218 12.781
27.93624 13.438
27.94031 14.353
27.94438 13.790
27.94845 12.570
27.95252 13.907
27.95659 13.063
27.96065 13.977
27.96472 12.852
27.96879 13.602
27.97286 13.532
27.97693 13.438
27.98100 14.024
27.98507 13.274
27.98913 13.579
27.99320 13.438
27.99727 13.907
28.00134 13.227
28.00541 14.118
28.00948 12.711
28.01354 13.110
28.01761 13.508
28.02168 12.969
28.02575 12.500
28.02982 12.758
28.03389 13.039
28.03796 13.743
28.04202 12.922
28.04609 14.142
28.05016 12.899
28.05423 12.500
28.05830 13.837
28.06237 12.922
28.06644 12.805
28.07050 13.204
28.07457 13.415
28.07864 13.110
28.08271 13.579
28.08678 12.523
28.09085 13.626
28.09491 12.688
28.09898 14.001
28.10305 12.922
28.10712 12.523
28.11119 12.359
28.11526 13.063
28.11933 13.391
28.12339 13.485
28.12746 13.227
28.13153 14.165
28.13560 13.321
28.13967 13.016
28.14374 13.063
28.14781 12.453
28.15187 13.415
28.15594 13.250
28.16001 13.766
28.16408 12.946
28.16815 13.532
28.17222 12.805
28.17628 13.133
28.18035 13.086
28.18442 13.579
28.18849 13.063
28.19256 12.219
28.19663 13.790
28.20070 12.688
28.20476 13.555
28.20883 14.142
28.21290 13.555
28.21697 13.438
28.22104 13.063
28.22511 13.180
28.22917 12.523
28.23324 14.259
28.23731 12.711
28.24138 13.110
28.24545 12.852
28.24952 13.086
28.25359 13.696
28.25765 12.688
28.26172 13.931
28.26579 13.860
28.26986 12.547
28.27393 12.875
28.27800 13.837
28.28207 13.602
28.28613 13.204
28.29020 12.453
28.29427 13.133
28.29834 14.001
28.30241 12.711
28.30648 14.306
28.31054 12.852
28.31461 14.024
28.31868 14.024
28.32275 13.180
28.32682 12.852
28.33089 13.462
28.33496 12.547
28.33902 14.071
28.34309 13.485
28.34716 14.118
28.35123 12.359
28.35530 13.720
28.35937 12.523
28.36344 13.673
28.36750 13.039
28.37157 14.142
28.37564 12.946
28.37971 13.344
28.38378 13.626
28.38785 14.235
28.39191 13.813
28.39598 13.555
28.40005 13.790
28.40412 14.282
28.40819 13.860
28.41226 15.033
28.41633 14.212
28.42039 14.165
28.42446 14.798
28.42853 14.259
28.43260 14.962
28.43667 15.291
28.44074 13.743
28.44480 14.493
28.44887 15.361
28.45294 14.611
28.45701 14.259
28.46108 13.931
28.46515 14.329
28.46922 14.822
28.47328 14.447
28.47735 14.587
28.48142 15.080
28.48549 15.009
28.48956 14.353
28.49363 14.822
28.49770 15.150
28.50176 14.142
28.50583 15.455
28.50990 14.798
28.51397 14.939
28.51804 14.845
28.52211 15.596
28.52617 15.502
28.53024 15.783
28.53431 15.361
28.53838 15.220
28.54245 16.182
28.54652 15.830
28.55059 16.088
28.55465 15.971
28.55872 15.783
28.56279 16.135
28.56686 16.323
28.57093 16.862
28.57500 16.112
28.57907 16.065
28.58313 18.386
28.58720 17.683
28.59127 16.346
28.59534 17.284
28.59941 18.082
28.60348 17.144
28.60754 16.041
28.61161 17.589
28.61568 17.073
28.61975 18.058
28.62382 18.785
28.62789 18.269
28.63196 18.598
28.63602 18.175
28.64009 18.105
28.64416 19.395
28.64823 17.894
28.65230 18.621
28.65637 18.832
28.66043 19.207
28.66450 18.410
28.66857 18.949
28.67264 21.341
28.67671 20.427
28.68078 20.286
28.68485 19.254
28.68891 21.248
28.69298 20.450
28.69705 20.826
28.70112 19.676
28.70519 21.201
28.70926 22.889
28.71333 21.506
28.71739 21.365
28.72146 20.685
28.72553 22.491
28.72960 23.053
28.73367 21.341
28.73774 23.171
28.74180 23.851
28.74587 22.045
28.74994 23.523
28.75401 24.085
28.75808 20.826
28.76215 23.780
28.76622 23.335
28.77028 23.780
28.77435 21.717
28.77842 23.124
28.78249 24.296
28.78656 23.053
28.79063 22.326
28.79469 22.702
28.79876 22.936
28.80283 23.499
28.80690 23.593
28.81097 23.851
28.81504 24.296
28.81911 24.930
28.82317 24.508
28.82724 22.983
28.83131 23.335
28.83538 22.819
28.83945 24.578
28.84352 24.648
28.84759 24.765
28.85165 22.889
28.85572 23.405
28.85979 23.663
28.86386 23.053
28.86793 23.030
28.87200 23.687
28.87606 23.945
28.88013 23.921
28.88420 24.156
28.88827 23.382
28.89234 22.936
28.89641 22.092
28.90048 22.022
28.90454 22.702
28.90861 22.631
28.91268 21.951
28.91675 22.350
28.92082 23.382
28.92489 23.992
28.92896 21.013
28.93302 22.584
28.93709 21.083
28.94116 22.092
28.94523 20.192
28.94930 21.764
28.95337 22.022
28.95743 22.514
28.96150 22.913
28.96557 21.553
28.96964 19.958
28.97371 21.904
28.97778 21.107
28.98185 20.075
28.98591 21.365
28.98998 21.295
28.99405 21.388
28.99812 21.271
29.00219 20.310
29.00626 21.670
29.01032 21.060
29.01439 21.060
29.01846 20.685
29.02253 19.911
29.02660 20.286
29.03067 19.606
29.03474 20.450
29.03880 20.380
29.04287 21.951
29.04694 20.521
29.05101 21.060
29.05508 19.794
29.05915 20.896
29.06322 20.169
29.06728 20.568
29.07135 19.653
29.07542 20.169
29.07949 20.474
29.08356 20.052
29.08763 19.981
29.09169 20.169
29.09576 20.169
29.09983 21.459
29.10390 20.638
29.10797 19.442
29.11204 19.864
29.11611 18.340
29.12017 20.169
29.12424 19.981
29.12831 19.043
29.13238 19.254
29.13645 19.325
29.14052 20.263
29.14459 19.747
29.14865 19.559
29.15272 19.160
29.15679 19.301
29.16086 18.246
29.16493 20.380
29.16900 18.832
29.17306 18.949
29.17713 18.621
29.18120 18.879
29.18527 18.293
29.18934 19.418
29.19341 19.207
29.19748 19.489
29.20154 18.011
29.20561 17.659
29.20968 19.512
29.21375 18.621
29.21782 17.777
29.22189 18.762
29.22595 18.574
29.23002 17.917
29.23409 18.504
29.23816 17.941
29.24223 17.495
29.24630 18.738
29.25037 16.792
29.25443 16.323
29.25850 17.073
29.26257 17.753
29.26664 17.097
29.27071 16.065
29.27478 16.721
29.27885 17.073
29.28291 16.651
29.28698 16.370
29.29105 16.886
29.29512 16.909
29.29919 14.634
29.30326 17.659
29.30732 16.229
29.31139 17.495
29.31546 16.135
29.31953 15.267
29.32360 14.611
29.32767 15.314
29.33174 15.596
29.33580 15.549
29.33987 15.572
29.34394 14.634
29.34801 14.587
29.35208 14.282
29.35615 14.118
29.36022 14.869
29.36428 13.720
29.36835 15.267
29.37242 14.024
29.37649 14.282
29.38056 13.907
29.38463 14.517
29.38869 14.611
29.39276 14.423
29.39683 13.039
29.40090 13.508
29.40497 12.735
29.40904 13.485
29.41311 13.039
29.41717 14.728
29.42124 13.743
29.42531 13.626
29.42938 13.133
29.43345 14.095
29.43752 13.696
29.44158 13.274
29.44565 13.180
29.44972 12.078
29.45379 13.743
29.45786 12.828
29.46193 11.984
29.46600 13.790
29.47006 13.086
29.47413 13.227
29.47820 12.828
29.48227 12.992
29.48634 12.805
29.49041 11.562
29.49448 12.453
29.49854 13.532
29.50261 12.289
29.50668 12.148
29.51075 12.383
29.51482 12.406
29.51889 13.016
29.52295 12.383
29.52702 12.172
29.53109 13.274
29.53516 12.500
29.53923 12.430
29.54330 12.477
29.54737 12.547
29.55143 12.406
29.55550 12.758
29.55957 12.359
29.56364 12.664
29.56771 12.875
29.57178 13.368
29.57584 11.398
29.57991 11.304
29.58398 11.280
29.58805 12.711
29.59212 12.148
29.59619 12.148
29.60026 10.553
29.60432 10.342
29.60839 11.796
29.61246 11.632
29.61653 11.210
29.62060 11.445
29.62467 12.359
29.62874 11.585
29.63280 11.093
29.63687 11.890
29.64094 11.750
29.64501 11.327
29.64908 10.765
29.65315 10.811
29.65721 11.327
29.66128 11.820
29.66535 11.773
29.66942 12.312
29.67349 10.483
29.67756 10.929
29.68163 10.882
29.68569 10.882
29.68976 11.046
29.69383 10.624
29.69790 10.718
29.70197 10.389
29.70604 10.671
29.71011 10.929
29.71417 10.718
29.71824 11.398
29.72231 11.304
29.72638 10.905
29.73045 10.436
29.73452 9.873
29.73858 11.234
29.74265 11.069
29.74672 10.436
29.75079 11.046
29.75486 10.413
29.75893 10.483
29.76300 10.811
29.76706 11.234
29.77113 10.999
29.77520 10.436
29.77927 10.530
29.78334 10.647
29.78741 10.202
29.79147 11.140
29.79554 9.897
29.79961 9.615
29.80368 11.234
29.80775 10.366
29.81182 10.084
29.81589 10.600
29.81995 9.639
29.82402 9.967
29.82809 10.225
29.83216 11.351
29.83623 10.225
29.84030 9.451
29.84437 11.351
29.84843 10.108
29.85250 10.718
29.85657 10.577
29.86064 10.202
29.86471 10.483
29.86878 11.867
29.87284 10.624
29.87691 10.483
29.88098 10.741
29.88505 10.952
29.88912 9.803
29.89319 10.389
29.89726 11.351
29.90132 9.475
29.90539 10.858
29.90946 10.577
29.91353 10.624
29.91760 10.765
29.92167 10.342
29.92574 10.765
29.92980 11.069
29.93387 10.366
29.93794 10.811
29.94201 10.718
29.94608 11.327
29.95015 10.178
29.95421 9.662
29.95828 11.234
29.96235 10.038
29.96642 10.624
29.97049 11.023
29.97456 10.882
29.97863 10.765
29.98269 9.897
29.98676 9.357
29.99083 9.217
29.99490 9.967
29.99897 10.272
30.00304 10.460
30.00710 10.882
30.01117 10.483
30.01524 10.319
30.01931 11.163
30.02338 9.756
30.02745 9.967
30.03152 8.841
30.03558 10.436
30.03965 9.991
30.04372 11.445
30.04779 11.796
30.05186 10.202
30.05593 10.178
30.06000 10.061
30.06406 9.498
30.06813 10.272
30.07220 8.935
30.07627 10.038
30.08034 9.522
30.08441 10.436
30.08847 10.882
30.09254 10.436
30.09661 10.155
30.10068 10.436
30.10475 9.592
30.10882 10.084
30.11289 9.428
30.11695 10.858
30.12102 9.780
30.12509 11.280
30.12916 10.905
30.13323 9.545
30.13730 9.873
30.14137 9.991
30.14543 10.389
30.14950 9.240
30.15357 9.897
30.15764 9.357
30.16171 9.217
30.16578 10.319
30.16984 10.741
30.17391 10.155
30.17798 10.624
30.18205 9.850
30.18612 10.202
30.19019 9.451
30.19426 10.530
30.19832 10.600
30.20239 10.530
30.20646 10.038
30.21053 10.108
30.21460 10.249
30.21867 10.460
30.22273 10.295
30.22680 9.076
30.23087 9.451
30.23494 10.155
30.23901 9.826
30.24308 9.686
30.24715 9.756
30.25121 9.897
30.25528 10.061
30.25935 11.069
30.26342 9.639
30.26749 9.334
30.27156 9.498
30.27563 10.741
30.27969 9.076
30.28376 10.131
30.28783 10.155
30.29190 10.413
30.29597 10.389
30.30004 9.498
30.30410 10.108
30.30817 10.553
30.31224 9.099
30.31631 9.850
30.32038 9.475
30.32445 9.076
30.32852 9.780
30.33258 9.873
30.33665 9.568
30.34072 9.545
30.34479 9.099
30.34886 9.615
30.35293 9.615
30.35700 9.522
30.36106 9.170
30.36513 8.865
30.36920 10.413
30.37327 9.428
30.37734 9.522
30.38141 9.615
30.38547 9.873
30.38954 9.803
30.39361 10.155
30.39768 9.498
30.40175 8.771
30.40582 10.389
30.40989 9.146
30.41395 10.038
30.41802 9.686
30.42209 8.560
30.42616 9.662
30.43023 8.912
30.43430 8.959
30.43836 9.756
30.44243 9.334
30.44650 8.607
30.45057 9.756
30.45464 9.850
30.45871 9.780
30.46278 9.568
30.46684 9.240
30.47091 8.818
30.47498 10.507
30.47905 9.592
30.48312 9.639
30.48719 8.841
30.49126 9.545
30.49532 9.756
30.49939 9.850
30.50346 10.342
30.50753 8.701
30.51160 10.225
30.51567 8.795
30.51973 10.624
30.52380 8.771
30.52787 9.006
30.53194 9.850
30.53601 9.193
30.54008 9.146
30.54415 8.982
30.54821 9.217
30.55228 9.217
30.55635 9.029
30.56042 10.038
30.56449 9.522
30.56856 9.662
30.57262 8.959
30.57669 9.897
30.58076 9.803
30.58483 10.624
30.58890 9.099
30.59297 9.404
30.59704 10.155
30.60110 9.639
30.60517 9.498
30.60924 8.818
30.61331 9.311
30.61738 10.624
30.62145 9.099
30.62552 9.217
30.62958 9.287
30.63365 9.592
30.63772 9.944
30.64179 8.560
30.64586 9.264
30.64993 8.630
30.65399 8.208
30.65806 10.295
30.66213 9.240
30.66620 9.334
30.67027 9.146
30.67434 9.592
30.67841 9.170
30.68247 10.272
30.68654 9.099
30.69061 9.498
30.69468 9.428
30.69875 9.850
30.70282 9.709
30.70689 9.099
30.71095 10.014
30.71502 8.560
30.71909 9.099
30.72316 10.342
30.72723 9.404
30.73130 9.029
30.73536 9.428
30.73943 8.888
30.74350 9.826
30.74757 9.803
30.75164 9.475
30.75571 8.583
30.75978 9.193
30.76384 8.959
30.76791 8.537
30.77198 9.709
30.77605 9.053
30.78012 9.311
30.78419 8.771
30.78825 9.099
30.79232 9.311
30.79639 9.780
30.80046 8.630
30.80453 8.560
30.80860 8.302
30.81267 9.780
30.81673 8.654
30.82080 9.404
30.82487 10.272
30.82894 9.264
30.83301 9.381
30.83708 9.615
30.84115 8.795
30.84521 9.803
30.84928 9.803
30.85335 7.974
30.85742 10.342
30.86149 9.006
30.86556 8.818
30.86962 9.311
30.87369 9.146
30.87776 8.795
30.88183 8.326
30.88590 8.912
30.88997 9.053
30.89404 9.451
30.89810 8.537
30.90217 8.279
30.90624 9.944
30.91031 8.818
30.91438 9.545
30.91845 9.170
30.92252 9.029
30.92658 9.053
30.93065 9.287
30.93472 8.560
30.93879 8.841
30.94286 8.818
30.94693 9.357
30.95099 9.217
30.95506 8.771
30.95913 9.311
30.96320 9.193
30.96727 8.021
30.97134 8.443
30.97541 8.959
30.97947 9.334
30.98354 8.795
30.98761 8.419
30.99168 8.912
30.99575 8.396
30.99982 8.583
31.00388 9.264
31.00795 8.748
31.01202 8.888
31.01609 9.311
31.02016 10.249
31.02423 9.381
31.02830 8.771
31.03236 8.818
31.03643 9.686
31.04050 8.795
31.04457 8.888
31.04864 9.123
31.05271 8.795
31.05678 8.630
31.06084 9.170
31.06491 7.997
31.06898 8.185
31.07305 8.912
31.07712 7.974
31.08119 9.381
31.08525 9.264
31.08932 8.349
31.09339 8.583
31.09746 8.349
31.10153 8.865
31.10560 8.771
31.10967 8.724
31.11373 9.967
31.11780 10.155
31.12187 8.537
31.12594 8.982
31.13001 8.326
31.13408 8.888
31.13815 8.912
31.14221 9.076
31.14628 8.232
31.15035 8.490
31.15442 8.748
31.15849 8.490
31.16256 8.724
31.16662 8.630
31.17069 9.099
31.17476 9.240
31.17883 8.724
31.18290 7.950
31.18697 8.865
31.19104 8.490
31.19510 9.123
31.19917 9.170
31.20324 9.662
31.20731 8.677
31.21138 8.466
31.21545 8.607
31.21951 9.264
31.22358 8.302
31.22765 7.997
31.23172 9.522
31.23579 8.513
31.23986 8.466
31.24393 8.372
31.24799 8.513
31.25206 9.264
31.25613 9.146
31.26020 9.756
31.26427 8.396
31.26834 8.326
31.27241 8.372
31.27647 8.912
31.28054 9.475
31.28461 7.387
31.28868 8.138
31.29275 9.053
31.29682 9.404
31.30088 9.029
31.30495 8.560
31.30902 8.841
31.31309 9.099
31.31716 8.372
31.32123 8.865
31.32530 8.279
31.32936 9.006
31.33343 7.481
31.33750 8.466
31.34157 10.084
31.34564 8.583
31.34971 9.240
31.35377 8.349
31.35784 9.123
31.36191 9.404
31.36598 8.677
31.37005 8.185
31.37412 8.255
31.37819 8.513
31.38225 8.161
31.38632 9.006
31.39039 8.255
31.39446 8.419
31.39853 8.114
31.40260 8.161
31.40667 8.959
31.41073 7.856
31.41480 9.311
31.41887 8.560
31.42294 9.006
31.42701 8.583
31.43108 8.583
31.43514 8.419
31.43921 9.029
31.44328 9.076
31.44735 8.326
31.45142 8.607
31.45549 8.185
31.45956 8.349
31.46362 8.630
31.46769 7.974
31.47176 8.982
31.47583 8.279
31.47990 8.044
31.48397 9.217
31.48804 7.903
31.49210 8.138
31.49617 8.935
31.50024 9.404
31.50431 8.419
31.50838 8.161
31.51245 8.513
31.51651 8.044
31.52058 8.161
31.52465 8.959
31.52872 8.021
31.53279 7.786
31.53686 9.099
31.54093 8.091
31.54499 7.810
31.54906 7.927
31.55313 8.630
31.55720 8.490
31.56127 8.396
31.56534 8.513
31.56940 8.513
31.57347 8.490
31.57754 9.006
31.58161 8.583
31.58568 8.419
31.58975 8.138
31.59382 8.654
31.59788 8.326
31.60195 8.677
31.60602 8.044
31.61009 8.208
31.61416 7.247
31.61823 7.997
31.62230 7.716
31.62636 8.232
31.63043 8.701
31.63450 8.701
31.63857 8.326
31.64264 7.856
31.64671 8.068
31.65077 8.935
31.65484 7.880
31.65891 8.912
31.66298 8.490
31.66705 7.974
31.67112 8.982
31.67519 8.138
31.67925 8.255
31.68332 8.818
31.68739 8.607
31.69146 8.185
31.69553 8.279
31.69960 7.176
31.70367 8.044
31.70773 8.466
31.71180 8.044
31.71587 8.724
31.71994 8.021
31.72401 8.677
31.72808 8.138
31.73214 8.349
31.73621 7.528
31.74028 7.364
31.74435 9.146
31.74842 8.232
31.75249 8.466
31.75656 7.458
31.76062 8.255
31.76469 8.255
31.76876 7.927
31.77283 9.357
31.77690 8.701
31.78097 8.044
31.78503 7.645
31.78910 7.739
31.79317 8.607
31.79724 8.560
31.80131 7.974
31.80538 7.950
31.80945 7.669
31.81351 8.161
31.81758 8.208
31.82165 8.372
31.82572 8.818
31.82979 8.091
31.83386 8.279
31.83793 8.232
31.84199 7.997
31.84606 8.232
31.85013 8.654
31.85420 7.598
31.85827 8.443
31.86234 8.349
31.86640 9.099
31.87047 8.208
31.87454 9.053
31.87861 8.372
31.88268 7.575
31.88675 8.138
31.89082 8.208
31.89488 8.114
31.89895 8.279
31.90302 8.537
31.90709 8.724
31.91116 7.997
31.91523 8.068
31.91930 8.396
31.92336 8.138
31.92743 8.560
31.93150 8.302
31.93557 7.786
31.93964 8.490
31.94371 7.247
31.94777 8.349
31.95184 8.021
31.95591 7.810
31.95998 8.114
31.96405 8.302
31.96812 8.560
31.97219 7.481
31.97625 6.918
31.98032 8.091
31.98439 8.068
31.98846 7.692
31.99253 8.466
31.99660 8.326
32.00066 8.138
32.00473 7.880
32.00880 7.997
32.01287 8.513
32.01694 8.091
32.02101 7.481
32.02508 8.607
32.02914 7.856
32.03321 7.411
32.03728 7.763
32.04135 7.903
32.04542 7.294
32.04949 7.903
32.05356 8.560
32.05762 8.396
32.06169 8.677
32.06576 7.903
32.06983 7.950
32.07390 7.645
32.07797 8.138
32.08203 7.012
32.08610 8.466
32.09017 8.138
32.09424 8.466
32.09831 8.138
32.10238 7.692
32.10645 8.302
32.11051 7.129
32.11458 7.786
32.11865 7.364
32.12272 8.583
32.12679 6.895
32.13086 8.044
32.13492 8.466
32.13899 7.317
32.14306 7.200
32.14713 7.575
32.15120 7.505
32.15527 7.247
32.15934 8.044
32.16340 8.044
32.16747 7.716
32.17154 7.763
32.17561 8.349
32.17968 8.021
32.18375 7.575
32.18782 7.763
32.19188 7.716
32.19595 7.763
32.20002 8.114
32.20409 8.560
32.20816 7.129
32.21223 7.763
32.21629 8.326
32.22036 7.575
32.22443 7.458
32.22850 7.129
32.23257 7.129
32.23664 7.622
32.24071 8.255
32.24477 7.552
32.24884 7.669
32.25291 8.372
32.25698 7.833
32.26105 7.341
32.26512 7.950
32.26919 6.871
32.27325 7.950
32.27732 7.833
32.28139 8.021
32.28546 7.856
32.28953 7.458
32.29360 8.419
32.29766 8.302
32.30173 8.021
32.30580 7.810
32.30987 7.810
32.31394 7.622
32.31801 7.645
32.32208 7.458
32.32614 7.692
32.33021 8.068
32.33428 7.341
32.33835 7.997
32.34242 7.434
32.34649 6.895
32.35055 7.833
32.35462 7.458
32.35869 7.176
32.36276 7.575
32.36683 7.575
32.37090 7.294
32.37497 8.185
32.37903 8.466
32.38310 7.341
32.38717 8.161
32.39124 7.528
32.39531 7.622
32.39938 7.012
32.40345 7.223
32.40751 7.763
32.41158 7.950
32.41565 7.552
32.41972 8.185
32.42379 7.552
32.42786 8.114
32.43192 7.200
32.43599 7.294
32.44006 7.763
32.44413 7.669
32.44820 7.528
32.45227 7.786
32.45634 7.200
32.46040 7.692
32.46447 8.349
32.46854 7.434
32.47261 8.255
32.47668 7.645
32.48075 6.965
32.48482 7.716
32.48888 8.255
32.49295 7.411
32.49702 8.138
32.50109 7.106
32.50516 7.950
32.50923 6.918
32.51329 7.903
32.51736 7.411
32.52143 8.560
32.52550 7.341
32.52957 7.763
32.53364 7.434
32.53771 7.786
32.54177 7.575
32.54584 7.270
32.54991 7.645
32.55398 7.786
32.55805 7.763
32.56212 7.129
32.56618 7.598
32.57025 7.083
32.57432 8.302
32.57839 7.505
32.58246 8.021
32.58653 7.223
32.59060 7.575
32.59466 7.528
32.59873 7.036
32.60280 8.044
32.60687 7.083
32.61094 8.091
32.61501 7.481
32.61908 7.434
32.62314 7.059
32.62721 7.669
32.63128 7.950
32.63535 8.021
32.63942 7.317
32.64349 7.411
32.64755 6.942
32.65162 7.974
32.65569 7.223
32.65976 7.575
32.66383 7.364
32.66790 7.341
32.67197 7.950
32.67603 7.856
32.68010 7.739
32.68417 7.153
32.68824 7.645
32.69231 7.458
32.69638 8.044
32.70045 7.598
32.70451 7.552
32.70858 7.692
32.71265 7.317
32.71672 7.622
32.72079 7.552
32.72486 7.997
32.72892 7.458
32.73299 7.481
32.73706 7.974
32.74113 8.279
32.74520 6.778
32.74927 7.856
32.75334 7.575
32.75740 7.856
32.76147 7.739
32.76554 7.622
32.76961 7.294
32.77368 7.036
32.77775 7.059
32.78181 7.434
32.78588 7.950
32.78995 7.434
32.79402 8.560
32.79809 7.622
32.80216 7.223
32.80623 8.232
32.81029 7.856
32.81436 7.153
32.81843 7.176
32.82250 8.021
32.82657 7.763
32.83064 7.341
32.83471 7.223
32.83877 7.810
32.84284 7.974
32.84691 7.528
32.85098 7.200
32.85505 7.129
32.85912 7.528
32.86318 8.466
32.86725 7.880
32.87132 7.645
32.87539 8.021
32.87946 8.185
32.88353 7.856
32.88760 8.114
32.89166 7.833
32.89573 8.044
32.89980 7.739
32.90387 8.255
32.90794 7.528
32.91201 7.153
32.91607 7.856
32.92014 8.114
32.92421 7.903
32.92828 7.458
32.93235 7.833
32.93642 7.458
32.94049 7.833
32.94455 8.349
32.94862 8.583
32.95269 8.302
32.95676 7.786
32.96083 8.161
32.96490 8.349
32.96897 7.270
32.97303 8.068
32.97710 7.974
32.98117 8.935
32.98524 7.880
32.98931 8.490
32.99338 7.950
32.99744 9.170
33.00151 8.208
33.00558 7.622
33.00965 8.302
33.01372 8.419
33.01779 9.193
33.02186 7.739
33.02592 8.888
33.02999 8.654
33.03406 9.217
33.03813 8.161
33.04220 8.466
33.04627 8.138
33.05034 9.311
33.05440 7.950
33.05847 8.677
33.06254 8.865
33.06661 8.771
33.07068 7.458
33.07475 9.029
33.07881 8.279
33.08288 10.038
33.08695 8.818
33.09102 9.146
33.09509 9.006
33.09916 10.038
33.10323 9.076
33.10729 8.888
33.11136 9.639
33.11543 10.436
33.11950 9.897
33.12357 8.912
33.12764 10.131
33.13170 9.662
33.13577 9.850
33.13984 9.099
33.14391 10.108
33.14798 9.404
33.15205 10.765
33.15612 9.428
33.16018 9.334
33.16425 9.451
33.16832 10.295
33.17239 9.850
33.17646 10.507
33.18053 10.553
33.18460 10.835
33.18866 9.920
33.19273 9.756
33.19680 10.952
33.20087 10.413
33.20494 10.202
33.20901 9.568
33.21307 10.530
33.21714 10.976
33.22121 9.803
33.22528 9.404
33.22935 11.116
33.23342 10.929
33.23749 10.647
33.24155 10.249
33.24562 10.929
33.24969 10.600
33.25376 10.342
33.25783 10.905
33.26190 11.140
33.26597 10.225
33.27003 11.562
33.27410 11.304
33.27817 10.460
33.28224 10.882
33.28631 11.656
33.29038 10.694
33.29444 10.718
33.29851 10.178
33.30258 10.436
33.30665 11.046
33.31072 10.929
33.31479 11.069
33.31886 12.054
33.32292 11.632
33.32699 11.515
33.33106 9.756
33.33513 11.234
33.33920 11.257
33.34327 11.632
33.34733 10.835
33.35140 11.280
33.35547 11.703
33.35954 10.249
33.36361 10.342
33.36768 10.342
33.37175 10.155
33.37581 11.093
33.37988 10.084
33.38395 10.600
33.38802 10.882
33.39209 10.436
33.39616 9.991
33.40023 11.304
33.40429 10.835
33.40836 10.577
33.41243 10.788
33.41650 10.765
33.42057 11.093
33.42464 10.765
33.42870 11.163
33.43277 10.858
33.43684 11.140
33.44091 10.952
33.44498 10.178
33.44905 10.366
33.45312 11.445
33.45718 10.202
33.46125 9.733
33.46532 10.342
33.46939 11.023
33.47346 10.671
33.47753 10.483
33.48160 11.140
33.48566 11.515
33.48973 9.733
33.49380 10.295
33.49787 10.553
33.50194 10.765
33.50601 11.046
33.51007 10.084
33.51414 10.178
33.51821 10.038
33.52228 10.530
33.52635 10.178
33.53042 10.178
33.53449 10.178
33.53855 10.084
33.54262 9.475
33.54669 9.756
33.55076 10.483
33.55483 10.131
33.55890 9.826
33.56296 10.999
33.56703 9.897
33.57110 10.178
33.57517 9.522
33.57924 9.240
33.58331 9.451
33.58738 10.553
33.59144 9.756
33.59551 9.897
33.59958 9.873
33.60365 9.756
33.60772 9.639
33.61179 10.038
33.61586 10.202
33.61992 9.920
33.62399 9.991
33.62806 10.295
33.63213 10.155
33.63620 9.920
33.64027 9.944
33.64433 9.639
33.64840 10.202
33.65247 10.178
33.65654 9.498
33.66061 10.999
33.66468 9.639
33.66875 9.568
33.67281 10.178
33.67688 10.178
33.68095 8.935
33.68502 9.545
33.68909 9.428
33.69316 9.803
33.69723 9.311
33.70129 9.357
33.70536 10.155
33.70943 9.592
33.71350 9.545
33.71757 8.748
33.72164 8.841
33.72570 9.897
33.72977 9.053
33.73384 9.709
33.73791 9.639
33.74198 8.748
33.74605 8.654
33.75012 9.873
33.75418 9.334
33.75825 9.498
33.76232 9.428
33.76639 8.419
33.77046 10.014
33.77453 9.522
33.77859 9.357
33.78266 9.311
33.78673 8.419
33.79080 9.053
33.79487 9.076
33.79894 8.513
33.80301 8.935
33.80707 8.185
33.81114 7.997
33.81521 8.021
33.81928 8.419
33.82335 8.513
33.82742 9.780
33.83149 8.021
33.83555 8.888
33.83962 8.630
33.84369 8.349
33.84776 8.677
33.85183 8.326
33.85590 8.021
33.85996 7.974
33.86403 7.880
33.86810 7.387
33.87217 7.739
33.87624 7.411
33.88031 8.326
33.88438 7.200
33.88844 7.505
33.89251 7.505
33.89658 8.748
33.90065 7.950
33.90472 7.059
33.90879 7.458
33.91285 7.669
33.91692 7.153
33.92099 7.598
33.92506 8.161
33.92913 8.044
33.93320 7.716
33.93727 7.645
33.94133 7.739
33.94540 7.739
33.94947 6.918
33.95354 7.833
33.95761 7.552
33.96168 8.114
33.96575 7.387
33.96981 7.223
33.97388 7.552
33.97795 7.833
33.98202 7.153
33.98609 7.223
33.99016 6.402
33.99422 7.645
33.99829 7.552
34.00236 7.106
34.00643 6.801
34.01050 7.669
34.01457 7.622
34.01864 7.294
34.02270 6.778
34.02677 6.778
34.03084 7.223
34.03491 6.496
34.03898 7.364
34.04305 6.825
34.04712 7.223
34.05118 7.411
34.05525 7.341
34.05932 7.458
34.06339 7.083
34.06746 7.153
34.07153 7.223
34.07559 6.848
34.07966 7.176
34.08373 7.012
34.08780 6.520
34.09187 7.411
34.09594 7.200
34.10001 6.731
34.10407 6.707
34.10814 6.426
34.11221 7.481
34.11628 7.411
34.12035 7.012
34.12442 6.379
34.12848 6.473
34.13255 7.692
34.13662 7.012
34.14069 6.590
34.14476 6.731
34.14883 6.801
34.15290 6.942
34.15696 7.106
34.16103 7.270
34.16510 6.965
34.16917 6.356
34.17324 7.434
34.17731 7.575
34.18138 6.285
34.18544 7.481
34.18951 7.458
34.19358 6.731
34.19765 7.129
34.20172 6.965
34.20579 6.660
34.20985 7.153
34.21392 6.660
34.21799 6.754
34.22206 5.957
34.22613 6.731
34.23020 7.458
34.23427 6.356
34.23833 6.520
34.24240 6.871
34.24647 7.012
34.25054 6.496
34.25461 6.004
34.25868 5.840
34.26275 7.317
34.26681 6.660
34.27088 6.004
34.27495 6.754
34.27902 6.895
34.28309 6.707
34.28716 6.684
34.29122 6.379
34.29529 6.778
34.29936 6.379
34.30343 6.778
34.30750 6.918
34.31157 7.317
34.31564 6.496
34.31970 6.379
34.32377 6.238
34.32784 6.684
34.33191 6.614
34.33598 6.473
34.34005 7.153
34.34411 7.012
34.34818 6.543
34.35225 5.816
34.35632 6.449
34.36039 7.153
34.36446 6.402
34.36853 6.402
34.37259 7.012
34.37666 6.496
34.38073 6.004
34.38480 5.605
34.38887 6.496
34.39294 6.614
34.39701 6.965
34.40107 6.731
34.40514 6.027
34.40921 6.426
34.41328 6.309
34.41735 6.449
34.42142 6.731
34.42548 6.660
34.42955 6.520
34.43362 6.590
34.43769 6.614
34.44176 6.871
34.44583 5.980
34.44990 6.168
34.45396 7.176
34.45803 6.942
34.46210 6.590
34.46617 6.707
34.47024 7.294
34.47431 6.074
34.47838 6.754
34.48244 7.223
34.48651 5.957
34.49058 7.528
34.49465 6.262
34.49872 6.567
34.50279 6.144
34.50685 5.652
34.51092 6.707
34.51499 6.543
34.51906 6.426
34.52313 6.168
34.52720 6.051
34.53127 6.144
34.53533 6.660
34.53940 5.957
34.54347 6.379
34.54754 6.543
34.55161 6.426
34.55568 5.957
34.55974 6.285
34.56381 5.933
34.56788 6.426
34.57195 5.980
34.57602 6.426
34.58009 6.543
34.58416 6.402
34.58822 6.707
34.59229 6.567
34.59636 6.637
34.60043 6.379
34.60450 5.793
34.60857 5.980
34.61264 5.464
34.61670 5.417
34.62077 6.660
34.62484 6.590
34.62891 6.449
34.63298 6.238
34.63705 5.722
34.64111 5.816
34.64518 6.543
34.64925 5.863
34.65332 6.191
34.65739 6.262
34.66146 6.051
34.66553 7.411
34.66959 6.402
34.67366 5.910
34.67773 5.629
34.68180 6.590
34.68587 6.285
34.68994 6.473
34.69400 6.684
34.69807 6.731
34.70214 5.816
34.70621 6.473
34.71028 6.332
34.71435 6.121
34.71842 6.121
34.72248 6.520
34.72655 5.840
34.73062 6.238
34.73469 6.309
34.73876 5.840
34.74283 6.496
34.74690 6.660
34.75096 5.253
34.75503 6.473
34.75910 6.449
34.76317 6.332
34.76724 6.027
34.77131 6.496
34.77537 5.746
34.77944 6.051
34.78351 5.605
34.78758 6.520
34.79165 6.473
34.79572 6.567
34.79979 6.356
34.80385 6.027
34.80792 6.027
34.81199 6.684
34.81606 5.558
34.82013 7.153
34.82420 6.426
34.82827 5.957
34.83233 6.027
34.83640 6.402
34.84047 5.886
34.84454 6.215
34.84861 6.379
34.85268 5.933
34.85674 6.473
34.86081 6.731
34.86488 5.722
34.86895 6.449
34.87302 6.309
34.87709 6.168
34.88116 6.309
34.88522 5.933
34.88929 5.347
34.89336 5.840
34.89743 6.074
34.90150 6.614
34.90557 6.590
34.90963 5.910
34.91370 7.012
34.91777 5.957
34.92184 6.895
34.92591 5.769
34.92998 6.426
34.93405 6.144
34.93811 6.496
34.94218 6.238
34.94625 6.051
34.95032 7.341
34.95439 6.215
34.95846 6.754
34.96253 5.769
34.96659 5.793
34.97066 6.191
34.97473 6.473
34.97880 6.402
34.98287 6.754
34.98694 5.910
34.99100 6.285
34.99507 6.379
34.99914 6.496
35.00321 5.371
35.00728 6.051
35.01135 6.449
35.01542 6.098
35.01948 6.754
35.02355 6.871
35.02762 6.004
35.03169 5.816
35.03576 6.543
35.03983 6.520
35.04390 6.027
35.04796 6.332
35.05203 6.309
35.05610 5.840
35.06017 6.402
35.06424 5.980
35.06831 6.567
35.07237 6.825
35.07644 6.215
35.08051 5.488
35.08458 6.027
35.08865 6.098
35.09272 6.543
35.09679 6.309
35.10085 6.473
35.10492 6.051
35.10899 6.027
35.11306 6.449
35.11713 6.543
35.12120 6.707
35.12526 5.933
35.12933 6.027
35.13340 6.215
35.13747 5.933
35.14154 5.793
35.14561 6.262
35.14968 5.840
35.15374 5.980
35.15781 6.215
35.16188 5.980
35.16595 6.285
35.17002 6.473
35.17409 6.051
35.17816 6.168
35.18222 5.441
35.18629 6.285
35.19036 6.449
35.19443 5.863
35.19850 6.051
35.20257 7.176
35.20663 7.106
35.21070 5.675
35.21477 6.637
35.21884 6.684
35.22291 6.121
35.22698 6.191
35.23105 5.886
35.23511 6.262
35.23918 6.356
35.24325 5.699
35.24732 6.238
35.25139 6.660
35.25546 5.793
35.25953 5.863
35.26359 5.488
35.26766 6.051
35.27173 5.910
35.27580 6.262
35.27987 6.332
35.28394 6.543
35.28800 6.379
35.29207 6.238
35.29614 6.168
35.30021 6.004
35.30428 5.629
35.30835 6.027
35.31242 5.980
35.31648 6.238
35.32055 6.543
35.32462 6.051
35.32869 6.637
35.33276 6.426
35.33683 6.004
35.34089 6.144
35.34496 5.535
35.34903 6.027
35.35310 5.793
35.35717 6.496
35.36124 5.394
35.36531 6.332
35.36937 6.754
35.37344 5.371
35.37751 6.191
35.38158 6.168
35.38565 5.863
35.38972 5.675
35.39379 5.699
35.39785 6.144
35.40192 6.004
35.40599 5.417
35.41006 6.684
35.41413 6.238
35.41820 5.699
35.42226 6.191
35.42633 6.707
35.43040 5.746
35.43447 5.933
35.43854 6.051
35.44261 6.144
35.44668 6.496
35.45074 6.426
35.45481 6.051
35.45888 6.004
35.46295 6.496
35.46702 5.652
35.47109 6.074
35.47515 5.933
35.47922 6.262
35.48329 6.168
35.48736 6.238
35.49143 6.027
35.49550 5.394
35.49957 5.746
35.50363 6.191
35.50770 5.277
35.51177 6.051
35.51584 5.886
35.51991 5.605
35.52398 6.121
35.52805 5.980
35.53211 6.590
35.53618 5.417
35.54025 5.136
35.54432 5.957
35.54839 5.089
35.55246 5.840
35.55652 5.816
35.56059 6.309
35.56466 5.652
35.56873 5.324
35.57280 5.558
35.57687 6.074
35.58094 6.074
35.58500 5.417
35.58907 5.699
35.59314 6.356
35.59721 6.098
35.60128 6.098
35.60535 5.722
35.60942 6.144
35.61348 5.253
35.61755 5.746
35.62162 6.426
35.62569 6.168
35.62976 5.582
35.63383 5.722
35.63789 5.675
35.64196 6.309
35.64603 6.473
35.65010 6.074
35.65417 5.652
35.65824 5.300
35.66231 5.582
35.66637 6.215
35.67044 5.535
35.67451 5.957
35.67858 5.840
35.68265 6.074
35.68672 5.840
35.69078 6.121
35.69485 5.558
35.69892 5.464
35.70299 5.605
35.70706 5.933
35.71113 5.840
35.71520 5.793
35.71926 5.980
35.72333 5.488
35.72740 6.051
35.73147 5.746
35.73554 6.449
35.73961 6.356
35.74368 6.989
35.74774 5.980
35.75181 5.066
35.75588 5.464
35.75995 6.309
35.76402 5.746
35.76809 5.816
35.77215 6.285
35.77622 5.816
35.78029 5.371
35.78436 6.144
35.78843 6.332
35.79250 6.051
35.79657 5.511
35.80063 5.347
35.80470 6.144
35.80877 6.098
35.81284 5.417
35.81691 5.933
35.82098 6.191
35.82505 5.629
35.82911 5.464
35.83318 4.925
35.83725 5.347
35.84132 5.300
35.84539 6.144
35.84946 5.746
35.85352 5.816
35.85759 5.652
35.86166 6.262
35.86573 6.191
35.86980 6.074
35.87387 6.449
35.87794 6.027
35.88200 5.019
35.88607 5.769
35.89014 5.535
35.89421 5.957
35.89828 6.567
35.90235 5.511
35.90641 6.332
35.91048 5.371
35.91455 5.488
35.91862 5.629
35.92269 5.886
35.92676 6.309
35.93083 5.417
35.93489 5.488
35.93896 6.543
35.94303 6.496
35.94710 5.183
35.95117 6.144
35.95524 5.652
35.95931 5.652
35.96337 5.582
35.96744 5.863
35.97151 5.605
35.97558 5.605
35.97965 5.441
35.98372 5.980
35.98778 5.769
35.99185 5.652
35.99592 5.652
35.99999 5.957
36.00406 6.027
36.00813 5.769
36.01220 5.488
36.01626 6.215
36.02033 5.910
36.02440 5.769
36.02847 6.191
36.03254 6.496
36.03661 6.121
36.04068 5.535
36.04474 5.605
36.04881 6.144
36.05288 5.464
36.05695 5.183
36.06102 5.347
36.06509 5.722
36.06915 5.347
36.07322 5.863
36.07729 5.699
36.08136 5.769
36.08543 5.535
36.08950 5.019
36.09357 4.925
36.09763 5.816
36.10170 5.371
36.10577 6.238
36.10984 5.511
36.11391 5.957
36.11798 4.855
36.12204 6.262
36.12611 6.098
36.13018 5.886
36.13425 5.699
36.13832 5.558
36.14239 5.652
36.14646 6.473
36.15052 5.277
36.15459 5.159
36.15866 5.371
36.16273 5.746
36.16680 5.605
36.17087 5.347
36.17494 5.535
36.17900 5.816
36.18307 6.004
36.18714 5.957
36.19121 5.535
36.19528 5.558
36.19935 5.793
36.20341 5.582
36.20748 6.168
36.21155 5.371
36.21562 5.793
36.21969 6.356
36.22376 5.206
36.22783 5.582
36.23189 5.793
36.23596 5.675
36.24003 5.206
36.24410 5.746
36.24817 5.347
36.25224 5.793
36.25630 5.769
36.26037 5.769
36.26444 5.652
36.26851 6.074
36.27258 5.417
36.27665 5.441
36.28072 4.948
36.28478 5.535
36.28885 6.074
36.29292 6.332
36.29699 5.816
36.30106 5.746
36.30513 5.933
36.30920 5.464
36.31326 5.933
36.31733 5.394
36.32140 6.567
36.32547 5.933
36.32954 5.746
36.33361 5.417
36.33767 5.464
36.34174 6.426
36.34581 5.910
36.34988 5.605
36.35395 6.356
36.35802 5.417
36.36209 5.535
36.36615 5.511
36.37022 5.886
36.37429 5.535
36.37836 6.590
36.38243 6.332
36.38650 5.535
36.39057 5.183
36.39463 5.488
36.39870 5.746
36.40277 5.089
36.40684 5.441
36.41091 6.074
36.41498 5.840
36.41904 5.535
36.42311 5.910
36.42718 5.957
36.43125 5.582
36.43532 5.417
36.43939 5.980
36.44346 5.793
36.44752 5.488
36.45159 5.113
36.45566 5.230
36.45973 5.746
36.46380 6.051
36.46787 5.183
36.47193 5.394
36.47600 5.722
36.48007 5.441
36.48414 5.629
36.48821 5.441
36.49228 6.191
36.49635 5.159
36.50041 5.230
36.50448 5.840
36.50855 5.793
36.51262 5.464
36.51669 5.558
36.52076 6.144
36.52483 5.324
36.52889 6.262
36.53296 5.159
36.53703 4.972
36.54110 5.886
36.54517 5.840
36.54924 5.699
36.55330 5.816
36.55737 6.285
36.56144 6.168
36.56551 5.183
36.56958 5.699
36.57365 5.863
36.57772 5.066
36.58178 5.277
36.58585 5.324
36.58992 5.863
36.59399 6.051
36.59806 5.629
36.60213 5.629
36.60620 5.535
36.61026 5.277
36.61433 5.957
36.61840 5.675
36.62247 5.582
36.62654 5.535
36.63061 5.816
36.63467 5.253
36.63874 5.933
36.64281 5.394
36.64688 5.582
36.65095 5.980
36.65502 5.699
36.65909 6.027
36.66315 5.722
36.66722 5.394
36.67129 5.441
36.67536 5.629
36.67943 5.371
36.68350 4.925
36.68756 5.840
36.69163 5.910
36.69570 5.652
36.69977 5.863
36.70384 5.558
36.70791 5.652
36.71198 5.253
36.71604 5.417
36.72011 5.441
36.72418 5.582
36.72825 5.816
36.73232 5.535
36.73639 5.535
36.74046 5.371
36.74452 5.300
36.74859 5.277
36.75266 5.957
36.75673 5.957
36.76080 5.511
36.76487 5.629
36.76893 5.324
36.77300 5.253
36.77707 5.511
36.78114 6.309
36.78521 5.957
36.78928 4.925
36.79335 5.230
36.79741 5.347
36.80148 6.238
36.80555 5.769
36.80962 5.816
36.81369 5.300
36.81776 5.746
36.82183 5.394
36.82589 6.027
36.82996 5.136
36.83403 5.347
36.83810 5.558
36.84217 5.488
36.84624 5.230
36.85030 5.230
36.85437 5.980
36.85844 5.769
36.86251 5.417
36.86658 5.886
36.87065 5.769
36.87472 5.464
36.87878 6.004
36.88285 5.511
36.88692 5.886
36.89099 6.027
36.89506 5.230
36.89913 5.816
36.90319 4.902
36.90726 5.722
36.91133 5.371
36.91540 5.019
36.91947 5.183
36.92354 5.675
36.92761 5.722
36.93167 5.417
36.93574 5.394
36.93981 4.737
36.94388 6.191
36.94795 5.488
36.95202 5.371
36.95609 5.605
36.96015 5.699
36.96422 5.394
36.96829 5.769
36.97236 5.699
36.97643 5.371
36.98050 5.488
36.98456 5.417
36.98863 5.159
36.99270 5.840
36.99677 4.573
37.00084 5.441
37.00491 5.558
37.00898 5.159
37.01304 5.488
37.01711 5.933
37.02118 6.027
37.02525 5.371
37.02932 5.816
37.03339 5.183
37.03746 4.972
37.04152 5.183
37.04559 5.582
37.04966 5.746
37.05373 5.582
37.05780 5.652
37.06187 5.558
37.06593 5.535
37.07000 5.089
37.07407 5.699
37.07814 5.441
37.08221 5.746
37.08628 5.629
37.09035 6.215
37.09441 5.886
37.09848 5.863
37.10255 4.526
37.10662 5.535
37.11069 4.784
37.11476 5.019
37.11882 5.840
37.12289 5.441
37.12696 5.933
37.13103 5.769
37.13510 5.488
37.13917 5.558
37.14324 5.886
37.14730 5.629
37.15137 5.816
37.15544 5.394
37.15951 4.855
37.16358 5.183
37.16765 4.925
37.17172 5.159
37.17578 5.159
37.17985 6.496
37.18392 5.980
37.18799 5.699
37.19206 5.816
37.19613 5.746
37.20019 5.394
37.20426 5.699
37.20833 5.910
37.21240 5.183
37.21647 6.004
37.22054 5.605
37.22461 5.980
37.22867 5.042
37.23274 5.863
37.23681 5.300
37.24088 5.699
37.24495 5.605
37.24902 5.746
37.25308 4.808
37.25715 5.019
37.26122 5.371
37.26529 5.230
37.26936 6.168
37.27343 5.605
37.27750 5.347
37.28156 5.605
37.28563 5.511
37.28970 5.863
37.29377 5.347
37.29784 5.347
37.30191 5.511
37.30598 5.558
37.31004 5.394
37.31411 5.675
37.31818 5.300
37.32225 5.816
37.32632 5.629
37.33039 5.769
37.33445 5.675
37.33852 5.371
37.34259 5.277
37.34666 5.113
37.35073 5.910
37.35480 5.488
37.35887 5.253
37.36293 5.652
37.36700 5.159
37.37107 4.995
37.37514 5.840
37.37921 4.902
37.38328 5.488
37.38735 5.722
37.39141 4.948
37.39548 5.558
37.39955 5.535
37.40362 4.855
37.40769 5.464
37.41176 5.206
37.41582 5.957
37.41989 5.488
37.42396 5.957
37.42803 6.051
37.43210 5.629
37.43617 5.793
37.44024 5.183
37.44430 5.277
37.44837 5.324
37.45244 5.066
37.45651 5.183
37.46058 4.925
37.46465 4.925
37.46871 5.159
37.47278 5.066
37.47685 5.511
37.48092 5.277
37.48499 5.347
37.48906 4.855
37.49313 5.441
37.49719 4.995
37.50126 5.066
37.50533 5.183
37.50940 5.558
37.51347 5.769
37.51754 5.746
37.52161 5.980
37.52567 5.910
37.52974 5.324
37.53381 6.004
37.53788 5.441
37.54195 5.582
37.54602 5.582
37.55008 4.550
37.55415 6.285
37.55822 4.878
37.56229 5.464
37.56636 5.417
37.57043 5.159
37.57450 5.886
37.57856 5.886
37.58263 5.558
37.58670 5.371
37.59077 5.230
37.59484 5.746
37.59891 5.371
37.60298 5.535
37.60704 5.300
37.61111 4.714
37.61518 5.863
37.61925 5.300
37.62332 5.136
37.62739 5.441
37.63145 5.371
37.63552 5.113
37.63959 5.230
37.64366 5.793
37.64773 5.277
37.65180 5.089
37.65587 6.356
37.65993 5.511
37.66400 5.206
37.66807 5.042
37.67214 5.558
37.67621 4.972
37.68028 5.136
37.68434 5.394
37.68841 5.136
37.69248 5.582
37.69655 5.699
37.70062 5.840
37.70469 5.253
37.70876 6.121
37.71282 5.699
37.71689 5.558
37.72096 5.793
37.72503 5.464
37.72910 5.183
37.73317 5.582
37.73724 5.324
37.74130 5.629
37.74537 5.652
37.74944 5.159
37.75351 5.066
37.75758 5.253
37.76165 5.277
37.76571 5.206
37.76978 5.535
37.77385 4.737
37.77792 4.878
37.78199 4.855
37.78606 5.347
37.79013 5.019
37.79419 5.441
37.79826 5.769
37.80233 4.667
37.80640 5.722
37.81047 5.699
37.81454 5.558
37.81861 5.699
37.82267 5.253
37.82674 5.910
37.83081 5.417
37.83488 5.464
37.83895 5.722
37.84302 5.089
37.84708 5.206
37.85115 5.629
37.85522 5.863
37.85929 5.206
37.86336 5.582
37.86743 6.144
37.87150 5.980
37.87556 4.737
37.87963 5.206
37.88370 5.019
37.88777 5.488
37.89184 6.098
37.89591 5.300
37.89997 5.394
37.90404 5.464
37.90811 5.769
37.91218 5.675
37.91625 5.558
37.92032 5.277
37.92439 5.206
37.92845 4.902
37.93252 5.699
37.93659 5.347
37.94066 4.972
37.94473 5.511
37.94880 5.300
37.95287 5.910
37.95693 4.831
37.96100 5.793
37.96507 5.206
37.96914 4.972
37.97321 5.371
37.97728 5.042
37.98134 4.925
37.98541 5.324
37.98948 5.183
37.99355 5.206
37.99762 4.831
38.00169 5.230
38.00576 5.558
38.00982 5.347
38.01389 4.902
38.01796 5.347
38.02203 5.183
38.02610 5.253
38.03017 4.761
38.03423 4.972
38.03830 5.136
38.04237 5.324
38.04644 4.573
38.05051 5.066
38.05458 4.503
38.05865 4.995
38.06271 5.582
38.06678 5.746
38.07085 4.409
38.07492 5.253
38.07899 5.089
38.08306 5.089
38.08713 5.277
38.09119 5.394
38.09526 5.347
38.09933 5.253
38.10340 4.573
38.10747 6.238
38.11154 5.253
38.11560 5.206
38.11967 5.558
38.12374 4.995
38.12781 5.371
38.13188 5.371
38.13595 5.371
38.14002 5.253
38.14408 4.550
38.14815 5.394
38.15222 5.769
38.15629 5.722
38.16036 5.300
38.16443 5.441
38.16850 5.347
38.17256 5.089
38.17663 5.230
38.18070 5.417
38.18477 4.292
38.18884 5.300
38.19291 5.136
38.19697 4.714
38.20104 5.300
38.20511 5.019
38.20918 5.324
38.21325 4.784
38.21732 5.206
38.22139 5.277
38.22545 5.605
38.22952 5.863
38.23359 4.292
38.23766 5.066
38.24173 5.324
38.24580 4.995
38.24986 5.816
38.25393 5.019
38.25800 5.816
38.26207 5.066
38.26614 5.277
38.27021 6.051
38.27428 4.855
38.27834 5.840
38.28241 5.113
38.28648 5.183
38.29055 5.582
38.29462 5.042
38.29869 6.098
38.30276 5.183
38.30682 5.019
38.31089 5.042
38.31496 4.855
38.31903 5.066
38.32310 5.347
38.32717 5.371
38.33123 4.644
38.33530 5.277
38.33937 4.784
38.34344 5.464
38.34751 5.535
38.35158 4.808
38.35565 5.019
38.35971 5.113
38.36378 5.347
38.36785 5.253
38.37192 5.019
38.37599 5.042
38.38006 4.456
38.38413 5.042
38.38819 5.840
38.39226 4.456
38.39633 5.511
38.40040 5.582
38.40447 5.042
38.40854 4.831
38.41260 5.230
38.41667 4.808
38.42074 5.441
38.42481 5.769
38.42888 4.808
38.43295 4.972
38.43702 5.019
38.44108 5.136
38.44515 4.644
38.44922 5.394
38.45329 5.136
38.45736 4.878
38.46143 5.019
38.46549 4.784
38.46956 5.253
38.47363 4.925
38.47770 5.629
38.48177 5.183
38.48584 5.324
38.48991 4.972
38.49397 4.784
38.49804 6.027
38.50211 4.644
38.50618 5.300
38.51025 4.972
38.51432 5.089
38.51839 4.432
38.52245 5.394
38.52652 4.761
38.53059 4.995
38.53466 5.675
38.53873 5.324
38.54280 4.784
38.54686 5.159
38.55093 5.230
38.55500 5.863
38.55907 5.417
38.56314 5.230
38.56721 4.526
38.57128 5.019
38.57534 4.878
38.57941 5.206
38.58348 5.066
38.58755 5.464
38.59162 5.159
38.59569 5.113
38.59976 5.089
38.60382 5.277
38.60789 5.300
38.61196 4.995
38.61603 4.995
38.62010 5.394
38.62417 5.722
38.62823 5.488
38.63230 4.526
38.63637 5.840
38.64044 4.761
38.64451 5.277
38.64858 5.394
38.65265 4.902
38.65671 5.324
38.66078 5.535
38.66485 5.206
38.66892 5.066
38.67299 5.277
38.67706 4.902
38.68112 5.230
38.68519 5.511
38.68926 4.878
38.69333 5.699
38.69740 5.230
38.70147 4.831
38.70554 5.441
38.70960 5.394
38.71367 5.042
38.71774 4.714
38.72181 5.394
38.72588 5.019
38.72995 5.253
38.73402 5.699
38.73808 5.230
38.74215 4.831
38.74622 4.831
38.75029 5.347
38.75436 6.121
38.75843 5.277
38.76249 4.644
38.76656 4.878
38.77063 4.292
38.77470 5.159
38.77877 5.113
38.78284 5.441
38.78691 5.253
38.79097 6.285
38.79504 4.855
38.79911 5.136
38.80318 4.690
38.80725 5.230
38.81132 5.558
38.81538 5.042
38.81945 5.769
38.82352 5.253
38.82759 5.183
38.83166 5.300
38.83573 4.784
38.83980 4.432
38.84386 5.113
38.84793 4.714
38.85200 5.535
38.85607 4.831
38.86014 4.784
38.86421 4.503
38.86828 4.972
38.87234 4.972
38.87641 4.432
38.88048 5.183
38.88455 4.784
38.88862 5.324
38.89269 4.972
38.89675 5.324
38.90082 5.582
38.90489 5.722
38.90896 4.902
38.91303 5.488
38.91710 5.582
38.92117 5.277
38.92523 5.371
38.92930 5.347
38.93337 5.417
38.93744 5.159
38.94151 4.902
38.94558 5.183
38.94965 4.878
38.95371 4.597
38.95778 5.253
38.96185 5.347
38.96592 5.183
38.96999 5.511
38.97406 5.230
38.97812 4.761
38.98219 6.144
38.98626 5.066
38.99033 5.535
38.99440 4.409
38.99847 5.277
39.00254 5.746
39.00660 5.019
39.01067 4.831
39.01474 4.948
39.01881 4.972
39.02288 5.347
39.02695 4.855
39.03101 4.597
39.03508 5.605
39.03915 4.831
39.04322 4.878
39.04729 4.925
39.05136 5.441
39.05543 5.089
39.05949 4.714
39.06356 5.347
39.06763 5.277
39.07170 5.324
39.07577 5.371
39.07984 5.230
39.08391 5.113
39.08797 5.183
39.09204 4.948
39.09611 5.300
39.10018 4.573
39.10425 5.863
39.10832 5.066
39.11238 5.699
39.11645 4.995
39.12052 5.488
39.12459 4.995
39.12866 4.925
39.13273 4.925
39.13680 4.690
39.14086 5.230
39.14493 4.972
39.14900 5.605
39.15307 4.597
39.15714 5.394
39.16121 5.629
39.16528 5.089
39.16934 4.690
39.17341 4.714
39.17748 5.019
39.18155 5.347
39.18562 4.878
39.18969 4.784
39.19375 5.253
39.19782 4.972
39.20189 5.183
39.20596 4.925
39.21003 5.089
39.21410 4.902
39.21817 5.159
39.22223 4.503
39.22630 5.230
39.23037 5.464
39.23444 4.268
39.23851 4.902
39.24258 4.690
39.24664 5.511
39.25071 5.699
39.25478 4.855
39.25885 4.878
39.26292 5.417
39.26699 5.417
39.27106 5.136
39.27512 5.511
39.27919 6.473
39.28326 4.644
39.28733 5.394
39.29140 5.159
39.29547 4.808
39.29954 5.089
39.30360 4.432
39.30767 4.620
39.31174 4.808
39.31581 5.347
39.31988 4.878
39.32395 4.831
39.32801 4.972
39.33208 4.831
39.33615 4.761
39.34022 4.972
39.34429 5.699
39.34836 4.503
39.35243 4.315
39.35649 5.371
39.36056 4.644
39.36463 5.324
39.36870 4.597
39.37277 4.995
39.37684 4.690
39.38091 5.324
39.38497 4.925
39.38904 5.464
39.39311 4.948
39.39718 4.362
39.40125 4.808
39.40532 5.206
39.40938 5.371
39.41345 5.324
39.41752 5.089
39.42159 5.230
39.42566 4.690
39.42973 4.972
39.43380 4.479
39.43786 5.183
39.44193 4.902
39.44600 5.230
39.45007 5.066
39.45414 4.432
39.45821 4.526
39.46227 5.324
39.46634 5.136
39.47041 4.902
39.47448 5.042
39.47855 5.417
39.48262 4.620
39.48669 5.300
39.49075 4.972
39.49482 5.230
39.49889 5.253
39.50296 4.597
39.50703 4.432
39.51110 4.948
39.51517 5.417
39.51923 4.925
39.52330 4.808
39.52737 5.159
39.53144 4.432
39.53551 4.644
39.53958 4.878
39.54364 5.159
39.54771 5.394
39.55178 4.245
39.55585 4.151
39.55992 4.550
39.56399 4.995
39.56806 4.573
39.57212 4.690
39.57619 4.761
39.58026 4.526
39.58433 5.113
39.58840 4.995
39.59247 5.066
39.59654 5.253
39.60060 4.925
39.60467 5.488
39.60874 5.277
39.61281 5.394
39.61688 4.855
39.62095 5.230
39.62501 4.644
39.62908 5.183
39.63315 4.761
39.63722 4.479
39.64129 5.371
39.64536 5.324
39.64943 4.503
39.65349 4.995
39.65756 5.277
39.66163 4.831
39.66570 4.925
39.66977 4.315
39.67384 5.722
39.67790 4.878
39.68197 4.550
39.68604 4.948
39.69011 5.113
39.69418 5.324
39.69825 5.089
39.70232 4.925
39.70638 4.784
39.71045 4.503
39.71452 5.113
39.71859 4.386
39.72266 5.066
39.72673 4.902
39.73080 4.808
39.73486 4.831
39.73893 4.667
39.74300 5.089
39.74707 4.409
39.75114 4.503
39.75521 4.855
39.75927 4.831
39.76334 4.503
39.76741 4.620
39.77148 4.808
39.77555 5.019
39.77962 4.550
39.78369 5.394
39.78775 5.277
39.79182 5.277
39.79589 4.948
39.79996 4.620
39.80403 4.409
39.80810 4.948
39.81216 4.784
39.81623 5.746
39.82030 4.761
39.82437 5.300
39.82844 4.784
39.83251 5.066
39.83658 4.690
39.84064 4.620
39.84471 5.206
39.84878 5.535
39.85285 5.722
39.85692 4.925
39.86099 4.737
39.86506 4.972
39.86912 4.292
39.87319 4.808
39.87726 5.230
39.88133 4.878
39.88540 4.831
39.88947 4.339
39.89353 4.456
39.89760 4.245
39.90167 4.948
39.90574 4.573
39.90981 4.690
39.91388 4.972
39.91795 4.456
39.92201 5.206
39.92608 5.582
39.93015 4.597
39.93422 4.667
39.93829 4.409
39.94236 5.652
39.94643 5.230
39.95049 5.347
39.95456 4.855
39.95863 4.808
39.96270 4.503
39.96677 4.690
39.97084 4.456
39.97490 4.550
39.97897 4.808
39.98304 5.089
39.98711 4.761
39.99118 5.652
39.99525 4.690
39.99932 5.183
40.00338 4.972
40.00745 4.690
40.01152 4.714
40.01559 4.550
40.01966 4.831
40.02373 4.292
40.02779 4.784
40.03186 5.113
40.03593 4.808
40.04000 4.573
40.04407 4.503
40.04814 4.878
40.05221 4.667
40.05627 4.831
40.06034 5.066
40.06441 4.714
40.06848 4.784
40.07255 4.948
40.07662 4.667
40.08069 4.855
40.08475 4.855
40.08882 5.019
40.09289 4.690
40.09696 4.925
40.10103 5.441
40.10510 4.902
40.10916 5.300
40.11323 5.347
40.11730 5.042
40.12137 4.597
40.12544 5.019
40.12951 5.324
40.13358 4.737
40.13764 4.948
40.14171 5.230
40.14578 4.479
40.14985 4.714
40.15392 5.089
40.15799 4.245
40.16206 4.503
40.16612 4.737
40.17019 4.597
40.17426 4.925
40.17833 4.667
40.18240 4.808
40.18647 5.277
40.19053 4.268
40.19460 5.230
40.19867 4.737
40.20274 4.550
40.20681 4.409
40.21088 5.324
40.21495 4.245
40.21901 4.972
40.22308 5.371
40.22715 4.737
40.23122 5.183
40.23529 4.737
40.23936 4.761
40.24342 5.042
40.24749 4.620
40.25156 4.761
40.25563 4.714
40.25970 5.089
40.26377 4.644
40.26784 4.198
40.27190 5.089
40.27597 5.066
40.28004 4.620
40.28411 4.292
40.28818 5.136
40.29225 4.855
40.29632 4.690
40.30038 4.503
40.30445 4.761
40.30852 5.183
40.31259 4.972
40.31666 4.737
40.32073 4.386
40.32479 4.503
40.32886 4.690
40.33293 5.066
40.33700 4.503
40.34107 4.948
40.34514 4.550
40.34921 4.526
40.35327 4.925
40.35734 4.761
40.36141 4.409
40.36548 5.441
40.36955 4.690
40.37362 4.995
40.37769 5.042
40.38175 5.417
40.38582 4.597
40.38989 5.253
40.39396 4.902
40.39803 4.597
40.40210 4.972
40.40616 4.456
40.41023 4.855
40.41430 5.159
40.41837 4.714
40.42244 4.550
40.42651 4.479
40.43058 4.925
40.43464 5.253
40.43871 4.221
40.44278 4.128
40.44685 4.808
40.45092 5.066
40.45499 4.386
40.45905 4.902
40.46312 5.253
40.46719 4.597
40.47126 5.019
40.47533 5.464
40.47940 5.042
40.48347 4.221
40.48753 4.034
40.49160 3.940
40.49567 4.972
40.49974 4.667
40.50381 4.737
40.50788 3.963
40.51195 4.339
40.51601 5.769
40.52008 4.948
40.52415 3.963
40.52822 4.339
40.53229 4.855
40.53636 4.808
40.54042 5.089
40.54449 4.456
40.54856 4.995
40.55263 5.019
40.55670 4.948
40.56077 4.432
40.56484 4.597
40.56890 4.456
40.57297 4.339
40.57704 4.902
40.58111 4.784
40.58518 4.198
40.58925 4.925
40.59331 4.362
40.59738 5.113
40.60145 4.995
40.60552 4.714
40.60959 5.066
40.61366 4.690
40.61773 4.784
40.62179 4.432
40.62586 4.550
40.62993 4.831
40.63400 4.550
40.63807 4.526
40.64214 5.417
40.64621 4.362
40.65027 4.479
40.65434 4.479
40.65841 4.690
40.66248 4.526
40.66655 4.948
40.67062 4.620
40.67468 4.761
40.67875 4.855
40.68282 5.042
40.68689 4.550
40.69096 4.761
40.69503 4.644
40.69910 4.714
40.70316 4.503
40.70723 4.714
40.71130 4.456
40.71537 4.339
40.71944 4.174
40.72351 4.972
40.72758 4.292
40.73164 4.714
40.73571 4.690
40.73978 4.995
40.74385 4.362
40.74792 4.808
40.75199 5.113
40.75605 4.737
40.76012 5.136
40.76419 4.690
40.76826 4.761
40.77233 4.315
40.77640 4.808
40.78047 5.136
40.78453 4.526
40.78860 4.761
40.79267 4.432
40.79674 4.878
40.80081 4.292
40.80488 4.761
40.80894 4.948
40.81301 4.573
40.81708 4.620
40.82115 4.221
40.82522 4.597
40.82929 5.089
40.83336 4.878
40.83742 4.573
40.84149 4.714
40.84556 4.902
40.84963 4.831
40.85370 5.089
40.85777 4.292
40.86184 4.690
40.86590 4.995
40.86997 4.620
40.87404 4.690
40.87811 4.339
40.88218 4.784
40.88625 4.456
40.89031 4.620
40.89438 4.644
40.89845 4.526
40.90252 4.714
40.90659 5.136
40.91066 4.386
40.91473 4.174
40.91879 4.526
40.92286 4.409
40.92693 4.667
40.93100 4.644
40.93507 4.339
40.93914 4.972
40.94321 4.081
40.94727 4.667
40.95134 4.386
40.95541 4.174
40.95948 4.690
40.96355 5.300
40.96762 4.503
40.97168 5.042
40.97575 4.456
40.97982 4.081
40.98389 4.526
40.98796 4.690
40.99203 5.183
40.99610 4.268
41.00016 4.690
41.00423 4.432
41.00830 4.808
41.01237 4.573
41.01644 4.808
41.02051 5.136
41.02457 4.948
41.02864 4.526
41.03271 4.831
41.03678 5.394
41.04085 4.245
41.04492 4.995
41.04899 5.066
41.05305 4.597
41.05712 4.479
41.06119 5.136
41.06526 4.268
41.06933 4.644
41.07340 4.972
41.07747 4.644
41.08153 4.550
41.08560 4.550
41.08967 4.714
41.09374 4.456
41.09781 5.300
41.10188 4.526
41.10594 4.972
41.11001 4.597
41.11408 4.245
41.11815 4.808
41.12222 4.550
41.12629 4.479
41.13036 4.503
41.13442 4.667
41.13849 5.230
41.14256 4.362
41.14663 4.808
41.15070 4.831
41.15477 4.995
41.15884 4.174
41.16290 4.362
41.16697 4.573
41.17104 4.948
41.17511 5.159
41.17918 4.432
41.18325 4.925
41.18731 4.104
41.19138 4.245
41.19545 4.339
41.19952 4.925
41.20359 4.432
41.20766 4.831
41.21173 4.081
41.21579 4.972
41.21986 4.902
41.22393 4.034
41.22800 4.526
41.23207 4.057
41.23614 4.831
41.24020 4.784
41.24427 4.620
41.24834 4.386
41.25241 4.315
41.25648 4.362
41.26055 4.409
41.26462 4.550
41.26868 4.948
41.27275 4.714
41.27682 4.315
41.28089 4.573
41.28496 4.761
41.28903 4.081
41.29310 5.019
41.29716 4.479
41.30123 4.221
41.30530 4.597
41.30937 4.784
41.31344 4.902
41.31751 5.042
41.32157 4.386
41.32564 4.948
41.32971 4.479
41.33378 4.902
41.33785 4.268
41.34192 5.230
41.34599 4.432
41.35005 4.362
41.35412 4.362
41.35819 4.972
41.36226 4.925
41.36633 5.277
41.37040 4.784
41.37446 4.268
41.37853 4.573
41.38260 4.855
41.38667 4.597
41.39074 4.479
41.39481 4.948
41.39888 4.456
41.40294 4.784
41.40701 4.479
41.41108 4.526
41.41515 4.409
41.41922 4.737
41.42329 4.902
41.42736 4.644
41.43142 4.714
41.43549 4.737
41.43956 4.784
41.44363 4.995
41.44770 4.386
41.45177 4.995
41.45583 4.808
41.45990 4.995
41.46397 5.019
41.46804 4.362
41.47211 4.550
41.47618 4.550
41.48025 4.479
41.48431 4.667
41.48838 4.315
41.49245 4.315
41.49652 4.432
41.50059 4.761
41.50466 3.917
41.50873 4.644
41.51279 4.597
41.51686 5.253
41.52093 4.550
41.52500 4.409
41.52907 4.503
41.53314 5.066
41.53720 4.573
41.54127 4.362
41.54534 4.479
41.54941 4.784
41.55348 3.870
41.55755 4.831
41.56162 5.347
41.56568 4.620
41.56975 4.808
41.57382 4.831
41.57789 4.667
41.58196 4.550
41.58603 4.432
41.59009 4.479
41.59416 4.503
41.59823 4.644
41.60230 3.846
41.60637 5.183
41.61044 4.362
41.61451 4.409
41.61857 4.432
41.62264 4.550
41.62671 4.057
41.63078 4.503
41.63485 4.550
41.63892 4.644
41.64299 4.409
41.64705 4.573
41.65112 4.245
41.65519 4.479
41.65926 4.128
41.66333 4.503
41.66740 5.066
41.67146 4.503
41.67553 4.315
41.67960 4.690
41.68367 4.174
41.68774 4.808
41.69181 4.198
41.69588 4.315
41.69994 4.409
41.70401 4.620
41.70808 4.362
41.71215 4.479
41.71622 4.690
41.72029 4.292
41.72436 4.456
41.72842 4.362
41.73249 4.597
41.73656 4.667
41.74063 4.245
41.74470 4.409
41.74877 4.644
41.75283 4.620
41.75690 4.198
41.76097 5.206
41.76504 4.714
41.76911 4.456
41.77318 4.644
41.77725 4.409
41.78131 4.479
41.78538 4.151
41.78945 4.878
41.79352 4.761
41.79759 3.963
41.80166 4.573
41.80572 4.855
41.80979 4.362
41.81386 4.573
41.81793 4.597
41.82200 4.737
41.82607 5.183
41.83014 4.315
41.83420 4.128
41.83827 5.066
41.84234 4.761
41.84641 4.925
41.85048 4.174
41.85455 4.761
41.85862 4.737
41.86268 4.573
41.86675 4.550
41.87082 4.362
41.87489 4.620
41.87896 4.737
41.88303 4.620
41.88709 4.292
41.89116 4.386
41.89523 4.081
41.89930 4.057
41.90337 4.245
41.90744 4.737
41.91151 4.221
41.91557 4.128
41.91964 4.690
41.92371 4.573
41.92778 4.339
41.93185 4.292
41.93592 4.198
41.93999 4.479
41.94405 5.371
41.94812 4.362
41.95219 4.620
41.95626 4.292
41.96033 4.292
41.96440 4.667
41.96846 4.573
41.97253 4.315
41.97660 4.010
41.98067 4.268
41.98474 3.682
41.98881 4.292
41.99288 4.198
41.99694 4.550
42.00101 4.855
42.00508 4.597
42.00915 4.362
42.01322 4.925
42.01729 4.831
42.02135 4.573
42.02542 4.714
42.02949 4.550
42.03356 4.432
42.03763 4.268
42.04170 4.526
42.04577 4.268
42.04983 4.479
42.05390 4.221
42.05797 3.682
42.06204 4.526
42.06611 4.456
42.07018 4.784
42.07425 4.245
42.07831 4.761
42.08238 4.479
42.08645 4.057
42.09052 4.573
42.09459 4.409
42.09866 3.659
42.10272 4.503
42.10679 4.221
42.11086 4.737
42.11493 4.409
42.11900 4.831
42.12307 4.644
42.12714 4.690
42.13120 4.831
42.13527 4.362
42.13934 4.597
42.14341 4.081
42.14748 4.245
42.15155 4.292
42.15561 4.855
42.15968 5.019
42.16375 3.987
42.16782 4.292
42.17189 5.066
42.17596 4.597
42.18003 4.714
42.18409 4.315
42.18816 4.808
42.19223 4.315
42.19630 4.339
42.20037 4.831
42.20444 4.315
42.20851 4.573
42.21257 4.479
42.21664 3.752
42.22071 4.010
42.22478 4.972
42.22885 4.245
42.23292 4.432
42.23698 4.198
42.24105 4.690
42.24512 4.174
42.24919 4.386
42.25326 4.503
42.25733 4.714
42.26140 4.456
42.26546 4.667
42.26953 4.526
42.27360 4.010
42.27767 4.550
42.28174 4.456
42.28581 4.550
42.28988 4.315
42.29394 4.761
42.29801 4.597
42.30208 4.432
42.30615 4.409
42.31022 4.808
42.31429 4.409
42.31835 4.479
42.32242 4.057
42.32649 4.386
42.33056 4.644
42.33463 4.409
42.33870 4.573
42.34277 4.292
42.34683 4.808
42.35090 4.245
42.35497 4.526
42.35904 4.409
42.36311 4.174
42.36718 4.784
42.37124 4.667
42.37531 4.550
42.37938 4.620
42.38345 4.339
42.38752 4.597
42.39159 4.456
42.39566 4.151
42.39972 4.362
42.40379 4.526
42.40786 4.081
42.41193 4.034
42.41600 4.104
42.42007 4.245
42.42414 5.277
42.42820 4.667
42.43227 4.831
42.43634 4.339
42.44041 4.878
42.44448 5.019
42.44855 4.737
42.45261 4.550
42.45668 4.245
42.46075 4.479
42.46482 4.925
42.46889 4.737
42.47296 4.292
42.47703 4.808
42.48109 4.432
42.48516 4.456
42.48923 4.081
42.49330 4.221
42.49737 5.089
42.50144 4.503
42.50551 4.995
42.50957 3.846
42.51364 4.925
42.51771 4.573
42.52178 4.057
42.52585 4.597
42.52992 4.128
42.53398 4.081
42.53805 4.690
42.54212 4.245
42.54619 4.925
42.55026 4.057
42.55433 4.526
42.55840 4.948
42.56246 4.761
42.56653 4.339
42.57060 4.386
42.57467 4.714
42.57874 4.292
42.58281 4.456
42.58687 4.292
42.59094 4.151
42.59501 4.550
42.59908 3.776
42.60315 4.479
42.60722 5.230
42.61129 4.198
42.61535 4.409
42.61942 4.690
42.62349 4.339
42.62756 4.339
42.63163 4.620
42.63570 4.714
42.63977 3.635
42.64383 4.667
42.64790 4.010
42.65197 4.362
42.65604 4.057
42.66011 4.597
42.66418 4.456
42.66824 4.503
42.67231 4.104
42.67638 4.479
42.68045 5.066
42.68452 4.151
42.68859 4.597
42.69266 4.597
42.69672 3.846
42.70079 4.198
42.70486 4.432
42.70893 4.432
42.71300 4.995
42.71707 4.737
42.72114 4.432
42.72520 4.550
42.72927 4.221
42.73334 4.667
42.73741 4.503
42.74148 4.432
42.74555 4.550
42.74961 3.940
42.75368 4.573
42.75775 4.339
42.76182 4.315
42.76589 4.432
42.76996 4.690
42.77403 4.784
42.77809 4.878
42.78216 4.339
42.78623 4.245
42.79030 3.893
42.79437 4.221
42.79844 4.972
42.80250 4.292
42.80657 4.268
42.81064 3.963
42.81471 4.761
42.81878 4.432
42.82285 4.432
42.82692 4.620
42.83098 4.386
42.83505 4.151
42.83912 4.690
42.84319 4.808
42.84726 4.573
42.85133 4.198
42.85540 4.104
42.85946 4.503
42.86353 4.057
42.86760 4.151
42.87167 4.597
42.87574 3.846
42.87981 4.386
42.88387 4.174
42.88794 5.488
42.89201 3.752
42.89608 4.315
42.90015 4.644
42.90422 4.386
42.90829 4.151
42.91235 4.550
42.91642 4.268
42.92049 4.362
42.92456 4.667
42.92863 4.104
42.93270 4.362
42.93677 3.963
42.94083 4.831
42.94490 4.081
42.94897 4.479
42.95304 4.268
42.95711 3.963
42.96118 4.221
42.96524 4.597
42.96931 4.151
42.97338 4.878
42.97745 4.761
42.98152 4.667
42.98559 4.362
42.98966 4.737
42.99372 4.409
42.99779 4.714
43.00186 4.620
43.00593 4.597
43.01000 4.831
43.01407 4.573
43.01813 4.010
43.02220 5.113
43.02627 4.104
43.03034 3.752
43.03441 4.221
43.03848 4.292
43.04255 4.503
43.04661 3.987
43.05068 4.386
43.05475 4.550
43.05882 4.503
43.06289 3.940
43.06696 4.245
43.07103 4.151
43.07509 4.456
43.07916 4.761
43.08323 3.893
43.08730 4.737
43.09137 4.831
43.09544 4.128
43.09950 4.667
43.10357 4.339
43.10764 4.550
43.11171 4.573
43.11578 4.644
43.11985 4.128
43.12392 4.479
43.12798 4.198
43.13205 4.198
43.13612 4.339
43.14019 4.268
43.14426 4.550
43.14833 3.987
43.15239 4.128
43.15646 3.705
43.16053 4.128
43.16460 4.714
43.16867 3.940
43.17274 4.644
43.17681 4.221
43.18087 4.456
43.18494 4.526
43.18901 4.644
43.19308 4.503
43.19715 4.550
43.20122 4.432
43.20529 4.690
43.20935 3.823
43.21342 4.057
43.21749 4.620
43.22156 3.963
43.22563 3.682
43.22970 4.292
43.23376 4.221
43.23783 4.503
43.24190 3.752
43.24597 3.940
43.25004 4.690
43.25411 4.151
43.25818 4.831
43.26224 4.503
43.26631 4.198
43.27038 3.893
43.27445 3.682
43.27852 4.174
43.28259 4.714
43.28666 4.057
43.29072 4.034
43.29479 5.019
43.29886 4.339
43.30293 4.339
43.30700 4.526
43.31107 4.386
43.31513 4.409
43.31920 4.714
43.32327 4.292
43.32734 4.128
43.33141 3.963
43.33548 4.081
43.33955 4.831
43.34361 4.644
43.34768 4.714
43.35175 4.995
43.35582 3.705
43.35989 4.597
43.36396 4.479
43.36802 3.987
43.37209 3.917
43.37616 4.503
43.38023 4.878
43.38430 4.737
43.38837 4.620
43.39244 4.409
43.39650 4.245
43.40057 4.221
43.40464 4.409
43.40871 4.597
43.41278 4.902
43.41685 3.893
43.42092 4.479
43.42498 4.362
43.42905 4.432
43.43312 4.104
43.43719 4.761
43.44126 4.268
43.44533 4.667
43.44939 4.081
43.45346 4.174
43.45753 4.128
43.46160 4.690
43.46567 4.104
43.46974 4.034
43.47381 4.198
43.47787 4.456
43.48194 4.010
43.48601 4.503
43.49008 4.503
43.49415 4.128
43.49822 4.526
43.50229 3.987
43.50635 3.893
43.51042 3.682
43.51449 3.963
43.51856 4.010
43.52263 3.963
43.52670 4.737
43.53076 3.917
43.53483 4.174
43.53890 4.010
43.54297 3.846
43.54704 4.268
43.55111 4.198
43.55518 4.456
43.55924 4.831
43.56331 4.268
43.56738 4.081
43.57145 4.644
43.57552 4.667
43.57959 3.752
43.58365 4.808
43.58772 4.409
43.59179 4.174
43.59586 4.526
43.59993 4.761
43.60400 4.362
43.60807 4.034
43.61213 4.667
43.61620 4.057
43.62027 4.620
43.62434 4.386
43.62841 4.315
43.63248 4.034
43.63655 4.198
43.64061 4.221
43.64468 4.479
43.64875 3.612
43.65282 4.479
43.65689 4.409
43.66096 4.245
43.66502 4.010
43.66909 4.690
43.67316 4.245
43.67723 4.104
43.68130 4.128
43.68537 4.245
43.68944 4.550
43.69350 4.198
43.69757 4.221
43.70164 4.315
43.70571 5.066
43.70978 4.761
43.71385 4.221
43.71792 4.925
43.72198 4.081
43.72605 4.315
43.73012 4.855
43.73419 4.174
43.73826 4.620
43.74233 4.010
43.74639 3.612
43.75046 3.659
43.75453 4.386
43.75860 4.174
43.76267 4.151
43.76674 4.503
43.77081 4.057
43.77487 4.057
43.77894 3.823
43.78301 5.019
43.78708 4.409
43.79115 4.620
43.79522 4.221
43.79928 4.034
43.80335 4.784
43.80742 4.128
43.81149 4.761
43.81556 4.597
43.81963 4.245
43.82370 4.456
43.82776 3.893
43.83183 4.432
43.83590 3.893
43.83997 4.386
43.84404 4.151
43.84811 4.526
43.85218 4.784
43.85624 3.846
43.86031 4.315
43.86438 4.456
43.86845 4.362
43.87252 4.573
43.87659 4.690
43.88065 4.221
43.88472 3.940
43.88879 4.503
43.89286 4.644
43.89693 3.752
43.90100 3.940
43.90507 4.151
43.90913 4.034
43.91320 4.034
43.91727 4.362
43.92134 3.987
43.92541 4.292
43.92948 4.151
43.93354 4.151
43.93761 4.268
43.94168 4.034
43.94575 4.198
43.94982 4.573
43.95389 3.940
43.95796 3.917
43.96202 4.292
43.96609 4.081
43.97016 4.432
43.97423 4.362
43.97830 4.010
43.98237 4.057
43.98644 3.799
43.99050 3.823
43.99457 3.846
43.99864 4.104
44.00271 4.362
44.00678 4.667
44.01085 3.963
44.01491 4.128
44.01898 4.456
44.02305 3.752
44.02712 3.682
44.03119 4.034
44.03526 4.620
44.03933 4.010
44.04339 4.855
44.04746 3.963
44.05153 4.034
44.05560 4.104
44.05967 4.198
44.06374 4.409
44.06781 3.565
44.07187 4.292
44.07594 4.057
44.08001 4.784
44.08408 3.963
44.08815 4.550
44.09222 3.776
44.09628 3.776
44.10035 4.128
44.10442 4.737
44.10849 4.010
44.11256 4.128
44.11663 4.128
44.12070 3.963
44.12476 3.893
44.12883 4.198
44.13290 3.987
44.13697 4.386
44.14104 4.104
44.14511 4.597
44.14917 4.432
44.15324 4.667
44.15731 4.315
44.16138 3.987
44.16545 4.268
44.16952 3.518
44.17359 4.104
44.17765 4.573
44.18172 4.268
44.18579 4.456
44.18986 4.362
44.19393 4.010
44.19800 4.339
44.20207 4.174
44.20613 4.010
44.21020 4.081
44.21427 4.503
44.21834 4.268
44.22241 4.315
44.22648 4.010
44.23054 4.174
44.23461 3.893
44.23868 4.081
44.24275 4.268
44.24682 4.925
44.25089 4.526
44.25496 4.034
44.25902 4.221
44.26309 4.409
44.26716 4.174
44.27123 4.174
44.27530 3.917
44.27937 4.597
44.28344 4.057
44.28750 4.034
44.29157 3.987
44.29564 3.917
44.29971 4.550
44.30378 4.151
44.30785 4.081
44.31191 4.034
44.31598 4.690
44.32005 4.386
44.32412 4.714
44.32819 4.714
44.33226 3.870
44.33633 4.010
44.34039 4.198
44.34446 4.198
44.34853 3.917
44.35260 4.010
44.35667 4.902
44.36074 4.174
44.36480 4.128
44.36887 4.151
44.37294 4.081
44.37701 4.432
44.38108 4.245
44.38515 4.057
44.38922 4.245
44.39328 3.963
44.39735 4.221
44.40142 4.057
44.40549 4.479
44.40956 4.550
44.41363 4.432
44.41770 4.104
44.42176 4.432
44.42583 4.034
44.42990 4.245
44.43397 4.151
44.43804 4.174
44.44211 4.573
44.44617 4.784
44.45024 3.729
44.45431 4.456
44.45838 4.362
44.46245 4.268
44.46652 4.010
44.47059 4.104
44.47465 4.409
44.47872 4.128
44.48279 4.010
44.48686 4.174
44.49093 3.846
44.49500 4.644
44.49907 4.198
44.50313 4.034
44.50720 4.292
44.51127 4.221
44.51534 4.128
44.51941 3.682
44.52348 4.221
44.52754 4.268
44.53161 4.620
44.53568 4.409
44.53975 3.917
44.54382 4.151
44.54789 3.963
44.55196 4.456
44.55602 4.057
44.56009 4.432
44.56416 3.799
44.56823 3.612
44.57230 3.377
44.57637 4.644
44.58043 4.198
44.58450 4.292
44.58857 4.503
44.59264 4.010
44.59671 3.565
44.60078 4.409
44.60485 4.972
44.60891 3.682
44.61298 3.940
44.61705 3.471
44.62112 4.456
44.62519 4.339
44.62926 4.034
44.63333 4.081
44.63739 3.846
44.64146 4.597
44.64553 4.245
44.64960 4.128
44.65367 3.752
44.65774 4.597
44.66180 3.213
44.66587 4.479
44.66994 4.386
44.67401 4.104
44.67808 3.987
44.68215 4.245
44.68622 3.729
44.69028 4.104
44.69435 4.174
44.69842 3.963
44.70249 4.174
44.70656 4.315
44.71063 4.479
44.71469 4.784
44.71876 3.870
44.72283 3.447
44.72690 4.479
44.73097 3.752
44.73504 4.057
44.73911 4.198
44.74317 3.635
44.74724 4.081
44.75131 4.550
44.75538 4.128
44.75945 4.339
44.76352 4.620
44.76759 4.362
44.77165 3.682
44.77572 4.151
44.77979 4.315
44.78386 4.761
44.78793 3.893
44.79200 4.526
44.79606 3.963
44.80013 3.940
44.80420 4.339
44.80827 3.940
44.81234 4.174
44.81641 3.963
44.82048 3.987
44.82454 4.104
44.82861 4.104
44.83268 4.198
44.83675 4.644
44.84082 4.268
44.84489 3.987
44.84896 4.784
44.85302 4.151
44.85709 4.221
44.86116 4.690
44.86523 4.268
44.86930 3.752
44.87337 4.268
44.87743 4.057
44.88150 3.682
44.88557 3.776
44.88964 3.705
44.89371 4.503
44.89778 3.940
44.90185 4.151
44.90591 3.823
44.90998 4.362
44.91405 3.987
44.91812 3.307
44.92219 3.752
44.92626 3.612
44.93032 4.550
44.93439 4.174
44.93846 3.963
44.94253 3.846
44.94660 4.362
44.95067 4.245
44.95474 4.597
44.95880 4.010
44.96287 3.940
44.96694 4.386
44.97101 3.963
44.97508 4.432
44.97915 3.963
44.98322 3.893
44.98728 4.737
44.99135 4.268
44.99542 3.752
44.99949 4.174
45.00356 4.268
45.00763 4.104
45.01169 4.479
45.01576 4.409
45.01983 4.057
45.02390 4.456
45.02797 4.432
45.03204 4.362
45.03611 4.644
45.04017 4.034
45.04424 4.151
45.04831 3.940
45.05238 4.362
45.05645 4.081
45.06052 4.034
45.06459 4.198
45.06865 4.268
45.07272 3.940
45.07679 4.128
45.08086 4.034
45.08493 3.963
45.08900 4.128
45.09306 4.221
45.09713 3.963
45.10120 4.550
45.10527 4.339
45.10934 3.659
45.11341 4.221
45.11748 4.456
45.12154 3.893
45.12561 4.151
45.12968 4.550
45.13375 4.292
45.13782 4.034
45.14189 3.987
45.14595 4.362
45.15002 3.870
45.15409 4.620
45.15816 3.846
45.16223 4.456
45.16630 4.104
45.17037 4.479
45.17443 4.737
45.17850 3.940
45.18257 4.081
45.18664 3.987
45.19071 3.705
45.19478 4.292
45.19885 4.081
45.20291 4.151
45.20698 3.987
45.21105 3.987
45.21512 4.362
45.21919 3.870
45.22326 4.386
45.22732 3.541
45.23139 3.963
45.23546 4.174
45.23953 4.292
45.24360 3.799
45.24767 4.221
45.25174 3.987
45.25580 4.151
45.25987 4.245
45.26394 4.878
45.26801 4.034
45.27208 3.963
45.27615 4.174
45.28022 4.409
45.28428 3.846
45.28835 4.151
45.29242 4.292
45.29649 4.104
45.30056 3.752
45.30463 4.292
45.30869 3.776
45.31276 3.987
45.31683 4.198
45.32090 3.963
45.32497 4.221
45.32904 3.705
45.33311 3.917
45.33717 4.104
45.34124 3.799
45.34531 3.987
45.34938 3.963
45.35345 3.776
45.35752 4.620
45.36158 3.917
45.36565 4.104
45.36972 4.268
45.37379 4.432
45.37786 4.081
45.38193 4.644
45.38600 3.893
45.39006 4.198
45.39413 3.987
45.39820 4.081
45.40227 4.151
45.40634 4.010
45.41041 3.940
45.41448 4.292
45.41854 4.128
45.42261 5.089
45.42668 4.292
45.43075 4.034
45.43482 4.198
45.43889 4.526
45.44295 4.081
45.44702 4.010
45.45109 3.518
45.45516 4.409
45.45923 3.987
45.46330 4.010
45.46737 3.752
45.47143 4.644
45.47550 4.034
45.47957 4.386
45.48364 4.573
45.48771 4.432
45.49178 4.104
45.49584 4.081
45.49991 4.104
45.50398 4.409
45.50805 4.550
45.51212 3.401
45.51619 4.174
45.52026 4.315
45.52432 3.940
45.52839 4.104
45.53246 4.268
45.53653 3.963
45.54060 4.081
45.54467 4.432
45.54874 4.128
45.55280 4.432
45.55687 4.010
45.56094 4.057
45.56501 4.479
45.56908 4.409
45.57315 4.174
45.57721 3.682
45.58128 4.104
45.58535 4.362
45.58942 3.823
45.59349 4.339
45.59756 3.893
45.60163 3.917
45.60569 4.034
45.60976 4.268
45.61383 3.940
45.61790 4.198
45.62197 3.729
45.62604 4.386
45.63011 4.221
45.63417 4.081
45.63824 3.799
45.64231 3.917
45.64638 4.104
45.65045 4.972
45.65452 4.081
45.65858 4.174
45.66265 4.245
45.66672 4.432
45.67079 3.471
45.67486 4.268
45.67893 4.597
45.68300 4.268
45.68706 3.565
45.69113 3.752
45.69520 4.128
45.69927 4.690
45.70334 4.550
45.70741 4.362
45.71147 4.339
45.71554 3.471
45.71961 3.776
45.72368 3.799
45.72775 3.940
45.73182 4.174
45.73589 4.010
45.73995 4.151
45.74402 3.705
45.74809 3.330
45.75216 3.518
45.75623 3.940
45.76030 3.846
45.76437 3.776
45.76843 4.151
45.77250 3.659
45.77657 3.682
45.78064 4.761
45.78471 4.362
45.78878 4.128
45.79284 3.893
45.79691 3.940
45.80098 3.940
45.80505 4.198
45.80912 3.776
45.81319 3.659
45.81726 3.963
45.82132 4.128
45.82539 3.846
45.82946 4.292
45.83353 4.057
45.83760 3.870
45.84167 4.151
45.84574 3.823
45.84980 4.315
45.85387 4.057
45.85794 4.597
45.86201 4.104
45.86608 4.339
45.87015 4.151
45.87421 4.057
45.87828 4.479
45.88235 4.057
45.88642 4.221
45.89049 4.526
45.89456 4.081
45.89863 4.620
45.90269 4.268
45.90676 4.268
45.91083 4.198
45.91490 4.104
45.91897 4.151
45.92304 4.315
45.92710 4.503
45.93117 4.221
45.93524 3.541
45.93931 3.659
45.94338 3.541
45.94745 3.682
45.95152 3.846
45.95558 3.893
45.95965 3.799
45.96372 4.174
45.96779 4.081
45.97186 3.963
45.97593 4.221
45.98000 3.705
45.98406 4.292
45.98813 3.705
45.99220 3.917
45.99627 3.659
46.00034 4.573
46.00441 4.597
46.00847 4.690
46.01254 4.479
46.01661 4.432
46.02068 3.705
46.02475 3.565
46.02882 3.987
46.03289 4.174
46.03695 3.799
46.04102 4.174
46.04509 4.128
46.04916 3.917
46.05323 3.846
46.05730 3.752
46.06137 4.292
46.06543 4.057
46.06950 4.104
46.07357 4.432
46.07764 4.198
46.08171 3.799
46.08578 4.432
46.08984 4.128
46.09391 4.034
46.09798 3.424
46.10205 4.878
46.10612 4.104
46.11019 4.409
46.11426 3.893
46.11832 3.893
46.12239 4.573
46.12646 4.245
46.13053 4.151
46.13460 4.479
46.13867 4.315
46.14273 4.104
46.14680 3.917
46.15087 4.831
46.15494 4.315
46.15901 4.268
46.16308 4.597
46.16715 3.659
46.17121 3.940
46.17528 4.292
46.17935 3.752
46.18342 4.339
46.18749 3.893
46.19156 4.456
46.19563 4.292
46.19969 3.870
46.20376 3.823
46.20783 4.245
46.21190 4.268
46.21597 4.362
46.22004 4.432
46.22410 4.620
46.22817 3.612
46.23224 3.565
46.23631 4.151
46.24038 4.245
46.24445 3.940
46.24852 4.245
46.25258 4.667
46.25665 4.479
46.26072 4.386
46.26479 3.917
46.26886 4.597
46.27293 3.893
46.27700 4.362
46.28106 4.667
46.28513 4.644
46.28920 4.386
46.29327 4.174
46.29734 3.917
46.30141 3.963
46.30547 4.268
46.30954 4.034
46.31361 3.940
46.31768 4.104
46.32175 4.034
46.32582 3.682
46.32989 3.541
46.33395 4.503
46.33802 4.362
46.34209 4.034
46.34616 4.128
46.35023 3.705
46.35430 3.799
46.35836 4.104
46.36243 3.940
46.36650 4.362
46.37057 3.588
46.37464 3.659
46.37871 3.541
46.38278 3.471
46.38684 4.104
46.39091 3.893
46.39498 4.409
46.39905 4.292
46.40312 4.128
46.40719 3.776
46.41126 4.057
46.41532 4.081
46.41939 4.315
46.42346 4.081
46.42753 3.752
46.43160 3.424
46.43567 4.362
46.43973 4.081
46.44380 4.737
46.44787 4.339
46.45194 4.268
46.45601 3.917
46.46008 3.893
46.46415 4.034
46.46821 4.362
46.47228 4.081
46.47635 4.386
46.48042 4.057
46.48449 3.963
46.48856 4.104
46.49262 4.128
46.49669 4.245
46.50076 4.597
46.50483 3.823
46.50890 3.917
46.51297 3.917
46.51704 4.479
46.52110 3.588
46.52517 4.198
46.52924 4.292
46.53331 4.245
46.53738 4.151
46.54145 4.292
46.54552 4.409
46.54958 3.893
46.55365 3.799
46.55772 4.386
46.56179 4.081
46.56586 4.151
46.56993 3.940
46.57399 3.940
46.57806 4.479
46.58213 4.198
46.58620 4.104
46.59027 4.174
46.59434 4.128
46.59841 3.940
46.60247 3.307
46.60654 3.494
46.61061 4.432
46.61468 4.503
46.61875 3.799
46.62282 4.034
46.62689 4.550
46.63095 3.705
46.63502 3.705
46.63909 4.221
46.64316 4.010
46.64723 4.479
46.65130 3.870
46.65536 4.198
46.65943 3.471
46.66350 4.057
46.66757 3.729
46.67164 4.221
46.67571 4.221
46.67978 4.503
46.68384 4.503
46.68791 3.823
46.69198 4.034
46.69605 4.620
46.70012 4.104
46.70419 3.846
46.70825 4.245
46.71232 4.292
46.71639 3.987
46.72046 4.362
46.72453 4.409
46.72860 4.503
46.73267 4.128
46.73673 4.081
46.74080 4.386
46.74487 3.729
46.74894 4.432
46.75301 3.541
46.75708 4.010
46.76115 3.799
46.76521 4.245
46.76928 4.151
46.77335 4.339
46.77742 4.362
46.78149 4.174
46.78556 3.917
46.78962 4.339
46.79369 4.456
46.79776 4.902
46.80183 4.479
46.80590 4.151
46.80997 4.151
46.81404 4.479
46.81810 4.034
46.82217 4.104
46.82624 3.963
46.83031 4.597
46.83438 4.573
46.83845 4.081
46.84252 4.479
46.84658 3.987
46.85065 3.846
46.85472 4.456
46.85879 4.503
46.86286 4.292
46.86693 4.808
46.87099 4.292
46.87506 4.104
46.87913 4.503
46.88320 4.292
46.88727 4.010
46.89134 4.292
46.89541 4.948
46.89947 4.292
46.90354 4.550
46.90761 4.995
46.91168 4.409
46.91575 4.245
46.91982 4.456
46.92388 4.784
46.92795 4.221
46.93202 4.104
46.93609 4.667
46.94016 4.315
46.94423 4.784
46.94830 4.081
46.95236 4.526
46.95643 4.339
46.96050 4.784
46.96457 5.113
46.96864 4.526
46.97271 4.644
46.97678 4.714
46.98084 4.948
46.98491 4.808
46.98898 4.667
46.99305 4.432
46.99712 4.339
47.00119 5.019
47.00525 5.019
47.00932 4.386
47.01339 4.784
47.01746 5.066
47.02153 4.737
47.02560 4.597
47.02967 4.550
47.03373 5.113
47.03780 5.042
47.04187 4.925
47.04594 4.855
47.05001 4.690
47.05408 4.808
47.05815 4.292
47.06221 4.550
47.06628 4.620
47.07035 5.113
47.07442 5.417
47.07849 5.464
47.08256 4.784
47.08662 5.511
47.09069 4.808
47.09476 5.159
47.09883 5.488
47.10290 5.206
47.10697 4.526
47.11104 5.558
47.11510 5.159
47.11917 5.886
47.12324 5.535
47.12731 5.113
47.13138 5.933
47.13545 5.441
47.13951 5.488
47.14358 5.980
47.14765 5.957
47.15172 5.488
47.15579 6.238
47.15986 6.168
47.16393 6.215
47.16799 6.449
47.17206 6.098
47.17613 5.746
47.18020 6.356
47.18427 7.012
47.18834 6.215
47.19241 5.980
47.19647 5.722
47.20054 6.238
47.20461 6.801
47.20868 6.543
47.21275 7.247
47.21682 7.317
47.22088 6.074
47.22495 7.176
47.22902 6.660
47.23309 7.481
47.23716 7.106
47.24123 6.684
47.24530 7.786
47.24936 7.434
47.25343 8.161
47.25750 7.434
47.26157 7.716
47.26564 7.411
47.26971 8.630
47.27377 7.950
47.27784 8.232
47.28191 7.552
47.28598 8.114
47.29005 7.950
47.29412 8.114
47.29819 8.818
47.30225 8.443
47.30632 9.099
47.31039 7.364
47.31446 9.029
47.31853 8.443
47.32260 8.748
47.32667 9.264
47.33073 8.372
47.33480 8.748
47.33887 8.724
47.34294 9.686
47.34701 8.888
47.35108 9.451
47.35514 9.639
47.35921 9.357
47.36328 9.944
47.36735 9.686
47.37142 10.460
47.37549 10.225
47.37956 9.545
47.38362 10.858
47.38769 10.811
47.39176 10.413
47.39583 10.507
47.39990 10.741
47.40397 9.991
47.40804 11.656
47.41210 10.202
47.41617 10.835
47.42024 11.890
47.42431 11.351
47.42838 11.656
47.43245 11.656
47.43651 11.796
47.44058 10.718
47.44465 11.234
47.44872 10.718
47.45279 11.327
47.45686 10.342
47.46093 11.961
47.46499 12.125
47.46906 12.312
47.47313 11.867
47.47720 11.187
47.48127 11.234
47.48534 11.843
47.48940 11.984
47.49347 13.696
47.49754 12.312
47.50161 11.890
47.50568 12.570
47.50975 12.688
47.51382 13.086
47.51788 12.805
47.52195 13.016
47.52602 11.961
47.53009 12.242
47.53416 12.383
47.53823 12.172
47.54230 11.515
47.54636 12.547
47.55043 12.078
47.55450 11.679
47.55857 11.961
47.56264 12.031
47.56671 12.523
47.57077 12.453
47.57484 11.703
47.57891 12.711
47.58298 12.453
47.58705 12.289
47.59112 12.359
47.59519 12.101
47.59925 12.289
47.60332 13.204
47.60739 13.110
47.61146 13.555
47.61553 12.711
47.61960 11.585
47.62367 12.946
47.62773 11.914
47.63180 12.547
47.63587 12.101
47.63994 12.805
47.64401 13.063
47.64808 13.039
47.65214 12.008
47.65621 12.664
47.66028 13.086
47.66435 13.532
47.66842 12.969
47.67249 11.656
47.67656 12.031
47.68062 11.632
47.68469 12.477
47.68876 13.274
47.69283 14.001
47.69690 12.172
47.70097 13.602
47.70503 11.374
47.70910 13.110
47.71317 13.344
47.71724 12.359
47.72131 12.101
47.72538 12.289
47.72945 11.773
47.73351 11.937
47.73758 12.899
47.74165 12.852
47.74572 12.641
47.74979 11.585
47.75386 12.336
47.75793 12.359
47.76199 11.632
47.76606 12.242
47.77013 12.477
47.77420 11.867
47.77827 11.890
47.78234 11.468
47.78640 12.148
47.79047 12.195
47.79454 11.984
47.79861 10.929
47.80268 11.585
47.80675 12.383
47.81082 11.210
47.81488 11.210
47.81895 12.101
47.82302 11.492
47.82709 12.500
47.83116 11.961
47.83523 11.515
47.83930 11.703
47.84336 10.976
47.84743 10.858
47.85150 10.718
47.85557 10.929
47.85964 11.234
47.86371 11.140
47.86777 10.577
47.87184 10.577
47.87591 11.257
47.87998 10.741
47.88405 11.163
47.88812 10.976
47.89219 10.131
47.89625 9.991
47.90032 11.140
47.90439 10.530
47.90846 10.577
47.91253 9.709
47.91660 9.311
47.92066 9.311
47.92473 9.709
47.92880 9.850
47.93287 9.193
47.93694 9.193
47.94101 9.873
47.94508 9.897
47.94914 8.959
47.95321 8.654
47.95728 9.545
47.96135 9.568
47.96542 9.733
47.96949 9.686
47.97356 9.428
47.97762 8.982
47.98169 9.357
47.98576 9.428
47.98983 8.654
47.99390 9.264
47.99797 8.607
48.00203 9.522
48.00610 8.724
48.01017 8.677
48.01424 8.255
48.01831 9.006
48.02238 9.146
48.02645 9.850
48.03051 8.537
48.03458 8.185
48.03865 8.161
48.04272 8.255
48.04679 8.279
48.05086 7.270
48.05492 7.716
48.05899 8.302
48.06306 8.396
48.06713 8.091
48.07120 7.129
48.07527 7.387
48.07934 7.833
48.08340 7.176
48.08747 7.434
48.09154 7.458
48.09561 7.763
48.09968 8.372
48.10375 8.138
48.10782 7.552
48.11188 6.918
48.11595 7.200
48.12002 7.012
48.12409 6.191
48.12816 6.567
48.13223 6.332
48.13629 6.918
48.14036 7.106
48.14443 6.754
48.14850 6.825
48.15257 7.129
48.15664 6.801
48.16071 7.270
48.16477 6.426
48.16884 6.168
48.17291 7.387
48.17698 6.590
48.18105 6.543
48.18512 6.614
48.18919 6.754
48.19325 7.059
48.19732 6.496
48.20139 6.262
48.20546 7.411
48.20953 6.449
48.21360 6.590
48.21766 6.801
48.22173 6.520
48.22580 6.848
48.22987 6.309
48.23394 6.449
48.23801 6.614
48.24208 7.129
48.24614 5.722
48.25021 5.629
48.25428 6.895
48.25835 6.848
48.26242 6.590
48.26649 6.567
48.27055 6.637
48.27462 6.848
48.27869 6.332
48.28276 6.356
48.28683 6.051
48.29090 6.285
48.29497 5.746
48.29903 6.473
48.30310 5.206
48.30717 6.098
48.31124 5.910
48.31531 6.637
48.31938 5.113
48.32345 6.285
48.32751 6.285
48.33158 6.402
48.33565 6.473
48.33972 5.183
48.34379 6.262
48.34786 5.558
48.35192 5.535
48.35599 5.840
48.36006 5.441
48.36413 5.558
48.36820 6.426
48.37227 5.206
48.37634 5.464
48.38040 5.230
48.38447 5.441
48.38854 5.206
48.39261 5.863
48.39668 5.886
48.40075 5.933
48.40482 5.511
48.40888 6.238
48.41295 5.957
48.41702 5.464
48.42109 5.699
48.42516 5.699
48.42923 5.206
48.43329 5.066
48.43736 5.113
48.44143 5.910
48.44550 5.629
48.44957 5.511
48.45364 4.714
48.45771 5.324
48.46177 5.324
48.46584 5.558
48.46991 4.995
48.47398 5.324
48.47805 4.690
48.48212 4.995
48.48618 4.902
48.49025 5.347
48.49432 4.995
48.49839 5.675
48.50246 4.597
48.50653 4.808
48.51060 4.972
48.51466 4.479
48.51873 5.089
48.52280 4.479
48.52687 4.690
48.53094 4.432
48.53501 4.902
48.53908 4.268
48.54314 4.128
48.54721 5.464
48.55128 4.315
48.55535 4.409
48.55942 4.503
48.56349 4.620
48.56755 4.925
48.57162 5.042
48.57569 4.714
48.57976 4.362
48.58383 4.855
48.58790 4.620
48.59197 4.432
48.59603 4.432
48.60010 4.104
48.60417 4.784
48.60824 4.151
48.61231 4.174
48.61638 4.409
48.62045 4.268
48.62451 4.174
48.62858 4.550
48.63265 4.128
48.63672 3.917
48.64079 4.198
48.64486 4.010
48.64892 3.541
48.65299 3.213
48.65706 4.526
48.66113 4.268
48.66520 3.799
48.66927 4.081
48.67334 4.128
48.67740 3.870
48.68147 3.799
48.68554 3.823
48.68961 4.550
48.69368 4.456
48.69775 3.776
48.70181 3.518
48.70588 3.776
48.70995 4.034
48.71402 4.339
48.71809 4.409
48.72216 4.432
48.72623 3.870
48.73029 4.057
48.73436 3.940
48.73843 3.729
48.74250 4.104
48.74657 3.494
48.75064 3.565
48.75471 3.846
48.75877 3.823
48.76284 4.128
48.76691 4.315
48.77098 4.174
48.77505 4.221
48.77912 3.659
48.78318 3.377
48.78725 4.245
48.79132 4.057
48.79539 3.987
48.79946 3.354
48.80353 4.034
48.80760 3.025
48.81166 3.729
48.81573 3.752
48.81980 3.893
48.82387 3.588
48.82794 3.963
48.83201 3.682
48.83607 3.870
48.84014 3.659
48.84421 3.682
48.84828 3.494
48.85235 4.128
48.85642 4.010
48.86049 3.705
48.86455 3.870
48.86862 3.682
48.87269 3.424
48.87676 3.917
48.88083 3.705
48.88490 3.846
48.88897 3.518
48.89303 3.776
48.89710 3.729
48.90117 3.705
48.90524 3.705
48.90931 3.870
48.91338 4.104
48.91744 3.799
48.92151 4.221
48.92558 3.283
48.92965 3.729
48.93372 4.057
48.93779 3.565
48.94186 3.494
48.94592 3.705
48.94999 3.987
48.95406 3.705
48.95813 3.729
48.96220 4.198
48.96627 3.330
48.97034 3.752
48.97440 3.260
48.97847 3.541
48.98254 3.541
48.98661 3.471
48.99068 3.588
48.99475 3.541
48.99881 3.987
49.00288 3.752
49.00695 3.776
49.01102 3.682
49.01509 3.260
49.01916 3.588
49.02323 3.870
49.02729 3.823
49.03136 3.049
49.03543 4.432
49.03950 3.729
49.04357 3.588
49.04764 4.034
49.05170 3.823
49.05577 3.236
49.05984 3.307
49.06391 3.870
49.06798 3.940
49.07205 3.471
49.07612 3.705
49.08018 3.917
49.08425 3.494
49.08832 3.940
49.09239 3.565
49.09646 3.635
49.10053 3.330
49.10460 4.010
49.10866 3.776
49.11273 3.541
49.11680 3.565
49.12087 4.221
49.12494 3.518
49.12901 2.838
49.13307 3.541
49.13714 3.588
49.14121 4.010
49.14528 3.002
49.14935 3.588
49.15342 3.541
49.15749 3.705
49.16155 3.330
49.16562 3.236
49.16969 3.518
49.17376 3.659
49.17783 3.823
49.18190 4.128
49.18597 3.565
49.19003 3.846
49.19410 4.034
49.19817 3.893
49.20224 3.870
49.20631 3.776
49.21038 3.354
49.21444 3.541
49.21851 3.541
49.22258 3.565
49.22665 3.166
49.23072 3.776
49.23479 3.447
49.23886 3.823
49.24292 3.659
49.24699 3.494
49.25106 3.752
49.25513 3.963
49.25920 3.541
49.26327 3.049
49.26733 3.518
49.27140 3.917
49.27547 3.917
49.27954 3.447
49.28361 3.541
49.28768 3.518
49.29175 3.729
49.29581 3.823
49.29988 3.659
49.30395 3.799
49.30802 3.752
49.31209 3.659
49.31616 3.635
49.32023 3.401
49.32429 4.292
49.32836 3.799
49.33243 3.518
49.33650 3.846
49.34057 3.799
49.34464 3.659
49.34870 3.401
49.35277 3.635
49.35684 3.659
49.36091 3.213
49.36498 3.471
49.36905 3.330
49.37312 3.987
49.37718 3.893
49.38125 3.659
49.38532 3.307
49.38939 3.518
49.39346 3.401
49.39753 3.635
49.40160 4.010
49.40566 3.166
49.40973 3.307
49.41380 3.846
49.41787 3.729
49.42194 3.963
49.42601 3.987
49.43007 3.705
49.43414 4.151
49.43821 3.377
49.44228 2.955
49.44635 3.682
49.45042 3.917
49.45449 3.752
49.45855 3.823
49.46262 3.330
49.46669 3.870
49.47076 3.471
49.47483 3.893
49.47890 3.447
49.48296 3.682
49.48703 3.260
49.49110 3.166
49.49517 2.955
49.49924 3.541
49.50331 3.307
49.50738 3.565
49.51144 3.283
49.51551 3.424
49.51958 3.870
49.52365 3.705
49.52772 3.588
49.53179 3.143
49.53586 3.213
49.53992 4.245
49.54399 3.963
49.54806 3.612
49.55213 3.518
49.55620 3.377
49.56027 3.752
49.56433 3.354
49.56840 3.471
49.57247 3.213
49.57654 4.292
49.58061 3.330
49.58468 3.799
49.58875 3.471
49.59281 3.096
49.59688 3.565
49.60095 3.987
49.60502 3.682
49.60909 3.799
49.61316 3.565
49.61723 3.705
49.62129 3.565
49.62536 3.541
49.62943 3.424
49.63350 3.260
49.63757 3.541
49.64164 3.518
49.64570 3.494
49.64977 3.236
49.65384 3.612
49.65791 3.588
49.66198 3.612
49.66605 3.494
49.67012 3.330
49.67418 3.072
49.67825 3.377
49.68232 3.612
49.68639 3.213
49.69046 3.049
49.69453 3.705
49.69859 3.143
49.70266 3.612
49.70673 3.377
49.71080 3.494
49.71487 3.682
49.71894 3.424
49.72301 3.776
49.72707 3.776
49.73114 4.057
49.73521 3.963
49.73928 3.471
49.74335 2.978
49.74742 3.518
49.75149 3.518
49.75555 3.307
49.75962 3.917
49.76369 3.565
49.76776 3.401
49.77183 3.119
49.77590 3.940
49.77996 4.174
49.78403 3.635
49.78810 3.705
49.79217 3.729
49.79624 3.541
49.80031 3.494
49.80438 3.471
49.80844 3.729
49.81251 3.447
49.81658 3.588
49.82065 3.213
49.82472 3.682
49.82879 3.752
49.83285 2.978
49.83692 3.072
49.84099 3.447
49.84506 3.776
49.84913 3.494
49.85320 4.057
49.85727 3.424
49.86133 3.119
49.86540 3.729
49.86947 3.283
49.87354 3.565
49.87761 3.682
49.88168 3.236
49.88575 3.518
49.88981 3.729
49.89388 3.002
49.89795 3.940
49.90202 3.143
49.90609 3.471
49.91016 3.705
49.91422 3.494
49.91829 3.307
49.92236 3.518
49.92643 3.565
49.93050 3.635
49.93457 3.705
49.93864 2.978
49.94270 3.612
49.94677 3.541
49.95084 3.424
49.95491 3.776
49.95898 3.565
49.96305 3.213
49.96712 3.823
49.97118 3.541
49.97525 3.565
49.97932 3.330
49.98339 3.963
49.98746 3.518
49.99153 3.330
49.99559 3.635
49.99966 3.189
50.00373 3.893
50.00780 3.471
50.01187 3.776
50.01594 3.260
50.02001 3.330
50.02407 3.705
50.02814 3.823
50.03221 3.189
50.03628 3.705
50.04035 3.260
50.04442 3.987
50.04848 3.236
50.05255 3.424
50.05662 3.213
50.06069 3.588
50.06476 3.612
50.06883 3.424
50.07290 3.588
50.07696 3.377
50.08103 3.799
50.08510 3.565
50.08917 4.034
50.09324 3.096
50.09731 3.565
50.10138 3.612
50.10544 3.729
50.10951 3.963
50.11358 3.143
50.11765 3.377
50.12172 3.963
50.12579 3.682
50.12985 2.978
50.13392 4.057
50.13799 3.494
50.14206 2.885
50.14613 3.377
50.15020 2.814
50.15427 3.635
50.15833 3.799
50.16240 3.330
50.16647 3.189
50.17054 3.494
50.17461 3.518
50.17868 3.799
50.18275 3.963
50.18681 3.236
50.19088 3.143
50.19495 3.189
50.19902 3.119
50.20309 3.401
50.20716 3.588
50.21122 3.447
50.21529 3.682
50.21936 3.776
50.22343 3.518
50.22750 3.330
50.23157 3.354
50.23564 2.955
50.23970 3.471
50.24377 2.908
50.24784 3.635
50.25191 3.612
50.25598 3.870
50.26005 3.260
50.26411 2.908
50.26818 3.752
50.27225 3.776
50.27632 3.447
50.28039 3.447
50.28446 3.260
50.28853 3.354
50.29259 3.119
50.29666 3.471
50.30073 3.659
50.30480 3.330
50.30887 4.151
50.31294 3.588
50.31701 3.870
50.32107 3.987
50.32514 3.143
50.32921 3.870
50.33328 3.635
50.33735 3.776
50.34142 3.377
50.34548 3.236
50.34955 3.612
50.35362 3.588
50.35769 3.565
50.36176 3.143
50.36583 3.260
50.36990 3.189
50.37396 3.354
50.37803 3.588
50.38210 3.424
50.38617 3.823
50.39024 3.330
50.39431 3.424
50.39838 3.072
50.40244 3.424
50.40651 3.213
50.41058 3.283
50.41465 3.307
50.41872 3.072
50.42279 3.471
50.42685 2.955
50.43092 3.518
50.43499 3.283
50.43906 3.143
50.44313 2.955
50.44720 3.799
50.45127 3.049
50.45533 3.494
50.45940 3.494
50.46347 3.401
50.46754 3.705
50.47161 3.143
50.47568 3.565
50.47974 3.236
50.48381 2.767
50.48788 3.401
50.49195 3.799
50.49602 3.729
50.50009 3.870
50.50416 3.166
50.50822 3.189
50.51229 3.119
50.51636 2.932
50.52043 3.307
50.52450 3.682
50.52857 3.940
50.53264 3.565
50.53670 3.424
50.54077 3.447
50.54484 3.236
50.54891 3.588
50.55298 3.260
50.55705 3.377
50.56111 3.565
50.56518 3.494
50.56925 2.861
50.57332 3.541
50.57739 3.166
50.58146 3.401
50.58553 3.283
50.58959 3.494
50.59366 3.682
50.59773 3.518
50.60180 3.612
50.60587 3.189
50.60994 3.588
50.61400 3.612
50.61807 2.791
50.62214 3.541
50.62621 3.541
50.63028 3.377
50.63435 3.823
50.63842 3.260
50.64248 3.236
50.64655 3.330
50.65062 3.588
50.65469 3.424
50.65876 3.518
50.66283 3.096
50.66690 3.260
50.67096 3.588
50.67503 3.471
50.67910 3.471
50.68317 3.025
50.68724 3.635
50.69131 3.494
50.69537 3.049
50.69944 3.283
50.70351 3.846
50.70758 3.307
50.71165 3.143
50.71572 2.932
50.71979 3.659
50.72385 3.424
50.72792 3.307
50.73199 3.635
50.73606 3.401
50.74013 3.612
50.74420 3.518
50.74827 3.729
50.75233 3.612
50.75640 3.166
50.76047 3.283
50.76454 3.518
50.76861 3.236
50.77268 2.908
50.77674 3.307
50.78081 3.213
50.78488 3.260
50.78895 3.471
50.79302 3.377
50.79709 3.260
50.80116 3.330
50.80522 4.057
50.80929 3.189
50.81336 3.799
50.81743 3.166
50.82150 3.307
50.82557 3.166
50.82963 3.189
50.83370 3.612
50.83777 3.354
50.84184 3.893
50.84591 3.307
50.84998 3.917
50.85405 3.870
50.85811 3.729
50.86218 3.729
50.86625 3.143
50.87032 3.471
50.87439 3.354
50.87846 3.846
50.88253 3.940
50.88659 4.151
50.89066 3.776
50.89473 3.119
50.89880 3.424
50.90287 3.893
50.90694 3.494
50.91100 3.283
50.91507 3.283
50.91914 3.213
50.92321 3.260
50.92728 3.283
50.93135 3.776
50.93542 3.799
50.93948 3.213
50.94355 3.588
50.94762 3.518
50.95169 3.307
50.95576 3.307
50.95983 3.424
50.96390 3.189
50.96796 3.447
50.97203 3.635
50.97610 3.447
50.98017 3.307
50.98424 2.932
50.98831 3.635
50.99237 2.955
50.99644 3.143
51.00051 3.471
51.00458 3.424
51.00865 3.401
51.01272 2.932
51.01679 3.307
51.02085 3.682
51.02492 3.447
51.02899 3.119
51.03306 3.401
51.03713 3.330
51.04120 3.049
51.04526 3.166
51.04933 2.861
51.05340 3.166
51.05747 3.729
51.06154 3.823
51.06561 3.189
51.06968 3.471
51.07374 4.362
51.07781 3.494
51.08188 3.447
51.08595 3.471
51.09002 3.307
51.09409 3.823
51.09816 2.861
51.10222 3.471
51.10629 3.471
51.11036 3.307
51.11443 3.659
51.11850 3.494
51.12257 3.119
51.12663 3.213
51.13070 3.729
51.13477 3.025
51.13884 3.494
51.14291 3.518
51.14698 2.838
51.15105 3.189
51.15511 3.213
51.15918 3.729
51.16325 3.471
51.16732 3.588
51.17139 3.705
51.17546 3.189
51.17953 3.494
51.18359 3.354
51.18766 3.471
51.19173 3.143
51.19580 3.635
51.19987 3.025
51.20394 3.096
51.20800 3.307
51.21207 3.401
51.21614 3.447
51.22021 3.213
51.22428 3.119
51.22835 3.377
51.23242 3.588
51.23648 3.143
51.24055 3.354
51.24462 3.119
51.24869 3.143
51.25276 3.612
51.25683 3.072
51.26089 3.401
51.26496 3.283
51.26903 3.682
51.27310 3.401
51.27717 3.494
51.28124 3.612
51.28531 3.494
51.28937 3.002
51.29344 3.213
51.29751 3.823
51.30158 3.424
51.30565 3.119
51.30972 2.885
51.31379 3.307
51.31785 3.612
51.32192 2.885
51.32599 3.565
51.33006 2.697
51.33413 3.283
51.33820 3.260
51.34226 4.128
51.34633 3.189
51.35040 3.705
51.35447 3.307
51.35854 3.518
51.36261 3.260
51.36668 3.260
51.37074 3.307
51.37481 3.002
51.37888 3.635
51.38295 3.096
51.38702 2.932
51.39109 3.002
51.39515 3.682
51.39922 3.682
51.40329 2.838
51.40736 3.213
51.41143 3.166
51.41550 3.236
51.41957 2.697
51.42363 3.752
51.42770 3.236
51.43177 3.377
51.43584 3.189
51.43991 3.752
51.44398 3.002
51.44805 3.283
51.45211 3.518
51.45618 3.682
51.46025 3.682
51.46432 3.260
51.46839 3.283
51.47246 3.541
51.47652 3.518
51.48059 3.494
51.48466 3.166
51.48873 3.354
51.49280 3.401
51.49687 3.283
51.50094 2.955
51.50500 3.565
51.50907 3.330
51.51314 2.885
51.51721 3.119
51.52128 3.236
51.52535 3.612
51.52942 3.072
51.53348 3.330
51.53755 3.705
51.54162 3.072
51.54569 3.424
51.54976 3.612
51.55383 3.424
51.55789 3.096
51.56196 2.720
51.56603 3.354
51.57010 3.447
51.57417 3.119
51.57824 3.260
51.58231 3.447
51.58637 3.049
51.59044 3.518
51.59451 3.377
51.59858 3.189
51.60265 3.283
51.60672 3.330
51.61078 3.612
51.61485 3.025
51.61892 3.260
51.62299 3.189
51.62706 3.377
51.63113 3.541
51.63520 3.565
51.63926 3.283
51.64333 3.518
51.64740 3.447
51.65147 3.565
51.65554 3.025
51.65961 3.143
51.66368 2.932
51.66774 2.627
51.67181 3.635
51.67588 3.377
51.67995 3.260
51.68402 3.283
51.68809 3.002
51.69215 2.885
51.69622 2.978
51.70029 3.870
51.70436 3.471
51.70843 3.260
51.71250 2.744
51.71657 3.236
51.72063 4.057
51.72470 2.978
51.72877 3.635
51.73284 3.447
51.73691 3.752
51.74098 3.518
51.74505 3.307
51.74911 3.494
51.75318 2.861
51.75725 3.213
51.76132 3.260
51.76539 3.260
51.76946 3.166
51.77352 2.978
51.77759 2.767
51.78166 3.330
51.78573 3.072
51.78980 3.213
51.79387 2.767
51.79794 3.424
51.80200 3.143
51.80607 3.096
51.81014 3.143
51.81421 3.096
51.81828 3.494
51.82235 2.838
51.82641 3.471
51.83048 3.612
51.83455 3.541
51.83862 3.612
51.84269 3.354
51.84676 3.307
51.85083 3.096
51.85489 3.072
51.85896 3.072
51.86303 3.002
51.86710 3.612
51.87117 3.823
51.87524 3.447
51.87931 3.377
51.88337 3.377
51.88744 3.119
51.89151 3.776
51.89558 3.213
51.89965 2.978
51.90372 3.494
51.90778 3.612
51.91185 3.072
51.91592 3.354
51.91999 3.424
51.92406 3.143
51.92813 3.213
51.93220 3.189
51.93626 3.096
51.94033 3.307
51.94440 3.143
51.94847 3.119
51.95254 2.861
51.95661 3.283
51.96068 3.377
51.96474 3.447
51.96881 3.025
51.97288 3.189
51.97695 3.025
51.98102 3.635
51.98509 3.518
51.98915 3.447
51.99322 3.236
51.99729 3.377
52.00136 3.025
52.00543 3.659
52.00950 3.471
52.01357 3.143
52.01763 3.401
52.02170 3.189
52.02577 3.072
52.02984 3.260
52.03391 3.283
52.03798 3.518
52.04204 2.814
52.04611 3.541
52.05018 3.283
52.05425 3.565
52.05832 3.307
52.06239 3.682
52.06646 2.838
52.07052 3.494
52.07459 3.072
52.07866 3.283
52.08273 3.588
52.08680 3.471
52.09087 3.213
52.09494 2.720
52.09900 3.401
52.10307 3.119
52.10714 3.471
52.11121 3.424
52.11528 3.260
52.11935 3.236
52.12341 3.072
52.12748 3.166
52.13155 2.650
52.13562 3.494
52.13969 3.330
52.14376 3.682
52.14783 3.213
52.15189 3.002
52.15596 3.424
52.16003 3.401
52.16410 3.049
52.16817 3.072
52.17224 3.307
52.17631 3.236
52.18037 3.870
52.18444 3.166
52.18851 2.908
52.19258 3.682
52.19665 3.870
52.20072 3.189
52.20478 2.885
52.20885 3.049
52.21292 3.283
52.21699 3.213
52.22106 3.049
52.22513 3.588
52.22920 2.720
52.23326 3.189
52.23733 3.612
52.24140 3.424
52.24547 3.588
52.24954 3.494
52.25361 3.002
52.25767 3.283
52.26174 3.143
52.26581 3.541
52.26988 3.330
52.27395 3.518
52.27802 3.307
52.28209 3.189
52.28615 3.283
52.29022 2.838
52.29429 3.236
52.29836 3.377
52.30243 2.978
52.30650 2.885
52.31057 2.861
52.31463 3.424
52.31870 2.932
52.32277 3.635
52.32684 3.447
52.33091 3.377
52.33498 3.330
52.33904 2.697
52.34311 3.401
52.34718 2.650
52.35125 2.978
52.35532 3.565
52.35939 3.213
52.36346 3.049
52.36752 3.213
52.37159 3.072
52.37566 3.471
52.37973 3.447
52.38380 3.424
52.38787 3.189
52.39193 3.283
52.39600 3.682
52.40007 3.283
52.40414 2.744
52.40821 3.072
52.41228 3.213
52.41635 3.354
52.42041 2.744
52.42448 3.471
52.42855 3.025
52.43262 3.283
52.43669 2.861
52.44076 2.908
52.44483 3.189
52.44889 3.096
52.45296 3.025
52.45703 3.401
52.46110 3.283
52.46517 2.932
52.46924 3.260
52.47330 3.471
52.47737 3.401
52.48144 3.518
52.48551 3.565
52.48958 3.518
52.49365 3.752
52.49772 2.955
52.50178 3.283
52.50585 2.767
52.50992 3.471
52.51399 3.096
52.51806 2.509
52.52213 3.541
52.52620 3.236
52.53026 3.189
52.53433 3.049
52.53840 2.720
52.54247 2.674
52.54654 3.635
52.55061 2.720
52.55467 3.049
52.55874 3.049
52.56281 2.955
52.56688 3.072
52.57095 3.143
52.57502 3.049
52.57909 3.354
52.58315 3.166
52.58722 3.260
52.59129 2.955
52.59536 3.096
52.59943 3.635
52.60350 2.674
52.60756 3.189
52.61163 3.025
52.61570 3.072
52.61977 3.189
52.62384 2.580
52.62791 2.885
52.63198 3.283
52.63604 2.978
52.64011 3.283
52.64418 3.002
52.64825 3.096
52.65232 3.260
52.65639 3.401
52.66046 3.705
52.66452 2.861
52.66859 2.650
52.67266 3.870
52.67673 2.955
52.68080 3.213
52.68487 3.213
52.68893 3.635
52.69300 3.447
52.69707 3.752
52.70114 2.720
52.70521 3.119
52.70928 2.885
52.71335 2.955
52.71741 3.494
52.72148 2.885
52.72555 3.072
52.72962 2.932
52.73369 3.682
52.73776 3.119
52.74183 2.556
52.74589 3.049
52.74996 3.049
52.75403 3.518
52.75810 3.354
52.76217 3.189
52.76624 2.838
52.77030 2.908
52.77437 3.471
52.77844 3.143
52.78251 3.119
52.78658 3.166
52.79065 3.049
52.79472 2.885
52.79878 3.377
52.80285 3.072
52.80692 3.283
52.81099 4.057
52.81506 3.143
52.81913 3.283
52.82319 3.260
52.82726 3.260
52.83133 2.697
52.83540 3.236
52.83947 3.377
52.84354 3.401
52.84761 3.565
52.85167 2.603
52.85574 3.799
52.85981 3.377
52.86388 2.978
52.86795 3.260
52.87202 3.096
52.87609 3.447
52.88015 3.612
52.88422 2.744
52.88829 2.580
52.89236 3.236
52.89643 3.002
52.90050 2.744
52.90456 3.166
52.90863 2.978
52.91270 3.541
52.91677 3.705
52.92084 3.072
52.92491 2.838
52.92898 3.025
52.93304 2.744
52.93711 3.354
52.94118 3.143
52.94525 3.049
52.94932 3.072
52.95339 3.588
52.95746 3.518
52.96152 3.424
52.96559 2.814
52.96966 2.955
52.97373 3.025
52.97780 3.236
52.98187 3.002
52.98593 3.002
52.99000 3.541
52.99407 3.189
52.99814 2.486
53.00221 3.471
53.00628 3.635
53.01035 3.166
53.01441 3.377
53.01848 3.025
53.02255 3.072
53.02662 2.697
53.03069 3.002
53.03476 3.377
53.03882 3.518
53.04289 2.861
53.04696 2.955
53.05103 2.908
53.05510 3.213
53.05917 3.072
53.06324 3.401
53.06730 3.354
53.07137 3.213
53.07544 3.330
53.07951 3.330
53.08358 2.885
53.08765 3.260
53.09172 2.838
53.09578 2.978
53.09985 3.049
53.10392 3.471
53.10799 3.096
53.11206 3.049
53.11613 3.189
53.12019 3.189
53.12426 3.189
53.12833 3.119
53.13240 3.213
53.13647 2.908
53.14054 2.720
53.14461 3.377
53.14867 2.791
53.15274 3.096
53.15681 3.072
53.16088 3.518
53.16495 3.236
53.16902 3.377
53.17308 3.072
53.17715 3.494
53.18122 2.744
53.18529 2.932
53.18936 2.814
53.19343 3.354
53.19750 3.447
53.20156 3.119
53.20563 2.556
53.20970 3.189
53.21377 3.401
53.21784 2.791
53.22191 2.627
53.22598 3.236
53.23004 2.767
53.23411 2.978
53.23818 3.518
53.24225 3.307
53.24632 3.096
53.25039 3.307
53.25445 2.720
53.25852 3.612
53.26259 2.978
53.26666 3.166
53.27073 3.002
53.27480 2.767
53.27887 2.697
53.28293 3.166
53.28700 3.166
53.29107 3.213
53.29514 3.049
53.29921 2.767
53.30328 3.447
53.30735 2.791
53.31141 2.955
53.31548 3.236
53.31955 3.166
53.32362 3.447
53.32769 2.861
53.33176 3.424
53.33582 3.119
53.33989 3.354
53.34396 3.213
53.34803 3.096
53.35210 2.861
53.35617 3.002
53.36024 3.401
53.36430 3.166
53.36837 3.260
53.37244 2.932
53.37651 3.518
53.38058 3.307
53.38465 3.283
53.38871 2.744
53.39278 3.401
53.39685 2.955
53.40092 3.002
53.40499 2.674
53.40906 3.213
53.41313 3.401
53.41719 3.401
53.42126 3.072
53.42533 3.166
53.42940 2.791
53.43347 3.471
53.43754 2.908
53.44161 2.838
53.44567 2.838
53.44974 3.612
53.45381 3.166
53.45788 3.119
53.46195 3.471
53.46602 2.955
53.47008 3.354
53.47415 3.166
53.47822 2.697
53.48229 2.978
53.48636 3.049
53.49043 2.885
53.49450 3.260
53.49856 3.143
53.50263 2.674
53.50670 3.541
53.51077 3.213
53.51484 3.236
53.51891 3.096
53.52298 2.814
53.52704 3.143
53.53111 3.401
53.53518 2.861
53.53925 3.471
53.54332 3.166
53.54739 2.932
53.55145 2.838
53.55552 3.002
53.55959 3.283
53.56366 2.861
53.56773 3.424
53.57180 2.908
53.57587 3.447
53.57993 2.838
53.58400 2.955
53.58807 3.307
53.59214 3.002
53.59621 3.447
53.60028 2.861
53.60434 3.189
53.60841 3.354
53.61248 2.861
53.61655 2.978
53.62062 2.838
53.62469 3.119
53.62876 3.659
53.63282 3.213
53.63689 2.885
53.64096 3.213
53.64503 2.978
53.64910 3.096
53.65317 2.744
53.65724 3.119
53.66130 2.767
53.66537 2.861
53.66944 3.189
53.67351 2.814
53.67758 2.697
53.68165 3.143
53.68571 3.236
53.68978 3.471
53.69385 2.814
53.69792 3.752
53.70199 2.697
53.70606 2.838
53.71013 3.213
53.71419 3.377
53.71826 2.674
53.72233 2.509
53.72640 2.791
53.73047 3.565
53.73454 2.861
53.73861 3.307
53.74267 3.025
53.74674 3.354
53.75081 2.838
53.75488 3.119
53.75895 3.283
53.76302 2.838
53.76708 2.955
53.77115 2.509
53.77522 2.908
53.77929 2.861
53.78336 3.143
53.78743 3.189
53.79150 2.885
53.79556 3.096
53.79963 2.861
53.80370 3.166
53.80777 3.002
53.81184 2.791
53.81591 3.002
53.81997 3.025
53.82404 3.612
53.82811 3.330
53.83218 3.494
53.83625 3.119
53.84032 3.447
53.84439 3.283
53.84845 3.260
53.85252 3.049
53.85659 2.814
53.86066 3.049
53.86473 3.494
53.86880 3.002
53.87287 2.650
53.87693 2.885
53.88100 3.189
53.88507 3.354
53.88914 3.002
53.89321 2.674
53.89728 3.471
53.90134 3.049
53.90541 2.908
53.90948 2.978
53.91355 3.002
53.91762 3.330
53.92169 3.072
53.92576 2.720
53.92982 3.283
53.93389 2.674
53.93796 3.565
53.94203 2.697
53.94610 2.814
53.95017 3.049
53.95423 2.720
53.95830 3.189
53.96237 3.612
53.96644 3.307
53.97051 3.025
53.97458 3.260
53.97865 2.978
53.98271 3.354
53.98678 3.354
53.99085 3.401
53.99492 3.002
53.99899 2.955
54.00306 3.049
54.00713 2.674
54.01119 2.978
54.01526 3.518
54.01933 2.955
54.02340 2.885
54.02747 3.096
54.03154 4.198
54.03560 2.838
54.03967 2.861
54.04374 3.049
54.04781 3.283
54.05188 3.447
54.05595 2.908
54.06002 3.072
54.06408 2.744
54.06815 2.861
54.07222 3.025
54.07629 2.744
54.08036 3.283
54.08443 3.401
54.08850 3.612
54.09256 3.025
54.09663 3.049
54.10070 3.236
54.10477 3.330
54.10884 3.143
54.11291 3.189
54.11697 3.330
54.12104 3.518
54.12511 3.612
54.12918 2.932
54.13325 3.049
54.13732 2.720
54.14139 3.471
54.14545 2.955
54.14952 3.494
54.15359 3.213
54.15766 3.166
54.16173 3.072
54.16580 3.119
54.16986 3.002
54.17393 2.861
54.17800 2.908
54.18207 3.189
54.18614 2.908
54.19021 2.908
54.19428 3.330
54.19834 2.861
54.20241 2.556
54.20648 3.213
54.21055 2.932
54.21462 3.166
54.21869 2.838
54.22276 2.885
54.22682 3.236
54.23089 3.096
54.23496 3.166
54.23903 3.401
54.24310 3.260
54.24717 3.072
54.25123 3.143
54.25530 2.697
54.25937 2.908
54.26344 3.096
54.26751 3.236
54.27158 3.025
54.27565 3.283
54.27971 3.354
54.28378 3.213
54.28785 2.978
54.29192 2.744
54.29599 2.978
54.30006 3.541
54.30413 2.838
54.30819 2.932
54.31226 2.955
54.31633 3.096
54.32040 3.072
54.32447 2.791
54.32854 3.096
54.33260 3.236
54.33667 2.978
54.34074 2.838
54.34481 3.236
54.34888 2.932
54.35295 3.119
54.35702 3.236
54.36108 2.955
54.36515 3.541
54.36922 3.236
54.37329 3.025
54.37736 2.838
54.38143 2.838
54.38549 3.002
54.38956 3.330
54.39363 3.049
54.39770 3.143
54.40177 2.861
54.40584 3.143
54.40991 3.447
54.41397 3.096
54.41804 3.447
54.42211 2.908
54.42618 3.049
54.43025 2.556
54.43432 3.096
54.43839 2.533
54.44245 3.283
54.44652 3.260
54.45059 3.260
54.45466 3.354
54.45873 2.791
54.46280 3.213
54.46686 3.682
54.47093 3.119
54.47500 3.330
54.47907 3.330
54.48314 3.119
54.48721 3.283
54.49128 3.002
54.49534 3.213
54.49941 3.401
54.50348 2.744
54.50755 2.908
54.51162 3.401
54.51569 3.260
54.51976 2.674
54.52382 3.166
54.52789 2.908
54.53196 3.236
54.53603 3.119
54.54010 2.603
54.54417 3.424
54.54823 3.166
54.55230 3.377
54.55637 2.955
54.56044 3.049
54.56451 3.119
54.56858 3.213
54.57265 3.119
54.57671 2.955
54.58078 3.025
54.58485 2.861
54.58892 3.096
54.59299 3.283
54.59706 3.283
54.60112 2.814
54.60519 3.119
54.60926 3.096
54.61333 3.260
54.61740 3.002
54.62147 3.096
54.62554 3.283
54.62960 2.674
54.63367 3.377
54.63774 3.565
54.64181 2.767
54.64588 3.635
54.64995 3.025
54.65402 3.049
54.65808 2.908
54.66215 3.401
54.66622 3.189
54.67029 3.096
54.67436 3.260
54.67843 2.955
54.68249 3.002
54.68656 2.791
54.69063 3.049
54.69470 3.330
54.69877 3.471
54.70284 3.705
54.70691 3.072
54.71097 2.908
54.71504 3.096
54.71911 3.096
54.72318 3.002
54.72725 3.143
54.73132 3.354
54.73538 3.096
54.73945 3.002
54.74352 2.978
54.74759 3.236
54.75166 3.143
54.75573 2.955
54.75980 3.307
54.76386 2.932
54.76793 3.565
54.77200 2.955
54.77607 3.283
54.78014 3.260
54.78421 3.049
54.78828 3.049
54.79234 2.462
54.79641 3.260
54.80048 3.377
54.80455 2.978
54.80862 3.588
54.81269 3.354
54.81675 3.682
54.82082 3.119
54.82489 3.119
54.82896 3.518
54.83303 3.213
54.83710 2.861
54.84117 2.978
54.84523 3.213
54.84930 3.025
54.85337 2.932
54.85744 3.330
54.86151 3.143
54.86558 3.236
54.86965 2.955
54.87371 3.189
54.87778 3.072
54.88185 2.603
54.88592 3.189
54.88999 2.814
54.89406 3.166
54.89812 2.838
54.90219 2.580
54.90626 3.189
54.91033 3.705
54.91440 2.814
54.91847 2.885
54.92254 3.401
54.92660 3.471
54.93067 3.635
54.93474 2.627
54.93881 2.978
54.94288 3.002
54.94695 3.002
54.95101 2.908
54.95508 3.330
54.95915 2.908
54.96322 3.260
54.96729 2.885
54.97136 3.260
54.97543 3.189
54.97949 3.025
54.98356 2.861
54.98763 3.072
54.99170 3.166
54.99577 2.533
54.99984 2.885
55.00391 3.096
55.00797 3.236
55.01204 3.166
55.01611 2.908
55.02018 3.049
55.02425 3.025
55.02832 3.213
55.03238 3.189
55.03645 3.143
55.04052 3.119
55.04459 3.377
55.04866 2.744
55.05273 3.119
55.05680 3.213
55.06086 3.330
55.06493 2.814
55.06900 3.236
55.07307 3.940
55.07714 2.908
55.08121 3.447
55.08528 2.932
55.08934 3.260
55.09341 3.119
55.09748 3.189
55.10155 2.650
55.10562 3.401
55.10969 3.072
55.11375 2.580
55.11782 3.518
55.12189 3.002
55.12596 3.541
55.13003 3.025
55.13410 3.260
55.13817 3.002
55.14223 3.447
55.14630 3.189
55.15037 3.260
55.15444 3.166
55.15851 2.838
55.16258 3.002
55.16664 2.908
55.17071 2.978
55.17478 3.143
55.17885 2.861
55.18292 3.049
55.18699 3.096
55.19106 3.518
55.19512 3.119
55.19919 3.260
55.20326 3.049
55.20733 3.588
55.21140 3.330
55.21547 2.885
55.21954 3.119
55.22360 3.565
55.22767 3.189
55.23174 2.556
55.23581 3.166
55.23988 2.955
55.24395 2.932
55.24801 3.189
55.25208 3.049
55.25615 3.189
55.26022 3.025
55.26429 3.213
55.26836 3.002
55.27243 3.213
55.27649 3.377
55.28056 3.166
55.28463 3.049
55.28870 3.377
55.29277 2.814
55.29684 3.283
55.30091 2.697
55.30497 3.447
55.30904 2.978
55.31311 3.213
55.31718 3.471
55.32125 3.213
55.32532 3.870
55.32938 2.978
55.33345 3.330
55.33752 2.932
55.34159 3.612
55.34566 3.307
55.34973 2.955
55.35380 2.955
55.35786 2.838
55.36193 2.861
55.36600 3.354
55.37007 3.166
55.37414 3.072
55.37821 2.791
55.38227 2.861
55.38634 2.509
55.39041 3.260
55.39448 3.072
55.39855 3.119
55.40262 3.213
55.40669 2.650
55.41075 3.025
55.41482 3.424
55.41889 3.471
55.42296 2.955
55.42703 2.861
55.43110 3.377
55.43517 2.838
55.43923 3.096
55.44330 3.471
55.44737 2.978
55.45144 3.354
55.45551 3.213
55.45958 3.049
55.46364 3.565
55.46771 2.791
55.47178 3.166
55.47585 3.096
55.47992 3.096
55.48399 3.260
55.48806 3.189
55.49212 3.166
55.49619 3.213
55.50026 3.260
55.50433 2.885
55.50840 3.002
55.51247 2.932
55.51654 3.260
55.52060 3.283
55.52467 3.424
55.52874 2.627
55.53281 3.002
55.53688 2.814
55.54095 3.330
55.54501 3.002
55.54908 3.096
55.55315 3.236
55.55722 2.580
55.56129 3.283
55.56536 3.565
55.56943 3.307
55.57349 3.401
55.57756 3.025
55.58163 3.682
55.58570 3.354
55.58977 3.518
55.59384 3.729
55.59790 3.471
55.60197 2.978
55.60604 3.612
55.61011 2.720
55.61418 3.330
55.61825 3.682
55.62232 3.260
55.62638 3.330
55.63045 3.447
55.63452 3.518
55.63859 3.330
55.64266 3.447
55.64673 3.659
55.65080 4.174
55.65486 3.471
55.65893 3.893
55.66300 3.401
55.66707 3.893
55.67114 3.354
55.67521 3.588
55.67927 3.776
55.68334 3.447
55.68741 3.471
55.69148 3.682
55.69555 2.861
55.69962 3.729
55.70369 3.705
55.70775 3.987
55.71182 3.893
55.71589 4.057
55.71996 3.283
55.72403 3.635
55.72810 3.447
55.73216 3.494
55.73623 3.940
55.74030 3.705
55.74437 3.518
55.74844 3.893
55.75251 3.893
55.75658 4.057
55.76064 4.198
55.76471 3.799
55.76878 3.823
55.77285 3.799
55.77692 4.081
55.78099 4.081
55.78506 3.963
55.78912 4.198
55.79319 4.245
55.79726 4.409
55.80133 4.128
55.80540 4.644
55.80947 4.315
55.81353 4.198
55.81760 4.034
55.82167 4.761
55.82574 4.151
55.82981 4.644
55.83388 4.221
55.83795 4.081
55.84201 4.128
55.84608 4.761
55.85015 5.019
55.85422 5.042
55.85829 5.066
55.86236 4.550
55.86643 5.159
55.87049 4.644
55.87456 4.526
55.87863 5.206
55.88270 5.511
55.88677 5.441
55.89084 5.136
55.89490 5.230
55.89897 5.347
55.90304 4.690
55.90711 5.417
55.91118 6.191
55.91525 5.371
55.91932 5.464
55.92338 5.980
55.92745 6.356
55.93152 5.699
55.93559 5.769
55.93966 5.324
55.94373 5.675
55.94779 6.144
55.95186 5.464
55.95593 5.793
55.96000 6.543
55.96407 6.285
55.96814 5.957
55.97221 6.356
55.97627 6.098
55.98034 6.215
55.98441 6.215
55.98848 6.543
55.99255 6.215
55.99662 6.731
56.00069 6.473
56.00475 6.848
56.00882 6.567
56.01289 7.012
56.01696 6.614
56.02103 7.176
56.02510 6.567
56.02916 7.528
56.03323 7.341
56.03730 7.622
56.04137 7.364
56.04544 7.411
56.04951 6.848
56.05358 7.645
56.05764 7.552
56.06171 6.637
56.06578 8.021
56.06985 7.247
56.07392 7.598
56.07799 7.763
56.08206 7.880
56.08612 7.810
56.09019 7.997
56.09426 8.583
56.09833 8.021
56.10240 8.490
56.10647 7.880
56.11053 9.193
56.11460 8.466
56.11867 8.513
56.12274 8.724
56.12681 8.654
56.13088 9.897
56.13495 8.912
56.13901 8.935
56.14308 8.959
56.14715 9.428
56.15122 9.334
56.15529 8.654
56.15936 9.264
56.16342 8.959
56.16749 9.287
56.17156 9.076
56.17563 9.850
56.17970 9.334
56.18377 9.217
56.18784 9.803
56.19190 9.803
56.19597 9.334
56.20004 8.701
56.20411 8.935
56.20818 9.780
56.21225 10.038
56.21632 10.084
56.22038 10.038
56.22445 9.897
56.22852 9.146
56.23259 10.038
56.23666 9.475
56.24073 10.319
56.24479 9.686
56.24886 9.780
56.25293 10.483
56.25700 9.428
56.26107 9.850
56.26514 9.592
56.26921 10.413
56.27327 9.545
56.27734 10.178
56.28141 9.803
56.28548 9.733
56.28955 10.436
56.29362 10.366
56.29769 10.131
56.30175 9.873
56.30582 10.624
56.30989 9.850
56.31396 10.741
56.31803 10.178
56.32210 9.639
56.32616 10.084
56.33023 9.920
56.33430 9.451
56.33837 9.662
56.34244 9.428
56.34651 10.999
56.35058 9.639
56.35464 10.905
56.35871 10.178
56.36278 9.076
56.36685 10.507
56.37092 9.498
56.37499 11.069
56.37905 10.553
56.38312 9.920
56.38719 9.756
56.39126 10.835
56.39533 8.912
56.39940 9.404
56.40347 9.850
56.40753 10.061
56.41160 9.686
56.41567 10.319
56.41974 10.108
56.42381 9.780
56.42788 9.428
56.43195 9.826
56.43601 10.061
56.44008 9.053
56.44415 9.381
56.44822 10.038
56.45229 9.123
56.45636 9.170
56.46042 9.170
56.46449 9.428
56.46856 10.413
56.47263 10.202
56.47670 9.615
56.48077 9.850
56.48484 9.615
56.48890 9.615
56.49297 9.475
56.49704 9.451
56.50111 9.240
56.50518 9.193
56.50925 9.592
56.51331 8.912
56.51738 8.865
56.52145 8.935
56.52552 8.630
56.52959 8.748
56.53366 8.490
56.53773 8.935
56.54179 8.537
56.54586 8.607
56.54993 8.607
56.55400 7.598
56.55807 8.888
56.56214 7.974
56.56621 9.264
56.57027 8.279
56.57434 7.692
56.57841 8.865
56.58248 8.490
56.58655 8.583
56.59062 8.255
56.59468 7.974
56.59875 8.419
56.60282 7.927
56.60689 7.903
56.61096 7.223
56.61503 7.810
56.61910 7.669
56.62316 7.458
56.62723 7.645
56.63130 7.387
56.63537 7.364
56.63944 6.426
56.64351 6.567
56.64758 6.989
56.65164 6.942
56.65571 7.153
56.65978 7.622
56.66385 6.496
56.66792 6.731
56.67199 6.754
56.67605 6.778
56.68012 7.223
56.68419 7.153
56.68826 7.036
56.69233 6.520
56.69640 6.473
56.70047 6.074
56.70453 6.520
56.70860 6.144
56.71267 6.168
56.71674 6.121
56.72081 6.051
56.72488 6.238
56.72894 6.379
56.73301 6.098
56.73708 6.262
56.74115 6.637
56.74522 6.098
56.74929 5.746
56.75336 5.746
56.75742 5.793
56.76149 6.449
56.76556 6.332
56.76963 6.285
56.77370 5.746
56.77777 6.309
56.78184 6.285
56.78590 6.520
56.78997 6.590
56.79404 6.379
56.79811 5.840
56.80218 6.426
56.80625 5.371
56.81031 5.699
56.81438 6.074
56.81845 5.746
56.82252 5.675
56.82659 6.144
56.83066 6.121
56.83473 5.535
56.83879 5.558
56.84286 5.535
56.84693 5.582
56.85100 5.183
56.85507 5.605
56.85914 5.746
56.86321 5.605
56.86727 5.793
56.87134 5.793
56.87541 5.136
56.87948 5.957
56.88355 5.558
56.88762 5.535
56.89168 5.699
56.89575 5.136
56.89982 5.488
56.90389 5.066
56.90796 5.089
56.91203 5.910
56.91610 5.277
56.92016 5.417
56.92423 4.339
56.92830 5.324
56.93237 5.206
56.93644 4.972
56.94051 4.878
56.94457 5.441
56.94864 5.394
56.95271 4.972
56.95678 5.089
56.96085 4.902
56.96492 5.206
56.96899 4.362
56.97305 5.488
56.97712 5.206
56.98119 5.089
56.98526 4.878
56.98933 4.948
56.99340 4.667
56.99747 4.690
57.00153 5.183
57.00560 4.714
57.00967 5.042
57.01374 5.019
57.01781 4.995
57.02188 4.902
57.02594 4.808
57.03001 5.417
57.03408 5.417
57.03815 5.464
57.04222 5.066
57.04629 5.300
57.05036 5.159
57.05442 4.948
57.05849 5.675
57.06256 4.479
57.06663 4.972
57.07070 5.089
57.07477 5.347
57.07884 4.550
57.08290 4.644
57.08697 4.831
57.09104 4.902
57.09511 4.526
57.09918 4.503
57.10325 4.151
57.10731 5.089
57.11138 4.550
57.11545 3.963
57.11952 4.245
57.12359 4.503
57.12766 4.526
57.13173 4.714
57.13579 4.503
57.13986 4.737
57.14393 4.339
57.14800 4.503
57.15207 4.362
57.15614 4.362
57.16020 5.042
57.16427 4.386
57.16834 4.690
57.17241 4.878
57.17648 4.198
57.18055 4.315
57.18462 4.690
57.18868 5.066
57.19275 4.597
57.19682 4.902
57.20089 4.902
57.20496 4.245
57.20903 4.948
57.21310 4.268
57.21716 4.292
57.22123 4.479
57.22530 4.690
57.22937 4.737
57.23344 4.503
57.23751 4.902
57.24157 4.878
57.24564 4.690
57.24971 4.855
57.25378 4.714
57.25785 4.456
57.26192 4.644
57.26599 4.667
57.27005 4.268
57.27412 4.432
57.27819 4.174
57.28226 4.081
57.28633 4.245
57.29040 4.503
57.29446 4.198
57.29853 4.409
57.30260 3.917
57.30667 4.292
57.31074 3.354
57.31481 3.659
57.31888 3.846
57.32294 3.870
57.32701 3.471
57.33108 3.917
57.33515 3.893
57.33922 4.034
57.34329 3.682
57.34736 4.081
57.35142 3.823
57.35549 3.236
57.35956 3.893
57.36363 3.612
57.36770 3.612
57.37177 3.541
57.37583 3.588
57.37990 3.541
57.38397 4.292
57.38804 3.541
57.39211 3.682
57.39618 3.565
57.40025 3.447
57.40431 3.612
57.40838 3.518
57.41245 3.401
57.41652 3.846
57.42059 3.705
57.42466 3.283
57.42873 3.401
57.43279 3.096
57.43686 3.401
57.44093 3.119
57.44500 3.002
57.44907 3.401
57.45314 3.565
57.45720 3.307
57.46127 3.307
57.46534 3.072
57.46941 3.283
57.47348 3.354
57.47755 2.838
57.48162 3.518
57.48568 3.330
57.48975 2.932
57.49382 3.729
57.49789 3.307
57.50196 2.908
57.50603 3.072
57.51009 3.189
57.51416 3.846
57.51823 2.627
57.52230 2.697
57.52637 3.659
57.53044 2.627
57.53451 2.650
57.53857 2.955
57.54264 3.260
57.54671 3.166
57.55078 3.354
57.55485 3.025
57.55892 3.189
57.56299 3.166
57.56705 2.908
57.57112 3.049
57.57519 2.697
57.57926 3.260
57.58333 3.025
57.58740 3.025
57.59146 3.025
57.59553 3.119
57.59960 2.767
57.60367 3.260
57.60774 2.720
57.61181 3.541
57.61588 2.533
57.61994 3.354
57.62401 3.330
57.62808 3.565
57.63215 3.025
57.63622 3.729
57.64029 3.494
57.64436 2.908
57.64842 3.213
57.65249 2.955
57.65656 3.119
57.66063 3.049
57.66470 2.838
57.66877 2.744
57.67283 2.720
57.67690 3.424
57.68097 2.861
57.68504 2.932
57.68911 3.588
57.69318 3.143
57.69725 3.025
57.70131 2.767
57.70538 2.744
57.70945 3.002
57.71352 2.720
57.71759 3.260
57.72166 3.025
57.72572 3.330
57.72979 2.885
57.73386 2.932
57.73793 2.861
57.74200 2.744
57.74607 2.908
57.75014 3.189
57.75420 3.002
57.75827 3.330
57.76234 2.908
57.76641 3.166
57.77048 3.307
57.77455 3.096
57.77862 3.049
57.78268 2.885
57.78675 2.556
57.79082 2.767
57.79489 3.283
57.79896 2.767
57.80303 2.838
57.80709 3.119
57.81116 3.377
57.81523 3.025
57.81930 3.283
57.82337 3.049
57.82744 3.002
57.83151 3.049
57.83557 3.096
57.83964 2.861
57.84371 3.119
57.84778 3.307
57.85185 3.072
57.85592 2.861
57.85999 3.049
57.86405 2.838
57.86812 2.509
57.87219 3.049
57.87626 3.072
57.88033 2.650
57.88440 2.603
57.88846 2.720
57.89253 3.025
57.89660 3.330
57.90067 2.650
57.90474 3.236
57.90881 2.674
57.91288 2.627
57.91694 2.767
57.92101 2.627
57.92508 2.838
57.92915 3.166
57.93322 2.627
57.93729 2.627
57.94135 2.603
57.94542 2.908
57.94949 2.627
57.95356 2.791
57.95763 2.978
57.96170 2.978
57.96577 2.885
57.96983 2.908
57.97390 2.814
57.97797 3.119
57.98204 2.627
57.98611 2.885
57.99018 3.236
57.99425 2.533
57.99831 3.189
58.00238 3.447
58.00645 2.744
58.01052 2.744
58.01459 3.213
58.01866 3.189
58.02272 2.650
58.02679 2.978
58.03086 2.767
58.03493 3.072
58.03900 3.377
58.04307 2.932
58.04714 2.908
58.05120 2.462
58.05527 2.627
58.05934 3.377
58.06341 2.861
58.06748 2.697
58.07155 2.697
58.07561 2.603
58.07968 2.674
58.08375 2.814
58.08782 3.049
58.09189 2.908
58.09596 2.861
58.10003 2.955
58.10409 2.369
58.10816 2.885
58.11223 3.330
58.11630 3.283
58.12037 2.932
58.12444 3.119
58.12851 2.814
58.13257 2.814
58.13664 3.096
58.14071 3.166
58.14478 2.791
58.14885 3.119
58.15292 3.002
58.15698 2.486
58.16105 2.814
58.16512 2.533
58.16919 3.002
58.17326 3.072
58.17733 2.720
58.18140 3.025
58.18546 2.908
58.18953 2.861
58.19360 2.791
58.19767 2.603
58.20174 3.166
58.20581 2.955
58.20988 2.603
58.21394 3.377
58.21801 3.096
58.22208 2.955
58.22615 3.072
58.23022 2.978
58.23429 3.401
58.23835 2.885
58.24242 3.283
58.24649 2.814
58.25056 3.072
58.25463 2.861
58.25870 3.049
58.26277 2.720
58.26683 3.213
58.27090 2.674
58.27497 2.932
58.27904 2.861
58.28311 2.486
58.28718 2.885
58.29124 2.932
58.29531 2.720
58.29938 3.002
58.30345 3.049
58.30752 3.072
58.31159 2.650
58.31566 2.885
58.31972 3.143
58.32379 3.236
58.32786 3.096
58.33193 2.861
58.33600 3.283
58.34007 3.143
58.34414 2.416
58.34820 3.049
58.35227 2.861
58.35634 2.885
58.36041 3.119
58.36448 3.307
58.36855 2.838
58.37261 2.978
58.37668 3.049
58.38075 2.885
58.38482 2.885
58.38889 3.213
58.39296 3.588
58.39703 3.143
58.40109 3.025
58.40516 3.119
58.40923 3.283
58.41330 2.908
58.41737 2.814
58.42144 3.213
58.42551 3.236
58.42957 3.189
58.43364 2.720
58.43771 3.143
58.44178 3.166
58.44585 3.096
58.44992 3.119
58.45398 3.307
58.45805 2.908
58.46212 3.166
58.46619 3.049
58.47026 3.354
58.47433 3.565
58.47840 2.814
58.48246 2.603
58.48653 2.814
58.49060 3.518
58.49467 3.330
58.49874 3.354
58.50281 2.955
58.50687 3.307
58.51094 3.189
58.51501 3.494
58.51908 3.189
58.52315 3.143
58.52722 3.002
58.53129 3.260
58.53535 3.518
58.53942 3.002
58.54349 3.541
58.54756 3.213
58.55163 3.166
58.55570 3.424
58.55977 3.471
58.56383 3.588
58.56790 3.143
58.57197 3.049
58.57604 3.565
58.58011 3.283
58.58418 2.978
58.58824 3.189
58.59231 3.189
58.59638 3.189
58.60045 3.189
58.60452 3.354
58.60859 3.752
58.61266 3.307
58.61672 3.494
58.62079 3.565
58.62486 2.978
58.62893 2.955
58.63300 3.541
58.63707 3.260
58.64114 3.049
58.64520 3.189
58.64927 3.213
58.65334 3.283
58.65741 3.799
58.66148 3.447
58.66555 3.377
58.66961 3.236
58.67368 3.424
58.67775 3.424
58.68182 3.635
58.68589 3.565
58.68996 3.518
58.69403 4.057
58.69809 3.143
58.70216 3.447
58.70623 3.541
58.71030 4.010
58.71437 3.565
58.71844 3.963
58.72250 3.612
58.72657 3.659
58.73064 3.471
58.73471 4.479
58.73878 3.565
58.74285 3.213
58.74692 3.963
58.75098 3.729
58.75505 3.940
58.75912 3.330
58.76319 3.799
58.76726 3.541
58.77133 3.565
58.77540 3.893
58.77946 3.799
58.78353 4.432
58.78760 3.354
58.79167 4.245
58.79574 3.729
58.79981 4.010
58.80387 3.917
58.80794 3.705
58.81201 3.799
58.81608 4.315
58.82015 3.846
58.82422 3.870
58.82829 3.799
58.83235 4.198
58.83642 3.963
58.84049 3.752
58.84456 4.128
58.84863 3.705
58.85270 3.659
58.85677 4.503
58.86083 4.292
58.86490 4.104
58.86897 4.362
58.87304 3.846
58.87711 4.198
58.88118 3.893
58.88524 3.588
58.88931 4.221
58.89338 3.893
58.89745 3.963
58.90152 4.432
58.90559 4.128
58.90966 4.198
58.91372 3.471
58.91779 4.198
58.92186 4.034
58.92593 3.541
58.93000 4.010
58.93407 4.128
58.93813 4.667
58.94220 4.503
58.94627 4.339
58.95034 4.151
58.95441 4.315
58.95848 3.682
58.96255 4.339
58.96661 3.987
58.97068 4.034
58.97475 4.034
58.97882 4.081
58.98289 4.268
58.98696 3.987
58.99103 4.479
58.99509 4.057
58.99916 4.128
59.00323 3.635
59.00730 4.268
59.01137 4.104
59.01544 4.174
59.01950 4.456
59.02357 4.128
59.02764 4.128
59.03171 4.339
59.03578 3.729
59.03985 4.315
59.04392 4.151
59.04798 4.386
59.05205 4.479
59.05612 3.917
59.06019 4.010
59.06426 4.034
59.06833 4.128
59.07239 4.456
59.07646 4.315
59.08053 4.198
59.08460 4.339
59.08867 4.104
59.09274 4.221
59.09681 4.221
59.10087 4.034
59.10494 4.034
59.10901 4.268
59.11308 4.128
59.11715 3.917
59.12122 3.917
59.12529 4.995
59.12935 4.010
59.13342 4.479
59.13749 4.315
59.14156 4.386
59.14563 3.776
59.14970 4.268
59.15376 4.245
59.15783 3.471
59.16190 4.034
59.16597 3.588
59.17004 3.682
59.17411 4.128
59.17818 3.588
59.18224 4.503
59.18631 3.940
59.19038 3.588
59.19445 3.893
59.19852 3.846
59.20259 3.846
59.20666 4.198
59.21072 3.705
59.21479 4.010
59.21886 3.518
59.22293 4.081
59.22700 3.917
59.23107 4.221
59.23513 3.635
59.23920 3.401
59.24327 4.057
59.24734 4.104
59.25141 3.799
59.25548 3.518
59.25955 4.104
59.26361 3.846
59.26768 4.292
59.27175 3.143
59.27582 3.682
59.27989 4.057
59.28396 3.025
59.28802 3.870
59.29209 4.292
59.29616 3.612
59.30023 3.682
59.30430 3.682
59.30837 3.518
59.31244 3.494
59.31650 3.189
59.32057 3.659
59.32464 3.682
59.32871 3.541
59.33278 3.354
59.33685 3.635
59.34092 3.072
59.34498 3.471
59.34905 3.213
59.35312 3.049
59.35719 3.471
59.36126 3.236
59.36533 3.330
59.36939 3.588
59.37346 3.424
59.37753 2.861
59.38160 3.799
59.38567 3.424
59.38974 3.776
59.39381 3.143
59.39787 3.354
59.40194 3.705
59.40601 2.955
59.41008 2.814
59.41415 3.776
59.41822 3.354
59.42229 3.143
59.42635 3.096
59.43042 3.682
59.43449 2.861
59.43856 3.494
59.44263 3.659
59.44670 3.260
59.45076 3.025
59.45483 3.565
59.45890 3.307
59.46297 2.509
59.46704 3.494
59.47111 3.799
59.47518 2.978
59.47924 2.861
59.48331 3.565
59.48738 2.861
59.49145 2.838
59.49552 3.189
59.49959 3.330
59.50365 3.166
59.50772 3.494
59.51179 3.143
59.51586 3.213
59.51993 3.635
59.52400 2.650
59.52807 3.518
59.53213 3.330
59.53620 3.518
59.54027 3.307
59.54434 3.166
59.54841 2.885
59.55248 3.377
59.55655 2.978
59.56061 3.189
59.56468 3.330
59.56875 3.143
59.57282 3.025
59.57689 3.119
59.58096 3.119
59.58502 3.002
59.58909 2.861
59.59316 2.556
59.59723 3.049
59.60130 2.932
59.60537 2.955
59.60944 3.119
59.61350 3.143
59.61757 3.377
59.62164 3.541
59.62571 3.072
59.62978 3.189
59.63385 3.330
59.63792 2.978
59.64198 3.260
59.64605 3.166
59.65012 3.213
59.65419 2.978
59.65826 3.143
59.66233 3.096
59.66639 3.119
59.67046 3.025
59.67453 3.283
59.67860 3.166
59.68267 3.494
59.68674 3.096
59.69081 2.955
59.69487 2.978
59.69894 3.025
59.70301 3.307
59.70708 3.166
59.71115 3.166
59.71522 3.330
59.71928 2.814
59.72335 3.143
59.72742 3.189
59.73149 3.236
59.73556 3.072
59.73963 3.260
59.74370 3.049
59.74776 3.096
59.75183 3.307
59.75590 3.541
59.75997 2.674
59.76404 3.588
59.76811 3.541
59.77218 2.932
59.77624 3.119
59.78031 3.236
59.78438 3.424
59.78845 2.955
59.79252 3.049
59.79659 3.236
59.80065 2.932
59.80472 2.674
59.80879 2.932
59.81286 3.565
59.81693 3.283
59.82100 3.354
59.82507 3.236
59.82913 3.119
59.83320 2.814
59.83727 3.236
59.84134 2.885
59.84541 3.072
59.84948 3.166
59.85354 3.025
59.85761 2.978
59.86168 3.049
59.86575 3.143
59.86982 2.767
59.87389 3.072
59.87796 3.565
59.88202 2.932
59.88609 2.978
59.89016 2.650
59.89423 3.260
59.89830 2.556
59.90237 2.791
59.90644 2.885
59.91050 2.885
59.91457 3.143
59.91864 3.002
59.92271 3.752
59.92678 3.166
59.93085 2.744
59.93491 3.025
59.93898 3.166
59.94305 3.283
59.94712 3.260
59.95119 2.556
59.95526 2.932
59.95933 2.838
59.96339 3.377
59.96746 2.955
59.97153 2.533
59.97560 2.744
59.97967 3.049
59.98374 3.049
59.98781 3.049
59.99187 3.166
59.99594 3.049
60.00001 3.002
60.00408 2.908
60.00815 2.955
60.01222 3.049
60.01628 2.767
60.02035 2.814
60.02442 3.002
60.02849 2.603
60.03256 2.932
60.03663 3.049
60.04070 2.720
60.04476 3.072
60.04883 3.072
60.05290 2.955
60.05697 3.166
60.06104 3.119
60.06511 2.369
60.06917 3.119
60.07324 2.650
60.07731 2.697
60.08138 3.189
60.08545 2.533
60.08952 2.580
60.09359 2.556
60.09765 3.025
60.10172 3.119
60.10579 2.720
60.10986 2.509
60.11393 3.072
60.11800 3.025
60.12207 2.509
60.12613 2.580
60.13020 3.166
60.13427 2.697
60.13834 2.603
60.14241 3.119
60.14648 3.236
60.15054 3.025
60.15461 2.392
60.15868 2.697
60.16275 2.932
60.16682 2.978
60.17089 2.720
60.17496 2.322
60.17902 2.885
60.18309 2.697
60.18716 2.814
60.19123 2.885
60.19530 2.720
60.19937 2.814
60.20344 2.861
60.20750 2.767
60.21157 2.744
60.21564 2.744
60.21971 2.298
60.22378 2.791
60.22785 2.580
60.23191 2.439
60.23598 2.932
60.24005 2.298
60.24412 2.861
60.24819 2.228
60.25226 2.791
60.25633 2.486
60.26039 2.744
60.26446 2.814
60.26853 3.119
60.27260 2.697
60.27667 2.955
60.28074 2.650
60.28480 2.251
60.28887 2.885
60.29294 2.205
60.29701 3.565
60.30108 2.533
60.30515 2.627
60.30922 2.791
60.31328 2.650
60.31735 2.720
60.32142 2.416
60.32549 2.814
60.32956 2.486
60.33363 2.228
60.33770 2.486
60.34176 2.627
60.34583 2.720
60.34990 2.627
60.35397 2.767
60.35804 3.072
60.36211 2.650
60.36617 2.556
60.37024 2.580
60.37431 3.354
60.37838 3.283
60.38245 2.955
60.38652 2.650
60.39059 2.861
60.39465 2.556
60.39872 2.392
60.40279 2.861
60.40686 2.955
60.41093 2.486
60.41500 3.189
60.41907 2.509
60.42313 2.439
60.42720 2.650
60.43127 2.720
60.43534 2.838
60.43941 2.767
60.44348 2.861
60.44754 2.744
60.45161 2.861
60.45568 2.908
60.45975 2.603
60.46382 2.087
60.46789 3.189
60.47196 2.462
60.47602 3.002
60.48009 2.603
60.48416 2.650
60.48823 2.416
60.49230 2.556
60.49637 3.189
60.50043 2.228
60.50450 2.932
60.50857 2.205
60.51264 2.556
60.51671 2.322
60.52078 2.791
60.52485 2.181
60.52891 2.369
60.53298 2.345
60.53705 2.767
60.54112 2.087
60.54519 2.556
60.54926 2.720
60.55333 2.697
60.55739 2.533
60.56146 2.322
60.56553 2.603
60.56960 2.416
60.57367 2.674
60.57774 2.744
60.58180 2.509
60.58587 2.697
60.58994 2.603
60.59401 2.674
60.59808 2.674
60.60215 2.650
60.60622 2.556
60.61028 2.392
60.61435 2.650
60.61842 3.049
60.62249 2.580
60.62656 2.627
60.63063 2.158
60.63469 2.556
60.63876 2.228
60.64283 2.674
60.64690 2.627
60.65097 2.720
60.65504 2.298
60.65911 2.791
60.66317 2.205
60.66724 2.369
60.67131 2.674
60.67538 2.650
60.67945 2.767
60.68352 2.932
60.68759 2.556
60.69165 2.392
60.69572 2.533
60.69979 2.462
60.70386 2.205
60.70793 2.791
60.71200 2.345
60.71606 2.369
60.72013 2.275
60.72420 2.580
60.72827 2.814
60.73234 2.767
60.73641 3.143
60.74048 2.369
60.74454 2.556
60.74861 2.322
60.75268 2.838
60.75675 2.392
60.76082 2.462
60.76489 2.486
60.76896 3.025
60.77302 2.509
60.77709 2.509
60.78116 2.697
60.78523 2.978
60.78930 3.166
60.79337 2.416
60.79743 2.462
60.80150 2.908
60.80557 2.509
60.80964 2.603
60.81371 2.908
60.81778 3.025
60.82185 2.322
60.82591 2.439
60.82998 2.650
60.83405 2.251
60.83812 2.978
60.84219 2.767
60.84626 2.674
60.85032 2.298
60.85439 2.838
60.85846 2.580
60.86253 2.908
60.86660 2.509
60.87067 3.236
60.87474 2.744
60.87880 2.392
60.88287 2.462
60.88694 2.345
60.89101 2.439
60.89508 2.791
60.89915 2.674
60.90322 2.345
60.90728 2.650
60.91135 2.392
60.91542 2.158
60.91949 2.392
60.92356 2.627
60.92763 2.345
60.93169 2.322
60.93576 2.580
60.93983 2.158
60.94390 2.439
60.94797 2.650
60.95204 2.978
60.95611 2.978
60.96017 2.720
60.96424 2.298
60.96831 2.838
60.97238 2.416
60.97645 2.720
60.98052 2.533
60.98459 2.486
60.98865 2.650
60.99272 2.111
60.99679 2.533
61.00086 2.369
61.00493 2.462
61.00900 2.416
61.01306 2.791
61.01713 2.181
61.02120 2.392
61.02527 2.744
61.02934 2.791
61.03341 2.720
61.03748 2.392
61.04154 2.627
61.04561 2.674
61.04968 2.627
61.05375 2.744
61.05782 2.556
61.06189 2.885
61.06595 2.838
61.07002 2.603
61.07409 2.345
61.07816 2.228
61.08223 2.392
61.08630 2.509
61.09037 2.674
61.09443 2.533
61.09850 2.650
61.10257 2.322
61.10664 2.134
61.11071 2.369
61.11478 2.650
61.11885 2.767
61.12291 2.322
61.12698 2.556
61.13105 2.205
61.13512 2.345
61.13919 2.509
61.14326 2.791
61.14732 2.275
61.15139 2.298
61.15546 1.900
61.15953 2.509
61.16360 3.002
61.16767 2.533
61.17174 2.650
61.17580 2.556
61.17987 2.556
61.18394 2.134
61.18801 2.533
61.19208 2.556
61.19615 2.627
61.20022 2.486
61.20428 3.072
61.20835 2.181
61.21242 2.791
61.21649 2.627
61.22056 2.603
61.22463 2.744
61.22869 3.002
61.23276 2.462
61.23683 2.462
61.24090 2.533
61.24497 2.603
61.24904 2.627
61.25311 3.119
61.25717 2.322
61.26124 2.205
61.26531 2.275
61.26938 2.674
61.27345 2.838
61.27752 2.720
61.28158 2.345
61.28565 2.744
61.28972 2.298
61.29379 2.627
61.29786 2.509
61.30193 2.627
61.30600 2.627
61.31006 2.767
61.31413 2.580
61.31820 2.533
61.32227 2.439
61.32634 2.181
61.33041 2.791
61.33448 2.556
61.33854 2.861
61.34261 2.439
61.34668 2.228
61.35075 2.251
61.35482 2.369
61.35889 2.251
61.36295 2.955
61.36702 2.744
61.37109 2.603
61.37516 2.462
61.37923 2.416
61.38330 2.509
61.38737 2.650
61.39143 2.556
61.39550 2.369
61.39957 2.720
61.40364 2.392
61.40771 2.369
61.41178 2.908
61.41585 2.322
61.41991 2.228
61.42398 2.720
61.42805 2.369
61.43212 2.298
61.43619 2.345
61.44026 2.603
61.44432 2.486
61.44839 2.533
61.45246 2.556
61.45653 2.158
61.46060 2.767
61.46467 2.674
61.46874 2.181
61.47280 2.650
61.47687 2.932
61.48094 2.744
61.48501 2.509
61.48908 1.829
61.49315 2.861
61.49721 2.767
61.50128 2.275
61.50535 2.228
61.50942 2.275
61.51349 2.439
61.51756 2.533
61.52163 2.674
61.52569 2.697
61.52976 1.993
61.53383 2.462
61.53790 2.697
61.54197 2.932
61.54604 2.580
61.55011 2.087
61.55417 2.885
61.55824 2.674
61.56231 2.345
61.56638 2.556
61.57045 2.017
61.57452 2.509
61.57858 2.462
61.58265 2.767
61.58672 2.767
61.59079 2.767
61.59486 2.040
61.59893 2.486
61.60300 2.580
61.60706 2.533
61.61113 2.697
61.61520 2.603
61.61927 2.627
61.62334 2.462
61.62741 2.627
61.63147 2.486
61.63554 2.767
61.63961 2.932
61.64368 2.486
61.64775 2.392
61.65182 2.158
61.65589 2.955
61.65995 2.744
61.66402 2.697
61.66809 2.627
61.67216 2.814
61.67623 2.509
61.68030 2.744
61.68437 2.674
61.68843 2.744
61.69250 2.228
61.69657 2.486
61.70064 2.744
61.70471 2.509
61.70878 2.392
61.71284 2.533
61.71691 2.486
61.72098 2.298
61.72505 2.767
61.72912 2.697
61.73319 2.251
61.73726 2.885
61.74132 2.251
61.74539 2.650
61.74946 2.392
61.75353 2.509
61.75760 2.674
61.76167 2.345
61.76574 2.580
61.76980 2.181
61.77387 2.650
61.77794 2.462
61.78201 2.650
61.78608 2.462
61.79015 2.674
61.79421 2.861
61.79828 2.486
61.80235 2.017
61.80642 2.650
61.81049 2.674
61.81456 2.720
61.81863 2.580
61.82269 2.814
61.82676 2.744
61.83083 2.205
61.83490 2.533
61.83897 2.111
61.84304 2.298
61.84710 2.814
61.85117 2.392
61.85524 2.556
61.85931 2.392
61.86338 2.627
61.86745 2.205
61.87152 2.439
61.87558 2.345
61.87965 2.650
61.88372 2.345
61.88779 2.416
61.89186 2.556
61.89593 2.322
61.90000 2.556
61.90406 2.228
61.90813 2.416
61.91220 2.838
61.91627 2.674
61.92034 2.509
61.92441 1.947
61.92847 2.134
61.93254 2.697
61.93661 2.462
61.94068 2.486
61.94475 2.627
61.94882 2.369
61.95289 2.697
61.95695 2.275
61.96102 2.697
61.96509 2.416
61.96916 2.486
61.97323 2.345
61.97730 2.533
61.98137 2.205
61.98543 2.509
61.98950 2.345
61.99357 2.533
61.99764 2.392
62.00171 2.767
62.00578 2.814
62.00984 2.580
62.01391 2.838
62.01798 2.509
62.02205 2.556
62.02612 2.556
62.03019 2.369
62.03426 2.298
62.03832 2.697
62.04239 2.767
62.04646 2.603
62.05053 2.509
62.05460 2.720
62.05867 2.486
62.06273 2.228
62.06680 1.853
62.07087 2.720
62.07494 1.993
62.07901 2.228
62.08308 2.533
62.08715 2.580
62.09121 2.533
62.09528 2.392
62.09935 2.462
62.10342 2.345
62.10749 2.462
62.11156 2.298
62.11563 2.486
62.11969 2.814
62.12376 2.275
62.12783 2.627
62.13190 2.416
62.13597 2.556
62.14004 2.791
62.14410 2.978
62.14817 2.509
62.15224 2.650
62.15631 2.932
62.16038 2.674
62.16445 2.627
62.16852 2.369
62.17258 2.228
62.17665 2.509
62.18072 2.978
62.18479 2.720
62.18886 2.439
62.19293 2.744
62.19700 2.392
62.20106 2.603
62.20513 2.486
62.20920 2.697
62.21327 2.439
62.21734 2.791
62.22141 2.697
62.22547 2.181
62.22954 2.228
62.23361 2.462
62.23768 2.251
62.24175 2.345
62.24582 2.861
62.24989 2.533
62.25395 2.509
62.25802 2.439
62.26209 2.674
62.26616 2.885
62.27023 2.462
62.27430 2.111
62.27836 2.767
62.28243 2.486
62.28650 2.462
62.29057 2.814
62.29464 2.720
62.29871 2.322
62.30278 2.533
62.30684 2.509
62.31091 2.416
62.31498 2.228
62.31905 2.322
62.32312 2.603
62.32719 2.462
62.33126 2.720
62.33532 2.416
62.33939 2.814
62.34346 2.369
62.34753 2.205
62.35160 2.720
62.35567 2.627
62.35973 2.486
62.36380 2.486
62.36787 2.814
62.37194 2.720
62.37601 2.509
62.38008 2.462
62.38415 2.322
62.38821 2.932
62.39228 3.025
62.39635 2.744
62.40042 2.603
62.40449 2.814
62.40856 2.134
62.41262 2.556
62.41669 2.486
62.42076 2.814
62.42483 2.392
62.42890 2.275
62.43297 2.674
62.43704 2.556
62.44110 2.580
62.44517 2.720
62.44924 2.720
62.45331 2.603
62.45738 2.697
62.46145 2.439
62.46552 2.205
62.46958 1.993
62.47365 2.392
62.47772 2.416
62.48179 2.650
62.48586 2.580
62.48993 2.369
62.49399 2.486
62.49806 2.509
62.50213 2.462
62.50620 2.603
62.51027 2.158
62.51434 2.744
62.51841 2.650
62.52247 2.580
62.52654 2.369
62.53061 2.556
62.53468 2.392
62.53875 2.181
62.54282 2.392
62.54689 2.580
62.55095 2.978
62.55502 2.533
62.55909 2.509
62.56316 2.111
62.56723 2.064
62.57130 2.674
62.57536 2.416
62.57943 2.416
62.58350 2.087
62.58757 2.275
62.59164 2.509
62.59571 2.533
62.59978 2.978
62.60384 2.486
62.60791 2.744
62.61198 2.509
62.61605 2.556
62.62012 2.533
62.62419 2.533
62.62825 2.369
62.63232 2.509
62.63639 2.462
62.64046 2.720
62.64453 2.158
62.64860 2.791
62.65267 2.322
62.65673 2.650
62.66080 2.861
62.66487 2.369
62.66894 2.439
62.67301 2.040
62.67708 2.158
62.68115 2.369
62.68521 2.392
62.68928 2.228
62.69335 2.650
62.69742 2.486
62.70149 1.853
62.70556 2.955
62.70962 2.345
62.71369 2.322
62.71776 2.650
62.72183 2.908
62.72590 2.416
62.72997 2.674
62.73404 2.439
62.73810 2.439
62.74217 2.509
62.74624 2.392
62.75031 2.345
62.75438 2.908
62.75845 2.369
62.76252 2.791
62.76658 2.181
62.77065 2.439
62.77472 2.439
62.77879 2.744
62.78286 2.556
62.78693 2.134
62.79099 2.627
62.79506 2.580
62.79913 2.533
62.80320 2.556
62.80727 2.345
62.81134 2.322
62.81541 2.251
62.81947 2.298
62.82354 2.251
62.82761 2.416
62.83168 2.322
62.83575 2.322
62.83982 2.744
62.84388 2.251
62.84795 2.251
62.85202 2.861
62.85609 2.205
62.86016 2.908
62.86423 2.861
62.86830 2.509
62.87236 2.627
62.87643 2.111
62.88050 2.439
62.88457 2.556
62.88864 2.674
62.89271 2.720
62.89678 2.580
62.90084 2.205
62.90491 2.767
62.90898 2.533
62.91305 2.556
62.91712 2.439
62.92119 2.486
62.92525 2.416
62.92932 2.369
62.93339 2.416
62.93746 2.603
62.94153 2.298
62.94560 2.439
62.94967 2.345
62.95373 2.369
62.95780 2.580
62.96187 2.251
62.96594 3.072
62.97001 2.603
62.97408 2.251
62.97815 2.861
62.98221 2.697
62.98628 2.134
62.99035 2.345
62.99442 2.017
62.99849 2.251
63.00256 2.111
63.00662 2.486
63.01069 2.275
63.01476 2.533
63.01883 2.111
63.02290 2.462
63.02697 2.744
63.03104 2.767
63.03510 2.416
63.03917 2.720
63.04324 2.627
63.04731 2.369
63.05138 2.298
63.05545 3.002
63.05951 2.111
63.06358 2.486
63.06765 2.251
63.07172 2.767
63.07579 2.369
63.07986 2.509
63.08393 2.580
63.08799 2.580
63.09206 2.791
63.09613 2.627
63.10020 2.416
63.10427 2.603
63.10834 1.947
63.11241 2.158
63.11647 1.900
63.12054 2.298
63.12461 2.111
63.12868 2.509
63.13275 2.416
63.13682 2.275
63.14088 2.181
63.14495 2.392
63.14902 2.486
63.15309 2.486
63.15716 2.580
63.16123 2.251
63.16530 2.298
63.16936 2.650
63.17343 2.509
63.17750 2.603
63.18157 2.275
63.18564 2.345
63.18971 2.345
63.19377 2.744
63.19784 2.228
63.20191 2.087
63.20598 2.040
63.21005 3.072
63.21412 2.345
63.21819 2.416
63.22225 2.509
63.22632 2.462
63.23039 2.580
63.23446 2.556
63.23853 2.439
63.24260 2.345
63.24667 2.181
63.25073 2.674
63.25480 2.251
63.25887 2.462
63.26294 2.322
63.26701 2.416
63.27108 2.509
63.27514 2.439
63.27921 2.744
63.28328 2.087
63.28735 2.228
63.29142 2.369
63.29549 2.298
63.29956 2.439
63.30362 2.697
63.30769 2.720
63.31176 2.392
63.31583 2.486
63.31990 2.556
63.32397 2.533
63.32804 2.205
63.33210 2.416
63.33617 2.486
63.34024 2.275
63.34431 2.251
63.34838 2.533
63.35245 2.345
63.35651 1.829
63.36058 2.181
63.36465 2.767
63.36872 2.650
63.37279 2.181
63.37686 2.650
63.38093 2.580
63.38499 2.345
63.38906 2.181
63.39313 2.674
63.39720 2.416
63.40127 2.111
63.40534 2.369
63.40940 2.111
63.41347 2.228
63.41754 2.040
63.42161 2.955
63.42568 1.900
63.42975 2.650
63.43382 2.627
63.43788 2.392
63.44195 2.650
63.44602 2.509
63.45009 2.134
63.45416 2.556
63.45823 2.087
63.46230 2.345
63.46636 2.791
63.47043 2.697
63.47450 2.462
63.47857 2.744
63.48264 2.017
63.48671 2.298
63.49077 2.322
63.49484 2.556
63.49891 2.087
63.50298 2.298
63.50705 1.806
63.51112 2.744
63.51519 2.298
63.51925 2.369
63.52332 2.369
63.52739 2.369
63.53146 2.275
63.53553 2.134
63.53960 1.993
63.54367 2.627
63.54773 2.697
63.55180 2.486
63.55587 2.158
63.55994 2.509
63.56401 2.275
63.56808 2.462
63.57214 2.627
63.57621 2.627
63.58028 2.650
63.58435 2.017
63.58842 2.697
63.59249 2.486
63.59656 2.674
63.60062 2.040
63.60469 2.603
63.60876 2.392
63.61283 2.791
63.61690 2.439
63.62097 2.650
63.62503 2.205
63.62910 2.580
63.63317 2.556
63.63724 2.275
63.64131 2.861
63.64538 2.158
63.64945 2.439
63.65351 2.087
63.65758 2.298
63.66165 2.064
63.66572 2.533
63.66979 2.556
63.67386 2.674
63.67793 2.556
63.68199 2.275
63.68606 2.369
63.69013 2.369
63.69420 2.158
63.69827 2.509
63.70234 2.627
63.70640 2.720
63.71047 2.134
63.71454 2.298
63.71861 2.087
63.72268 2.697
63.72675 2.416
63.73082 2.462
63.73488 2.275
63.73895 2.885
63.74302 2.322
63.74709 2.627
63.75116 2.134
63.75523 2.627
63.75930 2.439
63.76336 1.947
63.76743 2.416
63.77150 2.486
63.77557 2.345
63.77964 2.251
63.78371 2.439
63.78777 2.650
63.79184 2.791
63.79591 2.462
63.79998 2.556
63.80405 2.181
63.80812 2.533
63.81219 2.627
63.81625 2.392
63.82032 2.111
63.82439 2.603
63.82846 1.970
63.83253 2.322
63.83660 2.744
63.84066 2.744
63.84473 2.509
63.84880 2.462
63.85287 2.580
63.85694 2.439
63.86101 1.900
63.86508 2.627
63.86914 2.603
63.87321 2.205
63.87728 2.697
63.88135 2.462
63.88542 2.932
63.88949 2.439
63.89356 2.603
63.89762 2.650
63.90169 2.603
63.90576 2.134
63.90983 2.369
63.91390 2.298
63.91797 2.017
63.92203 2.533
63.92610 1.806
63.93017 2.181
63.93424 2.017
63.93831 2.627
63.94238 2.275
63.94645 2.885
63.95051 2.533
63.95458 2.392
63.95865 2.158
63.96272 2.369
63.96679 2.720
63.97086 2.533
63.97492 2.416
63.97899 2.392
63.98306 2.275
63.98713 2.720
63.99120 2.580
63.99527 2.111
63.99934 2.392
64.00340 2.509
64.00747 2.392
64.01154 2.767
64.01561 2.181
64.01968 2.556
64.02375 2.251
64.02782 2.627
64.03188 2.275
64.03595 2.017
64.04002 2.509
64.04409 2.134
64.04816 2.275
64.05223 2.627
64.05629 2.697
64.06036 2.861
64.06443 2.580
64.06850 2.674
64.07257 2.251
64.07664 2.322
64.08071 2.509
64.08477 2.509
64.08884 2.392
64.09291 2.462
64.09698 2.509
64.10105 2.369
64.10512 2.322
64.10919 2.228
64.11325 2.720
64.11732 2.744
64.12139 2.298
64.12546 2.345
64.12953 2.744
64.13360 2.158
64.13766 2.228
64.14173 2.017
64.14580 2.345
64.14987 2.158
64.15394 2.533
64.15801 2.017
64.16208 2.932
64.16614 2.275
64.17021 2.322
64.17428 2.439
64.17835 2.674
64.18242 2.509
64.18649 2.486
64.19055 2.462
64.19462 2.369
64.19869 2.486
64.20276 2.064
64.20683 2.392
64.21090 1.970
64.21497 2.275
64.21903 2.533
64.22310 2.064
64.22717 2.533
64.23124 2.369
64.23531 2.603
64.23938 2.275
64.24345 2.298
64.24751 2.767
64.25158 2.205
64.25565 2.416
64.25972 2.392
64.26379 2.064
64.26786 2.298
64.27192 2.275
64.27599 2.486
64.28006 2.838
64.28413 2.908
64.28820 2.134
64.29227 2.533
64.29634 2.744
64.30040 2.228
64.30447 2.603
64.30854 2.087
64.31261 2.158
64.31668 2.627
64.32075 2.486
64.32482 2.627
64.32888 2.322
64.33295 2.228
64.33702 2.205
64.34109 2.650
64.34516 2.697
64.34923 2.345
64.35329 2.158
64.35736 2.416
64.36143 2.462
64.36550 2.275
64.36957 2.111
64.37364 2.228
64.37771 2.275
64.38177 2.134
64.38584 2.345
64.38991 2.158
64.39398 2.158
64.39805 2.251
64.40212 2.322
64.40618 2.322
64.41025 1.735
64.41432 2.228
64.41839 2.345
64.42246 2.134
64.42653 2.298
64.43060 2.345
64.43466 2.134
64.43873 2.462
64.44280 2.580
64.44687 2.251
64.45094 2.416
64.45501 2.486
64.45908 2.181
64.46314 2.556
64.46721 2.392
64.47128 2.838
64.47535 2.345
64.47942 2.064
64.48349 2.392
64.48755 2.416
64.49162 1.993
64.49569 2.509
64.49976 2.158
64.50383 2.040
64.50790 2.251
64.51197 2.486
64.51603 2.580
64.52010 1.970
64.52417 2.298
64.52824 2.205
64.53231 2.134
64.53638 1.806
64.54045 2.111
64.54451 2.040
64.54858 2.345
64.55265 2.275
64.55672 2.603
64.56079 2.509
64.56486 2.040
64.56892 2.369
64.57299 2.064
64.57706 2.181
64.58113 1.993
64.58520 2.040
64.58927 2.908
64.59334 2.556
64.59740 2.392
64.60147 2.228
64.60554 2.369
64.60961 2.767
64.61368 2.087
64.61775 2.580
64.62181 2.298
64.62588 2.439
64.62995 2.181
64.63402 2.040
64.63809 2.416
64.64216 2.603
64.64623 2.298
64.65029 2.369
64.65436 2.533
64.65843 2.439
64.66250 2.275
64.66657 2.228
64.67064 2.392
64.67471 2.322
64.67877 2.251
64.68284 2.439
64.68691 2.087
64.69098 2.416
64.69505 2.134
64.69912 2.627
64.70318 2.040
64.70725 2.392
64.71132 2.017
64.71539 2.298
64.71946 2.158
64.72353 2.345
64.72760 2.181
64.73166 2.462
64.73573 2.486
64.73980 2.697
64.74387 2.181
64.74794 2.580
64.75201 2.838
64.75608 2.087
64.76014 2.298
64.76421 2.392
64.76828 2.369
64.77235 2.134
64.77642 2.533
64.78049 2.087
64.78455 2.345
64.78862 2.416
64.79269 2.251
64.79676 2.603
64.80083 2.838
64.80490 2.392
64.80897 2.369
64.81303 2.158
64.81710 2.416
64.82117 1.876
64.82524 2.439
64.82931 2.298
64.83338 2.205
64.83744 2.228
64.84151 2.439
64.84558 2.111
64.84965 1.993
64.85372 2.439
64.85779 2.275
64.86186 2.345
64.86592 2.580
64.86999 2.345
64.87406 2.134
64.87813 2.650
64.88220 2.017
64.88627 2.322
64.89034 2.439
64.89440 2.205
64.89847 2.064
64.90254 2.509
64.90661 2.205
64.91068 2.392
64.91475 2.416
64.91881 2.556
64.92288 2.111
64.92695 2.322
64.93102 2.251
64.93509 2.181
64.93916 2.486
64.94323 2.205
64.94729 2.509
64.95136 2.369
64.95543 1.900
64.95950 2.603
64.96357 2.650
64.96764 2.181
64.97170 2.017
64.97577 2.345
64.97984 1.993
64.98391 2.134
64.98798 2.416
64.99205 2.416
64.99612 2.134
65.00018 1.665
65.00425 2.533
65.00832 2.275
65.01239 2.580
65.01646 2.017
65.02053 2.533
65.02460 2.744
65.02866 2.298
65.03273 1.993
65.03680 2.603
65.04087 2.298
65.04494 2.064
65.04901 2.345
65.05307 2.509
65.05714 1.993
65.06121 2.017
65.06528 2.064
65.06935 2.486
65.07342 1.923
65.07749 2.298
65.08155 2.111
65.08562 2.111
65.08969 2.556
65.09376 2.111
65.09783 2.509
65.10190 2.533
65.10597 1.993
65.11003 2.275
65.11410 2.369
65.11817 2.369
65.12224 2.416
65.12631 2.462
65.13038 2.228
65.13444 2.228
65.13851 2.275
65.14258 1.923
65.14665 2.181
65.15072 2.111
65.15479 2.838
65.15886 2.603
65.16292 2.439
65.16699 1.970
65.17106 2.603
65.17513 1.900
65.17920 2.158
65.18327 2.251
65.18733 2.345
65.19140 2.251
65.19547 2.251
65.19954 2.181
65.20361 2.134
65.20768 2.322
65.21175 2.251
65.21581 2.064
65.21988 2.205
65.22395 1.993
65.22802 2.275
65.23209 2.369
65.23616 2.345
65.24023 2.627
65.24429 2.205
65.24836 2.040
65.25243 2.486
65.25650 2.439
65.26057 2.627
65.26464 2.462
65.26870 2.439
65.27277 2.462
65.27684 2.111
65.28091 1.829
65.28498 2.439
65.28905 2.650
65.29312 2.205
65.29718 2.486
65.30125 1.947
65.30532 2.322
65.30939 2.275
65.31346 2.251
65.31753 2.087
65.32160 2.416
65.32566 2.158
65.32973 1.970
65.33380 2.369
65.33787 2.134
65.34194 2.205
65.34601 2.462
65.35007 2.439
65.35414 2.251
65.35821 2.509
65.36228 2.205
65.36635 2.181
65.37042 1.923
65.37449 2.486
65.37855 2.298
65.38262 2.791
65.38669 2.462
65.39076 2.228
65.39483 2.462
65.39890 2.087
65.40296 1.876
65.40703 1.829
65.41110 2.462
65.41517 2.087
65.41924 2.040
65.42331 2.627
65.42738 2.345
65.43144 2.040
65.43551 2.111
65.43958 2.486
65.44365 2.064
65.44772 2.674
65.45179 2.627
65.45586 2.580
65.45992 2.181
65.46399 2.416
65.46806 2.392
65.47213 2.580
65.47620 2.275
65.48027 2.275
65.48433 2.556
65.48840 2.556
65.49247 2.205
65.49654 2.017
65.50061 1.993
65.50468 2.603
65.50875 2.345
65.51281 2.111
65.51688 2.439
65.52095 2.228
65.52502 2.603
65.52909 2.298
65.53316 2.181
65.53723 2.251
65.54129 2.720
65.54536 2.322
65.54943 2.251
65.55350 2.322
65.55757 2.486
65.56164 2.205
65.56570 2.111
65.56977 2.228
65.57384 2.134
65.57791 2.533
65.58198 2.275
65.58605 2.228
65.59012 2.345
65.59418 2.087
65.59825 2.462
65.60232 2.322
65.60639 2.298
65.61046 2.064
65.61453 1.900
65.61859 2.040
65.62266 2.908
65.62673 2.017
65.63080 1.853
65.63487 2.134
65.63894 2.345
65.64301 2.627
65.64707 2.134
65.65114 2.064
65.65521 2.205
65.65928 1.970
65.66335 2.228
65.66742 2.462
65.67149 2.439
65.67555 2.462
65.67962 2.767
65.68369 2.275
65.68776 2.298
65.69183 2.251
65.69590 2.439
65.69996 2.111
65.70403 2.017
65.70810 2.251
65.71217 2.556
65.71624 1.900
65.72031 2.181
65.72438 1.970
65.72844 2.509
65.73251 2.017
65.73658 1.923
65.74065 2.392
65.74472 2.486
65.74879 2.087
65.75285 2.556
65.75692 2.298
65.76099 2.181
65.76506 2.416
65.76913 2.744
65.77320 2.111
65.77727 2.509
65.78133 2.134
65.78540 1.947
65.78947 2.345
65.79354 2.392
65.79761 1.900
65.80168 1.970
65.80575 2.603
65.80981 2.322
65.81388 2.040
65.81795 1.947
65.82202 2.134
65.82609 2.369
65.83016 2.111
65.83422 2.556
65.83829 2.416
65.84236 1.900
65.84643 1.876
65.85050 2.134
65.85457 2.345
65.85864 2.181
65.86270 2.509
65.86677 2.181
65.87084 2.228
65.87491 2.462
65.87898 2.439
65.88305 2.369
65.88712 2.017
65.89118 2.275
65.89525 1.970
65.89932 2.838
65.90339 2.533
65.90746 2.439
65.91153 2.345
65.91559 2.345
65.91966 2.251
65.92373 2.087
65.92780 1.665
65.93187 2.275
65.93594 2.134
65.94001 2.322
65.94407 2.205
65.94814 2.181
65.95221 2.416
65.95628 2.369
65.96035 1.900
65.96442 2.251
65.96848 2.205
65.97255 2.392
65.97662 2.087
65.98069 2.298
65.98476 2.462
65.98883 2.275
65.99290 2.533
65.99696 2.087
66.00103 2.205
66.00510 2.720
66.00917 1.993
66.01324 2.674
66.01731 2.228
66.02138 2.087
66.02544 2.298
66.02951 2.275
66.03358 2.111
66.03765 2.064
66.04172 2.134
66.04579 2.111
66.04985 2.275
66.05392 1.947
66.05799 2.064
66.06206 2.275
66.06613 2.040
66.07020 2.111
66.07427 2.509
66.07833 2.322
66.08240 2.064
66.08647 2.369
66.09054 2.181
66.09461 1.829
66.09868 2.392
66.10275 2.228
66.10681 2.205
66.11088 2.603
66.11495 1.970
66.11902 2.205
66.12309 2.322
66.12716 2.345
66.13122 2.158
66.13529 2.205
66.13936 2.181
66.14343 2.298
66.14750 1.829
66.15157 2.181
66.15564 2.205
66.15970 1.853
66.16377 2.509
66.16784 1.923
66.17191 2.627
66.17598 1.900
66.18005 2.087
66.18411 2.181
66.18818 2.251
66.19225 2.087
66.19632 2.298
66.20039 2.251
66.20446 2.345
66.20853 2.158
66.21259 2.040
66.21666 2.087
66.22073 2.275
66.22480 2.134
66.22887 2.111
66.23294 2.017
66.23701 2.392
66.24107 2.228
66.24514 2.251
66.24921 2.228
66.25328 2.181
66.25735 2.087
66.26142 2.322
66.26548 2.322
66.26955 2.228
66.27362 2.462
66.27769 2.439
66.28176 2.345
66.28583 2.087
66.28990 2.674
66.29396 1.947
66.29803 2.228
66.30210 2.533
66.30617 2.462
66.31024 2.345
66.31431 2.017
66.31838 1.759
66.32244 2.251
66.32651 2.205
66.33058 2.462
66.33465 2.134
66.33872 1.970
66.34279 2.134
66.34685 1.923
66.35092 2.251
66.35499 2.486
66.35906 2.486
66.36313 1.947
66.36720 2.392
66.37127 1.993
66.37533 2.462
66.37940 2.322
66.38347 2.345
66.38754 2.275
66.39161 2.087
66.39568 2.275
66.39974 2.509
66.40381 2.533
66.40788 1.947
66.41195 2.650
66.41602 1.712
66.42009 2.040
66.42416 2.158
66.42822 2.509
66.43229 2.416
66.43636 2.017
66.44043 2.040
66.44450 2.181
66.44857 1.642
66.45264 2.205
66.45670 2.064
66.46077 2.228
66.46484 2.462
66.46891 2.158
66.47298 2.111
66.47705 1.970
66.48111 2.158
66.48518 2.298
66.48925 2.181
66.49332 2.158
66.49739 2.838
66.50146 2.064
66.50553 2.158
66.50959 2.064
66.51366 2.087
66.51773 2.040
66.52180 2.205
66.52587 1.900
66.52994 2.205
66.53400 2.392
66.53807 2.040
66.54214 2.134
66.54621 2.627
66.55028 2.392
66.55435 1.993
66.55842 1.876
66.56248 2.439
66.56655 2.181
66.57062 1.947
66.57469 2.181
66.57876 2.111
66.58283 2.251
66.58690 2.017
66.59096 1.993
66.59503 2.580
66.59910 2.205
66.60317 2.392
66.60724 1.970
66.61131 2.416
66.61537 2.369
66.61944 2.650
66.62351 2.416
66.62758 2.298
66.63165 1.923
66.63572 2.111
66.63979 2.509
66.64385 2.275
66.64792 2.298
66.65199 2.181
66.65606 2.345
66.66013 2.322
66.66420 2.462
66.66827 2.322
66.67233 2.533
66.67640 2.392
66.68047 2.369
66.68454 2.369
66.68861 1.782
66.69268 2.275
66.69674 2.017
66.70081 2.298
66.70488 1.923
66.70895 2.298
66.71302 2.040
66.71709 2.416
66.72116 2.416
66.72522 2.392
66.72929 2.017
66.73336 2.111
66.73743 2.275
66.74150 2.181
66.74557 2.134
66.74963 2.205
66.75370 2.345
66.75777 2.509
66.76184 1.829
66.76591 2.251
66.76998 1.665
66.77405 2.040
66.77811 2.158
66.78218 1.970
66.78625 2.509
66.79032 2.462
66.79439 2.275
66.79846 2.392
66.80253 2.205
66.80659 2.228
66.81066 2.158
66.81473 2.064
66.81880 2.322
66.82287 2.134
66.82694 2.674
66.83100 1.970
66.83507 2.111
66.83914 2.181
66.84321 2.509
66.84728 2.040
66.85135 2.322
66.85542 1.947
66.85948 2.040
66.86355 2.134
66.86762 2.040
66.87169 1.947
66.87576 1.923
66.87983 2.251
66.88390 2.416
66.88796 2.345
66.89203 2.392
66.89610 2.111
66.90017 2.064
66.90424 1.993
66.90831 2.462
66.91237 2.322
66.91644 2.462
66.92051 2.111
66.92458 2.251
66.92865 1.993
66.93272 2.158
66.93679 2.392
66.94085 1.947
66.94492 2.298
66.94899 2.322
66.95306 1.993
66.95713 2.486
66.96120 1.970
66.96526 1.993
66.96933 1.853
66.97340 2.251
66.97747 2.158
66.98154 2.158
66.98561 1.900
66.98968 2.369
66.99374 2.720
66.99781 1.947
67.00188 1.993
67.00595 2.322
67.01002 1.970
67.01409 2.486
67.01816 1.806
67.02222 2.134
67.02629 2.111
67.03036 2.228
67.03443 1.900
67.03850 2.064
67.04257 2.251
67.04663 2.462
67.05070 2.158
67.05477 2.251
67.05884 1.947
67.06291 2.181
67.06698 1.923
67.07105 1.900
67.07511 2.064
67.07918 2.017
67.08325 2.181
67.08732 1.782
67.09139 2.251
67.09546 2.462
67.09953 2.181
67.10359 1.782
67.10766 2.322
67.11173 2.158
67.11580 2.462
67.11987 2.087
67.12394 1.947
67.12800 2.275
67.13207 2.017
67.13614 1.806
67.14021 2.064
67.14428 2.134
67.14835 2.322
67.15242 2.298
67.15648 2.228
67.16055 2.205
67.16462 2.064
67.16869 2.345
67.17276 1.689
67.17683 2.275
67.18089 2.040
67.18496 2.580
67.18903 2.087
67.19310 2.111
67.19717 2.064
67.20124 2.228
67.20531 2.275
67.20937 2.345
67.21344 2.439
67.21751 2.298
67.22158 2.345
67.22565 2.580
67.22972 2.322
67.23379 1.900
67.23785 1.689
67.24192 1.735
67.24599 2.040
67.25006 2.064
67.25413 2.556
67.25820 2.228
67.26226 1.900
67.26633 2.064
67.27040 2.251
67.27447 2.087
67.27854 1.876
67.28261 2.275
67.28668 2.158
67.29074 2.017
67.29481 2.416
67.29888 2.275
67.30295 2.416
67.30702 2.392
67.31109 2.111
67.31515 2.134
67.31922 2.345
67.32329 2.486
67.32736 1.993
67.33143 2.228
67.33550 2.392
67.33957 2.158
67.34363 2.345
67.34770 2.345
67.35177 2.205
67.35584 2.040
67.35991 2.392
67.36398 2.064
67.36805 2.228
67.37211 2.017
67.37618 2.744
67.38025 2.087
67.38432 2.251
67.38839 2.111
67.39246 2.158
67.39652 2.087
67.40059 2.158
67.40466 1.900
67.40873 2.205
67.41280 1.970
67.41687 2.205
67.42094 2.205
67.42500 2.392
67.42907 2.767
67.43314 2.134
67.43721 2.087
67.44128 1.993
67.44535 2.369
67.44942 2.486
67.45348 2.322
67.45755 2.322
67.46162 2.486
67.46569 2.462
67.46976 2.369
67.47383 1.970
67.47789 2.228
67.48196 2.251
67.48603 2.205
67.49010 2.345
67.49417 2.369
67.49824 1.970
67.50231 1.970
67.50637 2.509
67.51044 2.509
67.51451 2.275
67.51858 1.853
67.52265 2.228
67.52672 2.181
67.53078 2.087
67.53485 1.993
67.53892 1.970
67.54299 1.970
67.54706 2.462
67.55113 2.228
67.55520 2.158
67.55926 2.650
67.56333 2.322
67.56740 2.580
67.57147 1.970
67.57554 2.439
67.57961 2.462
67.58368 2.017
67.58774 2.111
67.59181 2.111
67.59588 2.158
67.59995 2.720
67.60402 2.462
67.60809 1.947
67.61215 2.205
67.61622 2.345
67.62029 2.205
67.62436 2.369
67.62843 2.416
67.63250 1.782
67.63657 1.853
67.64063 1.993
67.64470 2.439
67.64877 2.158
67.65284 2.462
67.65691 2.814
67.66098 2.275
67.66505 2.509
67.66911 1.923
67.67318 2.087
67.67725 2.322
67.68132 2.087
67.68539 2.322
67.68946 1.947
67.69352 2.158
67.69759 2.228
67.70166 2.556
67.70573 2.181
67.70980 2.181
67.71387 2.275
67.71794 2.251
67.72200 1.993
67.72607 2.205
67.73014 2.392
67.73421 2.720
67.73828 1.970
67.74235 2.275
67.74641 2.322
67.75048 1.876
67.75455 2.017
67.75862 2.369
67.76269 1.947
67.76676 2.111
67.77083 2.251
67.77489 2.392
67.77896 2.017
67.78303 1.947
67.78710 2.251
67.79117 2.369
67.79524 2.158
67.79931 2.674
67.80337 2.298
67.80744 2.369
67.81151 2.181
67.81558 2.134
67.81965 2.416
67.82372 2.533
67.82778 1.947
67.83185 2.298
67.83592 1.876
67.83999 2.650
67.84406 2.134
67.84813 2.251
67.85220 2.205
67.85626 2.275
67.86033 1.993
67.86440 2.416
67.86847 1.923
67.87254 2.345
67.87661 2.369
67.88068 2.275
67.88474 1.970
67.88881 2.509
67.89288 2.251
67.89695 2.392
67.90102 2.322
67.90509 2.111
67.90915 2.087
67.91322 2.134
67.91729 2.158
67.92136 2.416
67.92543 2.322
67.92950 1.806
67.93357 2.205
67.93763 2.158
67.94170 2.392
67.94577 2.439
67.94984 1.806
67.95391 2.111
67.95798 2.345
67.96204 2.603
67.96611 1.993
67.97018 2.439
67.97425 2.064
67.97832 2.111
67.98239 1.993
67.98646 1.876
67.99052 1.947
67.99459 2.158
67.99866 2.509
68.00273 2.087
68.00680 2.251
68.01087 2.439
68.01494 2.181
68.01900 1.947
68.02307 2.134
68.02714 2.345
68.03121 1.876
68.03528 2.392
68.03935 2.181
68.04341 2.134
68.04748 2.228
68.05155 2.228
68.05562 2.064
68.05969 1.947
68.06376 2.298
68.06783 2.509
68.07189 2.275
68.07596 2.158
68.08003 2.369
68.08410 1.993
68.08817 2.158
68.09224 2.345
68.09631 2.064
68.10037 2.158
68.10444 1.947
68.10851 2.228
68.11258 1.900
68.11665 2.158
68.12072 2.392
68.12478 2.181
68.12885 1.947
68.13292 2.064
68.13699 2.439
68.14106 2.111
68.14513 2.392
68.14920 1.853
68.15326 1.947
68.15733 2.111
68.16140 2.064
68.16547 2.345
68.16954 2.017
68.17361 2.439
68.17767 2.251
68.18174 1.759
68.18581 2.040
68.18988 2.322
68.19395 2.275
68.19802 2.017
68.20209 2.533
68.20615 2.345
68.21022 2.228
68.21429 2.205
68.21836 1.970
68.22243 2.017
68.22650 2.298
68.23057 2.439
68.23463 2.251
68.23870 2.181
68.24277 2.486
68.24684 2.087
68.25091 2.345
68.25498 2.111
68.25904 1.993
68.26311 2.251
68.26718 2.228
68.27125 1.876
68.27532 2.345
68.27939 1.947
68.28346 2.134
68.28752 2.228
68.29159 2.087
68.29566 2.416
68.29973 1.782
68.30380 2.533
68.30787 2.462
68.31193 2.181
68.31600 1.735
68.32007 2.509
68.32414 2.416
68.32821 1.900
68.33228 2.509
68.33635 2.181
68.34041 1.947
68.34448 2.533
68.34855 2.064
68.35262 2.017
68.35669 2.228
68.36076 2.205
68.36483 2.087
68.36889 1.689
68.37296 2.369
68.37703 2.087
68.38110 1.829
68.38517 2.369
68.38924 2.040
68.39330 1.876
68.39737 2.439
68.40144 1.970
68.40551 2.345
68.40958 2.205
68.41365 2.017
68.41772 2.017
68.42178 2.205
68.42585 1.876
68.42992 2.322
68.43399 2.134
68.43806 2.158
68.44213 2.228
68.44620 2.134
68.45026 2.439
68.45433 2.509
68.45840 2.533
68.46247 2.017
68.46654 1.853
68.47061 2.017
68.47467 2.111
68.47874 2.580
68.48281 2.064
68.48688 2.322
68.49095 2.439
68.49502 2.158
68.49909 1.947
68.50315 2.181
68.50722 2.181
68.51129 1.876
68.51536 2.251
68.51943 2.345
68.52350 2.134
68.52756 2.533
68.53163 2.345
68.53570 2.439
68.53977 2.556
68.54384 2.509
68.54791 1.970
68.55198 2.509
68.55604 2.345
68.56011 2.674
68.56418 2.111
68.56825 2.345
68.57232 2.814
68.57639 2.251
68.58046 2.087
68.58452 2.345
68.58859 2.298
68.59266 2.369
68.59673 2.205
68.60080 2.556
68.60487 2.674
68.60893 2.322
68.61300 2.462
68.61707 2.322
68.62114 2.087
68.62521 2.416
68.62928 2.322
68.63335 2.908
68.63741 2.064
68.64148 2.369
68.64555 2.674
68.64962 2.322
68.65369 2.486
68.65776 2.158
68.66183 2.134
68.66589 2.767
68.66996 2.439
68.67403 2.369
68.67810 2.814
68.68217 2.392
68.68624 2.838
68.69030 2.064
68.69437 2.533
68.69844 2.533
68.70251 2.533
68.70658 2.369
68.71065 2.181
68.71472 2.369
68.71878 2.416
68.72285 2.251
68.72692 2.369
68.73099 2.416
68.73506 2.533
68.73913 2.767
68.74319 2.322
68.74726 2.462
68.75133 1.876
68.75540 2.462
68.75947 2.720
68.76354 2.439
68.76761 2.650
68.77167 2.720
68.77574 2.509
68.77981 2.791
68.78388 2.228
68.78795 2.908
68.79202 2.720
68.79609 2.791
68.80015 2.955
68.80422 2.767
68.80829 2.838
68.81236 2.697
68.81643 2.603
68.82050 2.767
68.82456 3.307
68.82863 2.697
68.83270 2.462
68.83677 2.603
68.84084 2.650
68.84491 2.416
68.84898 2.674
68.85304 2.767
68.85711 2.767
68.86118 2.251
68.86525 2.533
68.86932 2.603
68.87339 2.345
68.87746 2.791
68.88152 3.002
68.88559 2.978
68.88966 2.767
68.89373 2.462
68.89780 2.955
68.90187 3.049
68.90593 2.650
68.91000 3.096
68.91407 3.025
68.91814 3.072
68.92221 2.861
68.92628 3.002
68.93035 3.049
68.93441 2.955
68.93848 2.955
68.94255 2.932
68.94662 2.720
68.95069 2.838
68.95476 3.166
68.95882 2.861
68.96289 2.885
68.96696 2.556
68.97103 3.447
68.97510 2.580
68.97917 2.650
68.98324 2.486
68.98730 3.143
68.99137 3.283
68.99544 2.838
68.99951 3.424
69.00358 3.213
69.00765 2.932
69.01172 2.627
69.01578 2.767
69.01985 2.674
69.02392 2.650
69.02799 3.002
69.03206 3.189
69.03613 3.330
69.04019 2.908
69.04426 3.002
69.04833 3.143
69.05240 3.518
69.05647 2.744
69.06054 3.119
69.06461 3.166
69.06867 2.978
69.07274 3.143
69.07681 2.885
69.08088 3.002
69.08495 2.838
69.08902 3.002
69.09308 2.861
69.09715 3.072
69.10122 2.791
69.10529 3.049
69.10936 3.166
69.11343 3.119
69.11750 2.838
69.12156 3.471
69.12563 2.908
69.12970 2.885
69.13377 3.236
69.13784 3.189
69.14191 2.814
69.14598 3.307
69.15004 3.002
69.15411 3.143
69.15818 3.189
69.16225 3.119
69.16632 3.330
69.17039 3.143
69.17445 3.541
69.17852 2.978
69.18259 2.791
69.18666 3.189
69.19073 3.612
69.19480 3.354
69.19887 3.236
69.20293 3.002
69.20700 2.744
69.21107 3.049
69.21514 3.166
69.21921 2.861
69.22328 3.377
69.22735 3.049
69.23141 2.955
69.23548 3.166
69.23955 3.401
69.24362 2.908
69.24769 2.720
69.25176 2.697
69.25582 3.096
69.25989 2.838
69.26396 3.236
69.26803 2.533
69.27210 3.447
69.27617 2.838
69.28024 3.049
69.28430 3.307
69.28837 3.072
69.29244 3.401
69.29651 3.072
69.30058 2.978
69.30465 2.697
69.30871 2.767
69.31278 2.697
69.31685 2.814
69.32092 2.838
69.32499 3.143
69.32906 2.509
69.33313 2.556
69.33719 2.650
69.34126 3.354
69.34533 3.049
69.34940 2.885
69.35347 2.978
69.35754 2.744
69.36161 2.674
69.36567 2.955
69.36974 2.697
69.37381 2.978
69.37788 3.307
69.38195 3.025
69.38602 3.002
69.39008 3.143
69.39415 2.885
69.39822 2.838
69.40229 2.509
69.40636 2.838
69.41043 2.674
69.41450 2.885
69.41856 2.720
69.42263 3.049
69.42670 2.556
69.43077 2.932
69.43484 3.166
69.43891 2.838
69.44298 2.744
69.44704 2.791
69.45111 2.462
69.45518 2.814
69.45925 2.416
69.46332 2.134
69.46739 2.674
69.47145 2.697
69.47552 2.697
69.47959 2.791
69.48366 2.416
69.48773 2.955
69.49180 2.791
69.49587 2.861
69.49993 2.533
69.50400 2.509
69.50807 2.650
69.51214 2.697
69.51621 2.885
69.52028 2.556
69.52434 2.791
69.52841 2.392
69.53248 2.275
69.53655 2.533
69.54062 2.439
69.54469 2.720
69.54876 2.533
69.55282 2.462
69.55689 2.556
69.56096 2.486
69.56503 2.322
69.56910 2.439
69.57317 2.533
69.57724 2.298
69.58130 2.533
69.58537 2.697
69.58944 2.181
69.59351 2.486
69.59758 2.462
69.60165 2.181
69.60571 2.275
69.60978 2.556
69.61385 2.533
69.61792 2.674
69.62199 2.791
69.62606 2.627
69.63013 2.674
69.63419 2.228
69.63826 2.322
69.64233 2.533
69.64640 2.861
69.65047 2.603
69.65454 2.298
69.65861 2.134
69.66267 2.885
69.66674 2.017
69.67081 2.439
69.67488 2.040
69.67895 2.275
69.68302 2.392
69.68708 2.627
69.69115 2.345
69.69522 2.509
69.69929 2.556
69.70336 2.181
69.70743 2.627
69.71150 2.767
69.71556 2.369
69.71963 2.861
69.72370 2.650
69.72777 2.158
69.73184 2.486
69.73591 2.486
69.73997 2.416
69.74404 2.087
69.74811 2.369
69.75218 2.205
69.75625 2.181
69.76032 2.462
69.76439 2.462
69.76845 2.298
69.77252 2.439
69.77659 2.275
69.78066 2.838
69.78473 3.072
69.78880 2.416
69.79287 2.462
69.79693 2.392
69.80100 2.040
69.80507 2.556
69.80914 2.345
69.81321 2.275
69.81728 2.416
69.82134 2.580
69.82541 2.416
69.82948 2.486
69.83355 2.603
69.83762 2.462
69.84169 2.697
69.84576 2.087
69.84982 2.509
69.85389 2.205
69.85796 2.298
69.86203 2.275
69.86610 2.697
69.87017 2.580
69.87423 2.251
69.87830 2.533
69.88237 2.697
69.88644 2.205
69.89051 2.111
69.89458 3.096
69.89865 2.111
69.90271 2.533
69.90678 2.720
69.91085 2.322
69.91492 2.744
69.91899 2.533
69.92306 2.251
69.92713 2.650
69.93119 2.275
69.93526 2.205
69.93933 2.205
69.94340 2.556
69.94747 2.439
69.95154 2.369
69.95560 2.017
69.95967 2.017
69.96374 2.134
69.96781 2.439
69.97188 2.674
69.97595 2.885
69.98002 2.298
69.98408 2.345
69.98815 2.298
69.99222 2.251
69.99629 2.251
70.00036 1.947
70.00443 2.509
70.00850 2.158
70.01256 2.158
70.01663 2.158
70.02070 2.251
70.02477 2.392
70.02884 2.603
70.03291 3.002
70.03697 2.017
70.04104 2.509
70.04511 2.509
70.04918 2.603
70.05325 2.650
70.05732 2.345
70.06139 1.923
70.06545 2.392
70.06952 2.814
70.07359 2.486
70.07766 2.650
70.08173 2.838
70.08580 2.509
70.08986 2.978
70.09393 2.416
70.09800 2.674
70.10207 2.767
70.10614 2.533
70.11021 2.486
70.11428 2.369
70.11834 2.416
70.12241 2.111
70.12648 2.158
70.13055 2.298
70.13462 2.462
70.13869 2.697
70.14276 2.369
70.14682 2.392
70.15089 2.462
70.15496 2.439
70.15903 2.509
70.16310 2.251
70.16717 2.345
70.17123 2.087
70.17530 2.369
70.17937 2.720
70.18344 2.509
70.18751 2.533
70.19158 2.533
70.19565 2.486
70.19971 2.486
70.20378 2.040
70.20785 2.486
70.21192 2.322
70.21599 1.735
70.22006 2.439
70.22413 2.556
70.22819 2.251
70.23226 2.017
70.23633 2.650
70.24040 2.439
70.24447 2.767
70.24854 2.439
70.25260 2.509
70.25667 2.322
70.26074 2.392
70.26481 2.486
70.26888 2.556
70.27295 2.205
70.27702 2.298
70.28108 2.369
70.28515 2.392
70.28922 2.087
70.29329 2.416
70.29736 2.298
70.30143 2.486
70.30549 1.947
70.30956 2.298
70.31363 2.697
70.31770 2.462
70.32177 2.369
70.32584 2.345
70.32991 2.205
70.33397 2.134
70.33804 2.462
70.34211 2.720
70.34618 2.134
70.35025 2.486
70.35432 2.205
70.35839 1.384
70.36245 2.345
70.36652 2.158
70.37059 2.345
70.37466 2.228
70.37873 2.205
70.38280 2.462
70.38686 2.416
70.39093 1.970
70.39500 1.759
70.39907 2.064
70.40314 2.298
70.40721 2.111
70.41128 2.556
70.41534 2.439
70.41941 2.017
70.42348 2.134
70.42755 2.392
70.43162 1.993
70.43569 1.970
70.43976 2.087
70.44382 2.181
70.44789 1.970
70.45196 2.134
70.45603 2.298
70.46010 1.970
70.46417 2.064
70.46823 1.970
70.47230 1.993
70.47637 2.416
70.48044 1.735
70.48451 1.759
70.48858 2.040
70.49265 1.923
70.49671 2.064
70.50078 2.087
70.50485 2.134
70.50892 2.087
70.51299 2.462
70.51706 2.416
70.52112 1.993
70.52519 1.759
70.52926 2.251
70.53333 2.017
70.53740 2.228
70.54147 1.712
70.54554 2.533
70.54960 1.829
70.55367 2.158
70.55774 2.205
70.56181 2.111
70.56588 2.134
70.56995 2.228
70.57402 2.040
70.57808 2.486
70.58215 2.064
70.58622 2.111
70.59029 1.806
70.59436 2.017
70.59843 1.806
70.60249 1.900
70.60656 2.181
70.61063 2.111
70.61470 2.392
70.61877 2.416
70.62284 2.416
70.62691 1.947
70.63097 1.970
70.63504 2.251
70.63911 1.970
70.64318 2.017
70.64725 2.111
70.65132 1.806
70.65539 2.275
70.65945 2.298
70.66352 2.369
70.66759 1.876
70.67166 1.829
70.67573 2.181
70.67980 2.205
70.68386 2.111
70.68793 1.970
70.69200 2.017
70.69607 2.111
70.70014 1.759
70.70421 1.712
70.70828 2.134
70.71234 1.829
70.71641 1.712
70.72048 1.993
70.72455 2.134
70.72862 1.900
70.73269 2.627
70.73675 2.181
70.74082 2.275
70.74489 2.017
70.74896 1.993
70.75303 2.064
70.75710 1.782
70.76117 1.923
70.76523 2.134
70.76930 1.642
70.77337 2.087
70.77744 2.134
70.78151 1.642
70.78558 1.993
70.78965 1.970
70.79371 2.205
70.79778 2.205
70.80185 2.416
70.80592 2.134
70.80999 1.806
70.81406 1.876
70.81812 2.134
70.82219 1.900
70.82626 1.806
70.83033 2.298
70.83440 2.345
70.83847 1.665
70.84254 2.416
70.84660 1.665
70.85067 2.580
70.85474 1.993
70.85881 2.369
70.86288 1.923
70.86695 1.735
70.87101 2.158
70.87508 1.829
70.87915 1.900
70.88322 2.134
70.88729 2.064
70.89136 2.181
70.89543 2.017
70.89949 2.158
70.90356 2.134
70.90763 1.947
70.91170 2.111
70.91577 2.040
70.91984 1.782
70.92391 1.853
70.92797 2.040
70.93204 2.251
70.93611 2.040
70.94018 2.650
70.94425 2.861
70.94832 2.087
70.95238 2.111
70.95645 2.087
70.96052 1.970
70.96459 2.134
70.96866 1.947
70.97273 2.158
70.97680 2.345
70.98086 2.040
70.98493 2.158
70.98900 1.853
70.99307 2.040
70.99714 1.947
71.00121 2.181
71.00528 1.759
71.00934 1.853
71.01341 2.064
71.01748 1.806
71.02155 2.064
71.02562 1.853
71.02969 1.970
71.03375 1.923
71.03782 2.040
71.04189 1.853
71.04596 1.876
71.05003 2.298
71.05410 2.158
71.05817 2.158
71.06223 2.158
71.06630 2.392
71.07037 2.228
71.07444 2.087
71.07851 1.900
71.08258 1.735
71.08664 2.017
71.09071 2.392
71.09478 1.735
71.09885 2.040
71.10292 1.970
71.10699 2.064
71.11106 2.181
71.11512 1.689
71.11919 1.571
71.12326 2.111
71.12733 1.853
71.13140 1.876
71.13547 2.040
71.13954 1.712
71.14360 1.970
71.14767 2.228
71.15174 2.322
71.15581 1.900
71.15988 1.900
71.16395 1.993
71.16801 2.017
71.17208 2.205
71.17615 1.923
71.18022 1.993
71.18429 1.970
71.18836 1.947
71.19243 1.970
71.19649 2.298
71.20056 2.298
71.20463 2.158
71.20870 1.947
71.21277 2.439
71.21684 2.228
71.22091 1.900
71.22497 2.181
71.22904 2.416
71.23311 1.829
71.23718 1.712
71.24125 2.205
71.24532 2.251
71.24938 1.970
71.25345 2.064
71.25752 1.970
71.26159 2.017
71.26566 1.853
71.26973 2.228
71.27380 2.017
71.27786 1.759
71.28193 1.853
71.28600 2.111
71.29007 1.806
71.29414 1.900
71.29821 1.923
71.30227 1.829
71.30634 1.712
71.31041 1.876
71.31448 1.571
71.31855 1.923
71.32262 1.947
71.32669 2.322
71.33075 2.064
71.33482 1.923
71.33889 1.853
71.34296 1.829
71.34703 2.369
71.35110 2.111
71.35517 1.829
71.35923 2.228
71.36330 2.134
71.36737 1.548
71.37144 2.017
71.37551 1.759
71.37958 2.158
71.38364 2.181
71.38771 1.806
71.39178 2.064
71.39585 2.040
71.39992 1.735
71.40399 2.134
71.40806 1.829
71.41212 2.111
71.41619 2.158
71.42026 2.251
71.42433 1.829
71.42840 2.205
71.43247 1.829
71.43654 1.689
71.44060 2.298
71.44467 1.923
71.44874 2.134
71.45281 1.993
71.45688 1.642
71.46095 2.322
71.46501 1.900
71.46908 1.923
71.47315 1.853
71.47722 1.782
71.48129 2.017
71.48536 1.970
71.48943 2.462
71.49349 2.111
71.49756 2.251
71.50163 2.017
71.50570 1.689
71.50977 1.806
71.51384 1.993
71.51790 2.111
71.52197 1.829
71.52604 1.993
71.53011 1.829
71.53418 2.040
71.53825 2.040
71.54232 2.111
71.54638 1.993
71.55045 2.158
71.55452 2.087
71.55859 2.087
71.56266 2.298
71.56673 1.782
71.57080 1.947
71.57486 2.251
71.57893 2.111
71.58300 2.087
71.58707 2.205
71.59114 1.970
71.59521 2.181
71.59927 1.853
71.60334 1.853
71.60741 1.806
71.61148 1.689
71.61555 2.134
71.61962 2.228
71.62369 1.829
71.62775 1.853
71.63182 1.993
71.63589 2.369
71.63996 1.876
71.64403 2.181
71.64810 1.759
71.65216 2.181
71.65623 2.064
71.66030 1.571
71.66437 2.627
71.66844 2.275
71.67251 1.900
71.67658 1.759
71.68064 1.853
71.68471 2.298
71.68878 2.251
71.69285 2.322
71.69692 1.947
71.70099 2.228
71.70506 1.829
71.70912 1.923
71.71319 2.040
71.71726 1.900
71.72133 2.017
71.72540 2.275
71.72947 1.477
71.73353 2.275
71.73760 2.134
71.74167 1.829
71.74574 1.548
71.74981 2.158
71.75388 1.876
71.75795 1.689
71.76201 1.876
71.76608 2.580
71.77015 2.064
71.77422 1.923
71.77829 1.665
71.78236 1.993
71.78643 1.806
71.79049 1.947
71.79456 1.759
71.79863 2.017
71.80270 1.947
71.80677 1.806
71.81084 2.087
71.81490 1.970
71.81897 1.853
71.82304 1.947
71.82711 2.040
71.83118 2.087
71.83525 1.970
71.83932 2.251
71.84338 1.759
71.84745 2.345
71.85152 1.900
71.85559 2.111
71.85966 2.416
71.86373 2.087
71.86779 1.876
71.87186 1.829
71.87593 2.228
71.88000 1.782
71.88407 1.735
71.88814 1.876
71.89221 2.040
71.89627 2.345
71.90034 1.970
71.90441 1.970
71.90848 1.782
71.91255 1.947
71.91662 2.040
71.92069 2.509
71.92475 1.876
71.92882 2.392
71.93289 2.134
71.93696 2.251
71.94103 1.829
71.94510 2.275
71.94916 2.040
71.95323 1.759
71.95730 2.064
71.96137 1.689
71.96544 1.806
71.96951 2.181
71.97358 2.181
71.97764 2.205
71.98171 2.251
71.98578 2.040
71.98985 2.392
71.99392 1.947
71.99799 1.947
72.00206 2.040
72.00612 2.017
72.01019 1.712
72.01426 1.900
72.01833 2.392
72.02240 2.017
72.02647 1.782
72.03053 2.205
72.03460 2.064
72.03867 1.689
72.04274 1.900
72.04681 1.923
72.05088 1.712
72.05495 1.735
72.05901 1.829
72.06308 1.642
72.06715 2.040
72.07122 1.735
72.07529 1.970
72.07936 2.087
72.08342 1.876
72.08749 1.947
72.09156 1.900
72.09563 2.134
72.09970 1.900
72.10377 2.087
72.10784 2.040
72.11190 1.712
72.11597 1.993
72.12004 2.205
72.12411 2.486
72.12818 1.571
72.13225 2.228
72.13632 1.923
72.14038 2.087
72.14445 1.829
72.14852 1.806
72.15259 2.251
72.15666 1.923
72.16073 2.111
72.16479 1.947
72.16886 1.947
72.17293 1.993
72.17700 2.228
72.18107 1.806
72.18514 1.876
72.18921 1.923
72.19327 1.829
72.19734 1.923
72.20141 1.970
72.20548 1.923
72.20955 1.548
72.21362 1.970
72.21769 1.759
72.22175 1.712
72.22582 2.345
72.22989 1.923
72.23396 1.806
72.23803 1.853
72.24210 2.181
72.24616 2.017
72.25023 1.970
72.25430 2.064
72.25837 1.876
72.26244 2.111
72.26651 1.923
72.27058 1.923
72.27464 2.087
72.27871 2.838
72.28278 1.970
72.28685 2.017
72.29092 1.900
72.29499 1.900
72.29905 1.970
72.30312 1.407
72.30719 1.806
72.31126 1.642
72.31533 2.462
72.31940 1.876
72.32347 1.876
72.32753 2.181
72.33160 2.134
72.33567 1.993
72.33974 2.251
72.34381 2.298
72.34788 2.345
72.35195 1.923
72.35601 2.064
72.36008 1.806
72.36415 2.298
72.36822 1.735
72.37229 1.923
72.37636 2.158
72.38042 1.665
72.38449 1.853
72.38856 1.829
72.39263 2.064
72.39670 1.665
72.40077 2.134
72.40484 2.533
72.40890 1.970
72.41297 1.524
72.41704 2.228
72.42111 2.064
72.42518 1.923
72.42925 1.947
72.43331 1.970
72.43738 1.876
72.44145 1.689
72.44552 1.993
72.44959 2.251
72.45366 2.064
72.45773 2.017
72.46179 1.642
72.46586 2.017
72.46993 1.993
72.47400 1.970
72.47807 2.275
72.48214 1.947
72.48621 1.829
72.49027 1.735
72.49434 2.087
72.49841 1.689
72.50248 1.642
72.50655 1.970
72.51062 2.158
72.51468 2.181
72.51875 2.040
72.52282 2.040
72.52689 2.064
72.53096 2.275
72.53503 1.524
72.53910 2.275
72.54316 2.087
72.54723 2.275
72.55130 2.017
72.55537 2.181
72.55944 2.040
72.56351 1.970
72.56758 2.205
72.57164 2.064
72.57571 2.040
72.57978 2.134
72.58385 1.970
72.58792 2.064
72.59199 1.712
72.59605 1.829
72.60012 2.134
72.60419 1.900
72.60826 1.923
72.61233 1.970
72.61640 1.993
72.62047 2.181
72.62453 1.712
72.62860 2.017
72.63267 2.345
72.63674 1.900
72.64081 1.782
72.64488 1.900
72.64894 2.439
72.65301 1.923
72.65708 2.392
72.66115 2.486
72.66522 1.947
72.66929 1.735
72.67336 1.993
72.67742 2.205
72.68149 1.806
72.68556 2.040
72.68963 1.900
72.69370 2.158
72.69777 2.040
72.70184 1.970
72.70590 1.782
72.70997 1.923
72.71404 2.369
72.71811 1.900
72.72218 1.853
72.72625 1.759
72.73031 2.064
72.73438 2.345
72.73845 2.087
72.74252 1.665
72.74659 1.735
72.75066 2.064
72.75473 1.829
72.75879 1.853
72.76286 1.853
72.76693 1.993
72.77100 1.947
72.77507 1.900
72.77914 1.947
72.78321 1.595
72.78727 1.923
72.79134 1.900
72.79541 1.853
72.79948 1.947
72.80355 1.759
72.80762 2.251
72.81168 1.970
72.81575 1.735
72.81982 1.829
72.82389 2.064
72.82796 1.970
72.83203 2.087
72.83610 1.900
72.84016 1.853
72.84423 1.501
72.84830 2.087
72.85237 2.275
72.85644 1.689
72.86051 1.806
72.86457 1.689
72.86864 1.524
72.87271 1.853
72.87678 1.947
72.88085 2.181
72.88492 1.853
72.88899 1.524
72.89305 1.782
72.89712 1.900
72.90119 1.970
72.90526 1.993
72.90933 1.806
72.91340 1.806
72.91747 1.595
72.92153 1.735
72.92560 2.158
72.92967 2.111
72.93374 1.759
72.93781 2.017
72.94188 1.900
72.94594 2.205
72.95001 1.712
72.95408 1.923
72.95815 1.970
72.96222 2.134
72.96629 2.228
72.97036 1.782
72.97442 2.345
72.97849 1.759
72.98256 2.416
72.98663 2.017
72.99070 2.111
72.99477 1.970
72.99884 2.158
73.00290 1.829
73.00697 2.181
73.01104 2.040
73.01511 1.829
73.01918 2.087
73.02325 1.970
73.02731 1.900
73.03138 1.900
73.03545 2.345
73.03952 1.759
73.04359 2.251
73.04766 1.970
73.05173 1.806
73.05579 1.993
73.05986 2.181
73.06393 1.923
73.06800 1.829
73.07207 1.970
73.07614 1.618
73.08020 1.923
73.08427 2.040
73.08834 1.806
73.09241 1.947
73.09648 1.735
73.10055 1.712
73.10462 1.595
73.10868 1.782
73.11275 1.782
73.11682 1.829
73.12089 1.477
73.12496 2.017
73.12903 1.782
73.13310 1.829
73.13716 1.853
73.14123 2.111
73.14530 2.017
73.14937 2.017
73.15344 1.947
73.15751 1.431
73.16157 1.993
73.16564 1.524
73.16971 2.205
73.17378 2.345
73.17785 1.970
73.18192 1.759
73.18599 2.158
73.19005 1.970
73.19412 1.829
73.19819 2.087
73.20226 2.322
73.20633 1.970
73.21040 1.665
73.21446 1.806
73.21853 1.970
73.22260 1.759
73.22667 1.360
73.23074 2.064
73.23481 1.970
73.23888 1.524
73.24294 1.993
73.24701 1.337
73.25108 1.923
73.25515 2.205
73.25922 1.900
73.26329 2.134
73.26736 2.064
73.27142 2.298
73.27549 1.829
73.27956 1.876
73.28363 1.947
73.28770 1.477
73.29177 1.595
73.29583 1.689
73.29990 1.829
73.30397 1.806
73.30804 2.087
73.31211 2.158
73.31618 2.111
73.32025 2.064
73.32431 1.759
73.32838 2.087
73.33245 2.111
73.33652 2.040
73.34059 1.806
73.34466 1.266
73.34873 1.712
73.35279 2.040
73.35686 1.735
73.36093 1.853
73.36500 1.923
73.36907 1.970
73.37314 1.993
73.37720 2.627
73.38127 1.689
73.38534 1.876
73.38941 2.111
73.39348 1.923
73.39755 1.900
73.40162 1.829
73.40568 1.571
73.40975 2.017
73.41382 1.735
73.41789 2.064
73.42196 1.501
73.42603 1.782
73.43009 1.993
73.43416 1.806
73.43823 2.298
73.44230 1.782
73.44637 2.017
73.45044 1.689
73.45451 2.087
73.45857 1.806
73.46264 2.017
73.46671 1.829
73.47078 1.900
73.47485 2.017
73.47892 2.017
73.48299 1.993
73.48705 2.064
73.49112 2.158
73.49519 1.970
73.49926 1.595
73.50333 2.158
73.50740 2.111
73.51146 1.782
73.51553 2.087
73.51960 1.853
73.52367 1.829
73.52774 1.712
73.53181 2.181
73.53588 2.064
73.53994 2.322
73.54401 1.876
73.54808 2.134
73.55215 1.806
73.55622 1.853
73.56029 1.642
73.56436 1.829
73.56842 1.993
73.57249 1.689
73.57656 1.900
73.58063 1.548
73.58470 1.876
73.58877 2.017
73.59283 1.829
73.59690 1.947
73.60097 1.923
73.60504 1.735
73.60911 1.782
73.61318 1.900
73.61725 1.689
73.62131 1.665
73.62538 1.735
73.62945 1.900
73.63352 1.689
73.63759 2.205
73.64166 1.829
73.64572 1.876
73.64979 1.876
73.65386 2.064
73.65793 1.595
73.66200 1.524
73.66607 1.618
73.67014 1.735
73.67420 1.829
73.67827 1.712
73.68234 2.064
73.68641 2.064
73.69048 2.040
73.69455 1.947
73.69862 1.900
73.70268 2.040
73.70675 1.735
73.71082 1.923
73.71489 1.759
73.71896 2.251
73.72303 1.876
73.72709 2.064
73.73116 2.228
73.73523 1.735
73.73930 1.806
73.74337 1.806
73.74744 1.806
73.75151 1.876
73.75557 1.900
73.75964 1.524
73.76371 2.064
73.76778 2.392
73.77185 2.369
73.77592 1.970
73.77999 2.439
73.78405 1.876
73.78812 1.947
73.79219 1.571
73.79626 1.876
73.80033 2.017
73.80440 1.970
73.80846 1.735
73.81253 2.158
73.81660 1.618
73.82067 1.735
73.82474 2.040
73.82881 2.064
73.83288 2.134
73.83694 1.806
73.84101 1.735
73.84508 1.759
73.84915 1.454
73.85322 1.829
73.85729 2.040
73.86135 1.923
73.86542 1.923
73.86949 1.853
73.87356 1.876
73.87763 2.017
73.88170 2.017
73.88577 1.689
73.88983 1.829
73.89390 2.158
73.89797 1.712
73.90204 1.876
73.90611 1.759
73.91018 1.923
73.91425 1.642
73.91831 2.087
73.92238 1.993
73.92645 1.923
73.93052 1.689
73.93459 1.900
73.93866 1.900
73.94272 1.900
73.94679 1.853
73.95086 1.806
73.95493 2.087
73.95900 2.040
73.96307 1.806
73.96714 1.829
73.97120 2.040
73.97527 1.712
73.97934 1.993
73.98341 1.970
73.98748 1.642
73.99155 1.993
73.99562 1.642
73.99968 1.993
74.00375 1.782
74.00782 1.876
74.01189 2.251
74.01596 1.806
74.02003 1.947
74.02409 1.782
74.02816 1.876
74.03223 1.923
74.03630 2.111
74.04037 2.111
74.04444 1.853
74.04851 2.064
74.05257 2.017
74.05664 2.111
74.06071 1.900
74.06478 2.205
74.06885 2.439
74.07292 1.618
74.07698 1.947
74.08105 1.806
74.08512 1.571
74.08919 1.900
74.09326 1.735
74.09733 1.876
74.10140 1.876
74.10546 1.900
74.10953 1.853
74.11360 1.829
74.11767 2.017
74.12174 1.689
74.12581 1.970
74.12988 2.017
74.13394 1.993
74.13801 1.853
74.14208 2.017
74.14615 1.923
74.15022 2.275
74.15429 1.900
74.15835 1.947
74.16242 1.689
74.16649 1.806
74.17056 1.876
74.17463 1.876
74.17870 1.689
74.18277 1.712
74.18683 2.251
74.19090 1.923
74.19497 1.524
74.19904 2.158
74.20311 1.595
74.20718 2.134
74.21124 1.876
74.21531 1.829
74.21938 1.900
74.22345 1.853
74.22752 1.829
74.23159 2.228
74.23566 2.181
74.23972 2.017
74.24379 1.993
74.24786 1.993
74.25193 1.970
74.25600 1.431
74.26007 1.759
74.26414 2.134
74.26820 1.853
74.27227 1.923
74.27634 1.853
74.28041 1.876
74.28448 1.689
74.28855 1.618
74.29261 1.642
74.29668 1.876
74.30075 2.040
74.30482 2.017
74.30889 2.111
74.31296 1.876
74.31703 1.829
74.32109 1.595
74.32516 2.111
74.32923 1.712
74.33330 1.665
74.33737 2.087
74.34144 1.548
74.34551 1.853
74.34957 2.228
74.35364 1.782
74.35771 1.735
74.36178 1.993
74.36585 2.228
74.36992 1.947
74.37398 1.947
74.37805 1.853
74.38212 1.735
74.38619 1.759
74.39026 2.087
74.39433 2.040
74.39840 1.595
74.40246 1.642
74.40653 1.876
74.41060 1.735
74.41467 2.017
74.41874 1.853
74.42281 1.642
74.42687 1.876
74.43094 1.853
74.43501 1.829
74.43908 1.970
74.44315 1.735
74.44722 1.947
74.45129 2.087
74.45535 2.345
74.45942 1.947
74.46349 2.205
74.46756 1.642
74.47163 1.829
74.47570 1.970
74.47977 1.689
74.48383 2.087
74.48790 1.829
74.49197 1.735
74.49604 1.689
74.50011 1.618
74.50418 1.665
74.50824 1.735
74.51231 1.712
74.51638 1.571
74.52045 2.111
74.52452 1.947
74.52859 1.735
74.53266 2.228
74.53672 1.900
74.54079 1.712
74.54486 1.829
74.54893 1.876
74.55300 1.947
74.55707 1.900
74.56114 1.595
74.56520 1.618
74.56927 2.322
74.57334 2.158
74.57741 1.947
74.58148 1.712
74.58555 1.454
74.58961 2.322
74.59368 1.993
74.59775 1.618
74.60182 1.853
74.60589 1.759
74.60996 1.595
74.61403 1.501
74.61809 2.181
74.62216 1.923
74.62623 1.759
74.63030 1.993
74.63437 2.791
74.63844 1.829
74.64250 1.735
74.64657 1.923
74.65064 1.970
74.65471 2.017
74.65878 1.923
74.66285 1.806
74.66692 1.876
74.67098 2.017
74.67505 1.829
74.67912 1.759
74.68319 1.829
74.68726 1.853
74.69133 1.454
74.69540 1.876
74.69946 2.017
74.70353 1.993
74.70760 1.595
74.71167 1.595
74.71574 2.134
74.71981 2.017
74.72387 1.993
74.72794 2.017
74.73201 1.642
74.73608 1.876
74.74015 2.345
74.74422 1.829
74.74829 2.158
74.75235 1.853
74.75642 1.993
74.76049 1.829
74.76456 1.618
74.76863 1.782
74.77270 2.064
74.77677 2.087
74.78083 1.829
74.78490 1.665
74.78897 1.970
74.79304 2.087
74.79711 1.853
74.80118 2.158
74.80524 1.829
74.80931 1.970
74.81338 1.923
74.81745 1.759
74.82152 1.759
74.82559 2.040
74.82966 2.580
74.83372 1.759
74.83779 2.064
74.84186 1.876
74.84593 1.900
74.85000 1.642
74.85407 1.900
74.85813 1.782
74.86220 1.618
74.86627 1.829
74.87034 1.900
74.87441 2.040
74.87848 2.064
74.88255 1.689
74.88661 1.947
74.89068 2.134
74.89475 1.454
74.89882 1.853
74.90289 1.806
74.90696 1.665
74.91103 2.040
74.91509 1.993
74.91916 1.853
74.92323 2.134
74.92730 1.923
74.93137 1.853
74.93544 2.017
74.93950 2.205
74.94357 1.947
74.94764 1.900
74.95171 1.712
74.95578 1.947
74.95985 1.900
74.96392 1.947
74.96798 1.970
74.97205 1.970
74.97612 1.947
74.98019 1.923
74.98426 2.087
74.98833 1.947
74.99239 1.923
74.99646 1.618
75.00053 1.970
75.00460 1.853
75.00867 1.853
75.01274 1.993
75.01681 2.017
75.02087 1.759
75.02494 1.993
75.02901 1.853
75.03308 2.158
75.03715 1.970
75.04122 2.040
75.04529 2.345
75.04935 2.134
75.05342 1.618
75.05749 1.571
75.06156 1.900
75.06563 1.947
75.06970 1.900
75.07376 1.782
75.07783 1.782
75.08190 1.806
75.08597 2.134
75.09004 1.947
75.09411 2.158
75.09818 1.665
75.10224 1.759
75.10631 1.759
75.11038 2.111
75.11445 1.689
75.11852 1.501
75.12259 2.158
75.12666 2.181
75.13072 1.829
75.13479 1.900
75.13886 1.900
75.14293 1.829
75.14700 1.853
75.15107 1.618
75.15513 2.017
75.15920 1.806
75.16327 2.181
75.16734 1.618
75.17141 2.087
75.17548 1.689
75.17955 1.829
75.18361 1.782
75.18768 1.993
75.19175 1.876
75.19582 1.970
75.19989 1.853
75.20396 1.947
75.20802 2.181
75.21209 2.181
75.21616 1.970
75.22023 1.970
75.22430 1.900
75.22837 1.876
75.23244 1.923
75.23650 1.806
75.24057 1.759
75.24464 1.876
75.24871 1.689
75.25278 1.735
75.25685 1.853
75.26092 2.134
75.26498 2.345
75.26905 2.251
75.27312 2.064
75.27719 2.111
75.28126 1.759
75.28533 1.853
75.28939 2.040
75.29346 1.829
75.29753 1.642
75.30160 2.134
75.30567 1.665
75.30974 1.595
75.31381 1.853
75.31787 2.017
75.32194 2.040
75.32601 1.759
75.33008 1.993
75.33415 1.923
75.33822 1.806
75.34229 1.876
75.34635 2.017
75.35042 1.735
75.35449 2.251
75.35856 2.040
75.36263 1.876
75.36670 1.759
75.37076 1.759
75.37483 2.040
75.37890 2.205
75.38297 2.040
75.38704 1.993
75.39111 1.993
75.39518 1.384
75.39924 2.017
75.40331 2.158
75.40738 2.158
75.41145 2.228
75.41552 2.111
75.41959 1.712
75.42365 1.923
75.42772 1.829
75.43179 1.712
75.43586 2.017
75.43993 1.759
75.44400 2.064
75.44807 1.735
75.45213 2.040
75.45620 1.571
75.46027 2.111
75.46434 2.181
75.46841 1.782
75.47248 1.665
75.47655 2.040
75.48061 1.993
75.48468 2.064
75.48875 1.782
75.49282 1.993
75.49689 1.970
75.50096 1.735
75.50502 1.712
75.50909 1.735
75.51316 2.087
75.51723 2.087
75.52130 1.923
75.52537 2.181
75.52944 2.439
75.53350 1.829
75.53757 2.064
75.54164 2.017
75.54571 2.064
75.54978 2.064
75.55385 1.759
75.55792 2.134
75.56198 2.158
75.56605 1.876
75.57012 2.134
75.57419 1.876
75.57826 1.829
75.58233 1.923
75.58639 2.275
75.59046 1.712
75.59453 2.298
75.59860 2.017
75.60267 1.970
75.60674 2.017
75.61081 2.345
75.61487 2.298
75.61894 2.322
75.62301 2.298
75.62708 2.205
75.63115 2.064
75.63522 1.970
75.63928 2.064
75.64335 1.993
75.64742 1.970
75.65149 1.782
75.65556 2.228
75.65963 1.712
75.66370 1.876
75.66776 2.369
75.67183 2.158
75.67590 2.064
75.67997 2.322
75.68404 2.556
75.68811 2.322
75.69218 2.181
75.69624 2.603
75.70031 2.416
75.70438 2.205
75.70845 2.416
75.71252 2.158
75.71659 2.345
75.72065 2.556
75.72472 1.829
75.72879 2.205
75.73286 2.298
75.73693 2.228
75.74100 2.674
75.74507 2.580
75.74913 2.462
75.75320 2.650
75.75727 2.040
75.76134 2.533
75.76541 2.158
75.76948 2.228
75.77354 2.205
75.77761 2.134
75.78168 2.486
75.78575 2.298
75.78982 2.603
75.79389 2.205
75.79796 2.767
75.80202 2.509
75.80609 2.861
75.81016 2.298
75.81423 2.955
75.81830 2.791
75.82237 2.392
75.82644 2.580
75.83050 2.439
75.83457 2.978
75.83864 2.556
75.84271 2.720
75.84678 2.486
75.85085 2.674
75.85491 2.275
75.85898 2.228
75.86305 2.674
75.86712 2.791
75.87119 2.861
75.87526 2.838
75.87933 2.603
75.88339 2.744
75.88746 3.096
75.89153 2.885
75.89560 2.697
75.89967 2.580
75.90374 2.814
75.90781 2.885
75.91187 2.650
75.91594 2.275
75.92001 2.744
75.92408 2.720
75.92815 2.861
75.93222 2.791
75.93628 3.049
75.94035 2.603
75.94442 3.260
75.94849 2.908
75.95256 3.049
75.95663 3.330
75.96070 2.767
75.96476 2.838
75.96883 2.838
75.97290 3.260
75.97697 3.377
75.98104 3.025
75.98511 3.260
75.98917 3.424
75.99324 2.720
75.99731 3.870
76.00138 3.283
76.00545 3.119
76.00952 3.072
76.01359 3.354
76.01765 3.213
76.02172 3.447
76.02579 3.541
76.02986 3.494
76.03393 3.354
76.03800 3.705
76.04207 3.166
76.04613 3.260
76.05020 3.283
76.05427 3.283
76.05834 3.963
76.06241 3.541
76.06648 3.166
76.07054 3.471
76.07461 3.166
76.07868 3.870
76.08275 3.776
76.08682 3.541
76.09089 3.447
76.09496 3.471
76.09902 3.588
76.10309 3.096
76.10716 3.635
76.11123 3.682
76.11530 3.987
76.11937 3.588
76.12344 3.846
76.12750 3.541
76.13157 3.870
76.13564 3.752
76.13971 3.729
76.14378 3.401
76.14785 4.221
76.15191 3.565
76.15598 3.987
76.16005 3.752
76.16412 3.635
76.16819 3.565
76.17226 3.518
76.17633 4.034
76.18039 3.752
76.18446 3.893
76.18853 3.823
76.19260 3.893
76.19667 3.518
76.20074 3.752
76.20480 3.447
76.20887 4.339
76.21294 3.424
76.21701 4.198
76.22108 3.471
76.22515 3.823
76.22922 3.846
76.23328 3.541
76.23735 3.588
76.24142 4.151
76.24549 3.940
76.24956 3.940
76.25363 3.588
76.25770 4.198
76.26176 3.846
76.26583 3.799
76.26990 4.198
76.27397 3.518
76.27804 3.612
76.28211 4.620
76.28617 3.588
76.29024 4.198
76.29431 4.151
76.29838 4.292
76.30245 3.917
76.30652 3.823
76.31059 3.776
76.31465 3.612
76.31872 3.893
76.32279 3.940
76.32686 3.659
76.33093 3.823
76.33500 3.752
76.33907 4.151
76.34313 3.682
76.34720 3.612
76.35127 4.104
76.35534 3.917
76.35941 3.893
76.36348 3.893
76.36754 3.659
76.37161 4.104
76.37568 3.705
76.37975 4.268
76.38382 3.471
76.38789 3.846
76.39196 3.799
76.39602 3.940
76.40009 3.659
76.40416 3.401
76.40823 3.705
76.41230 4.034
76.41637 3.612
76.42043 3.401
76.42450 3.823
76.42857 3.612
76.43264 3.659
76.43671 3.917
76.44078 3.893
76.44485 3.635
76.44891 3.799
76.45298 3.213
76.45705 4.104
76.46112 3.917
76.46519 3.776
76.46926 3.635
76.47333 3.565
76.47739 3.612
76.48146 3.823
76.48553 3.588
76.48960 3.588
76.49367 3.283
76.49774 3.799
76.50180 3.823
76.50587 3.424
76.50994 3.494
76.51401 3.307
76.51808 3.143
76.52215 3.166
76.52622 3.447
76.53028 3.330
76.53435 3.635
76.53842 3.705
76.54249 2.955
76.54656 3.377
76.55063 3.072
76.55469 3.260
76.55876 3.189
76.56283 3.049
76.56690 3.307
76.57097 3.283
76.57504 3.705
76.57911 3.330
76.58317 3.260
76.58724 2.791
76.59131 2.932
76.59538 3.518
76.59945 3.471
76.60352 2.955
76.60759 3.424
76.61165 2.861
76.61572 2.814
76.61979 3.049
76.62386 2.932
76.62793 2.767
76.63200 2.932
76.63606 2.885
76.64013 3.166
76.64420 3.166
76.64827 2.838
76.65234 3.049
76.65641 2.978
76.66048 3.002
76.66454 2.720
76.66861 2.533
76.67268 2.744
76.67675 3.096
76.68082 2.791
76.68489 2.580
76.68896 2.720
76.69302 2.627
76.69709 2.345
76.70116 2.744
76.70523 2.556
76.70930 2.978
76.71337 2.580
76.71743 2.650
76.72150 2.861
76.72557 3.049
76.72964 3.283
76.73371 2.744
76.73778 2.556
76.74185 2.509
76.74591 2.603
76.74998 2.533
76.75405 2.509
76.75812 2.509
76.76219 2.416
76.76626 3.072
76.77032 2.322
76.77439 2.298
76.77846 2.674
76.78253 2.416
76.78660 2.509
76.79067 2.580
76.79474 2.697
76.79880 2.181
76.80287 2.345
76.80694 1.993
76.81101 2.650
76.81508 2.345
76.81915 2.345
76.82322 2.298
76.82728 2.298
76.83135 2.134
76.83542 2.369
76.83949 2.416
76.84356 2.158
76.84763 2.416
76.85169 2.486
76.85576 2.603
76.85983 2.462
76.86390 2.298
76.86797 2.416
76.87204 2.298
76.87611 2.111
76.88017 2.533
76.88424 2.205
76.88831 2.298
76.89238 2.322
76.89645 2.838
76.90052 2.064
76.90459 2.040
76.90865 2.251
76.91272 2.205
76.91679 2.275
76.92086 1.642
76.92493 2.205
76.92900 2.392
76.93306 2.251
76.93713 2.251
76.94120 2.509
76.94527 2.369
76.94934 2.369
76.95341 2.040
76.95748 2.134
76.96154 2.627
76.96561 2.205
76.96968 3.072
76.97375 2.064
76.97782 2.345
76.98189 2.486
76.98595 1.993
76.99002 2.228
76.99409 2.205
76.99816 2.205
77.00223 2.251
77.00630 2.040
77.01037 2.556
77.01443 2.744
77.01850 2.486
77.02257 2.392
77.02664 2.392
77.03071 2.439
77.03478 2.462
77.03885 2.369
77.04291 2.205
77.04698 2.298
77.05105 2.720
77.05512 2.205
77.05919 2.697
77.06326 2.322
77.06732 2.509
77.07139 2.181
77.07546 2.228
77.07953 2.345
77.08360 2.462
77.08767 2.181
77.09174 1.993
77.09580 2.416
77.09987 2.580
77.10394 2.228
77.10801 2.767
77.11208 2.134
77.11615 2.650
77.12022 2.158
77.12428 2.603
77.12835 2.416
77.13242 2.509
77.13649 2.275
77.14056 2.181
77.14463 2.322
77.14869 2.158
77.15276 2.416
77.15683 2.205
77.16090 2.861
77.16497 2.439
77.16904 2.158
77.17311 2.603
77.17717 2.720
77.18124 2.392
77.18531 2.509
77.18938 2.814
77.19345 2.627
77.19752 2.322
77.20158 2.509
77.20565 2.462
77.20972 2.369
77.21379 2.416
77.21786 2.439
77.22193 2.697
77.22600 2.298
77.23006 2.486
77.23413 2.017
77.23820 2.064
77.24227 2.040
77.24634 2.369
77.25041 2.392
77.25448 2.064
77.25854 2.017
77.26261 2.392
77.26668 2.767
77.27075 2.392
77.27482 2.533
77.27889 2.298
77.28295 2.275
77.28702 2.181
77.29109 2.838
77.29516 2.298
77.29923 2.345
77.30330 2.439
77.30737 2.838
77.31143 2.416
77.31550 2.205
77.31957 2.509
77.32364 2.134
77.32771 2.439
77.33178 2.885
77.33585 2.392
77.33991 2.580
77.34398 2.322
77.34805 2.603
77.35212 2.838
77.35619 2.158
77.36026 2.462
77.36432 2.978
77.36839 2.627
77.37246 2.932
77.37653 2.251
77.38060 2.462
77.38467 2.509
77.38874 2.791
77.39280 2.298
77.39687 2.720
77.40094 2.462
77.40501 2.791
77.40908 2.205
77.41315 2.017
77.41721 2.111
77.42128 2.251
77.42535 2.416
77.42942 2.509
77.43349 2.439
77.43756 2.298
77.44163 2.650
77.44569 2.251
77.44976 2.298
77.45383 2.064
77.45790 2.533
77.46197 2.838
77.46604 2.416
77.47011 2.486
77.47417 2.650
77.47824 2.251
77.48231 2.627
77.48638 2.462
77.49045 2.720
77.49452 2.017
77.49858 2.627
77.50265 1.993
77.50672 1.970
77.51079 2.462
77.51486 2.017
77.51893 2.345
77.52300 1.993
77.52706 2.181
77.53113 2.345
77.53520 2.322
77.53927 2.603
77.54334 2.416
77.54741 2.439
77.55147 2.181
77.55554 2.322
77.55961 2.205
77.56368 2.322
77.56775 1.970
77.57182 2.158
77.57589 2.064
77.57995 2.556
77.58402 2.111
77.58809 2.275
77.59216 1.947
77.59623 1.993
77.60030 2.205
77.60437 2.040
77.60843 2.064
77.61250 2.134
77.61657 2.251
77.62064 1.759
77.62471 1.618
77.62878 2.275
77.63284 2.392
77.63691 1.876
77.64098 1.947
77.64505 2.205
77.64912 1.900
77.65319 2.087
77.65726 2.627
77.66132 2.087
77.66539 2.040
77.66946 1.806
77.67353 1.618
77.67760 1.970
77.68167 2.580
77.68574 1.712
77.68980 1.876
77.69387 1.900
77.69794 1.806
77.70201 2.228
77.70608 2.087
77.71015 1.876
77.71421 1.970
77.71828 2.181
77.72235 2.111
77.72642 1.876
77.73049 2.228
77.73456 2.064
77.73863 1.689
77.74269 1.829
77.74676 2.087
77.75083 1.993
77.75490 2.111
77.75897 1.524
77.76304 1.947
77.76710 1.970
77.77117 1.970
77.77524 2.158
77.77931 1.970
77.78338 1.571
77.78745 1.735
77.79152 2.040
77.79558 1.923
77.79965 1.900
77.80372 2.134
77.80779 2.040
77.81186 1.947
77.81593 1.759
77.82000 1.923
77.82406 2.111
77.82813 2.134
77.83220 1.993
77.83627 1.806
77.84034 2.345
77.84441 2.158
77.84847 1.947
77.85254 2.158
77.85661 1.759
77.86068 1.900
77.86475 1.993
77.86882 2.134
77.87289 1.712
77.87695 1.993
77.88102 1.900
77.88509 2.251
77.88916 2.111
77.89323 1.524
77.89730 1.548
77.90137 1.947
77.90543 1.618
77.90950 1.853
77.91357 2.064
77.91764 2.134
77.92171 1.829
77.92578 1.735
77.92984 2.369
77.93391 1.806
77.93798 1.876
77.94205 1.900
77.94612 2.017
77.95019 1.477
77.95426 1.571
77.95832 1.947
77.96239 1.853
77.96646 1.806
77.97053 2.134
77.97460 1.806
77.97867 2.017
77.98273 1.970
77.98680 1.993
77.99087 3.096
77.99494 2.205
77.99901 1.782
78.00308 2.533
78.00715 1.853
78.01121 2.064
78.01528 2.087
78.01935 2.556
78.02342 1.876
78.02749 2.791
78.03156 2.158
78.03563 2.134
78.03969 2.439
78.04376 2.087
78.04783 2.462
78.05190 2.181
78.05597 1.947
78.06004 1.970
78.06410 1.900
78.06817 2.228
78.07224 2.251
78.07631 2.205
78.08038 2.181
78.08445 2.111
78.08852 1.970
78.09258 2.580
78.09665 2.181
78.10072 2.556
78.10479 2.111
78.10886 2.439
78.11293 1.900
78.11700 2.158
78.12106 2.486
78.12513 2.251
78.12920 2.298
78.13327 2.392
78.13734 2.603
78.14141 2.369
78.14547 2.158
78.14954 2.416
78.15361 2.416
78.15768 2.205
78.16175 2.674
78.16582 2.064
78.16989 2.392
78.17395 2.580
78.17802 2.181
78.18209 2.439
78.18616 2.205
78.19023 2.861
78.19430 2.392
78.19836 2.720
78.20243 2.416
78.20650 2.580
78.21057 2.650
78.21464 2.322
78.21871 2.275
78.22278 2.791
78.22684 2.298
78.23091 2.181
78.23498 2.627
78.23905 2.205
78.24312 2.650
78.24719 2.486
78.25126 2.416
78.25532 2.486
78.25939 2.932
78.26346 2.744
78.26753 2.674
78.27160 3.072
78.27567 2.392
78.27973 2.486
78.28380 2.674
78.28787 2.392
78.29194 2.744
78.29601 2.369
78.30008 2.932
78.30415 2.908
78.30821 2.462
78.31228 2.697
78.31635 2.674
78.32042 2.650
78.32449 2.533
78.32856 3.166
78.33262 2.838
78.33669 2.908
78.34076 2.580
78.34483 2.650
78.34890 2.932
78.35297 2.580
78.35704 3.143
78.36110 2.861
78.36517 3.072
78.36924 2.908
78.37331 3.002
78.37738 2.978
78.38145 3.096
78.38552 2.838
78.38958 2.791
78.39365 2.697
78.39772 2.462
78.40179 2.978
78.40586 2.908
78.40993 3.096
78.41399 2.603
78.41806 2.720
78.42213 3.260
78.42620 3.541
78.43027 3.002
78.43434 3.166
78.43841 2.744
78.44247 2.650
78.44654 2.978
78.45061 2.392
78.45468 3.143
78.45875 2.932
78.46282 2.978
78.46689 2.861
78.47095 2.744
78.47502 2.861
78.47909 2.861
78.48316 3.377
78.48723 2.791
78.49130 3.330
78.49536 3.166
78.49943 3.143
78.50350 3.377
78.50757 2.861
78.51164 3.307
78.51571 3.166
78.51978 3.143
78.52384 3.143
78.52791 3.213
78.53198 2.932
78.53605 2.908
78.54012 2.720
78.54419 2.556
78.54825 3.025
78.55232 2.533
78.55639 3.096
78.56046 2.861
78.56453 2.932
78.56860 2.885
78.57267 3.283
78.57673 3.119
78.58080 2.791
78.58487 3.096
78.58894 2.861
78.59301 2.767
78.59708 3.143
78.60115 2.838
78.60521 3.236
78.60928 3.002
78.61335 2.978
78.61742 3.494
78.62149 3.096
78.62556 3.025
78.62962 2.978
78.63369 3.025
78.63776 3.189
78.64183 3.143
78.64590 2.744
78.64997 2.814
78.65404 3.096
78.65810 2.861
78.66217 3.588
78.66624 2.462
78.67031 3.635
78.67438 3.002
78.67845 2.697
78.68252 2.838
78.68658 2.908
78.69065 2.908
78.69472 3.330
78.69879 2.720
78.70286 2.885
78.70693 3.213
78.71099 3.283
78.71506 3.096
78.71913 3.002
78.72320 2.791
78.72727 3.049
78.73134 3.447
78.73541 3.260
78.73947 2.462
78.74354 2.814
78.74761 2.861
78.75168 3.002
78.75575 3.143
78.75982 3.119
78.76388 2.885
78.76795 3.236
78.77202 3.002
78.77609 3.025
78.78016 3.002
78.78423 3.143
78.78830 2.439
78.79236 3.072
78.79643 2.861
78.80050 2.838
78.80457 2.650
78.80864 2.697
78.81271 3.752
78.81678 2.627
78.82084 2.533
78.82491 2.720
78.82898 3.401
78.83305 3.166
78.83712 2.580
78.84119 2.932
78.84525 2.697
78.84932 2.861
78.85339 3.260
78.85746 2.885
78.86153 2.861
78.86560 2.861
78.86967 2.509
78.87373 2.509
78.87780 2.978
78.88187 2.814
78.88594 2.674
78.89001 2.697
78.89408 2.533
78.89815 2.767
78.90221 2.978
78.90628 2.251
78.91035 2.158
78.91442 2.744
78.91849 2.627
78.92256 2.533
78.92662 2.462
78.93069 2.556
78.93476 3.096
78.93883 2.158
78.94290 2.650
78.94697 2.275
78.95104 2.322
78.95510 2.416
78.95917 2.486
78.96324 2.251
78.96731 2.533
78.97138 2.181
78.97545 2.556
78.97951 2.322
78.98358 2.674
78.98765 2.369
78.99172 2.158
78.99579 2.650
78.99986 2.580
79.00393 2.509
79.00799 2.416
79.01206 2.556
79.01613 2.111
79.02020 2.298
79.02427 2.181
79.02834 2.275
79.03241 2.040
79.03647 2.416
79.04054 2.181
79.04461 2.251
79.04868 2.017
79.05275 2.580
79.05682 2.064
79.06088 2.017
79.06495 2.111
79.06902 1.993
79.07309 2.486
79.07716 2.181
79.08123 2.251
79.08530 2.111
79.08936 2.345
79.09343 2.017
79.09750 2.251
79.10157 2.158
79.10564 2.298
79.10971 2.275
79.11377 2.087
79.11784 2.275
79.12191 1.900
79.12598 2.111
79.13005 2.040
79.13412 2.275
79.13819 1.947
79.14225 2.017
79.14632 2.416
79.15039 2.322
79.15446 1.712
79.15853 1.947
79.16260 2.345
79.16667 1.900
79.17073 2.064
79.17480 2.298
79.17887 2.134
79.18294 2.251
79.18701 1.993
79.19108 1.642
79.19514 2.040
79.19921 2.298
79.20328 2.040
79.20735 2.556
79.21142 2.345
79.21549 2.392
79.21956 1.853
79.22362 2.017
79.22769 1.876
79.23176 1.876
79.23583 2.134
79.23990 2.134
79.24397 1.993
79.24804 1.595
79.25210 1.923
79.25617 1.993
79.26024 2.064
79.26431 2.416
79.26838 1.829
79.27245 1.735
79.27651 2.322
79.28058 1.993
79.28465 1.689
79.28872 2.134
79.29279 2.134
79.29686 2.158
79.30093 1.829
79.30499 2.275
79.30906 2.064
79.31313 2.087
79.31720 2.228
79.32127 2.345
79.32534 2.017
79.32940 2.275
79.33347 1.829
79.33754 1.947
79.34161 1.970
79.34568 1.454
79.34975 1.923
79.35382 2.087
79.35788 1.993
79.36195 1.993
79.36602 2.134
79.37009 1.900
79.37416 1.970
79.37823 1.642
79.38230 2.111
79.38636 1.829
79.39043 2.275
79.39450 2.040
79.39857 2.134
79.40264 2.205
79.40671 2.205
79.41077 1.853
79.41484 2.040
79.41891 1.993
79.42298 1.806
79.42705 1.900
79.43112 1.947
79.43519 2.087
79.43925 1.923
79.44332 2.439
79.44739 1.829
79.45146 2.017
79.45553 1.970
79.45960 1.947
79.46367 2.228
79.46773 2.158
79.47180 2.556
79.47587 2.205
79.47994 2.486
79.48401 2.205
79.48808 2.181
79.49214 2.298
79.49621 2.017
79.50028 1.970
79.50435 1.970
79.50842 2.205
79.51249 1.735
79.51656 2.087
79.52062 1.876
79.52469 1.853
79.52876 1.923
79.53283 2.439
79.53690 2.509
79.54097 2.322
79.54503 2.275
79.54910 2.040
79.55317 2.251
79.55724 2.251
79.56131 2.158
79.56538 1.876
79.56945 2.228
79.57351 2.251
79.57758 1.923
79.58165 1.735
79.58572 1.993
79.58979 2.017
79.59386 2.181
79.59793 2.087
79.60199 2.111
79.60606 2.017
79.61013 1.642
79.61420 1.829
79.61827 2.064
79.62234 2.416
79.62640 1.876
79.63047 2.017
79.63454 1.829
79.63861 2.744
79.64268 2.158
79.64675 1.923
79.65082 1.923
79.65488 2.134
79.65895 2.275
79.66302 1.970
79.66709 2.087
79.67116 1.853
79.67523 2.650
79.67930 2.111
79.68336 2.111
79.68743 1.900
79.69150 1.947
79.69557 2.111
79.69964 1.947
79.70371 2.275
79.70777 2.134
79.71184 2.111
79.71591 1.947
79.71998 1.642
79.72405 2.298
79.72812 2.181
79.73219 2.017
79.73625 1.923
79.74032 2.158
79.74439 2.275
79.74846 2.017
79.75253 2.345
79.75660 1.853
79.76066 2.205
79.76473 2.158
79.76880 2.158
79.77287 1.970
79.77694 1.970
79.78101 2.087
79.78508 2.486
79.78914 1.947
79.79321 1.993
79.79728 2.345
79.80135 1.993
79.80542 2.064
79.80949 1.923
79.81356 1.993
79.81762 2.228
79.82169 1.853
79.82576 1.900
79.82983 2.017
79.83390 1.829
79.83797 1.642
79.84203 1.993
79.84610 2.275
79.85017 1.970
79.85424 1.782
79.85831 1.923
79.86238 1.735
79.86645 2.064
79.87051 2.416
79.87458 1.642
79.87865 2.275
79.88272 2.181
79.88679 2.064
79.89086 1.501
79.89493 1.947
79.89899 1.595
79.90306 2.017
79.90713 2.392
79.91120 1.923
79.91527 2.040
79.91934 1.900
79.92340 1.548
79.92747 1.923
79.93154 1.524
79.93561 1.642
79.93968 2.040
79.94375 1.947
79.94782 1.993
79.95188 2.017
79.95595 2.017
79.96002 2.087
79.96409 2.275
79.96816 1.689
79.97223 1.524
79.97629 1.853
79.98036 1.595
79.98443 1.806
79.98850 2.275
79.99257 1.689
79.99664 2.111
80.00071 1.993
80.00477 1.829
80.00884 1.642
80.01291 1.947
80.01698 1.712
80.02105 2.040
80.02512 1.759
80.02919 1.454
80.03325 1.806
80.03732 1.431
80.04139 2.181
80.04546 1.923
80.04953 2.134
80.05360 1.689
80.05766 1.923
80.06173 1.548
80.06580 1.759
80.06987 1.806
80.07394 1.618
80.07801 1.735
80.08208 1.923
80.08614 1.923
80.09021 1.947
80.09428 1.665
80.09835 1.806
80.10242 2.158
80.10649 1.759
80.11055 1.548
80.11462 1.618
80.11869 1.853
80.12276 1.759
80.12683 1.407
80.13090 1.524
80.13497 1.454
80.13903 1.993
80.14310 1.618
80.14717 1.642
80.15124 1.712
80.15531 1.524
80.15938 1.735
80.16345 1.642
80.16751 1.712
80.17158 1.829
80.17565 1.806
80.17972 1.360
80.18379 1.501
80.18786 2.158
80.19192 1.642
80.19599 1.313
80.20006 1.642
80.20413 1.735
80.20820 1.431
80.21227 1.876
80.21634 1.571
80.22040 1.665
80.22447 1.360
80.22854 1.900
80.23261 1.477
80.23668 1.477
80.24075 1.689
80.24482 1.407
80.24888 1.571
80.25295 1.501
80.25702 1.407
80.26109 1.501
80.26516 1.689
80.26923 1.454
80.27329 1.689
80.27736 1.735
80.28143 1.759
80.28550 1.947
80.28957 1.642
80.29364 1.782
80.29771 1.524
80.30177 1.571
80.30584 1.806
80.30991 1.712
80.31398 1.689
80.31805 1.806
80.32212 1.829
80.32618 1.360
80.33025 1.642
80.33432 1.806
80.33839 1.735
80.34246 1.595
80.34653 1.993
80.35060 1.501
80.35466 1.782
80.35873 1.290
80.36280 1.548
80.36687 1.947
80.37094 1.712
80.37501 1.642
80.37908 1.712
80.38314 1.689
80.38721 1.595
80.39128 1.829
80.39535 1.735
80.39942 1.806
80.40349 1.337
80.40755 1.782
80.41162 1.548
80.41569 1.243
80.41976 1.384
80.42383 1.665
80.42790 1.454
80.43197 1.595
80.43603 1.806
80.44010 1.290
80.44417 1.759
80.44824 1.477
80.45231 1.595
80.45638 1.337
80.46045 1.431
80.46451 2.087
80.46858 1.384
80.47265 1.595
80.47672 1.571
80.48079 1.571
80.48486 1.454
80.48892 1.806
80.49299 1.876
80.49706 1.548
80.50113 1.501
80.50520 1.571
80.50927 1.689
80.51334 1.853
80.51740 1.360
80.52147 1.571
80.52554 1.712
80.52961 1.571
80.53368 1.524
80.53775 1.689
80.54181 1.360
80.54588 1.665
80.54995 1.548
80.55402 1.735
80.55809 1.876
80.56216 1.829
80.56623 1.759
80.57029 1.384
80.57436 1.806
80.57843 1.454
80.58250 1.642
80.58657 1.477
80.59064 1.477
80.59471 1.689
80.59877 1.642
80.60284 1.477
80.60691 1.524
80.61098 1.149
80.61505 1.524
80.61912 1.642
80.62318 1.782
80.62725 1.876
80.63132 1.524
80.63539 1.759
80.63946 1.266
80.64353 1.642
80.64760 1.853
80.65166 1.313
80.65573 1.454
80.65980 1.595
80.66387 1.595
80.66794 1.689
80.67201 1.689
80.67608 1.642
80.68014 1.618
80.68421 1.595
80.68828 1.571
80.69235 1.501
80.69642 1.618
80.70049 1.900
80.70455 1.524
80.70862 1.806
80.71269 1.689
80.71676 1.595
80.72083 1.477
80.72490 1.407
80.72897 1.595
80.73303 1.642
80.73710 1.876
80.74117 1.689
80.74524 1.735
80.74931 1.618
80.75338 1.290
80.75744 1.900
80.76151 1.337
80.76558 1.782
80.76965 1.407
80.77372 1.712
80.77779 1.993
80.78186 1.759
80.78592 1.618
80.78999 1.735
80.79406 1.618
80.79813 1.548
80.80220 1.735
80.80627 1.618
80.81034 1.548
80.81440 1.876
80.81847 1.689
80.82254 1.642
80.82661 1.524
80.83068 1.407
80.83475 1.735
80.83881 1.220
80.84288 1.782
80.84695 1.618
80.85102 1.431
80.85509 1.548
80.85916 1.431
80.86323 1.431
80.86729 1.665
80.87136 1.642
80.87543 1.782
80.87950 1.477
80.88357 1.829
80.88764 1.477
80.89170 1.947
80.89577 1.220
80.89984 1.853
80.90391 1.524
80.90798 1.735
80.91205 1.618
80.91612 1.853
80.92018 1.501
80.92425 1.735
80.92832 2.040
80.93239 1.384
80.93646 1.524
80.94053 1.829
80.94460 1.642
80.94866 1.759
80.95273 1.337
80.95680 1.689
80.96087 1.829
80.96494 1.806
80.96901 1.618
80.97307 1.571
80.97714 1.642
80.98121 2.087
80.98528 1.853
80.98935 1.501
80.99342 1.384
80.99749 1.618
81.00155 1.477
81.00562 1.759
81.00969 1.689
81.01376 1.431
81.01783 1.524
81.02190 1.642
81.02597 1.407
81.03003 1.642
81.03410 1.501
81.03817 1.689
81.04224 1.407
81.04631 1.829
81.05038 1.595
81.05444 1.689
81.05851 1.524
81.06258 1.407
81.06665 1.360
81.07072 1.618
81.07479 1.595
81.07886 1.876
81.08292 1.407
81.08699 2.017
81.09106 1.524
81.09513 1.689
81.09920 1.571
81.10327 1.384
81.10733 1.782
81.11140 1.923
81.11547 1.876
81.11954 1.548
81.12361 1.431
81.12768 1.759
81.13175 1.501
81.13581 1.829
81.13988 1.712
81.14395 1.689
81.14802 1.853
81.15209 1.266
81.15616 1.665
81.16023 1.571
81.16429 1.876
81.16836 1.149
81.17243 1.595
81.17650 1.759
81.18057 1.735
81.18464 1.407
81.18870 1.618
81.19277 1.900
81.19684 1.501
81.20091 1.384
81.20498 1.407
81.20905 1.501
81.21312 1.829
81.21718 1.454
81.22125 1.642
81.22532 1.735
81.22939 1.782
81.23346 1.665
81.23753 1.477
81.24160 1.900
81.24566 1.642
81.24973 1.360
81.25380 1.618
81.25787 1.454
81.26194 1.618
81.26601 1.689
81.27007 1.876
81.27414 2.040
81.27821 1.712
81.28228 1.266
81.28635 1.642
81.29042 1.782
81.29449 1.759
81.29855 1.876
81.30262 1.337
81.30669 1.477
81.31076 1.360
81.31483 1.735
81.31890 1.290
81.32296 1.923
81.32703 1.220
81.33110 1.618
81.33517 1.947
81.33924 1.876
81.34331 1.782
81.34738 1.548
81.35144 1.477
81.35551 1.571
81.35958 1.853
81.36365 1.665
81.36772 1.759
81.37179 1.735
81.37586 1.595
81.37992 1.524
81.38399 1.735
81.38806 1.571
81.39213 1.501
81.39620 1.524
81.40027 1.407
81.40433 1.477
81.40840 1.618
81.41247 1.548
81.41654 1.524
81.42061 1.806
81.42468 1.360
81.42875 1.665
81.43281 1.665
81.43688 1.595
81.44095 1.407
81.44502 1.782
81.44909 1.759
81.45316 1.431
81.45723 1.712
81.46129 1.665
81.46536 1.993
81.46943 1.524
81.47350 1.431
81.47757 1.313
81.48164 1.454
81.48570 1.735
81.48977 1.806
81.49384 1.571
81.49791 1.806
81.50198 1.665
81.50605 1.524
81.51012 1.923
81.51418 1.360
81.51825 1.477
81.52232 1.571
81.52639 1.524
81.53046 1.571
81.53453 1.571
81.53859 1.384
81.54266 1.384
81.54673 1.454
81.55080 1.337
81.55487 1.806
81.55894 1.642
81.56301 1.665
81.56707 1.759
81.57114 1.524
81.57521 1.735
81.57928 1.384
81.58335 1.735
81.58742 1.431
81.59149 1.595
81.59555 1.642
81.59962 1.407
81.60369 2.111
81.60776 1.782
81.61183 1.548
81.61590 1.524
81.61996 1.477
81.62403 1.735
81.62810 1.689
81.63217 1.501
81.63624 1.782
81.64031 1.407
81.64438 1.665
81.64844 1.595
81.65251 1.665
81.65658 1.735
81.66065 1.454
81.66472 1.313
81.66879 1.548
81.67285 2.017
81.67692 1.431
81.68099 1.337
81.68506 1.735
81.68913 1.970
81.69320 1.900
81.69727 1.876
81.70133 1.689
81.70540 1.853
81.70947 1.689
81.71354 1.759
81.71761 1.595
81.72168 1.524
81.72575 1.876
81.72981 1.712
81.73388 1.454
81.73795 1.360
81.74202 1.759
81.74609 1.689
81.75016 1.618
81.75422 1.618
81.75829 1.548
81.76236 1.548
81.76643 1.782
81.77050 1.337
81.77457 1.454
81.77864 1.642
81.78270 1.431
81.78677 1.548
81.79084 1.689
81.79491 1.735
81.79898 1.829
81.80305 1.384
81.80712 1.501
81.81118 1.313
81.81525 1.618
81.81932 1.900
81.82339 1.313
81.82746 1.407
81.83153 1.431
81.83559 1.735
81.83966 1.360
81.84373 1.454
81.84780 1.618
81.85187 1.431
81.85594 1.407
81.86001 1.477
81.86407 1.384
81.86814 1.829
81.87221 1.431
81.87628 1.571
81.88035 1.360
81.88442 1.454
81.88848 2.158
81.89255 1.689
81.89662 1.712
81.90069 1.689
81.90476 1.477
81.90883 1.759
81.91290 1.712
81.91696 1.735
81.92103 1.665
81.92510 1.477
81.92917 1.431
81.93324 1.665
81.93731 1.548
81.94138 1.501
81.94544 1.501
81.94951 1.642
81.95358 1.524
81.95765 1.689
81.96172 1.571
81.96579 1.642
81.96985 1.853
81.97392 1.571
81.97799 1.735
81.98206 1.290
81.98613 1.876
81.99020 1.571
81.99427 1.970
81.99833 1.618
82.00240 1.431
82.00647 1.689
82.01054 1.712
82.01461 1.665
82.01868 1.266
82.02275 1.853
82.02681 1.595
82.03088 1.454
82.03495 1.642
82.03902 1.665
82.04309 1.431
82.04716 1.548
82.05122 1.618
82.05529 1.431
82.05936 1.524
82.06343 1.876
82.06750 1.829
82.07157 1.618
82.07564 1.853
82.07970 1.407
82.08377 1.900
82.08784 1.595
82.09191 1.477
82.09598 1.712
82.10005 1.642
82.10411 1.431
82.10818 1.524
82.11225 1.689
82.11632 1.477
82.12039 1.712
82.12446 1.689
82.12853 1.712
82.13259 1.853
82.13666 1.689
82.14073 1.384
82.14480 1.501
82.14887 1.642
82.15294 1.642
82.15701 1.712
82.16107 1.618
82.16514 1.595
82.16921 1.829
82.17328 1.665
82.17735 1.313
82.18142 1.900
82.18548 1.853
82.18955 1.595
82.19362 1.501
82.19769 1.759
82.20176 1.548
82.20583 1.173
82.20990 1.431
82.21396 1.665
82.21803 1.571
82.22210 1.454
82.22617 1.759
82.23024 1.665
82.23431 1.407
82.23838 1.431
82.24244 1.618
82.24651 1.384
82.25058 1.900
82.25465 1.501
82.25872 1.759
82.26279 1.689
82.26685 1.689
82.27092 2.040
82.27499 1.196
82.27906 1.923
82.28313 2.017
82.28720 1.313
82.29127 1.806
82.29533 1.501
82.29940 1.618
82.30347 1.571
82.30754 1.501
82.31161 1.782
82.31568 1.595
82.31974 1.595
82.32381 1.571
82.32788 1.548
82.33195 1.548
82.33602 1.712
82.34009 1.759
82.34416 1.618
82.34822 1.454
82.35229 1.501
82.35636 1.548
82.36043 1.759
82.36450 1.524
82.36857 1.313
82.37264 1.337
82.37670 1.266
82.38077 1.735
82.38484 1.524
82.38891 1.548
82.39298 1.712
82.39705 1.431
82.40111 1.407
82.40518 1.642
82.40925 1.947
82.41332 1.642
82.41739 1.477
82.42146 1.548
82.42553 1.384
82.42959 1.266
82.43366 1.923
82.43773 1.384
82.44180 1.689
82.44587 1.290
82.44994 1.384
82.45400 1.501
82.45807 1.290
82.46214 1.571
82.46621 1.665
82.47028 1.384
82.47435 1.524
82.47842 1.571
82.48248 1.548
82.48655 1.665
82.49062 1.266
82.49469 1.595
82.49876 1.571
82.50283 1.548
82.50690 1.126
82.51096 1.524
82.51503 1.947
82.51910 1.337
82.52317 1.642
82.52724 1.735
82.53131 1.782
82.53537 1.407
82.53944 1.501
82.54351 1.806
82.54758 1.337
82.55165 1.477
82.55572 1.571
82.55979 1.431
82.56385 1.477
82.56792 1.595
82.57199 1.477
82.57606 1.313
82.58013 1.384
82.58420 1.665
82.58827 1.548
82.59233 1.712
82.59640 1.876
82.60047 1.431
82.60454 1.524
82.60861 1.571
82.61268 1.501
82.61674 1.595
82.62081 1.548
82.62488 1.759
82.62895 1.477
82.63302 1.806
82.63709 1.665
82.64116 1.431
82.64522 1.595
82.64929 1.665
82.65336 1.501
82.65743 1.290
82.66150 1.595
82.66557 1.665
82.66963 1.126
82.67370 1.477
82.67777 1.337
82.68184 1.501
82.68591 1.618
82.68998 1.431
82.69405 1.337
82.69811 1.149
82.70218 1.313
82.70625 1.290
82.71032 1.712
82.71439 1.571
82.71846 1.407
82.72253 1.501
82.72659 1.313
82.73066 1.689
82.73473 1.923
82.73880 1.595
82.74287 1.548
82.74694 1.595
82.75100 1.571
82.75507 1.689
82.75914 1.595
82.76321 1.524
82.76728 1.431
82.77135 1.384
82.77542 1.618
82.77948 1.782
82.78355 1.618
82.78762 1.313
82.79169 1.384
82.79576 1.689
82.79983 1.360
82.80390 1.477
82.80796 1.290
82.81203 1.595
82.81610 1.571
82.82017 1.431
82.82424 1.618
82.82831 1.501
82.83237 1.665
82.83644 1.571
82.84051 1.290
82.84458 1.548
82.84865 1.665
82.85272 1.360
82.85679 1.595
82.86085 1.454
82.86492 1.243
82.86899 1.642
82.87306 1.689
82.87713 1.524
82.88120 1.477
82.88526 1.477
82.88933 1.571
82.89340 1.759
82.89747 1.548
82.90154 1.384
82.90561 1.360
82.90968 1.712
82.91374 1.266
82.91781 1.571
82.92188 1.454
82.92595 1.665
82.93002 1.782
82.93409 1.524
82.93816 1.548
82.94222 1.501
82.94629 1.571
82.95036 1.477
82.95443 1.477
82.95850 1.454
82.96257 1.618
82.96663 1.220
82.97070 1.243
82.97477 1.407
82.97884 1.290
82.98291 1.876
82.98698 1.524
82.99105 1.712
82.99511 1.477
82.99918 1.477
83.00325 1.454
83.00732 1.313
83.01139 1.337
83.01546 1.126
83.01953 1.689
83.02359 1.876
83.02766 1.548
83.03173 1.782
83.03580 1.501
83.03987 1.571
83.04394 1.689
83.04800 1.947
83.05207 1.173
83.05614 1.642
83.06021 1.618
83.06428 1.595
83.06835 1.524
83.07242 1.782
83.07648 1.126
83.08055 1.454
83.08462 1.900
83.08869 1.595
83.09276 1.313
83.09683 1.360
83.10089 1.759
83.10496 1.008
83.10903 1.595
83.11310 1.384
83.11717 1.595
83.12124 1.337
83.12531 1.384
83.12937 1.689
83.13344 1.477
83.13751 1.454
83.14158 1.407
83.14565 1.477
83.14972 1.407
83.15379 1.595
83.15785 1.454
83.16192 1.501
83.16599 1.524
83.17006 1.384
83.17413 1.313
83.17820 1.548
83.18226 1.618
83.18633 1.454
83.19040 1.524
83.19447 1.454
83.19854 1.337
83.20261 1.735
83.20668 1.266
83.21074 1.642
83.21481 1.642
83.21888 1.290
83.22295 1.571
83.22702 1.759
83.23109 1.595
83.23516 1.431
83.23922 1.689
83.24329 1.407
83.24736 1.595
83.25143 1.524
83.25550 1.431
83.25957 1.477
83.26363 1.290
83.26770 1.384
83.27177 1.759
83.27584 1.313
83.27991 2.017
83.28398 1.923
83.28805 1.876
83.29211 1.454
83.29618 1.595
83.30025 1.595
83.30432 1.360
83.30839 1.806
83.31246 1.454
83.31652 1.243
83.32059 1.782
83.32466 1.595
83.32873 1.407
83.33280 1.477
83.33687 1.595
83.34094 1.501
83.34500 1.360
83.34907 1.595
83.35314 1.806
83.35721 1.618
83.36128 1.735
83.36535 1.618
83.36942 1.923
83.37348 1.501
83.37755 1.501
83.38162 1.384
83.38569 1.642
83.38976 1.501
83.39383 1.454
83.39789 1.407
83.40196 1.548
83.40603 1.782
83.41010 1.501
83.41417 1.689
83.41824 1.618
83.42231 1.524
83.42637 1.243
83.43044 1.829
83.43451 1.642
83.43858 1.642
83.44265 1.806
83.44672 1.501
83.45078 1.665
83.45485 1.220
83.45892 1.595
83.46299 1.618
83.46706 1.806
83.47113 1.642
83.47520 1.595
83.47926 1.900
83.48333 1.477
83.48740 1.571
83.49147 1.571
83.49554 1.571
83.49961 1.454
83.50368 1.501
83.50774 1.665
83.51181 1.220
83.51588 1.454
83.51995 1.759
83.52402 1.665
83.52809 1.759
83.53215 1.712
83.53622 1.595
83.54029 1.243
83.54436 1.431
83.54843 1.290
83.55250 1.243
83.55657 1.454
83.56063 1.407
83.56470 1.524
83.56877 1.501
83.57284 1.454
83.57691 1.454
83.58098 1.665
83.58505 1.595
83.58911 1.149
83.59318 1.384
83.59725 1.290
83.60132 1.360
83.60539 1.689
83.60946 1.829
83.61352 1.313
83.61759 1.595
83.62166 1.876
83.62573 1.524
83.62980 1.196
83.63387 1.712
83.63794 1.454
83.64200 1.431
83.64607 1.454
83.65014 1.829
83.65421 1.829
83.65828 1.454
83.66235 1.735
83.66641 1.595
83.67048 1.947
83.67455 1.689
83.67862 1.595
83.68269 1.477
83.68676 1.477
83.69083 1.712
83.69489 1.173
83.69896 1.829
83.70303 1.173
83.70710 1.501
83.71117 1.900
83.71524 1.782
83.71931 1.501
83.72337 1.853
83.72744 1.571
83.73151 1.407
83.73558 1.126
83.73965 1.595
83.74372 1.220
83.74778 1.595
83.75185 1.431
83.75592 1.970
83.75999 1.337
83.76406 1.454
83.76813 1.524
83.77220 1.595
83.77626 1.337
83.78033 1.173
83.78440 1.477
83.78847 1.454
83.79254 1.477
83.79661 1.290
83.80068 1.360
83.80474 1.642
83.80881 1.477
83.81288 1.571
83.81695 1.618
83.82102 1.407
83.82509 1.571
83.82915 2.087
83.83322 1.501
83.83729 1.642
83.84136 1.571
83.84543 1.524
83.84950 1.571
83.85357 1.548
83.85763 1.313
83.86170 1.524
83.86577 1.477
83.86984 1.454
83.87391 1.196
83.87798 1.923
83.88204 1.571
83.88611 1.689
83.89018 1.313
83.89425 1.618
83.89832 1.524
83.90239 1.431
83.90646 1.618
83.91052 1.853
83.91459 1.290
83.91866 1.407
83.92273 1.524
83.92680 1.759
83.93087 1.384
83.93494 1.571
83.93900 1.595
83.94307 1.524
83.94714 1.313
83.95121 1.618
83.95528 1.454
83.95935 1.431
83.96341 1.548
83.96748 1.454
83.97155 1.571
83.97562 1.290
83.97969 1.384
83.98376 1.337
83.98783 1.595
83.99189 1.548
83.99596 1.524
84.00003 1.524
84.00410 1.337
84.00817 1.524
84.01224 1.618
84.01631 1.712
84.02037 1.477
84.02444 1.407
84.02851 1.501
84.03258 1.782
84.03665 1.689
84.04072 1.689
84.04478 1.524
84.04885 1.642
84.05292 1.454
84.05699 1.829
84.06106 1.384
84.06513 1.431
84.06920 1.665
84.07326 1.454
84.07733 1.618
84.08140 1.571
84.08547 1.923
84.08954 1.571
84.09361 1.571
84.09767 1.829
84.10174 1.524
84.10581 1.384
84.10988 1.501
84.11395 1.642
84.11802 1.759
84.12209 1.735
84.12615 1.618
84.13022 1.501
84.13429 1.618
84.13836 1.689
84.14243 1.618
84.14650 1.665
84.15057 1.407
84.15463 1.782
84.15870 1.454
84.16277 1.571
84.16684 1.431
84.17091 1.337
84.17498 1.595
84.17904 1.384
84.18311 1.454
84.18718 1.993
84.19125 1.689
84.19532 1.524
84.19939 1.431
84.20346 1.102
84.20752 1.313
84.21159 1.384
84.21566 1.407
84.21973 1.431
84.22380 1.548
84.22787 1.571
84.23193 1.548
84.23600 1.290
84.24007 1.735
84.24414 1.571
84.24821 1.806
84.25228 1.524
84.25635 1.431
84.26041 1.454
84.26448 1.196
84.26855 1.548
84.27262 1.407
84.27669 1.243
84.28076 1.360
84.28483 1.477
84.28889 1.524
84.29296 1.477
84.29703 1.266
84.30110 1.220
84.30517 1.360
84.30924 1.313
84.31330 1.712
84.31737 1.501
84.32144 1.642
84.32551 1.431
84.32958 1.454
84.33365 1.595
84.33772 1.501
84.34178 1.548
84.34585 1.290
84.34992 1.220
84.35399 1.712
84.35806 1.431
84.36213 1.595
84.36620 1.548
84.37026 1.548
84.37433 1.548
84.37840 1.642
84.38247 1.689
84.38654 1.477
84.39061 1.571
84.39467 1.477
84.39874 1.501
84.40281 1.759
84.40688 1.384
84.41095 1.618
84.41502 1.243
84.41909 1.290
84.42315 1.454
84.42722 1.477
84.43129 1.313
84.43536 1.759
84.43943 1.571
84.44350 1.642
84.44756 1.923
84.45163 1.407
84.45570 1.829
84.45977 1.337
84.46384 1.571
84.46791 1.431
84.47198 1.806
84.47604 1.642
84.48011 1.524
84.48418 1.618
84.48825 1.524
84.49232 1.149
84.49639 1.360
84.50046 1.759
84.50452 1.360
84.50859 1.102
84.51266 1.689
84.51673 1.407
84.52080 1.243
84.52487 1.290
84.52893 1.220
84.53300 1.384
84.53707 1.501
84.54114 1.571
84.54521 1.313
84.54928 1.477
84.55335 1.665
84.55741 1.360
84.56148 1.337
84.56555 1.571
84.56962 1.735
84.57369 1.407
84.57776 1.618
84.58183 1.548
84.58589 1.454
84.58996 1.384
84.59403 1.665
84.59810 1.454
84.60217 1.384
84.60624 1.548
84.61030 1.431
84.61437 1.524
84.61844 1.618
84.62251 1.337
84.62658 1.642
84.63065 1.360
84.63472 1.220
84.63878 1.360
84.64285 1.055
84.64692 1.266
84.65099 1.407
84.65506 1.454
84.65913 1.524
84.66319 1.501
84.66726 1.243
84.67133 1.337
84.67540 1.431
84.67947 1.431
84.68354 1.431
84.68761 1.243
84.69167 1.642
84.69574 1.735
84.69981 1.102
84.70388 1.290
84.70795 1.712
84.71202 1.266
84.71609 1.477
84.72015 1.407
84.72422 1.290
84.72829 1.220
84.73236 1.454
84.73643 1.102
84.74050 1.243
84.74456 1.524
84.74863 1.665
84.75270 1.243
84.75677 1.595
84.76084 1.477
84.76491 1.407
84.76898 1.642
84.77304 1.290
84.77711 1.595
84.78118 1.360
84.78525 1.477
84.78932 1.407
84.79339 1.477
84.79746 1.782
84.80152 1.360
84.80559 1.548
84.80966 1.407
84.81373 1.337
84.81780 1.524
84.82187 1.290
84.82593 1.313
84.83000 1.431
84.83407 1.712
84.83814 1.173
84.84221 1.501
84.84628 1.454
84.85035 1.665
84.85441 1.454
84.85848 1.454
84.86255 1.524
84.86662 1.853
84.87069 1.618
84.87476 1.266
84.87882 1.220
84.88289 1.501
84.88696 1.337
84.89103 1.337
84.89510 1.196
84.89917 1.642
84.90324 1.360
84.90730 1.689
84.91137 1.595
84.91544 1.196
84.91951 1.290
84.92358 1.243
84.92765 1.524
84.93172 1.360
84.93578 1.689
84.93985 1.571
84.94392 1.337
84.94799 1.524
84.95206 1.524
84.95613 1.454
84.96019 1.689
84.96426 1.642
84.96833 1.454
84.97240 1.266
84.97647 1.501
84.98054 1.337
84.98461 1.407
84.98867 1.431
84.99274 1.431
84.99681 1.524
85.00088 1.571
85.00495 1.595
85.00902 1.360
85.01308 1.571
85.01715 1.102
85.02122 1.290
85.02529 1.782
85.02936 1.947
85.03343 1.595
85.03750 1.407
85.04156 1.196
85.04563 1.501
85.04970 1.337
85.05377 1.524
85.05784 1.853
85.06191 1.477
85.06598 1.712
85.07004 1.689
85.07411 1.735
85.07818 1.243
85.08225 1.595
85.08632 1.477
85.09039 1.689
85.09445 1.196
85.09852 1.689
85.10259 1.642
85.10666 1.290
85.11073 1.477
85.11480 1.337
85.11887 1.384
85.12293 1.548
85.12700 1.407
85.13107 1.477
85.13514 1.243
85.13921 1.337
85.14328 1.243
85.14735 1.782
85.15141 1.595
85.15548 1.384
85.15955 1.923
85.16362 1.431
85.16769 1.384
85.17176 1.571
85.17582 1.454
85.17989 0.985
85.18396 1.548
85.18803 1.360
85.19210 1.220
85.19617 1.126
85.20024 1.501
85.20430 1.290
85.20837 1.337
85.21244 1.501
85.21651 1.079
85.22058 1.524
85.22465 1.524
85.22871 1.759
85.23278 1.501
85.23685 1.477
85.24092 1.618
85.24499 1.806
85.24906 1.900
85.25313 1.524
85.25719 1.431
85.26126 1.384
85.26533 1.384
85.26940 1.079
85.27347 1.454
85.27754 1.290
85.28161 1.313
85.28567 1.384
85.28974 1.407
85.29381 1.360
85.29788 1.220
85.30195 1.313
85.30602 1.266
85.31008 1.642
85.31415 1.524
85.31822 1.243
85.32229 1.524
85.32636 1.290
85.33043 1.266
85.33450 1.102
85.33856 1.524
85.34263 1.477
85.34670 1.782
85.35077 1.431
85.35484 1.665
85.35891 1.337
85.36298 1.431
85.36704 1.689
85.37111 1.290
85.37518 1.360
85.37925 1.126
85.38332 1.595
85.38739 1.454
85.39145 1.313
85.39552 1.571
85.39959 1.501
85.40366 1.407
85.40773 1.477
85.41180 1.360
85.41587 1.618
85.41993 1.337
85.42400 1.571
85.42807 1.337
85.43214 1.524
85.43621 1.665
85.44028 1.689
85.44434 1.501
85.44841 1.313
85.45248 1.501
85.45655 1.524
85.46062 1.220
85.46469 1.337
85.46876 1.407
85.47282 1.712
85.47689 1.196
85.48096 1.290
85.48503 1.126
85.48910 1.806
85.49317 1.454
85.49724 1.431
85.50130 1.501
85.50537 1.642
85.50944 1.524
85.51351 1.712
85.51758 1.102
85.52165 1.360
85.52571 1.431
85.52978 1.360
85.53385 1.829
85.53792 1.665
85.54199 1.689
85.54606 1.477
85.55013 1.524
85.55419 1.407
85.55826 1.149
85.56233 1.431
85.56640 1.196
85.57047 1.243
85.57454 1.595
85.57861 1.337
85.58267 1.337
85.58674 1.689
85.59081 1.266
85.59488 1.290
85.59895 1.407
85.60302 1.548
85.60708 1.501
85.61115 1.454
85.61522 1.665
85.61929 1.431
85.62336 1.571
85.62743 1.102
85.63150 1.360
85.63556 1.313
85.63963 1.220
85.64370 1.923
85.64777 1.407
85.65184 1.360
85.65591 1.431
85.65997 1.642
85.66404 1.384
85.66811 1.595
85.67218 1.524
85.67625 1.618
85.68032 1.477
85.68439 1.220
85.68845 1.712
85.69252 1.102
85.69659 1.313
85.70066 1.618
85.70473 1.384
85.70880 1.595
85.71287 1.243
85.71693 1.735
85.72100 1.384
85.72507 1.243
85.72914 1.384
85.73321 1.477
85.73728 1.313
85.74134 1.501
85.74541 1.173
85.74948 1.290
85.75355 1.266
85.75762 1.548
85.76169 1.501
85.76576 1.923
85.76982 1.313
85.77389 1.196
85.77796 1.665
85.78203 1.454
85.78610 1.384
85.79017 1.407
85.79423 1.055
85.79830 1.431
85.80237 1.477
85.80644 1.501
85.81051 1.266
85.81458 1.477
85.81865 1.407
85.82271 1.712
85.82678 1.384
85.83085 1.571
85.83492 1.829
85.83899 1.360
85.84306 1.431
85.84713 1.337
85.85119 1.782
85.85526 1.431
85.85933 1.079
85.86340 1.548
85.86747 1.313
85.87154 1.454
85.87560 1.313
85.87967 1.337
85.88374 1.689
85.88781 1.360
85.89188 1.524
85.89595 1.407
85.90002 1.595
85.90408 1.524
85.90815 1.055
85.91222 1.524
85.91629 1.173
85.92036 1.431
85.92443 1.243
85.92850 1.524
85.93256 1.454
85.93663 1.266
85.94070 1.360
85.94477 1.220
85.94884 1.337
85.95291 1.454
85.95697 1.313
85.96104 1.548
85.96511 1.102
85.96918 1.407
85.97325 1.313
85.97732 1.595
85.98139 1.290
85.98545 1.501
85.98952 1.243
85.99359 1.360
85.99766 1.384
86.00173 1.337
86.00580 1.759
86.00986 1.571
86.01393 1.220
86.01800 1.243
86.02207 1.689
86.02614 1.595
86.03021 1.220
86.03428 1.501
86.03834 1.595
86.04241 1.384
86.04648 1.337
86.05055 1.008
86.05462 1.454
86.05869 1.431
86.06276 1.431
86.06682 1.618
86.07089 1.501
86.07496 1.431
86.07903 1.149
86.08310 1.384
86.08717 1.360
86.09123 1.290
86.09530 1.477
86.09937 1.548
86.10344 1.454
86.10751 1.149
86.11158 1.524
86.11565 1.173
86.11971 1.829
86.12378 1.407
86.12785 1.266
86.13192 1.313
86.13599 1.032
86.14006 1.524
86.14413 1.313
86.14819 1.712
86.15226 1.079
86.15633 1.477
86.16040 1.712
86.16447 1.243
86.16854 1.618
86.17260 1.571
86.17667 1.712
86.18074 1.501
86.18481 1.407
86.18888 1.548
86.19295 1.360
86.19702 1.290
86.20108 1.360
86.20515 1.782
86.20922 1.501
86.21329 1.524
86.21736 1.290
86.22143 1.571
86.22549 1.712
86.22956 1.079
86.23363 2.040
86.23770 1.477
86.24177 1.642
86.24584 1.407
86.24991 1.454
86.25397 1.431
86.25804 1.196
86.26211 1.337
86.26618 1.477
86.27025 1.407
86.27432 1.266
86.27839 1.618
86.28245 1.501
86.28652 1.126
86.29059 1.595
86.29466 1.407
86.29873 1.501
86.30280 1.337
86.30686 1.407
86.31093 1.735
86.31500 1.337
86.31907 1.431
86.32314 1.454
86.32721 1.524
86.33128 1.524
86.33534 1.501
86.33941 1.642
86.34348 1.712
86.34755 1.595
86.35162 1.524
86.35569 1.196
86.35976 1.501
86.36382 1.454
86.36789 2.087
86.37196 1.220
86.37603 1.360
86.38010 1.501
86.38417 1.618
86.38823 1.337
86.39230 1.407
86.39637 1.665
86.40044 1.665
86.40451 1.595
86.40858 1.477
86.41265 1.337
86.41671 1.266
86.42078 1.454
86.42485 1.431
86.42892 1.337
86.43299 1.407
86.43706 1.431
86.44112 1.477
86.44519 1.313
86.44926 1.759
86.45333 1.290
86.45740 1.477
86.46147 1.220
86.46554 1.618
86.46960 1.548
86.47367 1.290
86.47774 1.290
86.48181 1.454
86.48588 1.407
86.48995 1.384
86.49402 1.407
86.49808 1.595
86.50215 1.173
86.50622 1.032
86.51029 1.735
86.51436 1.829
86.51843 1.313
86.52249 1.407
86.52656 1.477
86.53063 1.665
86.53470 1.384
86.53877 1.313
86.54284 1.431
86.54691 1.454
86.55097 1.431
86.55504 1.360
86.55911 1.407
86.56318 1.266
86.56725 1.384
86.57132 1.313
86.57539 1.360
86.57945 1.501
86.58352 1.431
86.58759 1.266
86.59166 1.571
86.59573 1.665
86.59980 1.618
86.60386 1.806
86.60793 1.454
86.61200 1.360
86.61607 1.384
86.62014 1.595
86.62421 1.618
86.62828 1.571
86.63234 1.524
86.63641 1.243
86.64048 1.618
86.64455 1.454
86.64862 1.360
86.65269 1.642
86.65675 1.220
86.66082 1.360
86.66489 1.337
86.66896 1.431
86.67303 1.220
86.67710 1.173
86.68117 1.360
86.68523 1.689
86.68930 1.407
86.69337 1.782
86.69744 1.384
86.70151 1.384
86.70558 1.407
86.70965 1.618
86.71371 1.196
86.71778 1.595
86.72185 1.548
86.72592 1.876
86.72999 1.689
86.73406 1.407
86.73812 1.524
86.74219 1.360
86.74626 1.595
86.75033 1.384
86.75440 1.712
86.75847 0.915
86.76254 1.782
86.76660 1.431
86.77067 1.266
86.77474 1.524
86.77881 1.524
86.78288 1.313
86.78695 1.337
86.79101 1.032
86.79508 1.759
86.79915 1.501
86.80322 1.501
86.80729 1.689
86.81136 1.337
86.81543 1.595
86.81949 1.571
86.82356 1.595
86.82763 1.313
86.83170 1.735
86.83577 1.548
86.83984 1.829
86.84391 1.102
86.84797 1.618
86.85204 1.360
86.85611 1.501
86.86018 1.548
86.86425 1.689
86.86832 1.595
86.87238 1.501
86.87645 1.196
86.88052 1.759
86.88459 1.102
86.88866 1.454
86.89273 1.571
86.89680 1.501
86.90086 1.337
86.90493 1.055
86.90900 1.501
86.91307 1.337
86.91714 1.431
86.92121 1.477
86.92528 1.571
86.92934 1.360
86.93341 1.384
86.93748 1.407
86.94155 1.313
86.94562 1.313
86.94969 1.384
86.95375 1.524
86.95782 1.689
86.96189 1.806
86.96596 1.665
86.97003 1.501
86.97410 1.712
86.97817 1.149
86.98223 1.454
86.98630 1.759
86.99037 1.806
86.99444 1.196
86.99851 1.665
87.00258 1.524
87.00664 1.618
87.01071 1.407
87.01478 1.689
87.01885 1.759
87.02292 1.571
87.02699 1.431
87.03106 1.712
87.03512 1.407
87.03919 1.524
87.04326 1.548
87.04733 1.689
87.05140 1.149
87.05547 1.642
87.05954 1.337
87.06360 1.806
87.06767 1.759
87.07174 1.759
87.07581 1.290
87.07988 1.407
87.08395 1.407
87.08801 1.759
87.09208 1.759
87.09615 1.712
87.10022 1.689
87.10429 1.595
87.10836 1.759
87.11243 1.689
87.11649 1.595
87.12056 1.524
87.12463 2.064
87.12870 1.431
87.13277 1.571
87.13684 1.759
87.14091 1.337
87.14497 1.595
87.14904 1.712
87.15311 1.548
87.15718 1.970
87.16125 1.618
87.16532 1.501
87.16938 1.571
87.17345 2.017
87.17752 1.712
87.18159 2.158
87.18566 1.524
87.18973 1.595
87.19380 1.501
87.19786 1.970
87.20193 1.595
87.20600 1.759
87.21007 1.689
87.21414 1.829
87.21821 1.735
87.22227 1.595
87.22634 1.759
87.23041 1.735
87.23448 2.134
87.23855 2.111
87.24262 1.806
87.24669 1.923
87.25075 1.829
87.25482 1.735
87.25889 1.900
87.26296 2.040
87.26703 2.158
87.27110 2.158
87.27517 1.947
87.27923 1.900
87.28330 1.876
87.28737 1.782
87.29144 2.486
87.29551 1.993
87.29958 1.970
87.30364 1.923
87.30771 2.017
87.31178 1.806
87.31585 2.181
87.31992 2.040
87.32399 1.735
87.32806 1.993
87.33212 2.275
87.33619 1.970
87.34026 2.369
87.34433 1.923
87.34840 1.782
87.35247 2.181
87.35654 1.993
87.36060 1.900
87.36467 1.829
87.36874 2.017
87.37281 2.017
87.37688 2.111
87.38095 2.087
87.38501 2.275
87.38908 2.275
87.39315 2.158
87.39722 2.275
87.40129 2.017
87.40536 2.275
87.40943 2.275
87.41349 2.158
87.41756 2.627
87.42163 2.322
87.42570 1.923
87.42977 2.533
87.43384 2.838
87.43790 2.580
87.44197 2.509
87.44604 1.970
87.45011 2.439
87.45418 2.416
87.45825 2.369
87.46232 1.853
87.46638 2.134
87.47045 2.228
87.47452 2.251
87.47859 2.556
87.48266 2.392
87.48673 2.533
87.49080 2.580
87.49486 2.392
87.49893 2.275
87.50300 2.345
87.50707 2.650
87.51114 2.674
87.51521 2.650
87.51927 3.049
87.52334 2.697
87.52741 2.486
87.53148 2.791
87.53555 2.791
87.53962 2.392
87.54369 2.603
87.54775 2.509
87.55182 2.955
87.55589 2.509
87.55996 2.603
87.56403 2.556
87.56810 2.486
87.57216 2.697
87.57623 2.533
87.58030 2.251
87.58437 2.744
87.58844 2.181
87.59251 3.096
87.59658 2.439
87.60064 2.814
87.60471 2.439
87.60878 2.627
87.61285 2.674
87.61692 2.650
87.62099 3.072
87.62506 2.838
87.62912 2.369
87.63319 2.861
87.63726 2.416
87.64133 2.556
87.64540 2.580
87.64947 2.392
87.65353 2.885
87.65760 2.603
87.66167 2.791
87.66574 2.720
87.66981 2.791
87.67388 2.814
87.67795 2.158
87.68201 2.322
87.68608 2.767
87.69015 2.791
87.69422 2.791
87.69829 2.603
87.70236 2.838
87.70643 2.955
87.71049 2.580
87.71456 2.416
87.71863 2.908
87.72270 2.767
87.72677 3.307
87.73084 2.697
87.73490 3.002
87.73897 2.908
87.74304 3.236
87.74711 2.885
87.75118 2.509
87.75525 2.298
87.75932 2.486
87.76338 2.697
87.76745 2.861
87.77152 2.838
87.77559 2.509
87.77966 2.462
87.78373 2.439
87.78779 2.369
87.79186 2.392
87.79593 2.603
87.80000 2.697
87.80407 2.556
87.80814 2.767
87.81221 2.603
87.81627 2.603
87.82034 2.650
87.82441 2.838
87.82848 2.791
87.83255 2.767
87.83662 3.072
87.84069 2.861
87.84475 2.251
87.84882 2.462
87.85289 2.791
87.85696 2.369
87.86103 2.603
87.86510 2.603
87.86916 2.486
87.87323 2.744
87.87730 2.322
87.88137 3.025
87.88544 2.720
87.88951 2.791
87.89358 2.720
87.89764 3.072
87.90171 2.838
87.90578 2.885
87.90985 3.166
87.91392 2.392
87.91799 2.228
87.92206 2.322
87.92612 2.791
87.93019 2.205
87.93426 2.228
87.93833 2.580
87.94240 2.275
87.94647 2.556
87.95053 1.947
87.95460 2.439
87.95867 2.580
87.96274 2.345
87.96681 2.087
87.97088 2.932
87.97495 2.298
87.97901 2.462
87.98308 2.298
87.98715 2.322
87.99122 2.040
87.99529 2.439
87.99936 1.947
88.00342 2.345
88.00749 2.158
88.01156 2.111
88.01563 2.509
88.01970 2.181
88.02377 2.580
88.02784 2.580
88.03190 1.759
88.03597 2.697
88.04004 2.462
88.04411 1.876
88.04818 2.627
88.05225 2.533
88.05632 2.205
88.06038 2.556
88.06445 2.439
88.06852 2.251
88.07259 2.932
88.07666 2.369
88.08073 1.923
88.08479 1.947
88.08886 2.486
88.09293 2.369
88.09700 2.556
88.10107 2.040
88.10514 1.689
88.10921 2.369
88.11327 1.900
88.11734 2.205
88.12141 1.993
88.12548 1.900
88.12955 1.876
88.13362 1.900
88.13769 2.580
88.14175 2.345
88.14582 2.369
88.14989 1.829
88.15396 2.486
88.15803 2.064
88.16210 2.533
88.16616 2.111
88.17023 1.993
88.17430 1.689
88.17837 2.298
88.18244 1.876
88.18651 2.205
88.19058 2.158
88.19464 2.322
88.19871 1.782
88.20278 1.970
88.20685 1.853
88.21092 2.416
88.21499 1.900
88.21905 1.853
88.22312 1.900
88.22719 1.407
88.23126 1.689
88.23533 2.064
88.23940 2.087
88.24347 1.735
88.24753 1.618
88.25160 1.689
88.25567 1.993
88.25974 1.806
88.26381 1.689
88.26788 1.806
88.27195 2.064
88.27601 1.618
88.28008 2.064
88.28415 1.407
88.28822 2.017
88.29229 1.900
88.29636 1.806
88.30042 1.454
88.30449 1.993
88.30856 2.181
88.31263 2.017
88.31670 1.806
88.32077 1.876
88.32484 1.829
88.32890 1.759
88.33297 1.806
88.33704 1.735
88.34111 1.524
88.34518 1.923
88.34925 1.806
88.35331 1.595
88.35738 1.689
88.36145 1.431
88.36552 1.712
88.36959 1.970
88.37366 1.759
88.37773 1.923
88.38179 1.970
88.38586 1.501
88.38993 2.017
88.39400 1.266
88.39807 1.735
88.40214 1.876
88.40621 1.243
88.41027 2.017
88.41434 1.524
88.41841 1.876
88.42248 1.548
88.42655 1.923
88.43062 1.360
88.43468 1.665
88.43875 1.782
88.44282 1.806
88.44689 1.642
88.45096 1.618
88.45503 1.853
88.45910 1.735
88.46316 1.618
88.46723 1.384
88.47130 1.595
88.47537 1.548
88.47944 1.337
88.48351 1.454
88.48758 1.853
88.49164 1.642
88.49571 1.431
88.49978 1.407
88.50385 1.454
88.50792 1.900
88.51199 1.665
88.51605 1.829
88.52012 1.524
88.52419 1.759
88.52826 1.431
88.53233 1.689
88.53640 1.454
88.54047 1.735
88.54453 1.524
88.54860 2.087
88.55267 1.524
88.55674 1.689
88.56081 1.853
88.56488 1.735
88.56894 1.829
88.57301 1.853
88.57708 1.618
88.58115 1.759
88.58522 1.782
88.58929 1.477
88.59336 1.689
88.59742 1.501
88.60149 1.548
88.60556 1.782
88.60963 1.712
88.61370 1.642
88.61777 1.548
88.62184 1.337
88.62590 1.759
88.62997 1.665
88.63404 1.689
88.63811 1.665
88.64218 1.735
88.64625 1.759
88.65031 1.384
88.65438 1.501
88.65845 1.407
88.66252 1.970
88.66659 1.360
88.67066 1.853
88.67473 1.524
88.67879 1.853
88.68286 1.829
88.68693 2.064
88.69100 1.947
88.69507 1.642
88.69914 1.712
88.70321 1.735
88.70727 1.548
88.71134 1.759
88.71541 1.876
88.71948 1.806
88.72355 2.087
88.72762 1.431
88.73168 1.806
88.73575 1.735
88.73982 1.689
88.74389 2.064
88.74796 2.064
88.75203 2.181
88.75610 1.642
88.76016 1.970
88.76423 1.876
88.76830 1.665
88.77237 1.993
88.77644 1.782
88.78051 1.993
88.78457 1.970
88.78864 1.900
88.79271 1.853
88.79678 1.595
88.80085 1.735
88.80492 1.876
88.80899 1.923
88.81305 1.759
88.81712 2.134
88.82119 1.947
88.82526 1.947
88.82933 1.853
88.83340 2.040
88.83747 1.829
88.84153 1.735
88.84560 2.322
88.84967 2.017
88.85374 1.689
88.85781 1.759
88.86188 2.298
88.86594 1.970
88.87001 2.298
88.87408 1.782
88.87815 1.642
88.88222 1.806
88.88629 1.477
88.89036 1.829
88.89442 1.759
88.89849 1.759
88.90256 2.228
88.90663 2.087
88.91070 1.806
88.91477 1.993
88.91884 1.735
88.92290 1.806
88.92697 1.454
88.93104 1.876
88.93511 1.712
88.93918 1.829
88.94325 1.993
88.94731 2.369
88.95138 1.524
88.95545 2.134
88.95952 1.970
88.96359 1.735
88.96766 1.947
88.97173 2.064
88.97579 1.993
88.97986 1.712
88.98393 1.923
88.98800 1.665
88.99207 1.782
88.99614 2.322
89.00020 1.923
89.00427 1.759
89.00834 1.712
89.01241 1.829
89.01648 1.712
89.02055 2.111
89.02462 1.923
89.02868 2.251
89.03275 1.595
89.03682 2.017
89.04089 2.134
89.04496 1.477
89.04903 1.853
89.05310 1.853
89.05716 1.571
89.06123 1.431
89.06530 1.853
89.06937 1.947
89.07344 1.923
89.07751 1.782
89.08157 1.853
89.08564 1.477
89.08971 1.595
89.09378 2.205
89.09785 1.970
89.10192 2.040
89.10599 1.477
89.11005 1.524
89.11412 1.853
89.11819 1.735
89.12226 1.782
89.12633 1.501
89.13040 1.782
89.13447 1.689
89.13853 1.642
89.14260 1.571
89.14667 1.501
89.15074 1.876
89.15481 1.782
89.15888 1.876
89.16294 1.571
89.16701 1.735
89.17108 1.923
89.17515 2.017
89.17922 1.642
89.18329 1.642
89.18736 1.407
89.19142 1.595
89.19549 1.243
89.19956 1.829
89.20363 1.524
89.20770 1.665
89.21177 1.735
89.21583 1.548
89.21990 2.017
89.22397 1.290
89.22804 1.618
89.23211 1.313
89.23618 1.853
89.24025 2.087
89.24431 1.689
89.24838 1.407
89.25245 1.782
89.25652 1.360
89.26059 1.173
89.26466 1.290
89.26873 1.782
89.27279 1.712
89.27686 1.665
89.28093 1.595
89.28500 1.501
89.28907 1.689
89.29314 1.571
89.29720 1.501
89.30127 1.665
89.30534 1.712
89.30941 1.595
89.31348 1.337
89.31755 1.501
89.32162 1.477
89.32568 1.900
89.32975 1.689
89.33382 1.524
89.33789 1.735
89.34196 1.712
89.34603 1.735
89.35009 1.313
89.35416 1.524
89.35823 1.735
89.36230 1.360
89.36637 1.290
89.37044 1.689
89.37451 1.407
89.37857 1.243
89.38264 1.337
89.38671 1.524
89.39078 1.196
89.39485 1.384
89.39892 1.524
89.40299 1.407
89.40705 1.337
89.41112 1.313
89.41519 1.360
89.41926 1.431
89.42333 1.618
89.42740 1.524
89.43146 1.431
89.43553 1.266
89.43960 1.454
89.44367 1.360
89.44774 1.407
89.45181 1.337
89.45588 1.524
89.45994 1.196
89.46401 1.360
89.46808 1.290
89.47215 1.032
89.47622 1.290
89.48029 1.360
89.48436 1.126
89.48842 1.266
89.49249 1.243
89.49656 1.642
89.50063 1.173
89.50470 1.384
89.50877 1.571
89.51283 1.618
89.51690 1.501
89.52097 1.313
89.52504 1.079
89.52911 1.642
89.53318 1.360
89.53725 1.243
89.54131 1.384
89.54538 1.173
89.54945 1.384
89.55352 1.571
89.55759 1.196
89.56166 1.360
89.56572 1.595
89.56979 1.126
89.57386 1.173
89.57793 1.008
89.58200 1.571
89.58607 1.149
89.59014 1.337
89.59420 1.618
89.59827 1.431
89.60234 1.454
89.60641 1.384
89.61048 1.618
89.61455 1.571
89.61862 1.032
89.62268 1.337
89.62675 1.454
89.63082 1.360
89.63489 1.337
89.63896 1.173
89.64303 1.431
89.64709 1.290
89.65116 1.243
89.65523 1.431
89.65930 1.407
89.66337 1.032
89.66744 1.431
89.67151 1.266
89.67557 1.196
89.67964 1.571
89.68371 1.407
89.68778 1.431
89.69185 1.149
89.69592 1.431
89.69999 1.126
89.70405 1.055
89.70812 1.126
89.71219 1.665
89.71626 1.313
89.72033 1.032
89.72440 1.266
89.72846 1.243
89.73253 1.595
89.73660 1.196
89.74067 1.126
89.74474 1.032
89.74881 1.407
89.75288 1.571
89.75694 1.313
89.76101 1.055
89.76508 1.501
89.76915 1.220
89.77322 1.360
89.77729 1.384
89.78135 1.454
89.78542 1.477
89.78949 1.313
89.79356 1.266
89.79763 1.477
89.80170 1.829
89.80577 1.384
89.80983 0.985
89.81390 1.501
89.81797 1.243
89.82204 1.548
89.82611 1.384
89.83018 1.524
89.83425 1.149
89.83831 1.360
89.84238 1.384
89.84645 1.290
89.85052 1.055
89.85459 1.501
89.85866 1.337
89.86272 1.384
89.86679 1.360
89.87086 1.290
89.87493 1.337
89.87900 1.665
89.88307 1.313
89.88714 1.571
89.89120 1.313
89.89527 1.196
89.89934 0.985
89.90341 1.102
89.90748 1.173
89.91155 1.571
89.91562 1.102
89.91968 1.313
89.92375 1.008
89.92782 1.313
89.93189 1.313
89.93596 1.079
89.94003 1.337
89.94409 1.360
89.94816 1.477
89.95223 1.220
89.95630 1.196
89.96037 1.431
89.96444 1.360
89.96851 0.844
89.97257 1.290
89.97664 1.220
89.98071 1.337
89.98478 1.431
89.98885 1.220
89.99292 0.938
89.99698 1.313
90.00105 0.962
90.00512 1.548
90.00919 1.243
90.01326 1.243
90.01733 1.524
90.02140 1.454
90.02546 1.149
90.02953 1.266
90.03360 1.196
90.03767 1.313
90.04174 1.431
90.04581 1.079
90.04988 1.290
90.05394 1.454
90.05801 1.360
90.06208 1.571
90.06615 1.220
90.07022 1.571
90.07429 1.196
90.07835 1.079
90.08242 1.055
90.08649 1.079
90.09056 1.290
90.09463 1.173
90.09870 1.196
90.10277 1.220
90.10683 1.712
90.11090 1.431
90.11497 1.290
90.11904 1.454
90.12311 1.173
90.12718 1.220
90.13124 1.806
90.13531 1.407
90.13938 1.548
90.14345 1.220
90.14752 1.055
90.15159 1.360
90.15566 1.243
90.15972 1.618
90.16379 1.266
90.16786 1.126
90.17193 1.524
90.17600 1.102
90.18007 1.243
90.18414 1.313
90.18820 1.337
90.19227 1.384
90.19634 1.290
90.20041 1.008
90.20448 1.032
90.20855 1.337
90.21261 1.196
90.21668 1.571
90.22075 1.360
90.22482 1.360
90.22889 1.454
90.23296 1.642
90.23703 1.313
90.24109 1.548
90.24516 1.524
90.24923 1.196
90.25330 1.524
90.25737 1.407
90.26144 1.313
90.26551 1.126
90.26957 1.477
90.27364 1.477
90.27771 1.220
90.28178 1.008
90.28585 1.384
90.28992 1.384
90.29398 1.290
90.29805 1.196
90.30212 1.126
90.30619 1.477
90.31026 1.407
90.31433 1.196
90.31840 1.313
90.32246 1.407
90.32653 1.384
90.33060 1.290
90.33467 1.595
90.33874 1.477
90.34281 1.149
90.34687 1.290
90.35094 1.220
90.35501 1.102
90.35908 1.055
90.36315 1.313
90.36722 1.220
90.37129 1.501
90.37535 1.196
90.37942 1.266
90.38349 1.431
90.38756 1.243
90.39163 1.501
90.39570 0.938
90.39977 1.337
90.40383 1.384
90.40790 1.173
90.41197 0.985
90.41604 1.313
90.42011 1.501
90.42418 1.008
90.42824 1.595
90.43231 1.266
90.43638 1.407
90.44045 1.173
90.44452 1.173
90.44859 1.290
90.45266 1.290
90.45672 1.337
90.46079 1.290
90.46486 1.360
90.46893 1.102
90.47300 1.290
90.47707 1.079
90.48114 1.337
90.48520 1.149
90.48927 1.431
90.49334 1.196
90.49741 1.501
90.50148 1.196
90.50555 1.102
90.50961 1.571
90.51368 1.431
90.51775 1.196
90.52182 1.360
90.52589 1.290
90.52996 1.173
90.53403 1.220
90.53809 0.868
90.54216 1.290
90.54623 1.407
90.55030 0.985
90.55437 1.290
90.55844 1.102
90.56250 1.477
90.56657 1.290
90.57064 1.337
90.57471 1.454
90.57878 1.477
90.58285 1.173
90.58692 1.102
90.59098 1.173
90.59505 1.032
90.59912 1.196
90.60319 1.571
90.60726 1.360
90.61133 1.032
90.61540 1.008
90.61946 1.384
90.62353 1.548
90.62760 1.454
90.63167 1.196
90.63574 1.126
90.63981 1.454
90.64387 1.102
90.64794 1.266
90.65201 1.782
90.65608 1.290
90.66015 1.431
90.66422 1.431
90.66829 1.266
90.67235 1.149
90.67642 1.266
90.68049 1.173
90.68456 1.618
90.68863 1.173
90.69270 1.220
90.69677 1.313
90.70083 1.173
90.70490 1.384
90.70897 1.055
90.71304 1.501
90.71711 1.595
90.72118 1.454
90.72524 1.407
90.72931 1.337
90.73338 1.290
90.73745 1.477
90.74152 1.337
90.74559 1.126
90.74966 1.524
90.75372 1.548
90.75779 1.032
90.76186 1.290
90.76593 1.595
90.77000 1.782
90.77407 1.407
90.77813 1.266
90.78220 1.477
90.78627 1.102
90.79034 1.313
90.79441 1.126
90.79848 1.079
90.80255 1.173
90.80661 1.243
90.81068 1.689
90.81475 1.337
90.81882 1.384
90.82289 1.102
90.82696 1.595
90.83103 1.032
90.83509 1.243
90.83916 1.384
90.84323 1.173
90.84730 1.313
90.85137 1.220
90.85544 1.243
90.85950 1.360
90.86357 1.032
90.86764 1.008
90.87171 1.008
90.87578 1.501
90.87985 1.220
90.88392 1.454
90.88798 1.548
90.89205 1.032
90.89612 1.407
90.90019 1.243
90.90426 1.384
90.90833 1.454
90.91239 1.290
90.91646 1.126
90.92053 1.173
90.92460 1.407
90.92867 1.689
90.93274 1.243
90.93681 1.243
90.94087 1.173
90.94494 1.102
90.94901 1.313
90.95308 1.477
90.95715 1.290
90.96122 1.008
90.96529 1.477
90.96935 1.290
90.97342 1.102
90.97749 1.407
90.98156 1.290
90.98563 1.595
90.98970 1.360
90.99376 1.220
90.99783 1.618
91.00190 1.149
91.00597 1.149
91.01004 1.102
91.01411 1.220
91.01818 1.243
91.02224 1.571
91.02631 1.524
91.03038 1.149
91.03445 1.173
91.03852 1.290
91.04259 1.173
91.04666 1.595
91.05072 1.173
91.05479 1.337
91.05886 1.243
91.06293 1.243
91.06700 1.431
91.07107 1.384
91.07513 1.571
91.07920 1.313
91.08327 1.008
91.08734 1.313
91.09141 1.243
91.09548 1.102
91.09955 1.243
91.10361 1.548
91.10768 1.220
91.11175 1.243
91.11582 0.962
91.11989 1.501
91.12396 1.220
91.12802 1.313
91.13209 0.938
91.13616 1.149
91.14023 1.454
91.14430 1.454
91.14837 1.313
91.15244 1.079
91.15650 1.173
91.16057 1.243
91.16464 1.313
91.16871 1.360
91.17278 1.337
91.17685 1.055
91.18092 0.962
91.18498 1.102
91.18905 1.079
91.19312 1.360
91.19719 1.102
91.20126 1.079
91.20533 1.477
91.20939 1.055
91.21346 1.407
91.21753 0.891
91.22160 1.384
91.22567 1.477
91.22974 1.477
91.23381 1.407
91.23787 1.313
91.24194 1.290
91.24601 1.384
91.25008 1.477
91.25415 1.524
91.25822 1.595
91.26229 1.290
91.26635 1.243
91.27042 1.384
91.27449 1.173
91.27856 1.477
91.28263 1.220
91.28670 1.431
91.29076 1.173
91.29483 1.313
91.29890 1.032
91.30297 1.079
91.30704 1.290
91.31111 1.407
91.31518 1.079
91.31924 1.102
91.32331 1.384
91.32738 1.360
91.33145 1.243
91.33552 1.524
91.33959 1.126
91.34365 1.477
91.34772 1.290
91.35179 1.008
91.35586 1.173
91.35993 1.431
91.36400 1.477
91.36807 1.173
91.37213 1.102
91.37620 1.337
91.38027 1.008
91.38434 1.126
91.38841 1.384
91.39248 1.243
91.39655 1.102
91.40061 1.454
91.40468 1.102
91.40875 1.196
91.41282 1.360
91.41689 1.102
91.42096 1.126
91.42502 1.384
91.42909 1.290
91.43316 1.407
91.43723 1.337
91.44130 1.407
91.44537 1.220
91.44944 1.266
91.45350 1.008
91.45757 0.821
91.46164 1.102
91.46571 1.008
91.46978 1.266
91.47385 1.055
91.47792 1.337
91.48198 1.196
91.48605 1.055
91.49012 1.149
91.49419 1.360
91.49826 1.196
91.50233 1.337
91.50639 1.266
91.51046 1.524
91.51453 1.032
91.51860 1.384
91.52267 1.360
91.52674 1.360
91.53081 1.384
91.53487 1.313
91.53894 0.938
91.54301 0.915
91.54708 1.008
91.55115 0.938
91.55522 1.126
91.55928 1.196
91.56335 1.290
91.56742 1.220
91.57149 1.126
91.57556 1.149
91.57963 1.220
91.58370 1.524
91.58776 1.173
91.59183 1.618
91.59590 1.337
91.59997 1.102
91.60404 1.196
91.60811 1.407
91.61218 1.266
91.61624 1.173
91.62031 1.360
91.62438 1.266
91.62845 1.384
91.63252 0.797
91.63659 0.915
91.64065 1.407
91.64472 1.337
91.64879 1.266
91.65286 1.384
91.65693 1.290
91.66100 1.266
91.66507 1.290
91.66913 1.220
91.67320 1.055
91.67727 1.313
91.68134 1.196
91.68541 0.985
91.68948 1.149
91.69354 1.313
91.69761 1.102
91.70168 1.196
91.70575 1.313
91.70982 1.689
91.71389 1.313
91.71796 1.407
91.72202 1.313
91.72609 1.079
91.73016 1.454
91.73423 1.173
91.73830 1.032
91.74237 1.079
91.74644 1.220
91.75050 1.149
91.75457 1.149
91.75864 1.079
91.76271 0.915
91.76678 1.501
91.77085 1.313
91.77491 1.548
91.77898 1.407
91.78305 1.243
91.78712 1.196
91.79119 1.243
91.79526 1.477
91.79933 1.290
91.80339 1.384
91.80746 1.360
91.81153 1.360
91.81560 1.454
91.81967 1.220
91.82374 1.173
91.82781 1.266
91.83187 1.407
91.83594 0.891
91.84001 1.431
91.84408 1.243
91.84815 1.407
91.85222 1.126
91.85628 0.844
91.86035 1.079
91.86442 1.313
91.86849 1.290
91.87256 1.102
91.87663 1.360
91.88070 1.079
91.88476 1.243
91.88883 0.915
91.89290 1.102
91.89697 1.290
91.90104 1.266
91.90511 1.454
91.90917 1.360
91.91324 1.079
91.91731 1.149
91.92138 1.055
91.92545 1.266
91.92952 0.915
91.93359 1.384
91.93765 1.454
91.94172 1.079
91.94579 1.337
91.94986 1.102
91.95393 1.337
91.95800 0.915
91.96207 1.196
91.96613 1.477
91.97020 1.173
91.97427 1.243
91.97834 1.102
91.98241 1.149
91.98648 1.149
91.99054 1.196
91.99461 1.290
91.99868 1.360
92.00275 1.290
92.00682 1.407
92.01089 1.102
92.01496 0.915
92.01902 1.360
92.02309 1.407
92.02716 1.665
92.03123 1.290
92.03530 1.477
92.03937 1.032
92.04344 0.938
92.04750 1.126
92.05157 1.196
92.05564 1.266
92.05971 1.196
92.06378 1.220
92.06785 1.008
92.07191 1.079
92.07598 1.032
92.08005 1.220
92.08412 1.571
92.08819 1.243
92.09226 1.196
92.09633 1.243
92.10039 1.079
92.10446 1.196
92.10853 1.196
92.11260 1.196
92.11667 1.266
92.12074 1.313
92.12480 1.055
92.12887 1.360
92.13294 1.173
92.13701 1.173
92.14108 1.196
92.14515 1.290
92.14922 1.173
92.15328 1.266
92.15735 1.337
92.16142 0.868
92.16549 1.337
92.16956 1.266
92.17363 1.384
92.17770 1.290
92.18176 1.008
92.18583 1.220
92.18990 1.173
92.19397 1.102
92.19804 1.313
92.20211 0.868
92.20617 1.290
92.21024 1.055
92.21431 1.079
92.21838 1.829
92.22245 1.384
92.22652 1.266
92.23059 1.196
92.23465 1.266
92.23872 1.384
92.24279 1.126
92.24686 1.266
92.25093 1.149
92.25500 1.243
92.25907 1.008
92.26313 1.220
92.26720 1.477
92.27127 1.126
92.27534 1.501
92.27941 1.149
92.28348 1.149
92.28754 1.384
92.29161 1.337
92.29568 1.290
92.29975 1.126
92.30382 1.384
92.30789 1.313
92.31196 1.337
92.31602 1.290
92.32009 1.384
92.32416 1.149
92.32823 0.962
92.33230 1.337
92.33637 1.173
92.34043 1.477
92.34450 1.290
92.34857 1.008
92.35264 1.313
92.35671 1.501
92.36078 1.337
92.36485 1.290
92.36891 1.126
92.37298 0.962
92.37705 1.196
92.38112 1.266
92.38519 1.220
92.38926 1.266
92.39333 1.126
92.39739 1.126
92.40146 1.173
92.40553 1.548
92.40960 1.079
92.41367 0.985
92.41774 1.266
92.42180 1.102
92.42587 0.938
92.42994 1.149
92.43401 1.337
92.43808 1.313
92.44215 1.689
92.44622 1.384
92.45028 1.102
92.45435 1.102
92.45842 1.243
92.46249 1.266
92.46656 1.196
92.47063 1.313
92.47470 1.337
92.47876 1.313
92.48283 1.407
92.48690 1.360
92.49097 1.337
92.49504 1.126
92.49911 0.985
92.50317 1.548
92.50724 1.266
92.51131 1.384
92.51538 1.243
92.51945 1.102
92.52352 1.454
92.52759 1.571
92.53165 1.126
92.53572 1.384
92.53979 1.079
92.54386 1.360
92.54793 1.384
92.55200 1.313
92.55606 1.266
92.56013 1.360
92.56420 1.196
92.56827 1.220
92.57234 1.220
92.57641 1.149
92.58048 1.571
92.58454 0.915
92.58861 1.102
92.59268 0.985
92.59675 1.243
92.60082 1.313
92.60489 1.032
92.60896 1.431
92.61302 1.501
92.61709 1.032
92.62116 1.149
92.62523 1.220
92.62930 0.962
92.63337 1.524
92.63743 1.173
92.64150 1.266
92.64557 1.173
92.64964 1.079
92.65371 0.985
92.65778 1.220
92.66185 1.126
92.66591 1.477
92.66998 1.477
92.67405 1.079
92.67812 1.079
92.68219 1.290
92.68626 1.149
92.69032 1.126
92.69439 1.055
92.69846 1.290
92.70253 1.384
92.70660 1.360
92.71067 1.008
92.71474 1.196
92.71880 1.173
92.72287 1.407
92.72694 1.431
92.73101 1.173
92.73508 1.431
92.73915 1.571
92.74322 1.008
92.74728 1.243
92.75135 1.079
92.75542 1.384
92.75949 1.266
92.76356 1.454
92.76763 1.266
92.77169 0.985
92.77576 1.149
92.77983 1.173
92.78390 0.962
92.78797 1.149
92.79204 1.126
92.79611 1.618
92.80017 1.384
92.80424 1.360
92.80831 1.290
92.81238 0.962
92.81645 1.266
92.82052 1.055
92.82459 0.962
92.82865 0.985
92.83272 1.290
92.83679 1.243
92.84086 1.126
92.84493 1.196
92.84900 1.196
92.85306 1.079
92.85713 1.149
92.86120 1.126
92.86527 1.079
92.86934 0.891
92.87341 1.384
92.87748 1.149
92.88154 1.102
92.88561 1.032
92.88968 1.126
92.89375 1.196
92.89782 1.360
92.90189 1.313
92.90595 1.477
92.91002 1.618
92.91409 0.797
92.91816 1.149
92.92223 0.868
92.92630 1.313
92.93037 1.407
92.93443 1.407
92.93850 1.313
92.94257 1.384
92.94664 1.149
92.95071 1.032
92.95478 1.618
92.95885 1.149
92.96291 1.196
92.96698 1.149
92.97105 1.337
92.97512 1.220
92.97919 1.126
92.98326 0.797
92.98732 0.938
92.99139 1.290
92.99546 1.126
92.99953 1.102
93.00360 0.821
93.00767 1.313
93.01174 1.337
93.01580 1.290
93.01987 1.149
93.02394 1.313
93.02801 1.102
93.03208 1.196
93.03615 1.313
93.04022 1.384
93.04428 1.196
93.04835 1.313
93.05242 1.337
93.05649 1.173
93.06056 1.266
93.06463 1.477
93.06869 1.290
93.07276 1.055
93.07683 1.524
93.08090 0.821
93.08497 1.548
93.08904 1.337
93.09311 1.360
93.09717 1.266
93.10124 1.290
93.10531 1.196
93.10938 1.126
93.11345 0.985
93.11752 1.173
93.12158 1.337
93.12565 1.548
93.12972 1.126
93.13379 1.102
93.13786 1.008
93.14193 0.985
93.14600 1.290
93.15006 0.962
93.15413 1.220
93.15820 1.079
93.16227 1.384
93.16634 1.008
93.17041 1.173
93.17448 1.313
93.17854 1.337
93.18261 1.454
93.18668 1.290
93.19075 1.102
93.19482 1.290
93.19889 1.079
93.20295 1.384
93.20702 1.384
93.21109 1.196
93.21516 1.173
93.21923 0.750
93.22330 1.220
93.22737 1.102
93.23143 1.290
93.23550 1.220
93.23957 1.102
93.24364 1.266
93.24771 1.126
93.25178 1.173
93.25585 1.360
93.25991 1.032
93.26398 1.337
93.26805 1.290
93.27212 0.868
93.27619 1.290
93.28026 1.360
93.28432 1.571
93.28839 1.243
93.29246 1.290
93.29653 1.313
93.30060 1.501
93.30467 1.243
93.30874 1.266
93.31280 1.477
93.31687 1.243
93.32094 1.360
93.32501 1.032
93.32908 1.384
93.33315 1.126
93.33721 1.337
93.34128 1.055
93.34535 1.431
93.34942 1.055
93.35349 1.126
93.35756 1.360
93.36163 1.126
93.36569 1.431
93.36976 1.032
93.37383 1.384
93.37790 1.032
93.38197 0.844
93.38604 1.360
93.39011 1.079
93.39417 1.243
93.39824 1.196
93.40231 1.360
93.40638 1.501
93.41045 1.243
93.41452 1.126
93.41858 1.149
93.42265 1.126
93.42672 1.407
93.43079 1.079
93.43486 1.501
93.43893 1.008
93.44300 1.337
93.44706 1.548
93.45113 1.501
93.45520 1.079
93.45927 1.477
93.46334 1.665
93.46741 1.337
93.47147 1.032
93.47554 1.313
93.47961 1.360
93.48368 1.384
93.48775 1.431
93.49182 1.384
93.49589 1.220
93.49995 1.384
93.50402 1.102
93.50809 1.243
93.51216 1.149
93.51623 1.220
93.52030 0.891
93.52437 1.360
93.52843 1.313
93.53250 1.337
93.53657 1.243
93.54064 1.126
93.54471 1.149
93.54878 1.055
93.55284 1.032
93.55691 1.220
93.56098 1.337
93.56505 1.173
93.56912 1.454
93.57319 1.149
93.57726 1.266
93.58132 1.079
93.58539 1.360
93.58946 1.290
93.59353 1.360
93.59760 1.454
93.60167 1.360
93.60574 0.750
93.60980 1.290
93.61387 1.266
93.61794 1.407
93.62201 1.477
93.62608 1.337
93.63015 1.243
93.63421 1.407
93.63828 1.102
93.64235 1.407
93.64642 1.008
93.65049 1.220
93.65456 1.431
93.65863 1.266
93.66269 1.079
93.66676 1.126
93.67083 1.337
93.67490 1.360
93.67897 1.360
93.68304 1.337
93.68710 1.548
93.69117 1.266
93.69524 1.055
93.69931 1.243
93.70338 1.407
93.70745 1.384
93.71152 1.360
93.71558 1.196
93.71965 1.126
93.72372 1.290
93.72779 1.126
93.73186 1.595
93.73593 1.689
93.74000 1.266
93.74406 1.477
93.74813 1.360
93.75220 1.477
93.75627 1.243
93.76034 1.431
93.76441 1.384
93.76847 0.985
93.77254 1.290
93.77661 1.220
93.78068 1.173
93.78475 1.290
93.78882 1.407
93.79289 1.501
93.79695 1.548
93.80102 1.524
93.80509 1.407
93.80916 1.548
93.81323 1.220
93.81730 1.243
93.82137 1.407
93.82543 1.337
93.82950 1.454
93.83357 1.149
93.83764 1.360
93.84171 1.313
93.84578 1.571
93.84984 1.407
93.85391 1.266
93.85798 1.431
93.86205 1.313
93.86612 1.313
93.87019 1.384
93.87426 1.266
93.87832 1.220
93.88239 1.384
93.88646 1.524
93.89053 1.243
93.89460 1.501
93.89867 1.524
93.90273 1.642
93.90680 1.735
93.91087 1.407
93.91494 1.524
93.91901 1.665
93.92308 1.313
93.92715 1.618
93.93121 1.431
93.93528 1.431
93.93935 1.501
93.94342 1.501
93.94749 1.477
93.95156 1.220
93.95563 1.618
93.95969 1.477
93.96376 1.477
93.96783 1.501
93.97190 2.064
93.97597 1.337
93.98004 1.337
93.98410 1.501
93.98817 1.384
93.99224 1.571
93.99631 1.431
94.00038 1.454
94.00445 1.759
94.00852 1.477
94.01258 1.524
94.01665 1.595
94.02072 1.548
94.02479 1.642
94.02886 1.548
94.03293 1.571
94.03700 1.384
94.04106 1.290
94.04513 1.665
94.04920 1.548
94.05327 1.712
94.05734 1.665
94.06141 1.571
94.06547 1.665
94.06954 1.782
94.07361 1.642
94.07768 1.665
94.08175 1.454
94.08582 1.806
94.08989 1.595
94.09395 1.735
94.09802 1.970
94.10209 1.759
94.10616 1.829
94.11023 2.040
94.11430 1.853
94.11836 1.290
94.12243 1.595
94.12650 1.829
94.13057 1.970
94.13464 1.806
94.13871 1.806
94.14278 1.806
94.14684 1.712
94.15091 1.806
94.15498 1.947
94.15905 1.806
94.16312 1.665
94.16719 1.947
94.17126 1.712
94.17532 1.993
94.17939 1.571
94.18346 1.571
94.18753 1.947
94.19160 1.829
94.19567 1.642
94.19973 2.251
94.20380 1.923
94.20787 2.181
94.21194 1.993
94.21601 1.735
94.22008 1.970
94.22415 1.900
94.22821 2.111
94.23228 1.454
94.23635 1.759
94.24042 2.064
94.24449 2.134
94.24856 1.970
94.25262 1.923
94.25669 2.251
94.26076 2.228
94.26483 2.158
94.26890 2.275
94.27297 1.947
94.27704 2.087
94.28110 1.782
94.28517 1.993
94.28924 2.087
94.29331 2.205
94.29738 1.806
94.30145 1.853
94.30552 1.853
94.30958 1.853
94.31365 1.947
94.31772 1.993
94.32179 2.181
94.32586 2.298
94.32993 1.829
94.33399 1.876
94.33806 1.947
94.34213 2.158
94.34620 2.181
94.35027 2.275
94.35434 2.181
94.35841 2.369
94.36247 1.993
94.36654 1.806
94.37061 2.298
94.37468 2.228
94.37875 2.509
94.38282 2.251
94.38689 2.017
94.39095 1.947
94.39502 2.017
94.39909 2.251
94.40316 2.486
94.40723 2.228
94.41130 2.158
94.41536 1.900
94.41943 2.205
94.42350 2.111
94.42757 2.158
94.43164 1.947
94.43571 2.392
94.43978 1.806
94.44384 1.900
94.44791 2.040
94.45198 1.947
94.45605 2.064
94.46012 2.603
94.46419 2.416
94.46825 2.791
94.47232 2.556
94.47639 2.251
94.48046 2.181
94.48453 2.064
94.48860 2.345
94.49267 2.322
94.49673 2.322
94.50080 2.416
94.50487 2.111
94.50894 1.947
94.51301 2.298
94.51708 2.228
94.52115 2.345
94.52521 2.087
94.52928 2.509
94.53335 2.556
94.53742 2.158
94.54149 2.298
94.54556 2.462
94.54962 1.947
94.55369 2.345
94.55776 2.205
94.56183 1.689
94.56590 1.900
94.56997 1.970
94.57404 1.993
94.57810 2.650
94.58217 2.298
94.58624 2.205
94.59031 2.158
94.59438 2.439
94.59845 2.134
94.60252 2.205
94.60658 1.923
94.61065 1.970
94.61472 2.064
94.61879 2.228
94.62286 1.759
94.62693 2.345
94.63099 2.017
94.63506 1.876
94.63913 2.392
94.64320 1.993
94.64727 2.228
94.65134 2.345
94.65541 2.017
94.65947 2.228
94.66354 2.275
94.66761 1.923
94.67168 2.134
94.67575 1.970
94.67982 1.923
94.68388 2.111
94.68795 2.369
94.69202 1.970
94.69609 2.064
94.70016 2.251
94.70423 2.087
94.70830 1.923
94.71236 1.900
94.71643 2.275
94.72050 1.970
94.72457 1.501
94.72864 2.087
94.73271 2.111
94.73678 1.993
94.74084 1.595
94.74491 2.228
94.74898 1.782
94.75305 2.064
94.75712 1.829
94.76119 1.689
94.76525 2.017
94.76932 1.759
94.77339 1.993
94.77746 2.064
94.78153 1.665
94.78560 1.665
94.78967 1.900
94.79373 1.806
94.79780 2.087
94.80187 1.806
94.80594 1.618
94.81001 1.642
94.81408 2.416
94.81815 1.923
94.82221 1.595
94.82628 1.923
94.83035 2.134
94.83442 1.947
94.83849 1.993
94.84256 1.876
94.84662 1.571
94.85069 1.571
94.85476 1.829
94.85883 1.993
94.86290 1.900
94.86697 1.782
94.87104 1.900
94.87510 1.900
94.87917 1.923
94.88324 2.064
94.88731 1.923
94.89138 1.829
94.89545 1.735
94.89951 1.829
94.90358 1.477
94.90765 1.571
94.91172 1.853
94.91579 1.712
94.91986 1.548
94.92393 1.806
94.92799 1.642
94.93206 1.642
94.93613 1.571
94.94020 1.454
94.94427 1.853
94.94834 1.759
94.95241 1.454
94.95647 1.431
94.96054 1.642
94.96461 1.642
94.96868 1.431
94.97275 1.900
94.97682 1.900
94.98088 1.853
94.98495 1.642
94.98902 2.111
94.99309 2.228
94.99716 1.501
95.00123 1.407
95.00530 1.384
95.00936 1.782
95.01343 1.501
95.01750 1.524
95.02157 1.571
95.02564 2.017
95.02971 1.571
95.03377 1.900
95.03784 1.782
95.04191 1.782
95.04598 1.759
95.05005 1.618
95.05412 1.595
95.05819 1.501
95.06225 1.407
95.06632 1.712
95.07039 1.243
95.07446 1.337
95.07853 1.548
95.08260 1.524
95.08667 1.735
95.09073 1.618
95.09480 1.290
95.09887 1.454
95.10294 1.454
95.10701 1.407
95.11108 1.477
95.11514 1.595
95.11921 1.477
95.12328 1.384
95.12735 1.290
95.13142 1.665
95.13549 1.665
95.13956 1.595
95.14362 1.548
95.14769 1.313
95.15176 1.759
95.15583 1.524
95.15990 1.524
95.16397 1.384
95.16804 1.782
95.17210 1.782
95.17617 1.712
95.18024 1.477
95.18431 1.384
95.18838 1.853
95.19245 1.571
95.19651 1.243
95.20058 1.360
95.20465 1.618
95.20872 1.548
95.21279 1.407
95.21686 1.173
95.22093 1.501
95.22499 1.735
95.22906 1.431
95.23313 1.337
95.23720 1.290
95.24127 1.477
95.24534 1.454
95.24940 1.431
95.25347 1.384
95.25754 1.266
95.26161 1.548
95.26568 1.243
95.26975 1.524
95.27382 1.477
95.27788 1.337
95.28195 1.173
95.28602 1.548
95.29009 1.407
95.29416 1.290
95.29823 1.149
95.30230 1.313
95.30636 1.407
95.31043 1.290
95.31450 1.384
95.31857 1.313
95.32264 1.501
95.32671 1.501
95.33077 1.477
95.33484 1.290
95.33891 1.407
95.34298 1.384
95.34705 1.313
95.35112 1.407
95.35519 1.454
95.35925 1.337
95.36332 1.524
95.36739 1.595
95.37146 1.337
95.37553 1.595
95.37960 1.548
95.38367 1.665
95.38773 1.126
95.39180 1.243
95.39587 1.243
95.39994 1.220
95.40401 1.618
95.40808 1.149
95.41214 1.266
95.41621 1.782
95.42028 1.431
95.42435 1.360
95.42842 1.266
95.43249 1.501
95.43656 1.524
95.44062 1.360
95.44469 1.407
95.44876 1.196
95.45283 1.102
95.45690 1.220
95.46097 1.501
95.46503 1.360
95.46910 1.196
95.47317 1.008
95.47724 1.220
95.48131 1.243
95.48538 1.571
95.48945 1.337
95.49351 1.595
95.49758 1.431
95.50165 1.501
95.50572 1.524
95.50979 1.759
95.51386 1.102
95.51793 1.337
95.52199 1.360
95.52606 1.384
95.53013 1.290
95.53420 1.454
95.53827 1.501
95.54234 1.360
95.54640 1.220
95.55047 1.220
95.55454 1.384
95.55861 1.548
95.56268 1.524
95.56675 1.266
95.57082 1.548
95.57488 1.243
95.57895 1.501
95.58302 1.501
95.58709 1.360
95.59116 1.337
95.59523 1.313
95.59930 1.384
95.60336 1.970
95.60743 1.290
95.61150 1.384
95.61557 1.548
95.61964 1.829
95.62371 1.548
95.62777 1.501
95.63184 1.384
95.63591 1.477
95.63998 1.524
95.64405 1.407
95.64812 1.149
95.65219 1.524
95.65625 1.477
95.66032 1.266
95.66439 1.431
95.66846 1.853
95.67253 1.454
95.67660 1.384
95.68066 1.548
95.68473 1.313
95.68880 1.477
95.69287 1.149
95.69694 1.524
95.70101 1.266
95.70508 1.829
95.70914 1.454
95.71321 1.266
95.71728 1.337
95.72135 1.524
95.72542 1.571
95.72949 1.735
95.73356 1.384
95.73762 1.853
95.74169 1.313
95.74576 1.337
95.74983 1.712
95.75390 1.501
95.75797 1.384
95.76203 1.548
95.76610 1.642
95.77017 1.759
95.77424 1.689
95.77831 1.782
95.78238 1.595
95.78645 1.571
95.79051 1.712
95.79458 1.501
95.79865 1.290
95.80272 1.900
95.80679 1.407
95.81086 1.665
95.81493 1.173
95.81899 1.618
95.82306 1.595
95.82713 1.431
95.83120 1.642
95.83527 1.548
95.83934 1.595
95.84340 1.454
95.84747 1.618
95.85154 1.571
95.85561 1.290
95.85968 1.689
95.86375 1.806
95.86782 1.524
95.87188 1.595
95.87595 1.149
95.88002 1.548
95.88409 1.595
95.88816 1.759
95.89223 1.243
95.89629 1.477
95.90036 1.735
95.90443 1.571
95.90850 1.689
95.91257 1.782
95.91664 1.501
95.92071 1.712
95.92477 1.735
95.92884 1.407
95.93291 1.806
95.93698 1.313
95.94105 1.595
95.94512 1.407
95.94919 1.454
95.95325 1.829
95.95732 2.040
95.96139 1.571
95.96546 1.642
95.96953 1.829
95.97360 1.501
95.97766 1.431
95.98173 1.712
95.98580 1.360
95.98987 1.501
95.99394 1.477
95.99801 1.712
96.00208 1.571
96.00614 1.735
96.01021 1.313
96.01428 1.313
96.01835 1.407
96.02242 1.524
96.02649 1.759
96.03055 1.571
96.03462 1.571
96.03869 1.384
96.04276 1.735
96.04683 1.384
96.05090 1.759
96.05497 1.524
96.05903 1.501
96.06310 1.689
96.06717 1.548
96.07124 1.360
96.07531 1.477
96.07938 1.220
96.08345 1.524
96.08751 1.477
96.09158 1.337
96.09565 1.595
96.09972 1.313
96.10379 1.173
96.10786 1.477
96.11192 1.477
96.11599 1.454
96.12006 1.266
96.12413 1.618
96.12820 1.782
96.13227 1.407
96.13634 1.642
96.14040 1.196
96.14447 1.243
96.14854 1.243
96.15261 1.337
96.15668 1.337
96.16075 1.313
96.16482 1.548
96.16888 1.360
96.17295 1.431
96.17702 1.384
96.18109 1.290
96.18516 1.548
96.18923 1.665
96.19329 1.243
96.19736 1.524
96.20143 1.665
96.20550 1.618
96.20957 1.431
96.21364 1.501
96.21771 1.665
96.22177 1.266
96.22584 1.266
96.22991 1.290
96.23398 0.891
96.23805 1.431
96.24212 1.360
96.24618 1.313
96.25025 1.173
96.25432 1.126
96.25839 1.454
96.26246 1.571
96.26653 1.220
96.27060 1.407
96.27466 1.618
96.27873 1.431
96.28280 1.431
96.28687 1.595
96.29094 1.149
96.29501 1.290
96.29908 1.079
96.30314 1.173
96.30721 1.384
96.31128 1.665
96.31535 1.735
96.31942 1.266
96.32349 1.431
96.32755 1.524
96.33162 1.290
96.33569 1.337
96.33976 1.266
96.34383 1.243
96.34790 1.595
96.35197 1.313
96.35603 1.454
96.36010 1.595
96.36417 1.008
96.36824 1.196
96.37231 1.337
96.37638 1.290
96.38045 1.266
96.38451 1.196
96.38858 1.126
96.39265 1.102
96.39672 1.196
96.40079 1.055
96.40486 1.290
96.40892 0.985
96.41299 1.290
96.41706 1.360
96.42113 1.290
96.42520 1.102
96.42927 1.243
96.43334 1.032
96.43740 1.196
96.44147 1.126
96.44554 1.407
96.44961 0.962
96.45368 1.149
96.45775 1.173
96.46181 1.290
96.46588 1.337
96.46995 1.360
96.47402 1.149
96.47809 1.126
96.48216 1.055
96.48623 1.290
96.49029 1.454
96.49436 1.642
96.49843 1.243
96.50250 0.821
96.50657 1.102
96.51064 1.337
96.51471 1.360
96.51877 1.196
96.52284 1.196
96.52691 1.102
96.53098 1.079
96.53505 1.407
96.53912 1.313
96.54318 1.008
96.54725 1.126
96.55132 1.149
96.55539 1.477
96.55946 1.102
96.56353 1.524
96.56760 0.962
96.57166 0.985
96.57573 1.220
96.57980 0.915
96.58387 1.079
96.58794 1.407
96.59201 1.337
96.59608 1.290
96.60014 0.704
96.60421 1.360
96.60828 1.102
96.61235 1.337
96.61642 1.149
96.62049 1.149
96.62455 1.220
96.62862 1.173
96.63269 1.337
96.63676 1.055
96.64083 1.243
96.64490 1.407
96.64897 1.079
96.65303 0.962
96.65710 1.102
96.66117 1.032
96.66524 0.985
96.66931 1.243
96.67338 1.008
96.67744 1.079
96.68151 0.821
96.68558 1.055
96.68965 0.868
96.69372 1.266
96.69779 0.938
96.70186 1.126
96.70592 1.008
96.70999 1.196
96.71406 1.360
96.71813 1.079
96.72220 1.266
96.72627 1.243
96.73034 1.196
96.73440 1.220
96.73847 1.290
96.74254 1.431
96.74661 0.891
96.75068 1.243
96.75475 1.126
96.75881 1.220
96.76288 1.173
96.76695 1.266
96.77102 1.079
96.77509 1.102
96.77916 1.126
96.78323 1.220
96.78729 1.126
96.79136 1.079
96.79543 1.196
96.79950 1.055
96.80357 1.173
96.80764 1.032
96.81170 1.431
96.81577 1.407
96.81984 1.055
96.82391 0.985
96.82798 1.032
96.83205 1.126
96.83612 1.173
96.84018 0.891
96.84425 1.008
96.84832 1.149
96.85239 1.008
96.85646 1.173
96.86053 1.126
96.86460 1.173
96.86866 1.008
96.87273 1.337
96.87680 1.220
96.88087 1.055
96.88494 1.290
96.88901 1.079
96.89307 1.173
96.89714 1.196
96.90121 1.173
96.90528 1.055
96.90935 1.102
96.91342 1.008
96.91749 1.032
96.92155 1.079
96.92562 1.173
96.92969 1.313
96.93376 1.079
96.93783 1.126
96.94190 0.985
96.94597 1.431
96.95003 1.079
96.95410 0.938
96.95817 1.008
96.96224 1.102
96.96631 1.290
96.97038 1.126
96.97444 1.196
96.97851 1.290
96.98258 1.149
96.98665 1.032
96.99072 1.313
96.99479 1.196
96.99886 1.196
97.00292 1.032
97.00699 1.102
97.01106 1.008
97.01513 0.985
97.01920 1.102
97.02327 1.196
97.02733 1.149
97.03140 1.290
97.03547 1.102
97.03954 1.220
97.04361 1.008
97.04768 1.407
97.05175 1.407
97.05581 0.985
97.05988 1.220
97.06395 1.102
97.06802 1.290
97.07209 0.915
97.07616 1.243
97.08023 1.313
97.08429 1.266
97.08836 1.149
97.09243 1.220
97.09650 1.266
97.10057 1.149
97.10464 1.126
97.10870 1.008
97.11277 1.337
97.11684 1.196
97.12091 1.126
97.12498 1.290
97.12905 0.938
97.13312 1.407
97.13718 1.360
97.14125 0.938
97.14532 0.938
97.14939 0.938
97.15346 1.384
97.15753 1.220
97.16160 0.891
97.16566 1.126
97.16973 1.102
97.17380 1.079
97.17787 1.032
97.18194 0.962
97.18601 1.243
97.19007 1.079
97.19414 1.149
97.19821 1.313
97.20228 1.032
97.20635 1.126
97.21042 1.243
97.21449 0.938
97.21855 1.008
97.22262 1.266
97.22669 1.055
97.23076 1.126
97.23483 1.149
97.23890 1.290
97.24296 1.384
97.24703 1.290
97.25110 1.102
97.25517 1.524
97.25924 1.032
97.26331 0.727
97.26738 1.173
97.27144 1.196
97.27551 0.938
97.27958 1.008
97.28365 1.196
97.28772 1.149
97.29179 0.938
97.29586 1.079
97.29992 0.938
97.30399 0.962
97.30806 1.220
97.31213 1.126
97.31620 1.149
97.32027 1.149
97.32433 1.055
97.32840 1.102
97.33247 1.055
97.33654 1.008
97.34061 1.126
97.34468 1.243
97.34875 1.196
97.35281 0.962
97.35688 1.173
97.36095 1.102
97.36502 1.102
97.36909 1.220
97.37316 0.938
97.37723 0.938
97.38129 1.008
97.38536 1.149
97.38943 1.079
97.39350 1.196
97.39757 1.266
97.40164 0.962
97.40570 1.126
97.40977 1.032
97.41384 1.196
97.41791 0.821
97.42198 1.243
97.42605 0.985
97.43012 1.477
97.43418 1.220
97.43825 1.079
97.44232 1.079
97.44639 1.196
97.45046 1.126
97.45453 1.055
97.45859 1.243
97.46266 1.126
97.46673 1.032
97.47080 1.360
97.47487 1.290
97.47894 1.454
97.48301 1.243
97.48707 1.173
97.49114 0.985
97.49521 1.102
97.49928 1.454
97.50335 1.196
97.50742 1.290
97.51149 1.079
97.51555 0.962
97.51962 1.266
97.52369 0.985
97.52776 0.915
97.53183 1.196
97.53590 0.985
97.53996 1.102
97.54403 1.337
97.54810 1.290
97.55217 1.220
97.55624 0.915
97.56031 1.032
97.56438 1.266
97.56844 0.774
97.57251 1.407
97.57658 1.102
97.58065 1.501
97.58472 1.149
97.58879 0.891
97.59285 0.985
97.59692 1.032
97.60099 1.008
97.60506 0.938
97.60913 1.102
97.61320 0.938
97.61727 1.290
97.62133 0.962
97.62540 1.008
97.62947 0.985
97.63354 1.032
97.63761 0.868
97.64168 1.173
97.64575 1.266
97.64981 1.126
97.65388 1.055
97.65795 1.032
97.66202 1.243
97.66609 1.149
97.67016 1.290
97.67422 0.985
97.67829 1.102
97.68236 1.220
97.68643 0.844
97.69050 0.962
97.69457 1.055
97.69864 0.962
97.70270 1.243
97.70677 1.126
97.71084 1.196
97.71491 1.337
97.71898 1.055
97.72305 1.079
97.72712 1.149
97.73118 0.915
97.73525 0.985
97.73932 1.243
97.74339 1.196
97.74746 0.985
97.75153 1.290
97.75559 0.938
97.75966 1.055
97.76373 1.454
97.76780 0.962
97.77187 1.102
97.77594 1.337
97.78001 0.962
97.78407 0.633
97.78814 1.126
97.79221 1.079
97.79628 1.126
97.80035 0.985
97.80442 0.938
97.80848 0.821
97.81255 1.290
97.81662 1.055
97.82069 1.220
97.82476 0.774
97.82883 0.727
97.83290 0.915
97.83696 0.985
97.84103 0.750
97.84510 0.915
97.84917 1.149
97.85324 1.055
97.85731 0.797
97.86138 1.008
97.86544 1.196
97.86951 1.126
97.87358 1.079
97.87765 1.290
97.88172 1.149
97.88579 1.384
97.88985 1.079
97.89392 1.079
97.89799 1.220
97.90206 1.431
97.90613 0.868
97.91020 0.938
97.91427 1.220
97.91833 1.055
97.92240 1.337
97.92647 1.384
97.93054 1.032
97.93461 1.173
97.93868 0.868
97.94275 1.055
97.94681 0.586
97.95088 1.266
97.95495 1.173
97.95902 1.079
97.96309 1.055
97.96716 1.032
97.97122 1.008
97.97529 1.173
97.97936 1.173
97.98343 0.680
97.98750 0.680
97.99157 1.196
97.99564 1.055
97.99970 1.126
98.00377 1.008
98.00784 1.102
98.01191 1.055
98.01598 1.571
98.02005 0.985
98.02411 0.985
98.02818 1.290
98.03225 0.985
98.03632 1.196
98.04039 1.384
98.04446 1.032
98.04853 1.008
98.05259 0.985
98.05666 1.220
98.06073 1.243
98.06480 1.079
98.06887 1.102
98.07294 0.938
98.07701 1.008
98.08107 0.985
98.08514 1.173
98.08921 1.149
98.09328 1.055
98.09735 1.032
98.10142 1.102
98.10548 0.962
98.10955 1.079
98.11362 1.407
98.11769 0.868
98.12176 0.985
98.12583 1.032
98.12990 1.008
98.13396 1.032
98.13803 1.149
98.14210 0.727
98.14617 1.055
98.15024 1.173
98.15431 1.266
98.15838 1.008
98.16244 1.243
98.16651 0.774
98.17058 1.220
98.17465 1.431
98.17872 1.008
98.18279 0.985
98.18685 1.126
98.19092 1.126
98.19499 1.220
98.19906 1.243
98.20313 0.844
98.20720 1.196
98.21127 1.032
98.21533 1.079
98.21940 1.008
98.22347 1.266
98.22754 1.149
98.23161 1.313
98.23568 0.915
98.23974 1.220
98.24381 1.032
98.24788 1.454
98.25195 0.985
98.25602 1.102
98.26009 1.290
98.26416 1.196
98.26822 0.938
98.27229 1.126
98.27636 1.008
98.28043 0.821
98.28450 1.126
98.28857 1.055
98.29264 0.915
98.29670 1.337
98.30077 1.149
98.30484 1.032
98.30891 1.126
98.31298 1.337
98.31705 1.384
98.32111 1.149
98.32518 1.126
98.32925 0.868
98.33332 0.985
98.33739 1.102
98.34146 1.008
98.34553 0.962
98.34959 0.985
98.35366 1.079
98.35773 1.079
98.36180 1.384
98.36587 1.337
98.36994 1.266
98.37401 1.149
98.37807 0.985
98.38214 1.102
98.38621 1.032
98.39028 1.008
98.39435 1.243
98.39842 1.266
98.40248 1.454
98.40655 1.055
98.41062 1.008
98.41469 0.985
98.41876 1.266
98.42283 1.102
98.42690 0.844
98.43096 1.196
98.43503 1.243
98.43910 1.126
98.44317 1.360
98.44724 1.008
98.45131 1.055
98.45537 0.891
98.45944 0.985
98.46351 0.868
98.46758 0.868
98.47165 0.938
98.47572 1.290
98.47979 0.844
98.48385 0.891
98.48792 1.173
98.49199 1.149
98.49606 0.938
98.50013 1.220
98.50420 1.008
98.50827 1.032
98.51233 0.868
98.51640 0.938
98.52047 1.102
98.52454 1.220
98.52861 0.985
98.53268 0.962
98.53674 0.868
98.54081 1.055
98.54488 0.868
98.54895 1.102
98.55302 0.868
98.55709 1.055
98.56116 0.962
98.56522 1.173
98.56929 1.220
98.57336 1.055
98.57743 1.243
98.58150 0.962
98.58557 0.962
98.58963 0.891
98.59370 0.915
98.59777 0.985
98.60184 0.868
98.60591 1.055
98.60998 1.102
98.61405 1.149
98.61811 1.196
98.62218 1.008
98.62625 1.149
98.63032 1.032
98.63439 1.008
98.63846 1.196
98.64253 0.704
98.64659 1.126
98.65066 1.055
98.65473 1.290
98.65880 1.079
98.66287 0.821
98.66694 1.032
98.67100 1.126
98.67507 1.102
98.67914 0.962
98.68321 0.915
98.68728 0.985
98.69135 1.079
98.69542 0.938
98.69948 1.102
98.70355 1.149
98.70762 1.126
98.71169 1.008
98.71576 1.055
98.71983 0.962
98.72390 1.008
98.72796 1.266
98.73203 1.196
98.73610 1.220
98.74017 1.290
98.74424 1.313
98.74831 1.173
98.75237 1.008
98.75644 1.079
98.76051 0.938
98.76458 1.243
98.76865 1.055
98.77272 0.985
98.77679 1.196
98.78085 1.126
98.78492 0.962
98.78899 0.915
98.79306 1.102
98.79713 1.149
98.80120 1.008
98.80526 1.079
98.80933 1.008
98.81340 1.126
98.81747 1.149
98.82154 1.149
98.82561 1.243
98.82968 1.220
98.83374 1.149
98.83781 1.173
98.84188 0.962
98.84595 1.313
98.85002 1.079
98.85409 1.126
98.85816 1.032
98.86222 0.727
98.86629 1.008
98.87036 1.149
98.87443 0.821
98.87850 1.196
98.88257 1.055
98.88663 0.962
98.89070 1.008
98.89477 1.290
98.89884 1.149
98.90291 1.196
98.90698 0.797
98.91105 1.149
98.91511 1.102
98.91918 1.126
98.92325 1.243
98.92732 1.220
98.93139 1.055
98.93546 1.079
98.93953 1.079
98.94359 1.243
98.94766 1.407
98.95173 1.102
98.95580 1.290
98.95987 1.008
98.96394 1.008
98.96800 1.008
98.97207 1.126
98.97614 0.938
98.98021 1.196
98.98428 1.126
98.98835 1.008
98.99242 0.868
98.99648 1.079
99.00055 1.055
99.00462 0.938
99.00869 1.196
99.01276 1.102
99.01683 1.032
99.02089 1.196
99.02496 0.868
99.02903 0.985
99.03310 1.079
99.03717 1.055
99.04124 1.290
99.04531 1.102
99.04937 1.032
99.05344 0.985
99.05751 1.102
99.06158 1.220
99.06565 0.915
99.06972 0.915
99.07379 1.173
99.07785 0.962
99.08192 0.985
99.08599 1.055
99.09006 0.938
99.09413 1.243
99.09820 1.243
99.10226 0.915
99.10633 1.008
99.11040 1.266
99.11447 1.032
99.11854 1.313
99.12261 0.938
99.12668 0.938
99.13074 0.868
99.13481 1.337
99.13888 0.915
99.14295 1.008
99.14702 1.008
99.15109 1.173
99.15516 0.938
99.15922 1.196
99.16329 1.102
99.16736 0.938
99.17143 1.266
99.17550 1.243
99.17957 0.844
99.18363 1.149
99.18770 1.008
99.19177 0.985
99.19584 1.032
99.19991 0.938
99.20398 0.985
99.20805 0.915
99.21211 1.008
99.21618 0.962
99.22025 0.844
99.22432 1.384
99.22839 1.196
99.23246 0.821
99.23652 0.750
99.24059 0.985
99.24466 0.962
99.24873 1.079
99.25280 0.938
99.25687 1.337
99.26094 1.149
99.26500 1.337
99.26907 1.102
99.27314 0.868
99.27721 1.149
99.28128 0.868
99.28535 0.985
99.28942 1.102
99.29348 0.962
99.29755 1.008
99.30162 1.360
99.30569 0.985
99.30976 0.821
99.31383 1.102
99.31789 1.384
99.32196 1.384
99.32603 1.149
99.33010 0.915
99.33417 1.032
99.33824 0.915
99.34231 1.008
99.34637 0.938
99.35044 0.962
99.35451 1.173
99.35858 1.196
99.36265 1.243
99.36672 0.915
99.37078 1.243
99.37485 0.985
99.37892 0.774
99.38299 0.985
99.38706 1.689
99.39113 1.008
99.39520 1.313
99.39926 0.891
99.40333 1.149
99.40740 0.962
99.41147 1.008
99.41554 0.962
99.41961 1.008
99.42368 1.079
99.42774 1.266
99.43181 1.032
99.43588 1.102
99.43995 1.126
99.44402 1.008
99.44809 1.126
99.45215 1.360
99.45622 0.797
99.46029 1.055
99.46436 1.032
99.46843 0.891
99.47250 0.915
99.47657 1.290
99.48063 1.220
99.48470 1.032
99.48877 1.032
99.49284 1.243
99.49691 1.290
99.50098 1.102
99.50505 0.962
99.50911 0.797
99.51318 0.985
99.51725 1.079
99.52132 1.243
99.52539 1.055
99.52946 0.915
99.53352 1.196
99.53759 1.337
99.54166 0.821
99.54573 1.102
99.54980 0.962
99.55387 1.173
99.55794 0.868
99.56200 0.985
99.56607 1.173
99.57014 0.938
99.57421 0.915
99.57828 0.844
99.58235 0.821
99.58641 1.477
99.59048 0.962
99.59455 0.962
99.59862 1.008
99.60269 1.290
99.60676 1.055
99.61083 1.055
99.61489 1.313
99.61896 1.032
99.62303 1.008
99.62710 1.126
99.63117 1.290
99.63524 1.008
99.63931 1.032
99.64337 0.915
99.64744 1.055
99.65151 0.915
99.65558 0.985
99.65965 0.962
99.66372 0.938
99.66778 0.915
99.67185 0.985
99.67592 1.126
99.67999 1.431
99.68406 1.008
99.68813 1.266
99.69220 1.266
99.69626 1.079
99.70033 1.102
99.70440 0.868
99.70847 1.032
99.71254 1.266
99.71661 1.196
99.72068 1.220
99.72474 0.962
99.72881 0.633
99.73288 0.938
99.73695 0.938
99.74102 1.079
99.74509 1.032
99.74915 0.985
99.75322 1.173
99.75729 0.915
99.76136 0.915
99.76543 0.797
99.76950 1.008
99.77357 0.891
99.77763 0.868
99.78170 0.915
99.78577 0.915
99.78984 1.032
99.79391 1.149
99.79798 0.891
99.80204 1.032
99.80611 0.891
99.81018 1.079
99.81425 0.962
99.81832 0.985
99.82239 1.126
99.82646 0.962
99.83052 1.126
99.83459 1.126
99.83866 1.079
99.84273 1.149
99.84680 0.985
99.85087 1.220
99.85494 1.055
99.85900 1.008
99.86307 0.915
99.86714 1.055
99.87121 0.938
99.87528 1.173
99.87935 1.126
99.88341 1.079
99.88748 0.844
99.89155 1.055
99.89562 0.962
99.89969 0.868
99.90376 0.750
99.90783 0.868
99.91189 0.844
99.91596 1.008
99.92003 0.797
99.92410 1.008
99.92817 0.868
99.93224 0.938
99.93631 0.985
99.94037 0.938
99.94444 1.337
99.94851 0.985
99.95258 1.196
99.95665 1.243
99.96072 1.454
99.96478 1.102
99.96885 0.962
99.97292 0.938
99.97699 0.985
99.98106 0.985
99.98513 0.962
99.98920 1.149
99.99326 1.454
99.99733 1.173
100.00140 1.149
100.00547 1.149
100.00954 0.891
100.01361 0.868
100.01767 1.079
100.02174 1.032
100.02581 1.149
100.02988 1.055
100.03395 1.032
100.03802 0.891
100.04209 1.079
100.04615 0.821
100.05022 1.243
100.05429 1.126
100.05836 1.220
100.06243 0.915
100.06650 1.149
100.07057 1.079
100.07463 0.891
100.07870 1.008
100.08277 0.844
100.08684 1.337
100.09091 1.032
100.09498 0.704
100.09904 0.915
100.10311 0.821
100.10718 1.055
100.11125 1.360
100.11532 1.220
100.11939 1.196
100.12346 1.126
100.12752 0.962
100.13159 1.126
100.13566 1.126
100.13973 0.868
100.14380 1.079
100.14787 1.196
100.15193 1.126
100.15600 0.938
100.16007 0.915
100.16414 1.266
100.16821 1.173
100.17228 1.102
100.17635 1.173
100.18041 1.173
100.18448 1.220
100.18855 1.032
100.19262 1.055
100.19669 1.173
100.20076 1.149
100.20483 0.844
100.20889 1.149
100.21296 0.938
100.21703 0.985
100.22110 1.055
100.22517 1.126
100.22924 1.079
100.23330 0.891
100.23737 0.962
100.24144 1.102
100.24551 1.055
100.24958 1.149
100.25365 1.126
100.25772 1.126
100.26178 1.220
100.26585 0.985
100.26992 0.844
100.27399 1.032
100.27806 1.126
100.28213 1.220
100.28620 1.032
100.29026 1.032
100.29433 0.797
100.29840 1.032
100.30247 0.868
100.30654 1.008
100.31061 1.196
100.31467 1.079
100.31874 1.243
100.32281 0.962
100.32688 1.032
100.33095 0.962
100.33502 0.985
100.33909 0.891
100.34315 1.079
100.34722 0.985
100.35129 1.149
100.35536 0.962
100.35943 1.313
100.36350 0.844
100.36756 1.102
100.37163 1.055
100.37570 1.524
100.37977 1.220
100.38384 0.891
100.38791 1.055
100.39198 0.915
100.39604 1.079
100.40011 0.938
100.40418 1.337
100.40825 0.915
100.41232 1.337
100.41639 0.915
100.42046 0.844
100.42452 0.891
100.42859 1.126
100.43266 1.149
100.43673 0.985
100.44080 0.915
100.44487 1.008
100.44893 0.915
100.45300 1.126
100.45707 1.079
100.46114 1.220
100.46521 0.844
100.46928 0.915
100.47335 0.985
100.47741 1.008
100.48148 0.938
100.48555 0.797
100.48962 1.243
100.49369 1.196
100.49776 0.915
100.50183 0.750
100.50589 0.891
100.50996 0.891
100.51403 0.821
100.51810 1.079
100.52217 0.891
100.52624 0.868
100.53030 1.149
100.53437 0.915
100.53844 1.126
100.54251 1.032
100.54658 1.102
100.55065 1.196
100.55472 0.938
100.55878 1.079
100.56285 1.102
100.56692 0.891
100.57099 0.844
100.57506 1.196
100.57913 1.055
100.58319 0.915
100.58726 0.985
100.59133 0.985
100.59540 1.126
100.59947 1.079
100.60354 1.055
100.60761 0.985
100.61167 1.008
100.61574 1.102
100.61981 0.962
100.62388 1.102
100.62795 1.173
100.63202 1.220
100.63609 1.055
100.64015 0.962
100.64422 1.032
100.64829 1.008
100.65236 1.337
100.65643 0.915
100.66050 1.149
100.66456 0.985
100.66863 1.102
100.67270 1.149
100.67677 0.868
100.68084 0.985
100.68491 0.868
100.68898 0.915
100.69304 1.173
100.69711 1.055
100.70118 1.079
100.70525 1.079
100.70932 0.985
100.71339 1.126
100.71746 1.079
100.72152 1.384
100.72559 1.008
100.72966 1.501
100.73373 0.962
100.73780 1.102
100.74187 0.915
100.74593 0.962
100.75000 0.797
100.75407 0.938
100.75814 1.149
100.76221 1.102
100.76628 0.868
100.77035 0.915
100.77441 1.008
100.77848 0.821
100.78255 1.126
100.78662 0.938
100.79069 1.032
100.79476 0.915
100.79882 0.844
100.80289 0.938
100.80696 1.008
100.81103 0.657
100.81510 0.962
100.81917 0.938
100.82324 1.149
100.82730 1.102
100.83137 0.962
100.83544 0.985
100.83951 0.821
100.84358 1.102
100.84765 0.962
100.85172 1.032
100.85578 0.868
100.85985 0.868
100.86392 0.962
100.86799 1.079
100.87206 1.220
100.87613 0.844
100.88019 0.938
100.88426 0.938
100.88833 1.032
100.89240 0.891
100.89647 1.290
100.90054 0.844
100.90461 0.915
100.90867 1.055
100.91274 1.032
100.91681 0.727
100.92088 1.243
100.92495 1.313
100.92902 0.821
100.93308 0.985
100.93715 1.266
100.94122 0.962
100.94529 0.915
100.94936 0.891
100.95343 1.126
100.95750 0.797
100.96156 0.962
100.96563 1.008
100.96970 1.266
100.97377 0.938
100.97784 1.102
100.98191 0.938
100.98598 0.868
100.99004 0.962
100.99411 0.915
100.99818 0.962
101.00225 1.290
101.00632 0.750
101.01039 1.149
101.01445 1.008
101.01852 1.102
101.02259 0.774
101.02666 0.938
101.03073 0.891
101.03480 1.008
101.03887 1.126
101.04293 0.774
101.04700 0.891
101.05107 1.055
101.05514 1.079
101.05921 1.243
101.06328 0.915
101.06735 0.563
101.07141 1.102
101.07548 1.126
101.07955 0.891
101.08362 1.290
101.08769 1.079
101.09176 1.032
101.09582 0.821
101.09989 0.985
101.10396 0.727
101.10803 0.844
101.11210 1.102
101.11617 1.055
101.12024 1.032
101.12430 0.915
101.12837 1.149
101.13244 0.727
101.13651 0.868
101.14058 1.008
101.14465 1.126
101.14871 0.962
101.15278 1.008
101.15685 0.797
101.16092 0.962
101.16499 1.126
101.16906 0.868
101.17313 0.962
101.17719 1.173
101.18126 0.844
101.18533 1.032
101.18940 0.985
101.19347 0.985
101.19754 0.821
101.20161 0.938
101.20567 0.985
101.20974 0.915
101.21381 1.079
101.21788 1.032
101.22195 1.126
101.22602 0.868
101.23008 1.032
101.23415 1.079
101.23822 0.797
101.24229 1.149
101.24636 1.032
101.25043 1.032
101.25450 0.985
101.25856 0.915
101.26263 1.102
101.26670 0.844
101.27077 1.196
101.27484 0.868
101.27891 0.704
101.28298 1.149
101.28704 0.985
101.29111 1.196
101.29518 1.290
101.29925 0.985
101.30332 0.797
101.30739 0.915
101.31145 0.774
101.31552 0.915
101.31959 1.079
101.32366 1.243
101.32773 0.797
101.33180 1.079
101.33587 1.243
101.33993 1.149
101.34400 0.985
101.34807 0.774
101.35214 0.962
101.35621 0.844
101.36028 0.868
101.36434 0.938
101.36841 1.102
101.37248 1.243
101.37655 0.727
101.38062 0.915
101.38469 1.032
101.38876 0.915
101.39282 1.196
101.39689 0.938
101.40096 1.126
101.40503 0.985
101.40910 1.008
101.41317 0.821
101.41724 0.938
101.42130 1.032
101.42537 0.985
101.42944 0.962
101.43351 0.938
101.43758 1.173
101.44165 1.313
101.44571 1.196
101.44978 1.008
101.45385 1.032
101.45792 0.938
101.46199 1.008
101.46606 1.079
101.47013 0.844
101.47419 1.149
101.47826 0.891
101.48233 0.868
101.48640 1.055
101.49047 1.008
101.49454 0.985
101.49861 1.220
101.50267 0.891
101.50674 0.938
101.51081 0.868
101.51488 0.727
101.51895 1.313
101.52302 0.891
101.52708 1.149
101.53115 0.985
101.53522 0.915
101.53929 1.008
101.54336 0.938
101.54743 0.891
101.55150 1.032
101.55556 1.220
101.55963 0.985
101.56370 1.079
101.56777 0.985
101.57184 0.891
101.57591 1.477
101.57997 1.032
101.58404 0.962
101.58811 1.149
101.59218 0.938
101.59625 0.821
101.60032 0.844
101.60439 0.938
101.60845 0.774
101.61252 0.821
101.61659 1.079
101.62066 0.985
101.62473 0.797
101.62880 0.985
101.63287 1.079
101.63693 0.985
101.64100 0.891
101.64507 0.868
101.64914 0.727
101.65321 1.008
101.65728 0.797
101.66134 1.032
101.66541 1.266
101.66948 0.891
101.67355 0.962
101.67762 1.079
101.68169 1.126
101.68576 1.126
101.68982 1.126
101.69389 0.915
101.69796 1.220
101.70203 1.032
101.70610 0.891
101.71017 1.220
101.71424 1.032
101.71830 1.126
101.72237 1.220
101.72644 0.985
101.73051 1.079
101.73458 1.032
101.73865 1.055
101.74271 1.220
101.74678 0.985
101.75085 1.079
101.75492 1.337
101.75899 0.891
101.76306 0.727
101.76713 1.032
101.77119 0.915
101.77526 0.962
101.77933 0.938
101.78340 0.891
101.78747 0.962
101.79154 0.844
101.79560 1.126
101.79967 0.985
101.80374 0.844
101.80781 0.938
101.81188 1.266
101.81595 0.750
101.82002 1.032
101.82408 1.149
101.82815 0.774
101.83222 0.868
101.83629 0.891
101.84036 1.032
101.84443 0.844
101.84850 0.985
101.85256 1.126
101.85663 1.149
101.86070 0.938
101.86477 1.173
101.86884 0.868
101.87291 1.149
101.87697 0.915
101.88104 0.844
101.88511 1.102
101.88918 0.962
101.89325 1.032
101.89732 0.797
101.90139 1.055
101.90545 1.243
101.90952 0.868
101.91359 0.844
101.91766 1.032
101.92173 1.337
101.92580 0.962
101.92986 0.657
101.93393 0.938
101.93800 0.985
101.94207 0.938
101.94614 0.985
101.95021 0.938
101.95428 0.868
101.95834 1.126
101.96241 0.891
101.96648 1.196
101.97055 0.915
101.97462 0.821
101.97869 1.149
101.98276 0.750
101.98682 0.844
101.99089 0.962
101.99496 0.915
101.99903 1.032
102.00310 0.891
102.00717 0.938
102.01123 0.985
102.01530 1.055
102.01937 0.891
102.02344 1.079
102.02751 1.008
102.03158 0.821
102.03565 1.173
102.03971 1.173
102.04378 0.891
102.04785 0.962
102.05192 0.985
102.05599 1.149
102.06006 0.915
102.06413 0.844
102.06819 1.149
102.07226 1.102
102.07633 0.868
102.08040 0.962
102.08447 0.868
102.08854 1.313
102.09260 1.032
102.09667 1.079
102.10074 1.313
102.10481 1.220
102.10888 1.032
102.11295 0.985
102.11702 0.962
102.12108 1.126
102.12515 0.985
102.12922 1.032
102.13329 0.704
102.13736 1.196
102.14143 0.657
102.14549 0.868
102.14956 1.126
102.15363 1.102
102.15770 1.008
102.16177 1.126
102.16584 1.032
102.16991 0.821
102.17397 0.891
102.17804 0.915
102.18211 0.891
102.18618 0.774
102.19025 0.891
102.19432 0.774
102.19839 0.915
102.20245 1.008
102.20652 1.126
102.21059 1.126
102.21466 1.173
102.21873 0.704
102.22280 1.079
102.22686 0.985
102.23093 1.032
102.23500 0.844
102.23907 1.196
102.24314 0.891
102.24721 1.290
102.25128 1.055
102.25534 1.008
102.25941 1.243
102.26348 0.985
102.26755 0.680
102.27162 1.173
102.27569 1.079
102.27976 0.915
102.28382 0.704
102.28789 1.032
102.29196 1.126
102.29603 0.985
102.30010 1.126
102.30417 1.079
102.30823 0.844
102.31230 1.055
102.31637 0.962
102.32044 1.032
102.32451 0.962
102.32858 1.102
102.33265 1.032
102.33671 1.173
102.34078 1.032
102.34485 1.266
102.34892 1.008
102.35299 1.196
102.35706 0.797
102.36112 1.008
102.36519 0.868
102.36926 1.055
102.37333 1.032
102.37740 1.032
102.38147 0.891
102.38554 0.727
102.38960 0.844
102.39367 0.844
102.39774 1.055
102.40181 0.704
102.40588 0.844
102.40995 1.032
102.41402 1.008
102.41808 0.868
102.42215 0.727
102.42622 1.220
102.43029 0.938
102.43436 1.055
102.43843 1.149
102.44249 1.032
102.44656 0.891
102.45063 0.774
102.45470 0.727
102.45877 1.102
102.46284 1.126
102.46691 0.797
102.47097 1.126
102.47504 0.797
102.47911 1.079
102.48318 0.844
102.48725 1.079
102.49132 0.868
102.49539 1.243
102.49945 0.915
102.50352 0.938
102.50759 1.079
102.51166 0.938
102.51573 0.985
102.51980 1.008
102.52386 1.008
102.52793 0.868
102.53200 1.032
102.53607 1.126
102.54014 0.985
102.54421 0.774
102.54828 0.774
102.55234 0.962
102.55641 1.337
102.56048 0.844
102.56455 0.821
102.56862 1.008
102.57269 0.915
102.57675 1.079
102.58082 1.220
102.58489 1.173
102.58896 0.821
102.59303 0.962
102.59710 0.962
102.60117 0.938
102.60523 0.727
102.60930 1.149
102.61337 0.844
102.61744 1.102
102.62151 1.008
102.62558 0.962
102.62965 0.844
102.63371 0.821
102.63778 0.774
102.64185 0.938
102.64592 1.079
102.64999 1.079
102.65406 1.149
102.65812 0.985
102.66219 0.962
102.66626 1.008
102.67033 1.055
102.67440 0.962
102.67847 1.102
102.68254 1.196
102.68660 0.774
102.69067 0.915
102.69474 0.891
102.69881 1.008
102.70288 1.220
102.70695 1.008
102.71101 0.915
102.71508 0.797
102.71915 0.704
102.72322 1.313
102.72729 0.774
102.73136 0.891
102.73543 0.891
102.73949 0.985
102.74356 0.797
102.74763 0.915
102.75170 0.868
102.75577 0.680
102.75984 0.985
102.76391 0.774
102.76797 0.985
102.77204 1.079
102.77611 0.985
102.78018 0.797
102.78425 1.032
102.78832 1.220
102.79238 1.079
102.79645 1.220
102.80052 0.938
102.80459 0.962
102.80866 0.915
102.81273 0.821
102.81680 1.079
102.82086 0.985
102.82493 0.938
102.82900 1.079
102.83307 0.750
102.83714 1.149
102.84121 0.797
102.84528 0.868
102.84934 0.891
102.85341 1.032
102.85748 0.962
102.86155 0.727
102.86562 1.055
102.86969 1.102
102.87375 1.008
102.87782 0.915
102.88189 1.079
102.88596 1.055
102.89003 1.032
102.89410 1.079
102.89817 0.915
102.90223 1.079
102.90630 1.126
102.91037 1.102
102.91444 1.079
102.91851 1.008
102.92258 1.079
102.92664 0.844
102.93071 0.985
102.93478 1.008
102.93885 1.008
102.94292 0.962
102.94699 0.891
102.95106 1.173
102.95512 0.821
102.95919 0.915
102.96326 1.126
102.96733 0.868
102.97140 0.797
102.97547 1.055
102.97954 0.797
102.98360 1.055
102.98767 0.844
102.99174 1.055
102.99581 1.266
102.99988 0.985
103.00395 0.985
103.00801 0.797
103.01208 0.915
103.01615 1.102
103.02022 1.008
103.02429 0.774
103.02836 1.149
103.03243 0.962
103.03649 1.008
103.04056 0.727
103.04463 0.891
103.04870 0.821
103.05277 0.868
103.05684 0.680
103.06091 1.008
103.06497 0.915
103.06904 0.750
103.07311 0.821
103.07718 0.844
103.08125 1.079
103.08532 0.750
103.08938 0.985
103.09345 1.008
103.09752 0.821
103.10159 0.868
103.10566 1.032
103.10973 1.149
103.11380 1.079
103.11786 0.821
103.12193 0.844
103.12600 0.985
103.13007 1.196
103.13414 1.126
103.13821 0.868
103.14227 1.149
103.14634 0.938
103.15041 0.868
103.15448 1.102
103.15855 0.821
103.16262 0.750
103.16669 0.915
103.17075 1.032
103.17482 0.680
103.17889 0.704
103.18296 0.962
103.18703 0.868
103.19110 0.938
103.19517 0.868
103.19923 1.149
103.20330 0.797
103.20737 1.055
103.21144 0.891
103.21551 0.891
103.21958 1.149
103.22364 1.196
103.22771 0.891
103.23178 0.868
103.23585 1.008
103.23992 0.727
103.24399 0.821
103.24806 0.821
103.25212 0.962
103.25619 0.821
103.26026 1.008
103.26433 1.149
103.26840 0.938
103.27247 0.962
103.27654 1.008
103.28060 1.126
103.28467 0.750
103.28874 0.844
103.29281 1.032
103.29688 1.008
103.30095 0.962
103.30501 1.079
103.30908 1.220
103.31315 0.891
103.31722 1.196
103.32129 1.243
103.32536 1.126
103.32943 0.915
103.33349 1.032
103.33756 0.750
103.34163 1.055
103.34570 0.962
103.34977 0.915
103.35384 1.008
103.35790 0.915
103.36197 0.891
103.36604 0.938
103.37011 0.844
103.37418 0.797
103.37825 0.938
103.38232 1.032
103.38638 0.938
103.39045 0.915
103.39452 0.915
103.39859 0.727
103.40266 0.915
103.40673 1.079
103.41080 0.891
103.41486 0.985
103.41893 0.868
103.42300 0.915
103.42707 1.008
103.43114 1.126
103.43521 1.079
103.43927 0.891
103.44334 0.962
103.44741 1.008
103.45148 0.844
103.45555 0.938
103.45962 0.844
103.46369 0.891
103.46775 1.102
103.47182 0.985
103.47589 0.844
103.47996 0.563
103.48403 0.915
103.48810 0.563
103.49216 0.844
103.49623 0.868
103.50030 0.915
103.50437 0.844
103.50844 0.962
103.51251 0.891
103.51658 0.774
103.52064 1.384
103.52471 0.891
103.52878 1.032
103.53285 1.079
103.53692 0.915
103.54099 0.915
103.54506 0.985
103.54912 0.797
103.55319 0.704
103.55726 1.196
103.56133 0.750
103.56540 0.938
103.56947 0.891
103.57353 0.985
103.57760 0.821
103.58167 0.797
103.58574 0.891
103.58981 0.868
103.59388 0.821
103.59795 0.844
103.60201 0.985
103.60608 0.844
103.61015 1.126
103.61422 0.844
103.61829 0.821
103.62236 1.032
103.62643 0.868
103.63049 0.915
103.63456 0.844
103.63863 0.985
103.64270 0.985
103.64677 0.962
103.65084 1.008
103.65490 1.102
103.65897 0.797
103.66304 0.962
103.66711 1.102
103.67118 1.008
103.67525 0.915
103.67932 1.126
103.68338 1.126
103.68745 0.704
103.69152 0.891
103.69559 1.032
103.69966 0.915
103.70373 0.844
103.70779 0.938
103.71186 0.985
103.71593 1.337
103.72000 0.915
103.72407 0.891
103.72814 0.844
103.73221 1.032
103.73627 1.173
103.74034 0.797
103.74441 0.844
103.74848 1.079
103.75255 1.173
103.75662 0.985
103.76069 0.680
103.76475 0.750
103.76882 0.774
103.77289 0.797
103.77696 0.891
103.78103 1.032
103.78510 0.938
103.78916 0.915
103.79323 0.868
103.79730 0.962
103.80137 1.102
103.80544 1.313
103.80951 0.821
103.81358 0.891
103.81764 0.915
103.82171 1.079
103.82578 0.915
103.82985 0.774
103.83392 0.962
103.83799 0.797
103.84206 0.938
103.84612 0.985
103.85019 0.774
103.85426 0.915
103.85833 1.032
103.86240 0.821
103.86647 0.821
103.87053 0.821
103.87460 0.938
103.87867 1.055
103.88274 0.680
103.88681 0.938
103.89088 0.750
103.89495 0.985
103.89901 1.055
103.90308 0.915
103.90715 0.821
103.91122 0.891
103.91529 0.938
103.91936 1.032
103.92342 1.079
103.92749 0.821
103.93156 1.008
103.93563 0.985
103.93970 1.055
103.94377 0.727
103.94784 0.868
103.95190 0.962
103.95597 0.797
103.96004 0.844
103.96411 0.915
103.96818 0.891
103.97225 1.032
103.97632 0.821
103.98038 0.891
103.98445 0.985
103.98852 1.126
103.99259 0.891
103.99666 0.868
104.00073 1.290
104.00479 0.938
104.00886 0.821
104.01293 1.079
104.01700 0.962
104.02107 0.891
104.02514 1.243
104.02921 0.938
104.03327 0.891
104.03734 1.173
104.04141 0.844
104.04548 0.891
104.04955 0.797
104.05362 1.196
104.05769 1.173
104.06175 0.962
104.06582 1.079
104.06989 1.196
104.07396 0.868
104.07803 1.008
104.08210 0.610
104.08616 0.962
104.09023 0.704
104.09430 0.844
104.09837 1.055
104.10244 1.008
104.10651 0.727
104.11058 0.868
104.11464 0.704
104.11871 0.774
104.12278 0.680
104.12685 1.055
104.13092 1.008
104.13499 0.868
104.13905 0.774
104.14312 0.774
104.14719 1.008
104.15126 0.868
104.15533 0.915
104.15940 1.032
104.16347 1.055
104.16753 1.266
104.17160 0.844
104.17567 1.126
104.17974 0.938
104.18381 0.750
104.18788 1.102
104.19195 0.962
104.19601 0.962
104.20008 0.844
104.20415 0.891
104.20822 0.915
104.21229 1.032
104.21636 0.727
104.22042 0.868
104.22449 0.633
104.22856 0.797
104.23263 0.891
104.23670 0.891
104.24077 1.055
104.24484 0.938
104.24890 0.915
104.25297 0.868
104.25704 0.962
104.26111 0.891
104.26518 0.938
104.26925 0.704
104.27331 0.962
104.27738 0.891
104.28145 0.797
104.28552 0.938
104.28959 1.079
104.29366 1.055
104.29773 0.844
104.30179 0.985
104.30586 0.938
104.30993 0.915
104.31400 0.915
104.31807 0.938
104.32214 0.915
104.32621 0.915
104.33027 1.079
104.33434 1.196
104.33841 0.774
104.34248 1.126
104.34655 1.149
104.35062 1.032
104.35468 0.797
104.35875 0.868
104.36282 0.868
104.36689 1.008
104.37096 0.821
104.37503 1.196
104.37910 1.173
104.38316 0.915
104.38723 0.868
104.39130 1.055
104.39537 0.915
104.39944 1.032
104.40351 1.008
104.40758 0.962
104.41164 0.915
104.41571 1.149
104.41978 0.821
104.42385 0.938
104.42792 1.126
104.43199 0.868
104.43605 1.055
104.44012 0.868
104.44419 0.962
104.44826 0.868
104.45233 1.290
104.45640 1.032
104.46047 0.915
104.46453 0.985
104.46860 0.797
104.47267 0.750
104.47674 0.868
104.48081 1.008
104.48488 0.680
104.48894 1.220
104.49301 0.985
104.49708 0.844
104.50115 1.055
104.50522 1.173
104.50929 0.797
104.51336 0.680
104.51742 0.797
104.52149 1.008
104.52556 1.126
104.52963 0.868
104.53370 0.962
104.53777 0.915
104.54184 0.727
104.54590 0.938
104.54997 0.797
104.55404 1.079
104.55811 0.821
104.56218 1.149
104.56625 1.079
104.57031 0.797
104.57438 1.243
104.57845 0.774
104.58252 0.891
104.58659 0.915
104.59066 0.797
104.59473 0.868
104.59879 0.750
104.60286 1.173
104.60693 0.868
104.61100 1.126
104.61507 1.055
104.61914 0.868
104.62321 1.079
104.62727 0.727
104.63134 0.797
104.63541 0.938
104.63948 1.126
104.64355 0.962
104.64762 1.102
104.65168 1.079
104.65575 1.032
104.65982 1.173
104.66389 0.844
104.66796 0.704
104.67203 1.055
104.67610 1.102
104.68016 0.985
104.68423 0.844
104.68830 0.844
104.69237 0.821
104.69644 0.985
104.70051 0.891
104.70457 1.008
104.70864 1.055
104.71271 1.126
104.71678 1.032
104.72085 1.173
104.72492 1.079
104.72899 0.821
104.73305 1.102
104.73712 0.633
104.74119 0.797
104.74526 0.868
104.74933 0.915
104.75340 0.727
104.75747 0.868
104.76153 0.915
104.76560 0.844
104.76967 0.821
104.77374 0.844
104.77781 1.243
104.78188 0.797
104.78594 0.727
104.79001 0.774
104.79408 1.079
104.79815 0.844
104.80222 0.985
104.80629 1.032
104.81036 1.008
104.81442 0.633
104.81849 1.055
104.82256 0.891
104.82663 1.149
104.83070 0.680
104.83477 0.774
104.83884 0.563
104.84290 0.680
104.84697 1.008
104.85104 0.727
104.85511 0.938
104.85918 0.915
104.86325 0.727
104.86731 0.962
104.87138 1.008
104.87545 0.985
104.87952 1.149
104.88359 1.032
104.88766 0.821
104.89173 0.750
104.89579 1.008
104.89986 0.750
104.90393 0.868
104.90800 1.102
104.91207 0.844
104.91614 0.774
104.92020 0.891
104.92427 1.149
104.92834 0.915
104.93241 0.797
104.93648 0.727
104.94055 0.891
104.94462 0.844
104.94868 1.008
104.95275 0.962
104.95682 1.079
104.96089 1.032
104.96496 0.962
104.96903 0.962
104.97310 1.102
104.97716 0.821
104.98123 1.079
104.98530 0.844
104.98937 1.032
104.99344 1.079
104.99751 0.774
105.00157 0.938
105.00564 0.727
105.00971 1.173
105.01378 0.891
105.01785 0.821
105.02192 1.032
105.02599 0.985
105.03005 0.844
105.03412 0.774
105.03819 0.797
105.04226 0.915
105.04633 1.008
105.05040 0.985
105.05447 0.821
105.05853 1.032
105.06260 0.938
105.06667 1.008
105.07074 1.055
105.07481 0.844
105.07888 1.008
105.08294 0.821
105.08701 1.196
105.09108 0.985
105.09515 0.962
105.09922 0.938
105.10329 1.055
105.10736 1.055
105.11142 1.149
105.11549 0.985
105.11956 1.102
105.12363 0.868
105.12770 1.032
105.13177 0.727
105.13583 1.008
105.13990 1.055
105.14397 0.938
105.14804 0.844
105.15211 1.008
105.15618 0.915
105.16025 0.633
105.16431 1.126
105.16838 1.196
105.17245 0.750
105.17652 0.938
105.18059 0.985
105.18466 0.938
105.18873 1.032
105.19279 0.750
105.19686 0.938
105.20093 1.079
105.20500 1.290
105.20907 1.032
105.21314 1.149
105.21720 0.844
105.22127 0.891
105.22534 0.985
105.22941 0.727
105.23348 1.008
105.23755 0.657
105.24162 0.938
105.24568 0.962
105.24975 0.938
105.25382 1.149
105.25789 0.962
105.26196 1.032
105.26603 1.008
105.27009 0.962
105.27416 1.008
105.27823 0.938
105.28230 0.915
105.28637 1.055
105.29044 0.844
105.29451 1.102
105.29857 0.821
105.30264 0.985
105.30671 0.915
105.31078 0.962
105.31485 1.196
105.31892 0.985
105.32299 0.985
105.32705 1.032
105.33112 0.962
105.33519 0.727
105.33926 1.079
105.34333 0.727
105.34740 0.750
105.35146 0.868
105.35553 0.821
105.35960 1.079
105.36367 0.985
105.36774 0.985
105.37181 0.938
105.37588 1.102
105.37994 0.868
105.38401 1.079
105.38808 1.290
105.39215 1.266
105.39622 1.055
105.40029 0.938
105.40436 1.220
105.40842 1.454
105.41249 1.196
105.41656 0.774
105.42063 1.102
105.42470 1.126
105.42877 0.868
105.43283 0.797
105.43690 0.938
105.44097 0.797
105.44504 1.008
105.44911 1.220
105.45318 1.126
105.45725 1.008
105.46131 1.008
105.46538 1.220
105.46945 1.243
105.47352 1.149
105.47759 0.868
105.48166 1.102
105.48572 1.079
105.48979 0.774
105.49386 0.985
105.49793 1.126
105.50200 1.173
105.50607 0.985
105.51014 0.868
105.51420 1.055
105.51827 1.149
105.52234 1.079
105.52641 1.008
105.53048 0.868
105.53455 0.962
105.53862 1.313
105.54268 1.173
105.54675 0.962
105.55082 1.055
105.55489 0.844
105.55896 0.938
105.56303 1.220
105.56709 0.750
105.57116 0.962
105.57523 1.079
105.57930 0.868
105.58337 1.079
105.58744 0.985
105.59151 1.032
105.59557 1.055
105.59964 1.126
105.60371 1.079
105.60778 1.126
105.61185 1.501
105.61592 0.844
105.61999 1.220
105.62405 0.938
105.62812 1.008
105.63219 0.750
105.63626 1.079
105.64033 1.032
105.64440 1.196
105.64846 1.196
105.65253 1.126
105.65660 1.196
105.66067 1.360
105.66474 1.126
105.66881 0.750
105.67288 1.149
105.67694 1.173
105.68101 1.266
105.68508 1.032
105.68915 1.149
105.69322 1.313
105.69729 1.149
105.70135 1.126
105.70542 1.102
105.70949 1.266
105.71356 1.290
105.71763 1.243
105.72170 0.915
105.72577 0.985
105.72983 1.008
105.73390 1.290
105.73797 1.196
105.74204 1.220
105.74611 1.149
105.75018 0.985
105.75425 1.360
105.75831 1.008
105.76238 1.313
105.76645 1.290
105.77052 1.454
105.77459 1.055
105.77866 1.220
105.78272 1.337
105.78679 1.149
105.79086 1.102
105.79493 1.102
105.79900 1.337
105.80307 1.149
105.80714 0.891
105.81120 1.384
105.81527 0.938
105.81934 1.243
105.82341 1.313
105.82748 1.571
105.83155 1.337
105.83562 1.290
105.83968 0.962
105.84375 1.032
105.84782 1.243
105.85189 1.266
105.85596 1.102
105.86003 1.149
105.86409 1.126
105.86816 0.915
105.87223 0.844
105.87630 0.962
105.88037 1.477
105.88444 0.938
105.88851 1.384
105.89257 1.337
105.89664 1.102
105.90071 1.173
105.90478 1.220
105.90885 1.102
105.91292 1.149
105.91698 0.985
105.92105 1.126
105.92512 1.477
105.92919 1.173
105.93326 1.032
105.93733 1.266
105.94140 0.797
105.94546 1.102
105.94953 1.266
105.95360 1.337
105.95767 1.220
105.96174 1.149
105.96581 1.266
105.96988 1.149
105.97394 1.032
105.97801 1.149
105.98208 0.938
105.98615 1.196
105.99022 1.173
105.99429 1.079
105.99835 1.149
106.00242 1.266
106.00649 1.149
106.01056 1.524
106.01463 1.079
106.01870 1.384
106.02277 0.821
106.02683 1.196
106.03090 1.079
106.03497 1.126
106.03904 0.985
106.04311 0.985
106.04718 1.102
106.05124 0.938
106.05531 0.868
106.05938 1.055
106.06345 1.313
106.06752 1.196
106.07159 1.079
106.07566 1.313
106.07972 0.891
106.08379 1.126
106.08786 1.079
106.09193 1.149
106.09600 1.454
106.10007 1.220
106.10414 1.149
106.10820 1.126
106.11227 1.079
106.11634 0.868
106.12041 1.079
106.12448 1.290
106.12855 0.938
106.13261 1.524
106.13668 1.290
106.14075 0.797
106.14482 0.985
106.14889 1.290
106.15296 1.126
106.15703 1.337
106.16109 0.985
106.16516 1.055
106.16923 0.915
106.17330 1.196
106.17737 1.055
106.18144 1.407
106.18551 1.243
106.18957 1.384
106.19364 1.173
106.19771 1.079
106.20178 1.008
106.20585 1.243
106.20992 0.962
106.21398 1.055
106.21805 1.126
106.22212 1.102
106.22619 1.008
106.23026 1.196
106.23433 0.868
106.23840 1.313
106.24246 0.915
106.24653 1.290
106.25060 0.938
106.25467 0.962
106.25874 1.102
106.26281 1.008
106.26687 1.313
106.27094 1.313
106.27501 0.985
106.27908 1.008
106.28315 1.008
106.28722 1.407
106.29129 1.102
106.29535 1.149
106.29942 1.149
106.30349 1.079
106.30756 1.008
106.31163 0.891
106.31570 0.868
106.31977 1.126
106.32383 1.149
106.32790 1.079
106.33197 1.055
106.33604 1.126
106.34011 1.102
106.34418 1.102
106.34824 1.126
106.35231 0.868
106.35638 1.313
106.36045 1.313
106.36452 1.313
106.36859 0.985
106.37266 1.243
106.37672 1.008
106.38079 1.149
106.38486 1.337
106.38893 1.196
106.39300 1.102
106.39707 1.102
106.40114 0.915
106.40520 1.220
106.40927 1.149
106.41334 0.915
106.41741 1.055
106.42148 1.243
106.42555 0.868
106.42961 1.032
106.43368 0.891
106.43775 0.704
106.44182 1.055
106.44589 0.985
106.44996 1.149
106.45403 1.290
106.45809 1.008
106.46216 0.962
106.46623 1.079
106.47030 1.149
106.47437 1.079
106.47844 1.173
106.48250 1.126
106.48657 1.243
106.49064 1.290
106.49471 0.938
106.49878 0.844
106.50285 1.126
106.50692 0.797
106.51098 0.985
106.51505 0.915
106.51912 1.149
106.52319 0.868
106.52726 0.844
106.53133 1.055
106.53540 1.149
106.53946 1.266
106.54353 1.008
106.54760 0.938
106.55167 0.962
106.55574 1.149
106.55981 0.868
106.56387 0.797
106.56794 1.126
106.57201 0.844
106.57608 0.962
106.58015 0.985
106.58422 0.962
106.58829 1.032
106.59235 1.079
106.59642 1.032
106.60049 0.821
106.60456 1.079
106.60863 0.985
106.61270 0.750
106.61677 0.985
106.62083 1.126
106.62490 0.985
106.62897 1.079
106.63304 0.821
106.63711 1.126
106.64118 0.962
106.64524 0.868
106.64931 1.102
106.65338 0.704
106.65745 1.032
106.66152 1.102
106.66559 0.821
106.66966 1.126
106.67372 1.055
106.67779 0.915
106.68186 0.915
106.68593 0.985
106.69000 1.102
106.69407 0.891
106.69813 0.985
106.70220 0.915
106.70627 1.079
106.71034 0.821
106.71441 0.962
106.71848 1.290
106.72255 1.220
106.72661 0.915
106.73068 1.149
106.73475 0.821
106.73882 0.962
106.74289 1.079
106.74696 0.797
106.75103 0.962
106.75509 1.102
106.75916 1.008
106.76323 0.868
106.76730 0.938
106.77137 0.891
106.77544 0.633
106.77950 0.680
106.78357 1.196
106.78764 0.938
106.79171 0.797
106.79578 1.079
106.79985 0.797
106.80392 0.938
106.80798 1.149
106.81205 1.055
106.81612 0.750
106.82019 1.173
106.82426 0.891
106.82833 1.055
106.83239 1.102
106.83646 0.891
106.84053 0.985
106.84460 0.704
106.84867 0.891
106.85274 0.891
106.85681 0.915
106.86087 1.102
106.86494 0.797
106.86901 1.055
106.87308 0.915
106.87715 0.774
106.88122 0.868
106.88529 0.868
106.88935 0.938
106.89342 1.360
106.89749 0.821
106.90156 0.657
106.90563 0.962
106.90970 0.821
106.91376 0.750
106.91783 1.032
106.92190 1.008
106.92597 0.915
106.93004 0.915
106.93411 0.962
106.93818 0.657
106.94224 1.055
106.94631 0.797
106.95038 0.938
106.95445 0.915
106.95852 1.008
106.96259 0.891
106.96666 1.008
106.97072 1.290
106.97479 0.891
106.97886 0.680
106.98293 0.985
106.98700 1.102
106.99107 0.915
106.99513 0.821
106.99920 0.727
107.00327 0.938
107.00734 0.962
107.01141 0.891
107.01548 0.797
107.01955 0.797
107.02361 0.797
107.02768 1.008
107.03175 0.704
107.03582 1.055
107.03989 1.032
107.04396 0.985
107.04802 0.797
107.05209 0.774
107.05616 0.938
107.06023 0.985
107.06430 0.821
107.06837 0.586
107.07244 0.985
107.07650 0.821
107.08057 0.680
107.08464 0.962
107.08871 1.008
107.09278 1.008
107.09685 0.704
107.10092 0.915
107.10498 0.774
107.10905 0.704
107.11312 0.938
107.11719 0.938
107.12126 0.680
107.12533 0.844
107.12939 0.704
107.13346 1.008
107.13753 0.821
107.14160 0.633
107.14567 1.008
107.14974 0.915
107.15381 0.868
107.15787 1.079
107.16194 1.266
107.16601 0.750
107.17008 0.821
107.17415 1.149
107.17822 0.821
107.18229 0.915
107.18635 0.915
107.19042 1.055
107.19449 0.844
107.19856 0.797
107.20263 0.774
107.20670 1.079
107.21076 0.915
107.21483 0.962
107.21890 0.891
107.22297 0.821
107.22704 0.821
107.23111 1.196
107.23518 1.126
107.23924 0.891
107.24331 1.008
107.24738 0.985
107.25145 1.032
107.25552 1.173
107.25959 1.173
107.26365 0.891
107.26772 0.915
107.27179 1.079
107.27586 1.032
107.27993 0.868
107.28400 0.657
107.28807 1.149
107.29213 0.539
107.29620 0.938
107.30027 1.079
107.30434 1.220
107.30841 0.915
107.31248 0.633
107.31655 1.055
107.32061 0.797
107.32468 0.915
107.32875 1.055
107.33282 0.985
107.33689 1.102
107.34096 1.149
107.34502 0.868
107.34909 0.797
107.35316 1.196
107.35723 0.704
107.36130 0.938
107.36537 0.750
107.36944 0.915
107.37350 0.891
107.37757 1.008
107.38164 0.844
107.38571 1.032
107.38978 0.797
107.39385 1.149
107.39792 0.844
107.40198 0.891
107.40605 0.774
107.41012 0.985
107.41419 1.032
107.41826 1.196
107.42233 0.680
107.42639 0.938
107.43046 0.704
107.43453 0.891
107.43860 0.985
107.44267 0.915
107.44674 0.962
107.45081 1.008
107.45487 1.079
107.45894 1.266
107.46301 1.079
107.46708 0.750
107.47115 0.938
107.47522 0.680
107.47928 0.750
107.48335 0.821
107.48742 1.102
107.49149 1.055
107.49556 0.821
107.49963 1.079
107.50370 0.774
107.50776 1.055
107.51183 0.938
107.51590 1.102
107.51997 1.149
107.52404 0.915
107.52811 0.797
107.53218 1.079
107.53624 1.102
107.54031 0.962
107.54438 0.985
107.54845 1.102
107.55252 1.149
107.55659 0.915
107.56065 0.962
107.56472 1.055
107.56879 1.220
107.57286 0.985
107.57693 0.633
107.58100 1.032
107.58507 0.821
107.58913 1.079
107.59320 1.008
107.59727 1.290
107.60134 0.962
107.60541 0.938
107.60948 0.985
107.61355 0.868
107.61761 0.844
107.62168 0.750
107.62575 0.962
107.62982 1.079
107.63389 0.962
107.63796 0.938
107.64202 0.962
107.64609 1.149
107.65016 0.985
107.65423 1.102
107.65830 1.149
107.66237 1.079
107.66644 0.868
107.67050 1.173
107.67457 0.938
107.67864 0.868
107.68271 0.821
107.68678 0.797
107.69085 1.126
107.69491 0.844
107.69898 1.102
107.70305 0.915
107.70712 1.196
107.71119 0.985
107.71526 1.032
107.71933 0.868
107.72339 1.266
107.72746 0.821
107.73153 1.173
107.73560 0.797
107.73967 1.173
107.74374 1.149
107.74781 0.868
107.75187 0.891
107.75594 0.844
107.76001 1.407
107.76408 0.821
107.76815 0.915
107.77222 0.915
107.77628 1.337
107.78035 0.797
107.78442 1.173
107.78849 0.985
107.79256 1.290
107.79663 0.915
107.80070 0.891
107.80476 0.915
107.80883 1.173
107.81290 0.750
107.81697 0.821
107.82104 0.962
107.82511 0.563
107.82917 1.008
107.83324 0.985
107.83731 1.102
107.84138 1.220
107.84545 1.079
107.84952 0.868
107.85359 0.750
107.85765 0.962
107.86172 0.938
107.86579 0.985
107.86986 0.821
107.87393 0.657
107.87800 0.915
107.88207 1.196
107.88613 0.774
107.89020 0.985
107.89427 0.915
107.89834 0.915
107.90241 1.102
107.90648 0.750
107.91054 1.102
107.91461 0.868
107.91868 0.962
107.92275 0.962
107.92682 0.868
107.93089 0.962
107.93496 0.915
107.93902 1.079
107.94309 0.868
107.94716 0.962
107.95123 0.821
107.95530 0.915
107.95937 1.032
107.96344 0.915
107.96750 0.985
107.97157 0.962
107.97564 0.797
107.97971 0.797
107.98378 0.750
107.98785 0.797
107.99191 0.915
107.99598 0.938
108.00005 1.055
108.00412 0.868
108.00819 0.821
108.01226 1.032
108.01633 0.962
108.02039 0.868
108.02446 0.844
108.02853 0.821
108.03260 0.938
108.03667 0.915
108.04074 0.962
108.04480 0.868
108.04887 1.173
108.05294 0.868
108.05701 0.633
108.06108 0.774
108.06515 0.985
108.06922 0.704
108.07328 0.938
108.07735 0.774
108.08142 0.797
108.08549 0.915
108.08956 0.962
108.09363 1.126
108.09770 1.126
108.10176 1.220
108.10583 1.102
108.10990 0.821
108.11397 1.102
108.11804 0.727
108.12211 0.891
108.12617 0.915
108.13024 1.008
108.13431 1.055
108.13838 1.337
108.14245 0.938
108.14652 0.821
108.15059 0.844
108.15465 1.008
108.15872 1.126
108.16279 1.079
108.16686 0.938
108.17093 0.774
108.17500 1.008
108.17907 0.868
108.18313 0.821
108.18720 1.149
108.19127 0.797
108.19534 0.844
108.19941 0.915
108.20348 1.102
108.20754 0.868
108.21161 1.008
108.21568 1.008
108.21975 0.868
108.22382 0.797
108.22789 1.196
108.23196 1.126
108.23602 0.774
108.24009 0.797
108.24416 0.915
108.24823 1.126
108.25230 0.657
108.25637 0.821
108.26043 0.727
108.26450 0.797
108.26857 0.844
108.27264 1.079
108.27671 0.844
108.28078 0.891
108.28485 0.962
108.28891 0.844
108.29298 0.868
108.29705 0.915
108.30112 0.844
108.30519 0.915
108.30926 0.633
108.31333 0.891
108.31739 0.680
108.32146 0.727
108.32553 0.915
108.32960 0.797
108.33367 0.868
108.33774 0.985
108.34180 0.750
108.34587 0.750
108.34994 0.985
108.35401 0.938
108.35808 0.962
108.36215 0.750
108.36622 0.750
108.37028 0.774
108.37435 1.220
108.37842 0.774
108.38249 0.774
108.38656 1.102
108.39063 1.196
108.39470 0.680
108.39876 0.797
108.40283 0.868
108.40690 1.008
108.41097 0.821
108.41504 0.844
108.41911 0.915
108.42317 0.704
108.42724 0.938
108.43131 0.633
108.43538 0.797
108.43945 0.797
108.44352 0.938
108.44759 0.891
108.45165 0.844
108.45572 0.891
108.45979 1.008
108.46386 0.774
108.46793 0.868
108.47200 0.962
108.47606 0.891
108.48013 0.821
108.48420 0.844
108.48827 0.680
108.49234 0.821
108.49641 0.797
108.50048 0.797
108.50454 0.844
108.50861 0.563
108.51268 0.915
108.51675 0.962
108.52082 0.915
108.52489 0.844
108.52896 0.915
108.53302 0.938
108.53709 1.032
108.54116 0.821
108.54523 0.821
108.54930 0.938
108.55337 0.563
108.55743 0.985
108.56150 0.563
108.56557 0.938
108.56964 1.126
108.57371 0.821
108.57778 1.196
108.58185 0.915
108.58591 1.008
108.58998 0.633
108.59405 0.915
108.59812 0.657
108.60219 1.032
108.60626 0.938
108.61032 0.610
108.61439 0.938
108.61846 0.727
108.62253 0.844
108.62660 0.797
108.63067 0.844
108.63474 0.727
108.63880 0.915
108.64287 0.962
108.64694 0.704
108.65101 0.680
108.65508 0.727
108.65915 0.868
108.66322 0.727
108.66728 1.008
108.67135 1.055
108.67542 0.774
108.67949 0.821
108.68356 1.055
108.68763 0.821
108.69169 0.727
108.69576 0.774
108.69983 0.962
108.70390 0.657
108.70797 0.750
108.71204 0.891
108.71611 0.985
108.72017 0.868
108.72424 0.797
108.72831 0.891
108.73238 0.844
108.73645 0.563
108.74052 0.868
108.74459 1.032
108.74865 1.173
108.75272 0.774
108.75679 0.915
108.76086 0.727
108.76493 0.938
108.76900 0.962
108.77306 0.657
108.77713 0.750
108.78120 0.868
108.78527 0.985
108.78934 0.750
108.79341 0.750
108.79748 0.774
108.80154 0.586
108.80561 0.938
108.80968 0.633
108.81375 0.868
108.81782 0.704
108.82189 0.727
108.82595 0.704
108.83002 0.727
108.83409 0.891
108.83816 0.704
108.84223 1.149
108.84630 1.173
108.85037 0.985
108.85443 1.079
108.85850 1.008
108.86257 0.938
108.86664 0.727
108.87071 0.891
108.87478 0.821
108.87885 1.196
108.88291 1.220
108.88698 0.680
108.89105 0.680
108.89512 1.079
108.89919 0.891
108.90326 0.915
108.90732 0.938
108.91139 0.774
108.91546 1.173
108.91953 0.680
108.92360 0.750
108.92767 0.821
108.93174 0.844
108.93580 0.915
108.93987 0.891
108.94394 0.844
108.94801 0.774
108.95208 0.891
108.95615 0.868
108.96022 0.891
108.96428 0.797
108.96835 0.915
108.97242 0.750
108.97649 0.821
108.98056 0.821
108.98463 0.797
108.98869 0.985
108.99276 0.727
108.99683 0.891
109.00090 0.750
109.00497 0.891
109.00904 0.774
109.01311 0.680
109.01717 0.750
109.02124 0.774
109.02531 0.868
109.02938 0.727
109.03345 0.891
109.03752 0.868
109.04158 1.055
109.04565 0.750
109.04972 0.633
109.05379 0.727
109.05786 1.266
109.06193 0.962
109.06600 0.868
109.07006 0.938
109.07413 0.727
109.07820 0.610
109.08227 0.774
109.08634 0.868
109.09041 0.868
109.09448 0.797
109.09854 0.657
109.10261 0.844
109.10668 0.821
109.11075 0.727
109.11482 0.962
109.11889 1.008
109.12295 0.891
109.12702 0.750
109.13109 0.750
109.13516 0.774
109.13923 1.079
109.14330 0.985
109.14737 0.891
109.15143 0.797
109.15550 0.891
109.15957 0.797
109.16364 0.563
109.16771 0.915
109.17178 0.891
109.17585 0.891
109.17991 0.704
109.18398 0.891
109.18805 0.962
109.19212 0.868
109.19619 0.750
109.20026 0.774
109.20432 0.938
109.20839 0.985
109.21246 0.868
109.21653 1.008
109.22060 0.868
109.22467 0.727
109.22874 0.891
109.23280 0.985
109.23687 0.797
109.24094 0.962
109.24501 0.844
109.24908 0.891
109.25315 0.938
109.25721 0.821
109.26128 1.079
109.26535 0.657
109.26942 0.891
109.27349 1.220
109.27756 0.868
109.28163 0.915
109.28569 0.821
109.28976 0.680
109.29383 0.797
109.29790 0.657
109.30197 0.750
109.30604 0.680
109.31011 0.868
109.31417 0.774
109.31824 0.727
109.32231 0.844
109.32638 0.985
109.33045 0.704
109.33452 0.962
109.33858 0.774
109.34265 0.704
109.34672 1.196
109.35079 0.844
109.35486 0.962
109.35893 0.774
109.36300 0.797
109.36706 0.891
109.37113 0.586
109.37520 0.774
109.37927 0.680
109.38334 0.915
109.38741 1.008
109.39147 0.750
109.39554 0.797
109.39961 1.032
109.40368 1.032
109.40775 0.915
109.41182 0.797
109.41589 0.891
109.41995 1.008
109.42402 0.516
109.42809 0.891
109.43216 0.797
109.43623 0.586
109.44030 1.220
109.44437 0.774
109.44843 0.868
109.45250 0.891
109.45657 0.938
109.46064 0.844
109.46471 0.985
109.46878 1.008
109.47284 0.962
109.47691 0.704
109.48098 0.750
109.48505 0.821
109.48912 0.844
109.49319 0.821
109.49726 0.797
109.50132 0.633
109.50539 0.821
109.50946 0.610
109.51353 0.750
109.51760 0.610
109.52167 0.821
109.52574 0.563
109.52980 1.055
109.53387 0.727
109.53794 1.102
109.54201 0.844
109.54608 1.055
109.55015 0.680
109.55421 0.797
109.55828 0.938
109.56235 0.915
109.56642 0.797
109.57049 0.844
109.57456 0.774
109.57863 0.891
109.58269 0.915
109.58676 0.797
109.59083 0.797
109.59490 0.750
109.59897 0.704
109.60304 1.173
109.60710 0.704
109.61117 0.915
109.61524 0.797
109.61931 0.868
109.62338 0.750
109.62745 0.938
109.63152 0.774
109.63558 0.891
109.63965 0.446
109.64372 0.891
109.64779 0.891
109.65186 0.774
109.65593 1.126
109.66000 0.985
109.66406 0.704
109.66813 0.938
109.67220 0.774
109.67627 0.821
109.68034 0.750
109.68441 1.149
109.68847 1.079
109.69254 0.915
109.69661 0.797
109.70068 1.032
109.70475 0.774
109.70882 1.149
109.71289 0.633
109.71695 0.985
109.72102 1.055
109.72509 0.704
109.72916 0.821
109.73323 0.680
109.73730 0.962
109.74137 0.844
109.74543 0.821
109.74950 0.610
109.75357 0.797
109.75764 0.680
109.76171 0.915
109.76578 0.586
109.76984 0.797
109.77391 0.539
109.77798 0.938
109.78205 0.891
109.78612 0.915
109.79019 0.727
109.79426 0.891
109.79832 0.868
109.80239 0.797
109.80646 0.844
109.81053 0.821
109.81460 0.868
109.81867 0.915
109.82273 0.469
109.82680 1.008
109.83087 0.469
109.83494 0.704
109.83901 0.727
109.84308 0.821
109.84715 0.915
109.85121 0.704
109.85528 0.610
109.85935 0.821
109.86342 0.704
109.86749 0.797
109.87156 0.985
109.87563 0.750
109.87969 0.962
109.88376 0.821
109.88783 0.704
109.89190 0.915
109.89597 1.032
109.90004 0.915
109.90410 0.680
109.90817 1.102
109.91224 0.586
109.91631 0.704
109.92038 0.915
109.92445 0.797
109.92852 0.704
109.93258 0.610
109.93665 0.797
109.94072 0.727
109.94479 0.797
109.94886 0.797
109.95293 0.891
109.95700 0.821
109.96106 0.750
109.96513 0.985
109.96920 0.727
109.97327 0.774
109.97734 0.750
109.98141 0.844
