10.00234 19.770
10.00641 19.254
10.01048 19.020
10.01455 19.184
10.01862 19.559
10.02268 20.286
10.02675 19.770
10.03082 19.512
10.03489 18.996
10.03896 19.559
10.04303 19.231
10.04709 18.902
10.05116 20.333
10.05523 19.137
10.05930 19.160
10.06337 20.333
10.06744 19.700
10.07151 19.747
10.07557 17.917
10.07964 18.668
10.08371 18.902
10.08778 19.770
10.09185 20.122
10.09592 18.973
10.09999 19.911
10.10405 20.098
10.10812 20.169
10.11219 19.043
10.11626 19.629
10.12033 20.005
10.12440 20.568
10.12846 20.239
10.13253 20.005
10.13660 20.685
10.14067 19.559
10.14474 19.020
10.14881 19.864
10.15288 19.348
10.15694 18.996
10.16101 20.310
10.16508 20.708
10.16915 19.395
10.17322 21.553
10.17729 21.318
10.18135 19.958
10.18542 20.380
10.18949 21.013
10.19356 20.896
10.19763 19.887
10.20170 19.067
10.20577 19.700
10.20983 21.271
10.21390 20.192
10.21797 19.512
10.22204 21.201
10.22611 20.755
10.23018 21.295
10.23425 21.271
10.23831 20.521
10.24238 21.623
10.24645 21.740
10.25052 20.966
10.25459 20.685
10.25866 20.966
10.26272 21.318
10.26679 23.335
10.27086 19.700
10.27493 21.271
10.27900 20.028
10.28307 21.271
10.28714 21.365
10.29120 21.177
10.29527 22.444
10.29934 21.365
10.30341 19.934
10.30748 21.295
10.31155 20.403
10.31561 21.998
10.31968 21.318
10.32375 20.263
10.32782 20.427
10.33189 21.177
10.33596 21.553
10.34003 21.083
10.34409 20.826
10.34816 21.576
10.35223 24.038
10.35630 22.842
10.36037 21.576
10.36444 20.896
10.36851 21.224
10.37257 20.919
10.37664 22.045
10.38071 21.412
10.38478 21.083
10.38885 20.380
10.39292 22.186
10.39698 23.569
10.40105 21.341
10.40512 20.943
10.40919 22.467
10.41326 21.670
10.41733 22.514
10.42140 23.030
10.42546 21.459
10.42953 19.864
10.43360 21.224
10.43767 23.053
10.44174 21.318
10.44581 21.154
10.44988 22.702
10.45394 22.608
10.45801 22.350
10.46208 22.115
10.46615 21.975
10.47022 23.077
10.47429 22.819
10.47835 21.834
10.48242 22.631
10.48649 23.663
10.49056 21.717
10.49463 22.045
10.49870 22.702
10.50277 23.124
10.50683 24.343
10.51090 22.608
10.51497 23.053
10.51904 22.514
10.52311 22.772
10.52718 22.749
10.53124 23.171
10.53531 23.335
10.53938 23.780
10.54345 22.866
10.54752 23.124
10.55159 21.834
10.55566 21.553
10.55972 21.951
10.56379 22.444
10.56786 21.388
10.57193 23.382
10.57600 21.717
10.58007 23.218
10.58414 23.171
10.58820 22.772
10.59227 23.124
10.59634 22.233
10.60041 22.420
10.60448 24.038
10.60855 24.250
10.61261 22.115
10.61668 23.147
10.62075 23.898
10.62482 22.631
10.62889 24.062
10.63296 23.311
10.63703 22.819
10.64109 23.030
10.64516 23.710
10.64923 22.373
10.65330 24.531
10.65737 23.710
10.66144 24.672
10.66551 24.015
10.66957 25.985
10.67364 24.132
10.67771 24.203
10.68178 23.311
10.68585 23.429
10.68992 22.842
10.69398 23.429
10.69805 23.546
10.70212 23.593
10.70619 22.866
10.71026 24.226
10.71433 24.367
10.71840 23.429
10.72246 24.390
10.72653 24.320
10.73060 23.968
10.73467 23.827
10.73874 24.038
10.74281 26.853
10.74687 22.115
10.75094 25.164
10.75501 24.648
10.75908 25.235
10.76315 24.977
10.76722 25.000
10.77129 23.992
10.77535 23.687
10.77942 23.992
10.78349 25.070
10.78756 23.499
10.79163 24.484
10.79570 24.625
10.79977 24.508
10.80383 25.516
10.80790 24.038
10.81197 24.437
10.81604 25.188
10.82011 25.985
10.82418 25.844
10.82824 25.868
10.83231 24.836
10.83638 27.603
10.84045 24.625
10.84452 26.196
10.84859 25.235
10.85266 25.141
10.85672 25.375
10.86079 25.399
10.86486 25.399
10.86893 25.117
10.87300 25.446
10.87707 25.375
10.88114 25.446
10.88520 25.492
10.88927 25.281
10.89334 25.211
10.89741 24.930
10.90148 26.196
10.90555 24.625
10.90961 24.578
10.91368 23.757
10.91775 25.446
10.92182 25.305
10.92589 25.094
10.92996 25.352
10.93403 26.712
10.93809 25.258
10.94216 26.173
10.94623 25.305
10.95030 26.642
10.95437 25.164
10.95844 27.345
10.96250 27.087
10.96657 25.023
10.97064 24.719
10.97471 24.953
10.97878 27.275
10.98285 26.900
10.98692 27.134
10.99098 24.742
10.99505 27.275
10.99912 26.642
11.00319 27.087
11.00726 26.524
11.01133 26.970
11.01540 27.228
11.01946 28.283
11.02353 25.633
11.02760 27.416
11.03167 25.610
11.03574 24.789
11.03981 25.774
11.04387 25.704
11.04794 27.228
11.05201 26.079
11.05608 27.744
11.06015 26.032
11.06422 26.571
11.06829 27.087
11.07235 24.742
11.07642 27.509
11.08049 27.838
11.08456 25.821
11.08863 29.268
11.09270 27.228
11.09676 26.055
11.10083 26.313
11.10490 26.008
11.10897 25.985
11.11304 27.627
11.11711 29.081
11.12118 27.814
11.12524 26.993
11.12931 26.008
11.13338 27.298
11.13745 27.134
11.14152 28.189
11.14559 28.166
11.14966 27.087
11.15372 27.908
11.15779 26.571
11.16186 28.612
11.16593 25.891
11.17000 29.081
11.17407 27.791
11.17813 28.049
11.18220 28.213
11.18627 25.516
11.19034 26.993
11.19441 26.735
11.19848 27.767
11.20255 27.298
11.20661 27.627
11.21068 27.111
11.21475 26.313
11.21882 27.838
11.22289 28.987
11.22696 27.439
11.23103 26.829
11.23509 28.612
11.23916 26.665
11.24323 28.119
11.24730 27.439
11.25137 26.970
11.25544 27.369
11.25950 26.993
11.26357 26.595
11.26764 27.580
11.27171 29.245
11.27578 28.260
11.27985 27.251
11.28392 27.791
11.28798 25.985
11.29205 28.588
11.29612 27.603
11.30019 29.081
11.30426 28.705
11.30833 27.650
11.31239 28.893
11.31646 26.548
11.32053 27.580
11.32460 29.081
11.32867 27.627
11.33274 29.034
11.33681 27.908
11.34087 29.479
11.34494 26.900
11.34901 27.392
11.35308 28.283
11.35715 26.618
11.36122 28.025
11.36529 27.932
11.36935 28.659
11.37342 29.292
11.37749 27.439
11.38156 28.635
11.38563 28.189
11.38970 28.870
11.39376 27.345
11.39783 29.784
11.40190 29.479
11.40597 28.447
11.41004 29.198
11.41411 28.447
11.41818 27.298
11.42224 30.183
11.42631 30.629
11.43038 29.198
11.43445 29.104
11.43852 28.166
11.44259 28.424
11.44666 28.752
11.45072 28.260
11.45479 29.878
11.45886 27.627
11.46293 29.339
11.46700 30.253
11.47107 29.808
11.47513 28.189
11.47920 28.072
11.48327 28.799
11.48734 29.386
11.49141 28.963
11.49548 28.565
11.49955 28.541
11.50361 28.776
11.50768 28.870
11.51175 27.650
11.51582 28.776
11.51989 29.620
11.52396 28.494
11.52802 28.541
11.53209 29.409
11.53616 30.394
11.54023 27.674
11.54430 29.456
11.54837 30.582
11.55244 28.447
11.55650 29.878
11.56057 28.049
11.56464 31.027
11.56871 30.253
11.57278 29.245
11.57685 29.784
11.58092 27.908
11.58498 30.394
11.58905 30.113
11.59312 28.940
11.59719 29.268
11.60126 29.409
11.60533 29.737
11.60939 28.166
11.61346 29.995
11.61753 30.863
11.62160 29.245
11.62567 30.183
11.62974 29.479
11.63381 28.612
11.63787 30.159
11.64194 30.183
11.64601 30.886
11.65008 29.409
11.65415 28.729
11.65822 30.511
11.66229 29.315
11.66635 29.386
11.67042 31.871
11.67449 29.667
11.67856 28.541
11.68263 29.315
11.68670 29.268
11.69076 31.074
11.69483 31.074
11.69890 30.558
11.70297 29.620
11.70704 29.573
11.71111 31.004
11.71518 30.042
11.71924 30.605
11.72331 29.831
11.72738 27.838
11.73145 31.707
11.73552 30.113
11.73959 28.659
11.74365 29.104
11.74772 29.644
11.75179 31.614
11.75586 29.573
11.75993 31.590
11.76400 30.019
11.76807 30.863
11.77213 31.590
11.77620 30.206
11.78027 32.106
11.78434 29.995
11.78841 30.206
11.79248 29.644
11.79655 31.778
11.80061 32.294
11.80468 29.925
11.80875 30.511
11.81282 31.168
11.81689 29.902
11.82096 30.019
11.82502 30.183
11.82909 29.034
11.83316 30.089
11.83723 29.432
11.84130 32.012
11.84537 30.089
11.84944 31.754
11.85350 32.739
11.85757 30.769
11.86164 31.731
11.86571 32.200
11.86978 31.191
11.87385 31.379
11.87792 31.895
11.88198 30.629
11.88605 28.330
11.89012 29.831
11.89419 30.746
11.89826 29.808
11.90233 31.871
11.90639 30.652
11.91046 30.629
11.91453 29.503
11.91860 29.597
11.92267 33.091
11.92674 32.153
11.93081 30.511
11.93487 31.356
11.93894 31.825
11.94301 29.432
11.94708 29.057
11.95115 30.910
11.95522 31.965
11.95928 30.769
11.96335 32.129
11.96742 30.933
11.97149 31.379
11.97556 31.989
11.97963 30.511
11.98370 32.200
11.98776 32.598
11.99183 29.714
11.99590 31.238
11.99997 30.746
12.00404 32.997
12.00811 31.098
12.01218 32.317
12.01624 30.722
12.02031 31.121
12.02438 32.270
12.02845 29.737
12.03252 32.950
12.03659 32.481
12.04065 31.496
12.04472 30.582
12.04879 30.675
12.05286 30.886
12.05693 29.737
12.06100 31.285
12.06507 31.567
12.06913 30.253
12.07320 31.309
12.07727 31.098
12.08134 31.379
12.08541 32.434
12.08948 29.292
12.09354 31.496
12.09761 31.262
12.10168 31.402
12.10575 32.059
12.10982 31.168
12.11389 31.989
12.11796 31.356
12.12202 31.262
12.12609 32.129
12.13016 31.449
12.13423 31.801
12.13830 31.942
12.14237 31.449
12.14644 32.692
12.15050 30.371
12.15457 31.848
12.15864 30.769
12.16271 30.980
12.16678 31.098
12.17085 33.583
12.17491 30.582
12.17898 30.089
12.18305 31.332
12.18712 31.684
12.19119 32.364
12.19526 32.270
12.19933 31.309
12.20339 30.535
12.20746 33.232
12.21153 30.957
12.21560 32.528
12.21967 32.598
12.22374 31.825
12.22781 32.974
12.23187 31.731
12.23594 32.833
12.24001 31.543
12.24408 32.645
12.24815 30.324
12.25222 30.886
12.25628 31.520
12.26035 32.575
12.26442 32.810
12.26849 31.637
12.27256 31.379
12.27663 32.856
12.28070 32.997
12.28476 29.972
12.28883 34.334
12.29290 31.848
12.29697 31.590
12.30104 31.614
12.30511 31.520
12.30917 33.044
12.31324 30.816
12.31731 30.957
12.32138 32.036
12.32545 31.684
12.32952 32.153
12.33359 31.754
12.33765 32.575
12.34172 31.215
12.34579 32.317
12.34986 33.114
12.35393 32.012
12.35800 31.402
12.36207 31.449
12.36613 31.684
12.37020 33.537
12.37427 33.255
12.37834 33.349
12.38241 34.311
12.38648 32.223
12.39054 31.848
12.39461 33.302
12.39868 34.029
12.40275 32.528
12.40682 34.006
12.41089 32.575
12.41496 31.731
12.41902 32.810
12.42309 32.317
12.42716 32.739
12.43123 32.598
12.43530 32.341
12.43937 31.144
12.44344 31.614
12.44750 30.933
12.45157 33.161
12.45564 31.543
12.45971 32.411
12.46378 31.731
12.46785 32.575
12.47191 33.068
12.47598 33.443
12.48005 34.029
12.48412 31.942
12.48819 30.300
12.49226 32.270
12.49633 32.786
12.50039 32.083
12.50446 33.349
12.50853 31.215
12.51260 34.662
12.51667 31.567
12.52074 32.528
12.52480 33.255
12.52887 32.012
12.53294 33.419
12.53701 33.326
12.54108 33.912
12.54515 31.027
12.54922 32.387
12.55328 32.786
12.55735 31.918
12.56142 34.287
12.56549 32.153
12.56956 32.247
12.57363 32.997
12.57770 32.059
12.58176 32.200
12.58583 33.091
12.58990 32.059
12.59397 31.707
12.59804 33.607
12.60211 34.897
12.60617 32.833
12.61024 30.957
12.61431 32.997
12.61838 33.654
12.62245 33.419
12.62652 32.270
12.63059 32.552
12.63465 32.528
12.63872 32.153
12.64279 33.208
12.64686 33.490
12.65093 31.285
12.65500 34.991
12.65907 32.505
12.66313 34.498
12.66720 33.138
12.67127 34.498
12.67534 34.991
12.67941 33.959
12.68348 29.620
12.68754 32.786
12.69161 32.622
12.69568 31.825
12.69975 33.302
12.70382 34.311
12.70789 31.731
12.71196 32.528
12.71602 31.356
12.72009 31.543
12.72416 34.780
12.72823 33.021
12.73230 31.871
12.73637 32.833
12.74043 34.522
12.74450 33.771
12.74857 32.153
12.75264 33.021
12.75671 33.795
12.76078 32.903
12.76485 31.707
12.76891 34.991
12.77298 33.560
12.77705 33.654
12.78112 32.129
12.78519 33.443
12.78926 34.733
12.79333 32.833
12.79739 34.381
12.80146 33.138
12.80553 32.247
12.80960 33.466
12.81367 32.645
12.81774 33.841
12.82180 32.317
12.82587 33.630
12.82994 31.918
12.83401 31.965
12.83808 33.396
12.84215 31.684
12.84622 35.835
12.85028 34.639
12.85435 33.443
12.85842 35.553
12.86249 33.771
12.86656 34.568
12.87063 33.443
12.87469 31.801
12.87876 34.451
12.88283 32.153
12.88690 33.255
12.89097 33.326
12.89504 33.021
12.89911 33.255
12.90317 32.739
12.90724 31.754
12.91131 34.592
12.91538 34.428
12.91945 34.428
12.92352 32.880
12.92759 32.810
12.93165 34.099
12.93572 31.754
12.93979 34.733
12.94386 33.490
12.94793 33.419
12.95200 31.918
12.95606 33.818
12.96013 32.598
12.96420 31.731
12.96827 32.739
12.97234 32.950
12.97641 34.451
12.98048 32.106
12.98454 32.294
12.98861 33.091
12.99268 34.475
12.99675 32.575
13.00082 35.061
13.00489 31.942
13.00896 33.372
13.01302 33.607
13.01709 33.138
13.02116 32.880
13.02523 33.537
13.02930 33.396
13.03337 33.935
13.03743 33.513
13.04150 33.583
13.04557 33.279
13.04964 33.279
13.05371 34.146
13.05778 32.247
13.06185 33.138
13.06591 31.801
13.06998 35.530
13.07405 32.083
13.07812 32.036
13.08219 35.038
13.08626 32.692
13.09032 33.443
13.09439 33.795
13.09846 33.091
13.10253 34.334
13.10660 34.756
13.11067 32.974
13.11474 33.021
13.11880 34.404
13.12287 35.694
13.12694 31.778
13.13101 33.161
13.13508 34.123
13.13915 35.366
13.14322 36.280
13.14728 32.434
13.15135 33.232
13.15542 33.982
13.15949 33.419
13.16356 34.053
13.16763 33.677
13.17169 32.387
13.17576 35.694
13.17983 33.443
13.18390 34.756
13.18797 32.903
13.19204 33.419
13.19611 32.505
13.20017 32.317
13.20424 34.053
13.20831 32.622
13.21238 33.513
13.21645 34.709
13.22052 33.982
13.22459 33.208
13.22865 33.302
13.23272 34.381
13.23679 32.833
13.24086 33.771
13.24493 32.692
13.24900 31.895
13.25306 35.038
13.25713 33.748
13.26120 34.451
13.26527 35.577
13.26934 34.076
13.27341 33.560
13.27748 34.592
13.28154 34.498
13.28561 34.264
13.28968 35.061
13.29375 35.694
13.29782 33.490
13.30189 34.920
13.30595 34.709
13.31002 33.748
13.31409 35.577
13.31816 36.609
13.32223 34.029
13.32630 34.475
13.33037 32.598
13.33443 34.404
13.33850 34.451
13.34257 32.645
13.34664 36.304
13.35071 34.568
13.35478 35.202
13.35885 32.364
13.36291 33.326
13.36698 33.982
13.37105 34.146
13.37512 34.780
13.37919 34.709
13.38326 34.991
13.38732 35.694
13.39139 33.583
13.39546 33.466
13.39953 32.716
13.40360 32.645
13.40767 35.999
13.41174 32.247
13.41580 34.826
13.41987 34.498
13.42394 32.129
13.42801 36.398
13.43208 35.038
13.43615 34.076
13.44022 34.029
13.44428 33.044
13.44835 34.545
13.45242 32.856
13.45649 33.068
13.46056 33.138
13.46463 33.583
13.46869 35.788
13.47276 33.818
13.47683 36.257
13.48090 33.935
13.48497 32.974
13.48904 33.607
13.49311 36.726
13.49717 35.178
13.50124 35.694
13.50531 33.396
13.50938 34.123
13.51345 34.076
13.51752 33.982
13.52158 33.912
13.52565 33.888
13.52972 35.647
13.53379 35.038
13.53786 34.615
13.54193 35.765
13.54600 34.240
13.55006 34.944
13.55413 33.630
13.55820 34.803
13.56227 34.193
13.56634 33.654
13.57041 35.436
13.57448 35.460
13.57854 34.756
13.58261 35.038
13.58668 33.537
13.59075 34.967
13.59482 34.592
13.59889 34.991
13.60295 33.982
13.60702 33.279
13.61109 35.225
13.61516 33.841
13.61923 33.630
13.62330 36.585
13.62737 32.786
13.63143 35.483
13.63550 33.396
13.63957 34.287
13.64364 35.671
13.64771 34.475
13.65178 33.724
13.65584 34.170
13.65991 34.334
13.66398 34.240
13.66805 36.351
13.67212 35.061
13.67619 34.451
13.68026 34.545
13.68432 33.935
13.68839 33.865
13.69246 35.014
13.69653 33.982
13.70060 33.935
13.70467 36.867
13.70874 33.935
13.71280 34.709
13.71687 34.146
13.72094 34.826
13.72501 35.342
13.72908 35.694
13.73315 35.131
13.73721 33.326
13.74128 33.888
13.74535 34.733
13.74942 35.202
13.75349 36.961
13.75756 34.545
13.76163 34.146
13.76569 34.615
13.76976 34.053
13.77383 35.999
13.77790 34.146
13.78197 35.202
13.78604 34.545
13.79011 34.053
13.79417 35.999
13.79824 34.920
13.80231 36.984
13.80638 35.084
13.81045 34.404
13.81452 36.445
13.81858 35.671
13.82265 35.038
13.82672 37.383
13.83079 34.053
13.83486 36.914
13.83893 35.225
13.84300 34.193
13.84706 35.413
13.85113 34.803
13.85520 34.428
13.85927 35.389
13.86334 35.741
13.86741 36.234
13.87147 34.803
13.87554 36.773
13.87961 34.733
13.88368 34.967
13.88775 36.327
13.89182 32.716
13.89589 35.647
13.89995 34.076
13.90402 34.615
13.90809 35.577
13.91216 35.647
13.91623 35.366
13.92030 35.295
13.92437 36.703
13.92843 34.076
13.93250 36.632
13.93657 34.873
13.94064 34.897
13.94471 33.959
13.94878 36.773
13.95284 34.264
13.95691 35.976
13.96098 35.718
13.96505 37.594
13.96912 36.257
13.97319 36.538
13.97726 36.093
13.98132 34.076
13.98539 34.850
13.98946 36.656
13.99353 34.287
13.99760 35.202
14.00167 34.568
14.00574 35.108
14.00980 37.031
14.01387 34.897
14.01794 36.187
14.02201 34.498
14.02608 36.093
14.03015 36.304
14.03421 35.413
14.03828 35.952
14.04235 35.460
14.04642 35.718
14.05049 34.475
14.05456 36.093
14.05863 36.632
14.06269 35.577
14.06676 34.850
14.07083 35.624
14.07490 35.202
14.07897 37.101
14.08304 35.718
14.08710 35.084
14.09117 36.679
14.09524 35.413
14.09931 35.319
14.10338 34.568
14.10745 35.319
14.11152 36.327
14.11558 35.342
14.11965 36.187
14.12372 35.718
14.12779 36.609
14.13186 35.976
14.13593 34.920
14.14000 36.374
14.14406 35.694
14.14813 37.735
14.15220 36.656
14.15627 34.334
14.16034 36.023
14.16441 36.632
14.16847 36.796
14.17254 36.843
14.17661 34.733
14.18068 35.507
14.18475 35.694
14.18882 35.952
14.19289 37.500
14.19695 34.662
14.20102 36.773
14.20509 35.061
14.20916 34.826
14.21323 34.357
14.21730 37.265
14.22137 34.053
14.22543 36.890
14.22950 35.952
14.23357 36.867
14.23764 36.914
14.24171 36.515
14.24578 38.415
14.24984 37.523
14.25391 35.624
14.25798 35.155
14.26205 35.483
14.26612 37.735
14.27019 35.460
14.27426 35.788
14.27832 36.656
14.28239 37.031
14.28646 36.046
14.29053 37.547
14.29460 38.039
14.29867 36.421
14.30273 36.304
14.30680 35.108
14.31087 36.374
14.31494 37.078
14.31901 34.991
14.32308 37.641
14.32715 35.811
14.33121 36.562
14.33528 34.826
14.33935 36.843
14.34342 37.265
14.34749 35.929
14.35156 36.492
14.35563 36.726
14.35969 37.617
14.36376 36.116
14.36783 36.937
14.37190 35.413
14.37597 36.492
14.38004 37.078
14.38410 36.703
14.38817 37.500
14.39224 37.617
14.39631 37.101
14.40038 36.961
14.40445 36.140
14.40852 35.624
14.41258 36.609
14.41665 36.140
14.42072 36.890
14.42479 38.157
14.42886 37.289
14.43293 36.023
14.43699 35.788
14.44106 37.523
14.44513 36.843
14.44920 38.133
14.45327 38.227
14.45734 36.867
14.46141 37.101
14.46547 36.961
14.46954 37.312
14.47361 38.977
14.47768 37.758
14.48175 37.359
14.48582 39.142
14.48989 37.148
14.49395 36.632
14.49802 36.820
14.50209 35.530
14.50616 39.306
14.51023 35.976
14.51430 36.492
14.51836 37.641
14.52243 36.492
14.52650 37.594
14.53057 36.492
14.53464 37.547
14.53871 36.632
14.54278 36.820
14.54684 35.999
14.55091 37.547
14.55498 38.204
14.55905 38.790
14.56312 35.999
14.56719 36.679
14.57126 38.063
14.57532 37.500
14.57939 36.351
14.58346 37.852
14.58753 38.931
14.59160 39.587
14.59567 36.538
14.59973 39.329
14.60380 39.212
14.60787 37.969
14.61194 39.306
14.61601 37.781
14.62008 39.939
14.62415 36.632
14.62821 37.219
14.63228 38.907
14.63635 37.547
14.64042 39.235
14.64449 37.312
14.64856 38.250
14.65262 36.961
14.65669 37.852
14.66076 38.415
14.66483 37.805
14.66890 38.602
14.67297 38.977
14.67704 37.219
14.68110 39.751
14.68517 37.523
14.68924 38.626
14.69331 37.453
14.69738 38.157
14.70145 39.728
14.70552 37.828
14.70958 39.118
14.71365 40.127
14.71772 37.664
14.72179 38.321
14.72586 37.735
14.72993 38.860
14.73399 38.391
14.73806 38.344
14.74213 39.212
14.74620 37.664
14.75027 38.297
14.75434 37.758
14.75841 38.696
14.76247 38.696
14.76654 38.673
14.77061 39.728
14.77468 39.142
14.77875 38.766
14.78282 39.024
14.78689 39.282
14.79095 38.039
14.79502 37.641
14.79909 39.376
14.80316 37.688
14.80723 36.163
14.81130 38.555
14.81536 37.735
14.81943 38.133
14.82350 37.383
14.82757 38.837
14.83164 37.172
14.83571 38.790
14.83978 39.986
14.84384 38.649
14.84791 37.664
14.85198 40.361
14.85605 39.235
14.86012 37.852
14.86419 38.086
14.86825 38.485
14.87232 37.500
14.87639 40.854
14.88046 38.532
14.88453 39.587
14.88860 38.696
14.89267 37.219
14.89673 37.172
14.90080 37.336
14.90487 40.572
14.90894 38.086
14.91301 38.860
14.91708 38.250
14.92115 38.250
14.92521 40.572
14.92928 37.946
14.93335 39.751
14.93742 36.961
14.94149 39.165
14.94556 37.664
14.94962 38.907
14.95369 38.157
14.95776 37.664
14.96183 39.962
14.96590 39.564
14.96997 40.267
14.97404 37.922
14.97810 38.250
14.98217 39.001
14.98624 39.564
14.99031 39.095
14.99438 39.306
14.99845 39.658
15.00252 41.088
15.00658 38.297
15.01065 40.244
15.01472 37.500
15.01879 39.235
15.02286 37.992
15.02693 37.570
15.03099 38.673
15.03506 39.212
15.03913 40.478
15.04320 38.039
15.04727 39.447
15.05134 38.579
15.05541 39.540
15.05947 40.150
15.06354 40.080
15.06761 37.688
15.07168 38.532
15.07575 38.462
15.07982 39.634
15.08388 39.329
15.08795 39.845
15.09202 40.877
15.09609 39.658
15.10016 38.110
15.10423 39.142
15.10830 38.438
15.11236 38.626
15.11643 39.658
15.12050 38.907
15.12457 38.485
15.12864 39.189
15.13271 39.540
15.13678 39.611
15.14084 40.901
15.14491 39.329
15.14898 40.244
15.15305 40.361
15.15712 39.400
15.16119 40.783
15.16525 38.063
15.16932 42.331
15.17339 39.564
15.17746 41.886
15.18153 38.977
15.18560 39.705
15.18967 40.267
15.19373 38.579
15.19780 39.798
15.20187 40.220
15.20594 40.549
15.21001 39.939
15.21408 41.393
15.21815 38.954
15.22221 40.080
15.22628 40.877
15.23035 39.587
15.23442 38.673
15.23849 40.971
15.24256 43.293
15.24662 42.237
15.25069 38.368
15.25476 39.376
15.25883 37.641
15.26290 40.971
15.26697 39.212
15.27104 41.534
15.27510 40.689
15.27917 40.596
15.28324 40.267
15.28731 39.892
15.29138 40.220
15.29545 41.299
15.29951 38.766
15.30358 39.775
15.30765 40.713
15.31172 39.400
15.31579 38.884
15.31986 40.033
15.32393 40.736
15.32799 40.736
15.33206 41.088
15.33613 40.525
15.34020 40.783
15.34427 40.783
15.34834 39.775
15.35241 39.400
15.35647 37.617
15.36054 40.783
15.36461 42.073
15.36868 41.792
15.37275 38.696
15.37682 40.244
15.38088 41.135
15.38495 40.220
15.38902 40.291
15.39309 41.956
15.39716 41.651
15.40123 41.745
15.40530 41.510
15.40936 41.487
15.41343 39.564
15.41750 40.924
15.42157 42.706
15.42564 41.886
15.42971 39.235
15.43377 40.994
15.43784 40.619
15.44191 40.619
15.44598 40.455
15.45005 41.323
15.45412 42.003
15.45819 42.120
15.46225 41.674
15.46632 40.314
15.47039 40.197
15.47446 41.956
15.47853 39.658
15.48260 42.425
15.48667 41.041
15.49073 40.643
15.49480 40.643
15.49887 40.760
15.50294 40.643
15.50701 41.018
15.51108 40.127
15.51514 41.768
15.51921 41.088
15.52328 43.293
15.52735 40.619
15.53142 41.440
15.53549 40.385
15.53956 38.837
15.54362 41.440
15.54769 41.205
15.55176 41.088
15.55583 41.065
15.55990 43.644
15.56397 40.971
15.56804 41.979
15.57210 40.830
15.57617 41.299
15.58024 41.299
15.58431 43.715
15.58838 40.596
15.59245 40.643
15.59651 42.988
15.60058 42.988
15.60465 43.058
15.60872 40.385
15.61279 41.721
15.61686 41.346
15.62093 42.167
15.62499 40.994
15.62906 40.760
15.63313 40.713
15.63720 42.777
15.64127 43.011
15.64534 41.299
15.64940 40.830
15.65347 41.674
15.65754 42.894
15.66161 40.478
15.66568 42.026
15.66975 42.097
15.67382 43.551
15.67788 41.745
15.68195 43.551
15.68602 41.768
15.69009 41.205
15.69416 41.323
15.69823 41.299
15.70230 42.144
15.70636 42.050
15.71043 42.167
15.71450 42.847
15.71857 42.753
15.72264 40.197
15.72671 40.901
15.73077 42.050
15.73484 41.041
15.73891 42.120
15.74298 41.065
15.74705 41.229
15.75112 43.316
15.75519 42.050
15.75925 43.058
15.76332 43.386
15.76739 43.410
15.77146 42.777
15.77553 40.971
15.77960 40.572
15.78367 41.370
15.78773 43.058
15.79180 40.478
15.79587 44.559
15.79994 43.035
15.80401 43.222
15.80808 41.463
15.81214 42.097
15.81621 42.777
15.82028 43.129
15.82435 41.721
15.82842 43.129
15.83249 43.949
15.83656 44.489
15.84062 40.783
15.84469 42.026
15.84876 42.542
15.85283 43.691
15.85690 43.691
15.86097 43.058
15.86503 44.981
15.86910 41.252
15.87317 42.730
15.87724 42.964
15.88131 44.348
15.88538 42.472
15.88945 44.254
15.89351 44.207
15.89758 43.480
15.90165 44.278
15.90572 41.088
15.90979 42.753
15.91386 42.073
15.91793 43.410
15.92199 41.768
15.92606 42.917
15.93013 43.340
15.93420 40.760
15.93827 41.440
15.94234 44.489
15.94640 42.871
15.95047 41.862
15.95454 43.293
15.95861 40.502
15.96268 42.425
15.96675 44.160
15.97082 42.964
15.97488 42.636
15.97895 42.613
15.98302 41.463
15.98709 41.862
15.99116 42.800
15.99523 39.705
15.99930 45.638
16.00336 42.706
16.00743 43.011
16.01150 43.363
16.01557 44.371
16.01964 44.020
16.02371 42.495
16.02777 42.144
16.03184 44.465
16.03591 43.293
16.03998 42.824
16.04405 43.551
16.04812 45.216
16.05219 42.261
16.05625 42.613
16.06032 44.934
16.06439 44.137
16.06846 43.222
16.07253 42.237
16.07660 44.043
16.08066 44.536
16.08473 44.536
16.08880 41.932
16.09287 44.653
16.09694 44.231
16.10101 43.832
16.10508 42.542
16.10914 44.512
16.11321 41.440
16.11728 41.628
16.12135 45.403
16.12542 44.371
16.12949 43.058
16.13356 45.685
16.13762 41.346
16.14169 43.574
16.14576 45.380
16.14983 42.753
16.15390 42.988
16.15797 43.246
16.16203 46.083
16.16610 43.996
16.17017 44.841
16.17424 44.770
16.17831 44.020
16.18238 45.802
16.18645 43.222
16.19051 45.098
16.19458 43.715
16.19865 44.020
16.20272 46.013
16.20679 45.450
16.21086 43.973
16.21492 43.152
16.21899 44.606
16.22306 42.730
16.22713 44.231
16.23120 45.521
16.23527 43.246
16.23934 42.894
16.24340 45.052
16.24747 43.738
16.25154 45.075
16.25561 42.800
16.25968 44.583
16.26375 43.785
16.26782 43.926
16.27188 44.583
16.27595 45.005
16.28002 42.988
16.28409 42.894
16.28816 45.614
16.29223 46.646
16.29629 43.410
16.30036 45.145
16.30443 46.201
16.30850 45.919
16.31257 44.184
16.31664 43.527
16.32071 44.583
16.32477 42.472
16.32884 43.996
16.33291 43.410
16.33698 45.990
16.34105 43.175
16.34512 45.849
16.34919 45.896
16.35325 45.122
16.35732 42.894
16.36139 44.536
16.36546 48.100
16.36953 45.732
16.37360 44.629
16.37766 45.802
16.38173 46.904
16.38580 44.512
16.38987 45.474
16.39394 43.832
16.39801 45.990
16.40208 44.559
16.40614 44.981
16.41021 46.646
16.41428 46.318
16.41835 42.402
16.42242 45.826
16.42649 45.005
16.43055 46.271
16.43462 43.996
16.43869 45.638
16.44276 46.506
16.44683 45.075
16.45090 44.395
16.45497 42.847
16.45903 45.052
16.46310 43.691
16.46717 45.919
16.47124 46.459
16.47531 45.380
16.47938 44.160
16.48345 45.122
16.48751 46.177
16.49158 46.013
16.49565 43.551
16.49972 46.224
16.50379 46.295
16.50786 45.310
16.51192 46.060
16.51599 45.450
16.52006 45.591
16.52413 44.536
16.52820 44.911
16.53227 43.340
16.53634 47.678
16.54040 45.966
16.54447 45.403
16.54854 44.254
16.55261 45.779
16.55668 45.919
16.56075 45.826
16.56482 45.872
16.56888 45.427
16.57295 46.271
16.57702 44.465
16.58109 45.990
16.58516 46.928
16.58923 46.107
16.59329 47.467
16.59736 45.779
16.60143 46.482
16.60550 46.388
16.60957 45.896
16.61364 45.872
16.61771 46.083
16.62177 45.966
16.62584 45.028
16.62991 45.075
16.63398 44.020
16.63805 43.832
16.64212 44.887
16.64618 46.553
16.65025 47.326
16.65432 43.949
16.65839 47.491
16.66246 45.990
16.66653 45.263
16.67060 45.145
16.67466 47.233
16.67873 44.606
16.68280 47.467
16.68687 44.887
16.69094 47.913
16.69501 45.145
16.69908 45.427
16.70314 45.122
16.70721 46.740
16.71128 45.356
16.71535 45.145
16.71942 48.007
16.72349 45.802
16.72755 47.303
16.73162 45.474
16.73569 45.403
16.73976 47.584
16.74383 44.371
16.74790 44.958
16.75197 46.177
16.75603 46.435
16.76010 46.811
16.76417 47.467
16.76824 45.943
16.77231 47.491
16.77638 46.717
16.78045 46.365
16.78451 44.184
16.78858 46.224
16.79265 47.608
16.79672 45.544
16.80079 46.834
16.80486 46.013
16.80892 46.083
16.81299 46.928
16.81706 46.670
16.82113 46.529
16.82520 46.693
16.82927 43.386
16.83334 45.169
16.83740 47.631
16.84147 45.990
16.84554 45.521
16.84961 45.497
16.85368 46.107
16.85775 46.248
16.86181 47.373
16.86588 45.145
16.86995 46.060
16.87402 47.045
16.87809 46.037
16.88216 46.506
16.88623 46.599
16.89029 46.341
16.89436 46.341
16.89843 45.872
16.90250 46.881
16.90657 48.780
16.91064 46.365
16.91471 45.474
16.91877 47.092
16.92284 44.887
16.92691 46.412
16.93098 47.373
16.93505 46.435
16.93912 49.226
16.94318 45.028
16.94725 45.919
16.95132 45.802
16.95539 46.599
16.95946 47.842
16.96353 46.857
16.96760 44.348
16.97166 45.755
16.97573 46.083
16.97980 48.804
16.98387 46.412
16.98794 45.755
16.99201 45.708
16.99607 47.022
17.00014 46.576
17.00421 46.693
17.00828 46.787
17.01235 46.881
17.01642 47.983
17.02049 44.629
17.02455 47.866
17.02862 46.834
17.03269 45.052
17.03676 46.506
17.04083 46.670
17.04490 45.732
17.04897 47.631
17.05303 48.546
17.05710 46.717
17.06117 45.732
17.06524 46.060
17.06931 49.554
17.07338 47.584
17.07744 48.476
17.08151 48.241
17.08558 47.842
17.08965 46.764
17.09372 45.966
17.09779 46.107
17.10186 47.772
17.10592 46.693
17.10999 45.614
17.11406 45.356
17.11813 47.983
17.12220 48.898
17.12627 46.271
17.13034 47.397
17.13440 45.263
17.13847 46.435
17.14254 47.491
17.14661 45.614
17.15068 47.045
17.15475 45.849
17.15881 48.335
17.16288 45.919
17.16695 47.608
17.17102 46.248
17.17509 46.811
17.17916 46.506
17.18323 49.085
17.18729 48.171
17.19136 47.068
17.19543 45.638
17.19950 46.623
17.20357 47.256
17.20764 48.992
17.21170 46.060
17.21577 46.693
17.21984 48.077
17.22391 47.725
17.22798 48.546
17.23205 46.506
17.23612 49.132
17.24018 48.077
17.24425 47.233
17.24832 48.124
17.25239 46.834
17.25646 47.725
17.26053 48.194
17.26460 45.708
17.26866 47.139
17.27273 49.203
17.27680 48.851
17.28087 47.561
17.28494 48.663
17.28901 46.529
17.29307 47.467
17.29714 48.124
17.30121 45.450
17.30528 47.280
17.30935 48.640
17.31342 48.734
17.31749 46.576
17.32155 46.599
17.32562 46.459
17.32969 48.780
17.33376 47.514
17.33783 44.958
17.34190 46.975
17.34597 49.977
17.35003 46.881
17.35410 47.702
17.35817 47.068
17.36224 46.904
17.36631 47.326
17.37038 47.139
17.37444 48.053
17.37851 50.164
17.38258 46.904
17.38665 46.435
17.39072 47.866
17.39479 48.265
17.39886 46.623
17.40292 45.755
17.40699 50.868
17.41106 46.811
17.41513 49.367
17.41920 47.749
17.42327 47.022
17.42733 47.819
17.43140 48.335
17.43547 48.687
17.43954 48.194
17.44361 48.851
17.44768 46.201
17.45175 49.156
17.45581 45.872
17.45988 46.646
17.46395 48.358
17.46802 48.546
17.47209 48.335
17.47616 46.529
17.48023 48.405
17.48429 48.898
17.48836 47.889
17.49243 47.819
17.49650 47.889
17.50057 47.092
17.50464 48.804
17.50870 46.998
17.51277 48.288
17.51684 49.343
17.52091 48.851
17.52498 47.889
17.52905 48.710
17.53312 47.936
17.53718 49.085
17.54125 46.951
17.54532 49.414
17.54939 46.482
17.55346 48.405
17.55753 49.414
17.56160 47.045
17.56566 46.811
17.56973 47.960
17.57380 48.476
17.57787 48.523
17.58194 46.975
17.58601 48.100
17.59007 47.655
17.59414 48.405
17.59821 45.872
17.60228 47.350
17.60635 48.569
17.61042 47.092
17.61449 47.795
17.61855 49.203
17.62262 47.326
17.62669 49.625
17.63076 48.265
17.63483 50.281
17.63890 47.631
17.64296 46.764
17.64703 48.992
17.65110 47.819
17.65517 47.842
17.65924 46.060
17.66331 46.693
17.66738 49.601
17.67144 47.444
17.67551 48.311
17.67958 48.265
17.68365 45.427
17.68772 49.531
17.69179 47.608
17.69586 52.111
17.69992 48.335
17.70399 47.795
17.70806 48.757
17.71213 50.821
17.71620 46.318
17.72027 46.834
17.72433 46.482
17.72840 51.477
17.73247 47.444
17.73654 48.077
17.74061 48.663
17.74468 47.913
17.74875 48.569
17.75281 48.288
17.75688 48.734
17.76095 49.273
17.76502 48.077
17.76909 47.491
17.77316 47.186
17.77722 49.273
17.78129 49.109
17.78536 47.584
17.78943 48.945
17.79350 47.725
17.79757 48.734
17.80164 48.452
17.80570 44.794
17.80977 48.523
17.81384 48.780
17.81791 48.616
17.82198 48.616
17.82605 48.382
17.83012 46.951
17.83418 46.482
17.83825 46.107
17.84232 48.734
17.84639 47.444
17.85046 47.584
17.85453 47.772
17.85859 48.100
17.86266 50.657
17.86673 47.936
17.87080 48.663
17.87487 46.365
17.87894 48.851
17.88301 48.147
17.88707 48.077
17.89114 50.469
17.89521 48.992
17.89928 47.186
17.90335 47.186
17.90742 47.819
17.91149 47.960
17.91555 48.499
17.91962 49.508
17.92369 49.765
17.92776 46.670
17.93183 49.156
17.93590 48.663
17.93996 49.531
17.94403 46.271
17.94810 50.141
17.95217 47.561
17.95624 47.514
17.96031 50.797
17.96438 49.062
17.96844 48.241
17.97251 49.109
17.97658 49.695
17.98065 48.218
17.98472 50.446
17.98879 47.772
17.99285 48.687
17.99692 47.209
18.00099 50.375
18.00506 47.045
18.00913 48.429
18.01320 49.038
18.01727 47.514
18.02133 47.209
18.02540 49.765
18.02947 49.109
18.03354 47.326
18.03761 48.171
18.04168 46.553
18.04575 48.007
18.04981 47.326
18.05388 48.663
18.05795 46.576
18.06202 47.960
18.06609 49.531
18.07016 48.405
18.07422 47.655
18.07829 47.889
18.08236 47.092
18.08643 47.655
18.09050 48.358
18.09457 47.655
18.09864 49.390
18.10270 46.904
18.10677 48.476
18.11084 47.561
18.11491 47.186
18.11898 48.499
18.12305 48.218
18.12712 48.616
18.13118 45.568
18.13525 49.015
18.13932 50.281
18.14339 47.561
18.14746 47.538
18.15153 47.209
18.15559 48.640
18.15966 49.836
18.16373 47.631
18.16780 48.288
18.17187 47.702
18.17594 48.452
18.18001 46.318
18.18407 48.734
18.18814 48.147
18.19221 48.804
18.19628 47.233
18.20035 49.273
18.20442 48.241
18.20848 48.358
18.21255 46.013
18.21662 48.030
18.22069 50.610
18.22476 44.887
18.22883 49.367
18.23290 48.053
18.23696 47.842
18.24103 46.623
18.24510 48.265
18.24917 47.514
18.25324 48.171
18.25731 49.085
18.26138 47.373
18.26544 46.717
18.26951 49.085
18.27358 48.546
18.27765 49.601
18.28172 48.898
18.28579 49.296
18.28985 47.584
18.29392 48.077
18.29799 51.712
18.30206 48.077
18.30613 50.539
18.31020 47.444
18.31427 47.749
18.31833 47.139
18.32240 48.734
18.32647 48.968
18.33054 50.539
18.33461 48.804
18.33868 49.531
18.34275 47.702
18.34681 47.280
18.35088 47.022
18.35495 49.273
18.35902 47.350
18.36309 45.966
18.36716 50.516
18.37122 48.499
18.37529 46.506
18.37936 48.757
18.38343 48.968
18.38750 48.077
18.39157 49.531
18.39564 48.382
18.39970 46.670
18.40377 48.007
18.40784 47.209
18.41191 48.171
18.41598 47.209
18.42005 48.992
18.42411 47.326
18.42818 48.311
18.43225 47.186
18.43632 47.022
18.44039 49.038
18.44446 48.476
18.44853 46.717
18.45259 45.872
18.45666 49.484
18.46073 46.365
18.46480 48.569
18.46887 47.655
18.47294 48.007
18.47701 47.444
18.48107 49.156
18.48514 47.795
18.48921 48.663
18.49328 48.288
18.49735 45.990
18.50142 47.936
18.50548 46.646
18.50955 48.147
18.51362 46.013
18.51769 47.725
18.52176 48.429
18.52583 48.523
18.52990 48.640
18.53396 46.693
18.53803 47.420
18.54210 47.420
18.54617 47.397
18.55024 49.273
18.55431 47.936
18.55838 46.576
18.56244 47.655
18.56651 47.936
18.57058 47.749
18.57465 48.147
18.57872 46.646
18.58279 46.951
18.58685 47.022
18.59092 48.780
18.59499 46.576
18.59906 47.608
18.60313 46.623
18.60720 47.420
18.61127 47.561
18.61533 45.333
18.61940 47.678
18.62347 46.975
18.62754 47.983
18.63161 46.060
18.63568 47.115
18.63974 47.373
18.64381 46.482
18.64788 46.904
18.65195 47.631
18.65602 48.687
18.66009 47.960
18.66416 47.842
18.66822 46.482
18.67229 47.889
18.67636 48.335
18.68043 45.755
18.68450 47.115
18.68857 47.397
18.69264 47.045
18.69670 48.546
18.70077 45.732
18.70484 46.412
18.70891 49.437
18.71298 46.599
18.71705 46.998
18.72111 46.834
18.72518 47.068
18.72925 48.194
18.73332 47.584
18.73739 46.740
18.74146 46.670
18.74553 48.288
18.74959 46.388
18.75366 45.286
18.75773 48.288
18.76180 47.420
18.76587 48.124
18.76994 47.538
18.77400 46.248
18.77807 44.794
18.78214 47.795
18.78621 47.819
18.79028 46.388
18.79435 46.318
18.79842 45.732
18.80248 46.951
18.80655 45.216
18.81062 46.388
18.81469 46.271
18.81876 45.661
18.82283 45.708
18.82690 46.154
18.83096 45.286
18.83503 46.341
18.83910 46.341
18.84317 47.749
18.84724 46.834
18.85131 46.623
18.85537 46.928
18.85944 47.538
18.86351 45.474
18.86758 47.795
18.87165 47.819
18.87572 47.280
18.87979 45.544
18.88385 46.459
18.88792 46.388
18.89199 47.280
18.89606 47.795
18.90013 46.177
18.90420 45.333
18.90827 47.514
18.91233 47.889
18.91640 46.083
18.92047 46.482
18.92454 45.755
18.92861 46.341
18.93268 46.435
18.93674 46.365
18.94081 47.350
18.94488 47.209
18.94895 47.162
18.95302 44.559
18.95709 46.130
18.96116 47.467
18.96522 46.670
18.96929 45.263
18.97336 46.154
18.97743 47.233
18.98150 45.802
18.98557 46.459
18.98963 47.256
18.99370 46.130
18.99777 46.857
19.00184 46.904
19.00591 48.921
19.00998 45.919
19.01405 46.599
19.01811 44.958
19.02218 43.785
19.02625 46.670
19.03032 45.145
19.03439 44.817
19.03846 45.708
19.04253 46.060
19.04659 45.145
19.05066 46.318
19.05473 46.576
19.05880 44.911
19.06287 46.646
19.06694 45.943
19.07100 44.536
19.07507 45.286
19.07914 47.350
19.08321 46.459
19.08728 45.896
19.09135 45.826
19.09542 44.887
19.09948 47.631
19.10355 46.248
19.10762 46.248
19.11169 44.981
19.11576 45.661
19.11983 44.723
19.12390 45.192
19.12796 45.521
19.13203 45.779
19.13610 43.175
19.14017 47.420
19.14424 46.177
19.14831 45.544
19.15237 46.107
19.15644 43.902
19.16051 46.764
19.16458 45.263
19.16865 44.536
19.17272 47.068
19.17679 44.231
19.18085 46.435
19.18492 44.958
19.18899 45.732
19.19306 45.028
19.19713 45.239
19.20120 43.973
19.20526 43.973
19.20933 46.459
19.21340 45.849
19.21747 45.943
19.22154 46.904
19.22561 45.098
19.22968 44.723
19.23374 44.583
19.23781 46.529
19.24188 43.598
19.24595 45.098
19.25002 45.544
19.25409 44.629
19.25816 44.583
19.26222 44.887
19.26629 45.568
19.27036 44.559
19.27443 46.506
19.27850 44.606
19.28257 43.433
19.28663 46.506
19.29070 45.919
19.29477 46.599
19.29884 43.715
19.30291 47.655
19.30698 43.996
19.31105 44.301
19.31511 43.879
19.31918 43.644
19.32325 44.981
19.32732 44.442
19.33139 45.169
19.33546 45.098
19.33953 43.363
19.34359 46.037
19.34766 44.278
19.35173 44.020
19.35580 44.254
19.35987 45.427
19.36394 42.073
19.36800 44.583
19.37207 45.685
19.37614 43.856
19.38021 44.301
19.38428 44.489
19.38835 45.052
19.39242 44.747
19.39648 43.105
19.40055 44.583
19.40462 44.723
19.40869 44.043
19.41276 43.668
19.41683 44.184
19.42089 45.145
19.42496 44.911
19.42903 46.154
19.43310 43.293
19.43717 44.911
19.44124 43.668
19.44531 44.864
19.44937 43.715
19.45344 44.067
19.45751 43.785
19.46158 43.152
19.46565 45.872
19.46972 43.222
19.47379 44.418
19.47785 42.167
19.48192 44.559
19.48599 45.497
19.49006 45.052
19.49413 43.644
19.49820 43.762
19.50226 44.794
19.50633 44.418
19.51040 43.809
19.51447 43.433
19.51854 44.184
19.52261 44.559
19.52668 44.629
19.53074 44.137
19.53481 44.794
19.53888 42.073
19.54295 44.114
19.54702 41.557
19.55109 44.020
19.55515 43.949
19.55922 42.026
19.56329 44.817
19.56736 44.512
19.57143 43.340
19.57550 43.199
19.57957 44.512
19.58363 43.715
19.58770 44.301
19.59177 43.363
19.59584 42.472
19.59991 43.457
19.60398 45.192
19.60805 43.691
19.61211 41.839
19.61618 41.792
19.62025 41.651
19.62432 42.050
19.62839 43.410
19.63246 44.395
19.63652 43.340
19.64059 44.911
19.64466 43.011
19.64873 43.058
19.65280 41.886
19.65687 41.886
19.66094 44.231
19.66500 44.184
19.66907 42.190
19.67314 43.152
19.67721 43.644
19.68128 42.659
19.68535 41.581
19.68942 43.152
19.69348 42.636
19.69755 42.003
19.70162 42.777
19.70569 43.598
19.70976 42.003
19.71383 41.065
19.71789 42.871
19.72196 42.753
19.72603 42.917
19.73010 42.167
19.73417 43.199
19.73824 43.902
19.74231 42.097
19.74637 42.073
19.75044 41.698
19.75451 40.549
19.75858 43.199
19.76265 42.847
19.76672 41.839
19.77078 43.105
19.77485 42.730
19.77892 42.824
19.78299 43.269
19.78706 43.316
19.79113 42.026
19.79520 41.862
19.79926 43.410
19.80333 42.261
19.80740 43.433
19.81147 44.653
19.81554 39.376
19.81961 42.683
19.82368 44.090
19.82774 44.465
19.83181 42.824
19.83588 42.824
19.83995 41.041
19.84402 41.417
19.84809 42.308
19.85215 42.402
19.85622 41.299
19.86029 40.971
19.86436 42.425
19.86843 42.355
19.87250 43.082
19.87657 41.745
19.88063 42.566
19.88470 42.003
19.88877 42.073
19.89284 42.050
19.89691 43.105
19.90098 41.041
19.90505 39.634
19.90911 45.521
19.91318 41.839
19.91725 40.314
19.92132 40.455
19.92539 39.423
19.92946 40.596
19.93352 41.299
19.93759 41.370
19.94166 43.433
19.94573 43.129
19.94980 41.628
19.95387 42.144
19.95794 41.956
19.96200 39.845
19.96607 41.159
19.97014 43.480
19.97421 40.056
19.97828 42.261
19.98235 41.839
19.98641 40.244
19.99048 42.495
19.99455 42.003
19.99862 39.118
20.00269 42.378
20.00676 40.924
20.01083 40.455
20.01489 43.551
20.01896 42.097
20.02303 41.182
20.02710 42.144
20.03117 41.393
20.03524 42.026
20.03931 42.917
20.04337 42.472
20.04744 43.199
20.05151 40.267
20.05558 41.229
20.05965 40.760
20.06372 40.736
20.06778 40.174
20.07185 42.331
20.07592 40.713
20.07999 42.917
20.08406 40.877
20.08813 40.994
20.09220 41.839
20.09626 39.587
20.10033 42.073
20.10440 39.423
20.10847 42.402
20.11254 40.689
20.11661 42.308
20.12068 40.643
20.12474 40.502
20.12881 40.291
20.13288 41.768
20.13695 42.706
20.14102 41.205
20.14509 41.159
20.14915 42.425
20.15322 39.611
20.15729 40.103
20.16136 40.947
20.16543 41.698
20.16950 40.854
20.17357 40.736
20.17763 39.376
20.18170 39.235
20.18577 39.939
20.18984 39.658
20.19391 39.869
20.19798 42.190
20.20204 40.760
20.20611 39.775
20.21018 42.917
20.21425 40.736
20.21832 40.736
20.22239 40.854
20.22646 39.892
20.23052 40.197
20.23459 39.869
20.23866 39.822
20.24273 41.581
20.24680 39.282
20.25087 41.135
20.25494 40.760
20.25900 40.314
20.26307 39.470
20.26714 38.415
20.27121 40.854
20.27528 40.338
20.27935 38.860
20.28341 42.237
20.28748 40.478
20.29155 40.220
20.29562 39.634
20.29969 39.916
20.30376 39.142
20.30783 41.510
20.31189 39.822
20.31596 40.338
20.32003 40.127
20.32410 40.901
20.32817 40.174
20.33224 40.080
20.33630 38.766
20.34037 40.643
20.34444 39.962
20.34851 39.681
20.35258 38.954
20.35665 40.408
20.36072 38.884
20.36478 40.971
20.36885 38.649
20.37292 40.619
20.37699 40.643
20.38106 40.385
20.38513 39.235
20.38920 39.235
20.39326 38.790
20.39733 40.713
20.40140 39.564
20.40547 40.854
20.40954 40.314
20.41361 39.423
20.41767 39.024
20.42174 39.845
20.42581 39.705
20.42988 41.557
20.43395 39.001
20.43802 39.165
20.44209 39.939
20.44615 38.649
20.45022 37.477
20.45429 42.120
20.45836 39.259
20.46243 39.916
20.46650 40.643
20.47057 41.534
20.47463 38.274
20.47870 39.376
20.48277 37.547
20.48684 39.493
20.49091 37.969
20.49498 39.658
20.49904 41.018
20.50311 40.033
20.50718 38.039
20.51125 37.899
20.51532 40.033
20.51939 38.274
20.52346 38.837
20.52752 39.306
20.53159 39.189
20.53566 39.986
20.53973 38.250
20.54380 39.493
20.54787 39.564
20.55193 39.095
20.55600 38.532
20.56007 38.086
20.56414 37.101
20.56821 39.376
20.57228 37.594
20.57635 39.376
20.58041 40.314
20.58448 39.916
20.58855 37.641
20.59262 39.423
20.59669 38.508
20.60076 38.602
20.60483 37.312
20.60889 36.140
20.61296 38.860
20.61703 36.843
20.62110 38.907
20.62517 39.142
20.62924 39.658
20.63330 38.039
20.63737 37.289
20.64144 37.617
20.64551 38.720
20.64958 39.447
20.65365 39.235
20.65772 37.406
20.66178 38.086
20.66585 40.455
20.66992 39.681
20.67399 38.931
20.67806 38.391
20.68213 40.291
20.68620 37.430
20.69026 37.875
20.69433 38.907
20.69840 40.619
20.70247 39.986
20.70654 37.711
20.71061 36.421
20.71467 39.376
20.71874 38.907
20.72281 37.265
20.72688 39.681
20.73095 36.257
20.73502 39.235
20.73909 37.969
20.74315 38.884
20.74722 38.016
20.75129 39.095
20.75536 36.937
20.75943 37.852
20.76350 38.931
20.76756 36.961
20.77163 37.008
20.77570 38.743
20.77977 37.477
20.78384 40.244
20.78791 37.453
20.79198 37.992
20.79604 38.555
20.80011 37.547
20.80418 38.626
20.80825 38.274
20.81232 38.649
20.81639 37.265
20.82046 37.195
20.82452 37.453
20.82859 37.992
20.83266 38.673
20.83673 37.641
20.84080 38.180
20.84487 37.430
20.84893 36.280
20.85300 36.468
20.85707 37.594
20.86114 36.703
20.86521 37.711
20.86928 38.438
20.87335 38.485
20.87741 37.875
20.88148 39.282
20.88555 38.931
20.88962 37.781
20.89369 36.820
20.89776 37.735
20.90183 36.984
20.90589 39.259
20.90996 37.992
20.91403 38.344
20.91810 37.992
20.92217 37.875
20.92624 37.054
20.93030 37.242
20.93437 38.297
20.93844 38.250
20.94251 38.579
20.94658 36.656
20.95065 37.195
20.95472 37.054
20.95878 37.852
20.96285 35.788
20.96692 36.163
20.97099 38.720
20.97506 36.093
20.97913 37.875
20.98319 38.110
20.98726 36.515
20.99133 36.468
20.99540 37.969
20.99947 36.515
21.00354 37.219
21.00761 36.773
21.01167 34.944
21.01574 37.969
21.01981 38.532
21.02388 35.038
21.02795 37.242
21.03202 36.304
21.03609 38.391
21.04015 36.468
21.04422 37.453
21.04829 37.992
21.05236 38.297
21.05643 37.008
21.06050 37.383
21.06456 36.890
21.06863 38.415
21.07270 36.656
21.07677 37.031
21.08084 38.016
21.08491 36.421
21.08898 36.773
21.09304 35.788
21.09711 36.468
21.10118 35.882
21.10525 36.374
21.10932 37.899
21.11339 36.468
21.11746 38.250
21.12152 36.515
21.12559 38.039
21.12966 36.304
21.13373 35.436
21.13780 35.131
21.14187 37.219
21.14593 36.656
21.15000 37.242
21.15407 35.718
21.15814 34.545
21.16221 36.116
21.16628 37.758
21.17035 37.617
21.17441 37.570
21.17848 36.585
21.18255 35.530
21.18662 35.929
21.19069 36.046
21.19476 35.718
21.19882 37.875
21.20289 35.671
21.20696 35.671
21.21103 36.562
21.21510 35.319
21.21917 34.967
21.22324 36.562
21.22730 35.483
21.23137 36.023
21.23544 37.242
21.23951 37.664
21.24358 35.882
21.24765 36.679
21.25172 37.148
21.25578 35.952
21.25985 35.577
21.26392 37.383
21.26799 35.600
21.27206 35.835
21.27613 32.083
21.28019 35.905
21.28426 36.867
21.28833 36.140
21.29240 36.538
21.29647 35.460
21.30054 35.483
21.30461 34.662
21.30867 35.507
21.31274 34.826
21.31681 36.187
21.32088 37.312
21.32495 38.016
21.32902 34.639
21.33308 36.961
21.33715 36.327
21.34122 35.295
21.34529 35.389
21.34936 36.796
21.35343 35.225
21.35750 35.249
21.36156 36.843
21.36563 33.302
21.36970 36.234
21.37377 35.976
21.37784 34.991
21.38191 36.163
21.38598 35.952
21.39004 36.116
21.39411 35.999
21.39818 38.039
21.40225 34.780
21.40632 34.428
21.41039 35.178
21.41445 34.991
21.41852 34.873
21.42259 35.014
21.42666 34.662
21.43073 36.140
21.43480 35.577
21.43887 35.905
21.44293 35.272
21.44700 34.193
21.45107 36.984
21.45514 36.750
21.45921 35.741
21.46328 33.372
21.46735 36.046
21.47141 36.140
21.47548 35.272
21.47955 34.568
21.48362 35.694
21.48769 32.598
21.49176 35.272
21.49582 37.289
21.49989 34.006
21.50396 34.756
21.50803 34.686
21.51210 34.545
21.51617 35.507
21.52024 36.585
21.52430 34.193
21.52837 36.750
21.53244 34.686
21.53651 36.632
21.54058 36.515
21.54465 33.701
21.54871 34.217
21.55278 35.202
21.55685 34.053
21.56092 33.583
21.56499 33.888
21.56906 33.771
21.57313 35.389
21.57719 34.850
21.58126 35.202
21.58533 35.600
21.58940 34.662
21.59347 36.656
21.59754 34.029
21.60161 37.406
21.60567 34.311
21.60974 34.123
21.61381 33.795
21.61788 35.014
21.62195 33.490
21.62602 35.483
21.63008 34.076
21.63415 33.935
21.63822 35.577
21.64229 33.443
21.64636 35.553
21.65043 34.756
21.65450 34.193
21.65856 34.123
21.66263 35.671
21.66670 34.709
21.67077 32.434
21.67484 32.856
21.67891 35.577
21.68298 35.155
21.68704 33.208
21.69111 35.061
21.69518 33.935
21.69925 33.982
21.70332 33.372
21.70739 33.185
21.71145 34.451
21.71552 34.217
21.71959 33.583
21.72366 35.131
21.72773 35.718
21.73180 33.232
21.73587 34.240
21.73993 34.357
21.74400 31.895
21.74807 35.038
21.75214 36.116
21.75621 34.334
21.76028 34.428
21.76434 35.741
21.76841 32.950
21.77248 34.334
21.77655 34.029
21.78062 33.583
21.78469 34.686
21.78876 34.311
21.79282 33.959
21.79689 35.084
21.80096 33.513
21.80503 33.560
21.80910 34.592
21.81317 34.076
21.81724 32.645
21.82130 35.765
21.82537 34.381
21.82944 34.193
21.83351 33.443
21.83758 32.575
21.84165 31.871
21.84571 35.038
21.84978 32.880
21.85385 34.099
21.85792 34.170
21.86199 35.671
21.86606 32.411
21.87013 31.801
21.87419 32.598
21.87826 35.577
21.88233 34.006
21.88640 34.662
21.89047 32.153
21.89454 36.116
21.89861 33.396
21.90267 32.810
21.90674 32.880
21.91081 33.630
21.91488 33.888
21.91895 34.545
21.92302 33.255
21.92708 30.488
21.93115 33.419
21.93522 32.974
21.93929 34.029
21.94336 33.091
21.94743 34.803
21.95150 32.645
21.95556 34.123
21.95963 33.513
21.96370 33.044
21.96777 32.176
21.97184 34.944
21.97591 33.630
21.97997 32.434
21.98404 33.114
21.98811 33.372
21.99218 35.014
21.99625 34.592
22.00032 33.888
22.00439 32.129
22.00845 33.349
22.01252 33.091
22.01659 31.942
22.02066 31.426
22.02473 33.326
22.02880 33.443
22.03287 32.974
22.03693 33.443
22.04100 34.099
22.04507 33.396
22.04914 33.935
22.05321 33.091
22.05728 32.927
22.06134 31.051
22.06541 32.810
22.06948 33.443
22.07355 30.957
22.07762 34.451
22.08169 31.965
22.08576 32.434
22.08982 32.669
22.09389 32.481
22.09796 32.012
22.10203 32.458
22.10610 33.888
22.11017 33.044
22.11423 33.114
22.11830 32.528
22.12237 30.746
22.12644 33.185
22.13051 33.068
22.13458 31.426
22.13865 34.498
22.14271 33.771
22.14678 32.223
22.15085 34.217
22.15492 32.716
22.15899 32.575
22.16306 33.208
22.16713 31.567
22.17119 31.895
22.17526 32.575
22.17933 33.021
22.18340 31.825
22.18747 32.176
22.19154 33.607
22.19560 31.144
22.19967 32.950
22.20374 32.669
22.20781 31.637
22.21188 31.707
22.21595 32.669
22.22002 33.044
22.22408 34.170
22.22815 33.232
22.23222 32.528
22.23629 32.716
22.24036 33.724
22.24443 33.185
22.24850 32.974
22.25256 33.091
22.25663 30.957
22.26070 31.848
22.26477 32.012
22.26884 32.247
22.27291 32.950
22.27697 31.801
22.28104 31.426
22.28511 31.965
22.28918 32.575
22.29325 31.356
22.29732 33.349
22.30139 32.223
22.30545 32.387
22.30952 33.490
22.31359 32.903
22.31766 31.989
22.32173 32.083
22.32580 33.044
22.32986 33.349
22.33393 31.684
22.33800 32.270
22.34207 32.481
22.34614 33.490
22.35021 31.098
22.35428 31.402
22.35834 32.176
22.36241 31.731
22.36648 31.543
22.37055 32.622
22.37462 33.935
22.37869 30.769
22.38276 32.598
22.38682 31.520
22.39089 31.637
22.39496 31.285
22.39903 33.208
22.40310 30.722
22.40717 30.933
22.41123 31.027
22.41530 31.871
22.41937 32.270
22.42344 31.191
22.42751 31.426
22.43158 32.763
22.43565 31.262
22.43971 31.590
22.44378 31.543
22.44785 29.644
22.45192 30.816
22.45599 31.684
22.46006 31.801
22.46413 30.324
22.46819 32.810
22.47226 33.326
22.47633 32.458
22.48040 32.083
22.48447 30.605
22.48854 32.129
22.49260 32.036
22.49667 32.434
22.50074 30.558
22.50481 30.652
22.50888 30.371
22.51295 33.513
22.51702 32.833
22.52108 31.590
22.52515 31.801
22.52922 32.458
22.53329 32.294
22.53736 32.012
22.54143 32.598
22.54549 31.402
22.54956 30.722
22.55363 31.121
22.55770 31.825
22.56177 31.215
22.56584 30.840
22.56991 31.191
22.57397 30.441
22.57804 30.769
22.58211 31.731
22.58618 30.019
22.59025 31.309
22.59432 31.027
22.59839 29.526
22.60245 30.277
22.60652 32.528
22.61059 30.793
22.61466 33.396
22.61873 31.825
22.62280 31.144
22.62686 31.496
22.63093 31.262
22.63500 31.449
22.63907 30.863
22.64314 32.786
22.64721 31.004
22.65128 30.089
22.65534 30.159
22.65941 30.488
22.66348 31.191
22.66755 32.997
22.67162 30.417
22.67569 30.675
22.67976 31.895
22.68382 30.957
22.68789 30.417
22.69196 30.558
22.69603 30.230
22.70010 30.605
22.70417 32.552
22.70823 30.652
22.71230 30.652
22.71637 31.285
22.72044 30.394
22.72451 31.754
22.72858 31.848
22.73265 29.995
22.73671 32.622
22.74078 29.292
22.74485 30.582
22.74892 31.238
22.75299 30.722
22.75706 30.066
22.76112 29.526
22.76519 31.262
22.76926 30.840
22.77333 30.582
22.77740 30.558
22.78147 30.675
22.78554 30.230
22.78960 30.019
22.79367 29.526
22.79774 31.285
22.80181 29.573
22.80588 30.535
22.80995 30.347
22.81402 30.324
22.81808 28.917
22.82215 30.159
22.82622 31.520
22.83029 31.402
22.83436 30.722
22.83843 32.176
22.84249 30.769
22.84656 30.910
22.85063 30.230
22.85470 30.605
22.85877 32.294
22.86284 30.886
22.86691 28.987
22.87097 30.488
22.87504 29.620
22.87911 31.731
22.88318 31.309
22.88725 30.347
22.89132 31.121
22.89538 31.543
22.89945 29.761
22.90352 30.793
22.90759 31.309
22.91166 30.605
22.91573 30.535
22.91980 28.377
22.92386 31.473
22.92793 31.121
22.93200 28.870
22.93607 32.552
22.94014 30.206
22.94421 30.066
22.94828 29.831
22.95234 30.675
22.95641 28.565
22.96048 29.902
22.96455 28.940
22.96862 30.535
22.97269 30.347
22.97675 29.479
22.98082 29.526
22.98489 30.488
22.98896 30.582
22.99303 29.948
22.99710 30.488
23.00117 29.034
23.00523 30.253
23.00930 30.136
23.01337 29.268
23.01744 30.886
23.02151 32.200
23.02558 28.752
23.02965 31.473
23.03371 30.230
23.03778 29.315
23.04185 31.473
23.04592 29.128
23.04999 29.128
23.05406 29.667
23.05812 29.761
23.06219 29.362
23.06626 28.823
23.07033 31.660
23.07440 27.955
23.07847 29.550
23.08254 28.260
23.08660 29.972
23.09067 31.098
23.09474 29.432
23.09881 27.885
23.10288 28.025
23.10695 29.597
23.11101 28.846
23.11508 30.183
23.11915 29.737
23.12322 29.151
23.12729 29.878
23.13136 30.886
23.13543 30.629
23.13949 29.386
23.14356 29.972
23.14763 29.620
23.15170 29.456
23.15577 30.347
23.15984 28.213
23.16391 29.690
23.16797 30.324
23.17204 30.441
23.17611 29.292
23.18018 28.377
23.18425 30.230
23.18832 30.324
23.19238 29.174
23.19645 29.221
23.20052 29.690
23.20459 28.705
23.20866 27.744
23.21273 29.948
23.21680 30.136
23.22086 29.902
23.22493 30.019
23.22900 28.471
23.23307 30.277
23.23714 32.059
23.24121 29.855
23.24528 29.245
23.24934 29.808
23.25341 28.307
23.25748 29.667
23.26155 29.620
23.26562 31.895
23.26969 29.550
23.27375 28.049
23.27782 28.307
23.28189 29.010
23.28596 30.511
23.29003 30.113
23.29410 29.644
23.29817 29.339
23.30223 28.518
23.30630 28.588
23.31037 29.292
23.31444 29.198
23.31851 28.189
23.32258 28.213
23.32664 30.511
23.33071 28.682
23.33478 28.565
23.33885 27.509
23.34292 27.345
23.34699 28.705
23.35106 28.987
23.35512 28.846
23.35919 29.010
23.36326 29.315
23.36733 29.432
23.37140 28.541
23.37547 28.143
23.37954 29.010
23.38360 28.682
23.38767 28.166
23.39174 28.752
23.39581 27.908
23.39988 30.511
23.40395 27.885
23.40801 28.799
23.41208 26.876
23.41615 31.191
23.42022 27.955
23.42429 28.917
23.42836 29.432
23.43243 30.206
23.43649 27.158
23.44056 28.283
23.44463 28.963
23.44870 29.972
23.45277 29.878
23.45684 29.526
23.46091 27.580
23.46497 28.870
23.46904 28.424
23.47311 29.221
23.47718 30.605
23.48125 28.541
23.48532 29.057
23.48938 28.612
23.49345 29.339
23.49752 28.870
23.50159 29.550
23.50566 28.729
23.50973 27.744
23.51380 27.181
23.51786 28.213
23.52193 27.697
23.52600 27.369
23.53007 28.213
23.53414 29.034
23.53821 28.213
23.54227 28.424
23.54634 28.541
23.55041 27.556
23.55448 28.236
23.55855 27.932
23.56262 27.744
23.56669 27.228
23.57075 27.134
23.57482 29.761
23.57889 27.580
23.58296 28.283
23.58703 28.213
23.59110 27.978
23.59517 29.479
23.59923 28.213
23.60330 27.674
23.60737 27.556
23.61144 28.682
23.61551 28.401
23.61958 27.509
23.62364 28.565
23.62771 27.040
23.63178 27.087
23.63585 26.900
23.63992 29.550
23.64399 28.002
23.64806 27.791
23.65212 29.620
23.65619 26.618
23.66026 26.993
23.66433 28.447
23.66840 28.002
23.67247 28.119
23.67653 27.814
23.68060 28.213
23.68467 28.049
23.68874 28.049
23.69281 26.900
23.69688 27.767
23.70095 27.040
23.70501 29.526
23.70908 27.228
23.71315 27.181
23.71722 27.978
23.72129 27.580
23.72536 28.846
23.72943 28.447
23.73349 28.799
23.73756 28.283
23.74163 26.900
23.74570 28.072
23.74977 27.932
23.75384 27.462
23.75790 28.213
23.76197 28.330
23.76604 27.767
23.77011 28.283
23.77418 27.392
23.77825 28.377
23.78232 28.893
23.78638 27.228
23.79045 28.189
23.79452 26.900
23.79859 27.533
23.80266 27.838
23.80673 29.245
23.81080 27.228
23.81486 28.823
23.81893 28.002
23.82300 28.494
23.82707 27.345
23.83114 28.635
23.83521 28.987
23.83927 29.315
23.84334 28.565
23.84741 28.776
23.85148 27.298
23.85555 27.556
23.85962 27.228
23.86369 25.281
23.86775 26.923
23.87182 26.665
23.87589 27.111
23.87996 28.565
23.88403 26.923
23.88810 29.503
23.89216 26.689
23.89623 27.650
23.90030 26.806
23.90437 26.407
23.90844 27.087
23.91251 27.017
23.91658 26.735
23.92064 29.878
23.92471 28.377
23.92878 28.705
23.93285 27.040
23.93692 27.017
23.94099 28.096
23.94506 26.431
23.94912 27.908
23.95319 27.838
23.95726 28.823
23.96133 26.126
23.96540 26.735
23.96947 26.173
23.97353 27.908
23.97760 27.158
23.98167 26.993
23.98574 27.650
23.98981 26.806
23.99388 27.064
23.99795 28.565
24.00201 27.087
24.00608 26.876
24.01015 27.486
24.01422 28.307
24.01829 26.759
24.02236 26.993
24.02643 27.978
24.03049 26.876
24.03456 27.275
24.03863 27.392
24.04270 27.533
24.04677 26.196
24.05084 27.509
24.05490 25.985
24.05897 27.322
24.06304 26.970
24.06711 26.266
24.07118 28.049
24.07525 27.955
24.07932 26.384
24.08338 26.571
24.08745 26.524
24.09152 26.665
24.09559 26.501
24.09966 27.322
24.10373 27.791
24.10779 27.345
24.11186 26.759
24.11593 26.431
24.12000 27.251
24.12407 27.345
24.12814 26.665
24.13221 26.759
24.13627 25.657
24.14034 26.712
24.14441 28.354
24.14848 26.501
24.15255 26.384
24.15662 26.266
24.16069 26.900
24.16475 26.431
24.16882 27.228
24.17289 26.524
24.17696 26.337
24.18103 26.689
24.18510 27.955
24.18916 25.539
24.19323 26.360
24.19730 26.548
24.20137 27.908
24.20544 27.650
24.20951 27.298
24.21358 28.166
24.21764 27.111
24.22171 26.571
24.22578 26.853
24.22985 25.305
24.23392 26.900
24.23799 26.337
24.24206 27.134
24.24612 26.900
24.25019 25.727
24.25426 26.431
24.25833 26.735
24.26240 29.057
24.26647 29.174
24.27053 26.829
24.27460 25.938
24.27867 26.149
24.28274 26.947
24.28681 26.337
24.29088 26.337
24.29495 26.947
24.29901 28.119
24.30308 26.642
24.30715 27.298
24.31122 27.509
24.31529 26.384
24.31936 26.735
24.32342 25.657
24.32749 27.580
24.33156 26.853
24.33563 26.689
24.33970 26.290
24.34377 27.533
24.34784 27.509
24.35190 25.422
24.35597 25.844
24.36004 27.087
24.36411 28.307
24.36818 26.102
24.37225 26.548
24.37632 26.712
24.38038 28.049
24.38445 25.750
24.38852 27.040
24.39259 24.977
24.39666 26.829
24.40073 26.337
24.40479 25.727
24.40886 26.173
24.41293 25.727
24.41700 27.580
24.42107 25.305
24.42514 25.258
24.42921 25.492
24.43327 25.023
24.43734 26.431
24.44141 26.477
24.44548 25.680
24.44955 26.454
24.45362 24.789
24.45769 25.235
24.46175 26.126
24.46582 25.633
24.46989 25.680
24.47396 26.618
24.47803 25.188
24.48210 26.806
24.48616 26.149
24.49023 27.087
24.49430 26.477
24.49837 26.735
24.50244 26.454
24.50651 26.102
24.51058 25.446
24.51464 27.087
24.51871 28.424
24.52278 26.290
24.52685 24.906
24.53092 26.220
24.53499 27.064
24.53905 26.337
24.54312 26.970
24.54719 26.079
24.55126 26.829
24.55533 26.759
24.55940 24.203
24.56347 26.384
24.56753 24.484
24.57160 26.853
24.57567 25.328
24.57974 26.900
24.58381 25.797
24.58788 24.484
24.59195 27.509
24.59601 26.337
24.60008 25.821
24.60415 24.484
24.60822 25.633
24.61229 25.750
24.61636 25.258
24.62042 26.384
24.62449 25.962
24.62856 26.900
24.63263 25.610
24.63670 26.196
24.64077 26.243
24.64484 25.985
24.64890 25.539
24.65297 27.205
24.65704 26.618
24.66111 26.266
24.66518 24.226
24.66925 25.516
24.67331 25.235
24.67738 24.789
24.68145 25.446
24.68552 26.524
24.68959 26.079
24.69366 25.586
24.69773 25.188
24.70179 25.211
24.70586 24.343
24.70993 25.915
24.71400 26.595
24.71807 25.844
24.72214 25.750
24.72621 26.759
24.73027 26.149
24.73434 26.595
24.73841 25.539
24.74248 26.360
24.74655 26.032
24.75062 26.243
24.75468 26.126
24.75875 25.985
24.76282 25.891
24.76689 25.633
24.77096 25.446
24.77503 26.079
24.77910 23.992
24.78316 25.868
24.78723 26.501
24.79130 23.874
24.79537 26.712
24.79944 26.055
24.80351 25.610
24.80758 26.243
24.81164 26.384
24.81571 25.117
24.81978 25.821
24.82385 26.337
24.82792 25.492
24.83199 25.492
24.83605 24.719
24.84012 25.399
24.84419 25.328
24.84826 24.414
24.85233 25.797
24.85640 25.235
24.86047 26.032
24.86453 26.243
24.86860 25.492
24.87267 24.812
24.87674 24.203
24.88081 25.492
24.88488 26.032
24.88894 25.117
24.89301 26.079
24.89708 25.164
24.90115 25.211
24.90522 26.431
24.90929 26.360
24.91336 24.812
24.91742 26.266
24.92149 23.147
24.92556 25.539
24.92963 26.290
24.93370 25.633
24.93777 23.804
24.94184 24.812
24.94590 24.132
24.94997 25.047
24.95404 23.898
24.95811 26.126
24.96218 24.109
24.96625 24.156
24.97031 24.484
24.97438 24.765
24.97845 25.539
24.98252 24.812
24.98659 25.352
24.99066 24.906
24.99473 25.281
24.99879 24.531
25.00286 24.695
25.00693 26.032
25.01100 23.921
25.01507 23.851
25.01914 24.273
25.02321 25.727
25.02727 25.446
25.03134 24.554
25.03541 23.968
25.03948 24.461
25.04355 24.578
25.04762 23.640
25.05168 24.109
25.05575 24.343
25.05982 26.712
25.06389 25.117
25.06796 24.156
25.07203 24.461
25.07610 23.640
25.08016 25.235
25.08423 26.008
25.08830 24.461
25.09237 24.437
25.09644 24.296
25.10051 24.695
25.10457 24.437
25.10864 25.610
25.11271 24.296
25.11678 25.023
25.12085 24.203
25.12492 23.523
25.12899 23.171
25.13305 23.921
25.13712 25.985
25.14119 23.593
25.14526 25.633
25.14933 24.601
25.15340 25.211
25.15747 24.203
25.16153 24.554
25.16560 25.211
25.16967 24.953
25.17374 24.226
25.17781 24.625
25.18188 23.687
25.18594 25.164
25.19001 24.953
25.19408 25.000
25.19815 23.241
25.20222 23.874
25.20629 25.399
25.21036 23.429
25.21442 22.608
25.21849 24.672
25.22256 24.343
25.22663 24.437
25.23070 24.719
25.23477 25.352
25.23884 24.648
25.24290 23.780
25.24697 25.539
25.25104 24.906
25.25511 23.804
25.25918 23.640
25.26325 25.047
25.26731 23.945
25.27138 23.569
25.27545 25.399
25.27952 24.203
25.28359 24.132
25.28766 23.804
25.29173 23.945
25.29579 24.859
25.29986 26.008
25.30393 22.749
25.30800 23.874
25.31207 24.930
25.31614 22.983
25.32020 24.179
25.32427 24.461
25.32834 24.719
25.33241 24.625
25.33648 23.241
25.34055 23.523
25.34462 23.171
25.34868 24.484
25.35275 23.945
25.35682 23.992
25.36089 23.804
25.36496 24.156
25.36903 25.704
25.37310 25.047
25.37716 23.100
25.38123 25.704
25.38530 24.930
25.38937 23.640
25.39344 24.625
25.39751 23.921
25.40157 23.780
25.40564 24.296
25.40971 23.734
25.41378 24.015
25.41785 22.350
25.42192 23.311
25.42599 23.218
25.43005 23.546
25.43412 24.930
25.43819 23.640
25.44226 23.968
25.44633 24.132
25.45040 23.757
25.45446 23.874
25.45853 23.569
25.46260 23.358
25.46667 25.704
25.47074 22.584
25.47481 25.117
25.47888 22.514
25.48294 25.727
25.48701 24.648
25.49108 24.367
25.49515 24.085
25.49922 23.710
25.50329 24.648
25.50736 24.906
25.51142 23.898
25.51549 23.147
25.51956 24.273
25.52363 24.484
25.52770 25.962
25.53177 23.734
25.53583 23.734
25.53990 23.452
25.54397 24.531
25.54804 24.203
25.55211 24.226
25.55618 24.296
25.56025 23.382
25.56431 23.452
25.56838 23.147
25.57245 23.945
25.57652 23.007
25.58059 24.601
25.58466 23.335
25.58873 23.194
25.59279 25.094
25.59686 23.827
25.60093 23.734
25.60500 22.772
25.60907 21.881
25.61314 23.992
25.61720 23.546
25.62127 21.834
25.62534 23.945
25.62941 22.350
25.63348 23.241
25.63755 24.062
25.64162 24.273
25.64568 23.335
25.64975 23.593
25.65382 23.147
25.65789 22.162
25.66196 23.007
25.66603 24.859
25.67009 23.968
25.67416 22.678
25.67823 24.038
25.68230 22.280
25.68637 23.241
25.69044 23.687
25.69451 24.390
25.69857 23.147
25.70264 22.326
25.70671 21.928
25.71078 23.663
25.71485 23.945
25.71892 24.085
25.72299 23.100
25.72705 23.241
25.73112 24.578
25.73519 22.538
25.73926 23.710
25.74333 22.350
25.74740 23.077
25.75146 23.030
25.75553 22.280
25.75960 23.569
25.76367 22.514
25.76774 23.757
25.77181 22.795
25.77588 21.975
25.77994 24.343
25.78401 23.593
25.78808 22.866
25.79215 23.311
25.79622 22.280
25.80029 23.546
25.80436 23.171
25.80842 23.968
25.81249 22.584
25.81656 22.655
25.82063 22.373
25.82470 24.109
25.82877 22.772
25.83283 23.124
25.83690 23.921
25.84097 22.678
25.84504 23.053
25.84911 22.913
25.85318 22.584
25.85725 21.693
25.86131 22.514
25.86538 22.842
25.86945 23.030
25.87352 23.663
25.87759 24.062
25.88166 23.827
25.88572 24.906
25.88979 22.444
25.89386 22.022
25.89793 22.420
25.90200 22.068
25.90607 22.772
25.91014 22.561
25.91420 22.491
25.91827 23.640
25.92234 23.992
25.92641 22.326
25.93048 22.373
25.93455 22.068
25.93862 21.764
25.94268 22.772
25.94675 22.631
25.95082 21.482
25.95489 21.693
25.95896 22.913
25.96303 23.171
25.96709 22.350
25.97116 21.975
25.97523 22.655
25.97930 23.241
25.98337 23.030
25.98744 21.295
25.99151 22.256
25.99557 23.288
25.99964 22.819
26.00371 20.661
26.00778 22.960
26.01185 23.265
26.01592 22.936
26.01999 21.553
26.02405 23.687
26.02812 22.678
26.03219 23.194
26.03626 22.303
26.04033 23.100
26.04440 22.960
26.04846 20.802
26.05253 22.936
26.05660 23.007
26.06067 23.546
26.06474 23.171
26.06881 23.171
26.07288 21.083
26.07694 22.772
26.08101 22.280
26.08508 22.350
26.08915 22.326
26.09322 23.616
26.09729 22.444
26.10135 23.077
26.10542 24.062
26.10949 22.350
26.11356 23.335
26.11763 23.077
26.12170 22.022
26.12577 22.936
26.12983 22.139
26.13390 22.162
26.13797 21.435
26.14204 21.201
26.14611 21.834
26.15018 22.350
26.15425 21.599
26.15831 21.083
26.16238 21.998
26.16645 23.335
26.17052 22.514
26.17459 21.834
26.17866 20.896
26.18272 22.350
26.18679 22.866
26.19086 22.139
26.19493 22.772
26.19900 21.599
26.20307 21.834
26.20714 20.990
26.21120 22.608
26.21527 21.271
26.21934 21.693
26.22341 21.693
26.22748 22.608
26.23155 20.310
26.23561 20.802
26.23968 20.591
26.24375 23.476
26.24782 22.538
26.25189 22.373
26.25596 22.115
26.26003 21.670
26.26409 21.412
26.26816 22.655
26.27223 22.068
26.27630 21.623
26.28037 21.365
26.28444 22.584
26.28851 21.482
26.29257 22.326
26.29664 21.834
26.30071 22.491
26.30478 22.631
26.30885 21.365
26.31292 21.857
26.31698 21.154
26.32105 22.233
26.32512 21.928
26.32919 21.717
26.33326 21.599
26.33733 21.599
26.34140 20.966
26.34546 23.100
26.34953 21.060
26.35360 21.670
26.35767 23.429
26.36174 23.827
26.36581 23.007
26.36988 22.045
26.37394 21.857
26.37801 20.403
26.38208 21.013
26.38615 21.717
26.39022 21.553
26.39429 22.162
26.39835 21.037
26.40242 21.646
26.40649 20.872
26.41056 21.506
26.41463 21.975
26.41870 20.826
26.42277 23.569
26.42683 21.599
26.43090 22.397
26.43497 22.678
26.43904 20.802
26.44311 21.599
26.44718 21.975
26.45124 21.388
26.45531 19.770
26.45938 21.787
26.46345 21.318
26.46752 20.708
26.47159 21.318
26.47566 23.100
26.47972 21.459
26.48379 21.717
26.48786 21.764
26.49193 21.928
26.49600 21.224
26.50007 21.013
26.50414 22.584
26.50820 21.599
26.51227 21.787
26.51634 20.216
26.52041 22.280
26.52448 22.045
26.52855 21.037
26.53261 20.591
26.53668 21.083
26.54075 21.388
26.54482 21.435
26.54889 22.983
26.55296 20.849
26.55703 21.295
26.56109 21.412
26.56516 20.779
26.56923 21.764
26.57330 19.794
26.57737 21.130
26.58144 21.693
26.58551 20.685
26.58957 20.990
26.59364 21.529
26.59771 22.115
26.60178 21.295
26.60585 21.341
26.60992 21.248
26.61398 21.224
26.61805 20.427
26.62212 19.653
26.62619 21.693
26.63026 21.201
26.63433 20.239
26.63840 21.013
26.64246 20.732
26.64653 20.943
26.65060 22.749
26.65467 22.139
26.65874 21.951
26.66281 21.670
26.66687 21.083
26.67094 20.849
26.67501 22.045
26.67908 20.122
26.68315 19.958
26.68722 21.599
26.69129 20.872
26.69535 19.934
26.69942 21.130
26.70349 21.388
26.70756 21.553
26.71163 20.497
26.71570 20.826
26.71977 20.943
26.72383 19.700
26.72790 20.239
26.73197 21.787
26.73604 21.506
26.74011 20.732
26.74418 20.966
26.74824 22.115
26.75231 21.717
26.75638 20.098
26.76045 20.849
26.76452 20.966
26.76859 20.990
26.77266 21.107
26.77672 20.263
26.78079 20.497
26.78486 21.623
26.78893 21.130
26.79300 19.981
26.79707 21.295
26.80114 20.427
26.80520 19.442
26.80927 20.919
26.81334 20.216
26.81741 20.943
26.82148 20.098
26.82555 20.802
26.82961 19.278
26.83368 20.896
26.83775 20.474
26.84182 21.271
26.84589 21.365
26.84996 20.919
26.85403 19.911
26.85809 20.028
26.86216 20.826
26.86623 21.201
26.87030 20.568
26.87437 20.356
26.87844 19.583
26.88250 20.450
26.88657 19.442
26.89064 21.553
26.89471 20.732
26.89878 21.201
26.90285 19.887
26.90692 20.310
26.91098 21.506
26.91505 20.052
26.91912 20.356
26.92319 19.278
26.92726 19.817
26.93133 18.785
26.93540 21.013
26.93946 19.583
26.94353 19.184
26.94760 19.278
26.95167 20.591
26.95574 22.303
26.95981 20.826
26.96387 19.958
26.96794 19.160
26.97201 20.474
26.97608 19.841
26.98015 18.809
26.98422 20.192
26.98829 19.841
26.99235 20.052
26.99642 21.083
27.00049 20.638
27.00456 20.849
27.00863 20.614
27.01270 21.388
27.01676 19.395
27.02083 19.536
27.02490 19.559
27.02897 19.958
27.03304 19.418
27.03711 20.239
27.04118 19.723
27.04524 19.629
27.04931 19.489
27.05338 18.715
27.05745 19.442
27.06152 20.802
27.06559 19.278
27.06966 18.340
27.07372 20.122
27.07779 19.559
27.08186 19.653
27.08593 19.278
27.09000 19.864
27.09407 20.052
27.09813 19.325
27.10220 18.926
27.10627 19.231
27.11034 19.160
27.11441 20.122
27.11848 19.653
27.12255 18.527
27.12661 20.005
27.13068 19.559
27.13475 19.137
27.13882 19.723
27.14289 20.075
27.14696 19.512
27.15103 18.785
27.15509 20.098
27.15916 18.949
27.16323 18.949
27.16730 21.529
27.17137 19.723
27.17544 19.395
27.17950 20.544
27.18357 18.715
27.18764 19.395
27.19171 20.685
27.19578 20.638
27.19985 20.872
27.20392 19.958
27.20798 19.559
27.21205 19.629
27.21612 19.676
27.22019 19.559
27.22426 19.887
27.22833 19.794
27.23239 19.841
27.23646 19.606
27.24053 20.098
27.24460 18.926
27.24867 19.348
27.25274 20.169
27.25681 19.207
27.26087 21.224
27.26494 19.958
27.26901 18.246
27.27308 20.169
27.27715 19.160
27.28122 19.536
27.28529 19.418
27.28935 19.981
27.29342 19.653
27.29749 19.254
27.30156 19.442
27.30563 18.551
27.30970 19.090
27.31376 19.371
27.31783 19.442
27.32190 20.427
27.32597 17.917
27.33004 19.371
27.33411 19.794
27.33818 20.122
27.34224 20.450
27.34631 20.685
27.35038 19.348
27.35445 17.753
27.35852 19.114
27.36259 19.301
27.36666 18.715
27.37072 20.216
27.37479 19.418
27.37886 19.067
27.38293 20.075
27.38700 18.738
27.39107 19.020
27.39513 20.521
27.39920 18.316
27.40327 19.325
27.40734 19.067
27.41141 19.325
27.41548 19.981
27.41955 20.732
27.42361 18.480
27.42768 18.433
27.43175 18.996
27.43582 19.348
27.43989 18.902
27.44396 19.770
27.44802 19.184
27.45209 20.052
27.45616 19.465
27.46023 19.301
27.46430 20.286
27.46837 18.340
27.47244 20.310
27.47650 20.028
27.48057 19.583
27.48464 19.020
27.48871 19.841
27.49278 19.606
27.49685 19.817
27.50092 18.222
27.50498 19.137
27.50905 19.160
27.51312 18.129
27.51719 19.160
27.52126 19.160
27.52533 19.371
27.52939 19.067
27.53346 19.067
27.53753 19.160
27.54160 18.668
27.54567 19.770
27.54974 19.536
27.55381 18.668
27.55787 19.489
27.56194 19.371
27.56601 18.832
27.57008 19.864
27.57415 18.386
27.57822 19.278
27.58229 20.075
27.58635 18.902
27.59042 18.035
27.59449 18.668
27.59856 18.621
27.60263 18.715
27.60670 18.222
27.61076 18.668
27.61483 18.527
27.61890 17.824
27.62297 19.160
27.62704 19.489
27.63111 18.879
27.63518 18.293
27.63924 19.020
27.64331 18.996
27.64738 19.794
27.65145 18.879
27.65552 20.075
27.65959 18.316
27.66365 18.363
27.66772 19.301
27.67179 18.832
27.67586 19.325
27.67993 19.160
27.68400 18.551
27.68807 19.278
27.69213 19.981
27.69620 19.770
27.70027 18.011
27.70434 18.902
27.70841 18.504
27.71248 19.371
27.71655 17.495
27.72061 19.043
27.72468 19.020
27.72875 18.199
27.73282 19.160
27.73689 20.216
27.74096 18.269
27.74502 18.879
27.74909 18.222
27.75316 18.785
27.75723 19.254
27.76130 18.105
27.76537 20.403
27.76944 19.770
27.77350 19.536
27.77757 18.949
27.78164 20.122
27.78571 20.005
27.78978 18.644
27.79385 19.770
27.79792 18.996
27.80198 19.301
27.80605 19.278
27.81012 19.536
27.81419 18.293
27.81826 18.551
27.82233 18.105
27.82639 19.583
27.83046 19.653
27.83453 19.958
27.83860 18.621
27.84267 17.988
27.84674 19.371
27.85081 18.949
27.85487 20.474
27.85894 18.738
27.86301 20.779
27.86708 20.263
27.87115 19.536
27.87522 20.474
27.87928 20.708
27.88335 19.067
27.88742 19.676
27.89149 18.856
27.89556 18.738
27.89963 19.231
27.90370 19.325
27.90776 19.301
27.91183 21.318
27.91590 20.403
27.91997 20.286
27.92404 19.606
27.92811 20.356
27.93218 20.497
27.93624 20.474
27.94031 19.629
27.94438 20.755
27.94845 20.919
27.95252 20.614
27.95659 20.755
27.96065 19.395
27.96472 21.576
27.96879 20.614
27.97286 21.998
27.97693 21.646
27.98100 22.209
27.98507 21.811
27.98913 21.998
27.99320 22.772
27.99727 21.787
28.00134 23.100
28.00541 23.523
28.00948 22.350
28.01354 24.156
28.01761 22.561
28.02168 24.085
28.02575 23.921
28.02982 22.373
28.03389 25.211
28.03796 24.765
28.04202 25.633
28.04609 25.727
28.05016 24.883
28.05423 25.446
28.05830 26.524
28.06237 26.149
28.06644 26.782
28.07050 26.548
28.07457 26.220
28.07864 26.501
28.08271 28.166
28.08678 27.322
28.09085 29.198
28.09491 29.995
28.09898 29.010
28.10305 30.886
28.10712 31.449
28.11119 32.669
28.11526 30.277
28.11933 33.161
28.12339 33.490
28.12746 33.138
28.13153 33.302
28.13560 33.208
28.13967 33.912
28.14374 34.522
28.14781 34.944
28.15187 38.673
28.15594 37.688
28.16001 39.235
28.16408 36.726
28.16815 40.596
28.17222 39.751
28.17628 42.073
28.18035 41.440
28.18442 44.278
28.18849 43.926
28.19256 43.293
28.19663 45.872
28.20070 44.629
28.20476 43.973
28.20883 45.098
28.21290 46.857
28.21697 47.397
28.22104 49.343
28.22511 48.992
28.22917 48.710
28.23324 50.422
28.23731 49.906
28.24138 48.358
28.24545 52.017
28.24952 51.900
28.25359 50.188
28.25765 51.032
28.26172 53.260
28.26579 49.906
28.26986 47.702
28.27393 50.094
28.27800 51.665
28.28207 50.047
28.28613 48.335
28.29020 48.734
28.29427 47.467
28.29834 46.693
28.30241 45.075
28.30648 43.363
28.31054 45.732
28.31461 43.856
28.31868 42.847
28.32275 42.871
28.32682 40.783
28.33089 39.658
28.33496 41.159
28.33902 41.839
28.34309 38.696
28.34716 37.125
28.35123 36.937
28.35530 37.008
28.35937 36.703
28.36344 38.555
28.36750 37.054
28.37157 37.031
28.37564 35.038
28.37971 36.445
28.38378 35.389
28.38785 34.170
28.39191 35.905
28.39598 36.093
28.40005 36.515
28.40412 35.507
28.40819 35.389
28.41226 35.835
28.41633 38.180
28.42039 36.914
28.42446 37.242
28.42853 37.336
28.43260 37.735
28.43667 37.922
28.44074 39.282
28.44480 38.931
28.44887 39.658
28.45294 37.312
28.45701 36.046
28.46108 39.400
28.46515 38.462
28.46922 38.063
28.47328 36.867
28.47735 35.929
28.48142 34.991
28.48549 34.311
28.48956 33.654
28.49363 33.935
28.49770 32.950
28.50176 32.270
28.50583 30.910
28.50990 31.144
28.51397 30.089
28.51804 29.597
28.52211 28.119
28.52617 26.806
28.53024 28.166
28.53431 27.369
28.53838 25.563
28.54245 24.977
28.54652 25.047
28.55059 25.000
28.55465 23.945
28.55872 23.569
28.56279 25.000
28.56686 23.241
28.57093 22.256
28.57500 22.444
28.57907 21.553
28.58313 21.201
28.58720 21.881
28.59127 21.248
28.59534 19.583
28.59941 19.160
28.60348 19.559
28.60754 19.114
28.61161 19.770
28.61568 18.973
28.61975 18.574
28.62382 19.841
28.62789 19.371
28.63196 19.371
28.63602 18.504
28.64009 17.871
28.64416 19.114
28.64823 17.003
28.65230 18.082
28.65637 17.589
28.66043 17.730
28.66450 18.058
28.66857 17.941
28.67264 16.534
28.67671 17.378
28.68078 16.909
28.68485 17.636
28.68891 16.557
28.69298 16.628
28.69705 16.815
28.70112 16.792
28.70519 17.636
28.70926 18.011
28.71333 17.589
28.71739 17.659
28.72146 17.308
28.72553 16.487
28.72960 16.886
28.73367 16.792
28.73774 17.284
28.74180 16.417
28.74587 16.604
28.74994 16.932
28.75401 17.495
28.75808 16.557
28.76215 16.229
28.76622 16.487
28.77028 17.495
28.77435 17.284
28.77842 16.581
28.78249 16.674
28.78656 16.886
28.79063 15.713
28.79469 16.932
28.79876 16.721
28.80283 16.463
28.80690 16.346
28.81097 16.205
28.81504 16.487
28.81911 16.698
28.82317 16.370
28.82724 16.698
28.83131 16.252
28.83538 16.346
28.83945 16.698
28.84352 16.041
28.84759 16.628
28.85165 14.658
28.85572 14.775
28.85979 16.932
28.86386 16.159
28.86793 16.182
28.87200 16.088
28.87606 15.783
28.88013 15.994
28.88420 16.839
28.88827 15.432
28.89234 17.214
28.89641 14.681
28.90048 16.065
28.90454 16.323
28.90861 15.525
28.91268 15.385
28.91675 15.666
28.92082 15.619
28.92489 16.041
28.92896 15.924
28.93302 16.651
28.93709 16.088
28.94116 14.845
28.94523 15.080
28.94930 15.291
28.95337 15.244
28.95743 16.276
28.96150 15.619
28.96557 15.502
28.96964 16.534
28.97371 15.971
28.97778 16.182
28.98185 15.783
28.98591 14.705
28.98998 14.611
28.99405 14.282
28.99812 15.150
29.00219 15.502
29.00626 16.182
29.01032 16.581
29.01439 16.323
29.01846 15.080
29.02253 15.009
29.02660 15.596
29.03067 16.018
29.03474 15.220
29.03880 14.634
29.04287 15.643
29.04694 14.962
29.05101 14.423
29.05508 14.470
29.05915 15.103
29.06322 15.220
29.06728 15.549
29.07135 15.643
29.07542 14.282
29.07949 15.361
29.08356 15.314
29.08763 16.159
29.09169 16.065
29.09576 15.361
29.09983 14.212
29.10390 15.807
29.10797 14.611
29.11204 16.088
29.11611 16.909
29.12017 15.549
29.12424 16.370
29.12831 15.267
29.13238 16.182
29.13645 13.766
29.14052 15.033
29.14459 15.666
29.14865 15.220
29.15272 14.892
29.15679 14.705
29.16086 16.112
29.16493 14.798
29.16900 14.259
29.17306 15.080
29.17713 13.931
29.18120 14.845
29.18527 13.626
29.18934 14.587
29.19341 15.338
29.19748 14.775
29.20154 15.009
29.20561 13.860
29.20968 14.447
29.21375 15.338
29.21782 14.306
29.22189 15.267
29.22595 15.783
29.23002 15.291
29.23409 15.033
29.23816 14.470
29.24223 14.658
29.24630 14.869
29.25037 14.822
29.25443 14.634
29.25850 16.252
29.26257 14.282
29.26664 16.229
29.27071 14.939
29.27478 14.071
29.27885 14.259
29.28291 14.845
29.28698 14.845
29.29105 15.713
29.29512 15.807
29.29919 14.493
29.30326 14.658
29.30732 14.939
29.31139 15.080
29.31546 14.751
29.31953 13.837
29.32360 13.977
29.32767 15.291
29.33174 14.493
29.33580 14.329
29.33987 14.634
29.34394 14.916
29.34801 12.735
29.35208 14.962
29.35615 15.596
29.36022 15.267
29.36428 15.103
29.36835 14.845
29.37242 14.282
29.37649 15.736
29.38056 14.587
29.38463 13.720
29.38869 14.611
29.39276 14.165
29.39683 14.212
29.40090 14.306
29.40497 14.165
29.40904 14.564
29.41311 15.174
29.41717 15.525
29.42124 13.860
29.42531 14.142
29.42938 13.907
29.43345 14.564
29.43752 14.611
29.44158 15.666
29.44565 14.845
29.44972 14.892
29.45379 14.517
29.45786 14.423
29.46193 13.649
29.46600 14.095
29.47006 14.329
29.47413 14.658
29.47820 14.118
29.48227 14.212
29.48634 14.681
29.49041 14.189
29.49448 14.517
29.49854 14.658
29.50261 14.165
29.50668 15.150
29.51075 14.681
29.51482 15.291
29.51889 14.681
29.52295 14.493
29.52702 13.954
29.53109 14.658
29.53516 15.080
29.53923 13.508
29.54330 14.024
29.54737 15.338
29.55143 15.150
29.55550 14.306
29.55957 14.728
29.56364 15.830
29.56771 14.235
29.57178 14.376
29.57584 14.329
29.57991 14.470
29.58398 13.766
29.58805 14.282
29.59212 14.001
29.59619 13.532
29.60026 13.532
29.60432 14.376
29.60839 14.447
29.61246 13.321
29.61653 14.728
29.62060 14.118
29.62467 14.376
29.62874 14.775
29.63280 14.165
29.63687 14.447
29.64094 14.962
29.64501 13.649
29.64908 13.977
29.65315 14.142
29.65721 13.368
29.66128 14.493
29.66535 13.931
29.66942 14.095
29.67349 12.781
29.67756 13.766
29.68163 13.485
29.68569 13.391
29.68976 14.048
29.69383 14.306
29.69790 15.689
29.70197 14.728
29.70604 13.743
29.71011 13.321
29.71417 13.204
29.71824 14.048
29.72231 13.133
29.72638 14.165
29.73045 13.837
29.73452 14.798
29.73858 14.564
29.74265 14.329
29.74672 14.165
29.75079 15.080
29.75486 13.696
29.75893 14.775
29.76300 13.391
29.76706 13.931
29.77113 13.977
29.77520 13.884
29.77927 13.462
29.78334 13.532
29.78741 13.321
29.79147 13.532
29.79554 12.688
29.79961 14.282
29.80368 13.743
29.80775 13.602
29.81182 13.415
29.81589 14.353
29.81995 13.766
29.82402 13.039
29.82809 13.180
29.83216 12.992
29.83623 13.579
29.84030 13.743
29.84437 14.142
29.84843 14.001
29.85250 13.274
29.85657 12.781
29.86064 14.400
29.86471 13.133
29.86878 13.438
29.87284 13.227
29.87691 13.508
29.88098 13.696
29.88505 13.977
29.88912 13.720
29.89319 13.180
29.89726 13.016
29.90132 13.508
29.90539 12.805
29.90946 13.860
29.91353 13.391
29.91760 14.048
29.92167 14.048
29.92574 12.852
29.92980 12.688
29.93387 13.180
29.93794 13.438
29.94201 13.297
29.94608 13.438
29.95015 13.508
29.95421 13.837
29.95828 13.602
29.96235 13.344
29.96642 14.189
29.97049 13.743
29.97456 13.860
29.97863 14.189
29.98269 13.039
29.98676 13.344
29.99083 13.766
29.99490 12.570
29.99897 13.274
30.00304 13.438
30.00710 13.790
30.01117 12.992
30.01524 12.617
30.01931 13.438
30.02338 12.758
30.02745 13.508
30.03152 13.110
30.03558 13.626
30.03965 13.039
30.04372 14.118
30.04779 12.805
30.05186 13.133
30.05593 13.344
30.06000 13.274
30.06406 12.781
30.06813 13.274
30.07220 13.415
30.07627 12.852
30.08034 13.720
30.08441 12.547
30.08847 13.344
30.09254 12.852
30.09661 12.969
30.10068 12.899
30.10475 12.641
30.10882 14.001
30.11289 12.477
30.11695 13.813
30.12102 12.688
30.12509 13.063
30.12916 13.602
30.13323 13.532
30.13730 13.321
30.14137 12.969
30.14543 12.242
30.14950 13.274
30.15357 12.852
30.15764 12.875
30.16171 13.766
30.16578 13.673
30.16984 12.406
30.17391 12.899
30.17798 12.711
30.18205 12.312
30.18612 12.477
30.19019 13.368
30.19426 13.086
30.19832 12.969
30.20239 13.438
30.20646 12.969
30.21053 13.039
30.21460 12.992
30.21867 14.024
30.22273 13.321
30.22680 12.992
30.23087 12.969
30.23494 12.852
30.23901 12.078
30.24308 13.110
30.24715 12.336
30.25121 12.969
30.25528 13.368
30.25935 14.728
30.26342 12.758
30.26749 12.594
30.27156 13.250
30.27563 12.805
30.27969 12.289
30.28376 13.204
30.28783 11.914
30.29190 12.359
30.29597 13.649
30.30004 12.453
30.30410 13.391
30.30817 13.133
30.31224 12.688
30.31631 12.195
30.32038 13.297
30.32445 11.726
30.32852 12.805
30.33258 12.828
30.33665 12.430
30.34072 12.875
30.34479 13.907
30.34886 12.899
30.35293 12.922
30.35700 13.180
30.36106 12.594
30.36513 13.884
30.36920 12.406
30.37327 13.227
30.37734 12.875
30.38141 12.336
30.38547 12.805
30.38954 12.922
30.39361 13.016
30.39768 12.336
30.40175 12.852
30.40582 12.336
30.40989 13.977
30.41395 12.946
30.41802 12.547
30.42209 13.086
30.42616 12.031
30.43023 12.312
30.43430 11.656
30.43836 12.101
30.44243 12.805
30.44650 12.383
30.45057 13.297
30.45464 12.969
30.45871 11.632
30.46278 12.735
30.46684 13.039
30.47091 13.180
30.47498 12.008
30.47905 12.148
30.48312 12.031
30.48719 12.406
30.49126 13.485
30.49532 11.914
30.49939 11.937
30.50346 11.280
30.50753 12.148
30.51160 12.430
30.51567 11.890
30.51973 11.773
30.52380 12.265
30.52787 12.805
30.53194 12.875
30.53601 12.430
30.54008 12.195
30.54415 11.867
30.54821 12.430
30.55228 13.462
30.55635 12.172
30.56042 12.758
30.56449 11.327
30.56856 13.063
30.57262 12.922
30.57669 12.148
30.58076 12.195
30.58483 12.523
30.58890 12.054
30.59297 12.008
30.59704 13.462
30.60110 12.500
30.60517 11.796
30.60924 12.735
30.61331 11.867
30.61738 12.711
30.62145 12.406
30.62552 11.820
30.62958 12.852
30.63365 12.406
30.63772 13.250
30.64179 12.735
30.64586 12.735
30.64993 13.086
30.65399 11.914
30.65806 12.922
30.66213 11.914
30.66620 12.688
30.67027 11.515
30.67434 11.984
30.67841 12.594
30.68247 10.507
30.68654 12.242
30.69061 11.609
30.69468 12.875
30.69875 11.984
30.70282 12.265
30.70689 12.523
30.71095 11.163
30.71502 11.468
30.71909 13.274
30.72316 11.468
30.72723 12.758
30.73130 11.492
30.73536 11.726
30.73943 12.312
30.74350 11.679
30.74757 12.078
30.75164 12.523
30.75571 12.383
30.75978 13.297
30.76384 12.008
30.76791 12.523
30.77198 12.617
30.77605 11.703
30.78012 12.641
30.78419 11.304
30.78825 11.492
30.79232 11.796
30.79639 11.820
30.80046 11.961
30.80453 11.843
30.80860 12.664
30.81267 12.336
30.81673 12.195
30.82080 12.101
30.82487 11.280
30.82894 12.477
30.83301 12.336
30.83708 11.538
30.84115 11.937
30.84521 12.899
30.84928 11.398
30.85335 12.054
30.85742 11.843
30.86149 11.656
30.86556 12.195
30.86962 12.430
30.87369 13.063
30.87776 11.984
30.88183 12.172
30.88590 12.054
30.88997 10.858
30.89404 12.148
30.89810 12.195
30.90217 11.984
30.90624 12.430
30.91031 11.562
30.91438 12.430
30.91845 12.008
30.92252 12.008
30.92658 11.398
30.93065 11.961
30.93472 11.867
30.93879 11.890
30.94286 11.562
30.94693 12.101
30.95099 11.609
30.95506 12.289
30.95913 12.477
30.96320 12.289
30.96727 12.641
30.97134 12.828
30.97541 12.477
30.97947 12.148
30.98354 13.133
30.98761 12.406
30.99168 11.585
30.99575 12.312
30.99982 11.632
31.00388 11.796
31.00795 11.679
31.01202 11.351
31.01609 12.453
31.02016 12.336
31.02423 12.688
31.02830 11.585
31.03236 12.101
31.03643 11.492
31.04050 11.703
31.04457 11.280
31.04864 11.023
31.05271 11.538
31.05678 12.453
31.06084 12.219
31.06491 11.585
31.06898 12.195
31.07305 11.468
31.07712 11.679
31.08119 12.031
31.08525 11.116
31.08932 10.647
31.09339 11.679
31.09746 11.703
31.10153 11.773
31.10560 11.867
31.10967 12.617
31.11373 10.741
31.11780 11.890
31.12187 11.585
31.12594 10.952
31.13001 11.468
31.13408 11.984
31.13815 11.515
31.14221 11.609
31.14628 12.570
31.15035 11.750
31.15442 11.867
31.15849 10.858
31.16256 12.031
31.16662 11.468
31.17069 10.999
31.17476 13.016
31.17883 11.445
31.18290 11.093
31.18697 11.515
31.19104 11.023
31.19510 10.553
31.19917 10.553
31.20324 11.984
31.20731 11.890
31.21138 11.961
31.21545 10.460
31.21951 11.585
31.22358 11.257
31.22765 11.304
31.23172 12.078
31.23579 11.374
31.23986 12.336
31.24393 10.530
31.24799 11.187
31.25206 10.718
31.25613 11.890
31.26020 11.867
31.26427 12.312
31.26834 11.046
31.27241 10.952
31.27647 12.148
31.28054 11.069
31.28461 10.342
31.28868 11.914
31.29275 11.656
31.29682 11.867
31.30088 11.374
31.30495 10.835
31.30902 11.398
31.31309 11.726
31.31716 12.054
31.32123 11.023
31.32530 11.538
31.32936 12.641
31.33343 11.116
31.33750 11.726
31.34157 9.780
31.34564 11.163
31.34971 10.999
31.35377 11.023
31.35784 11.327
31.36191 11.234
31.36598 10.882
31.37005 11.234
31.37412 11.069
31.37819 10.976
31.38225 11.562
31.38632 11.280
31.39039 10.413
31.39446 11.351
31.39853 10.976
31.40260 10.295
31.40667 11.421
31.41073 9.897
31.41480 11.187
31.41887 10.835
31.42294 10.460
31.42701 11.327
31.43108 10.882
31.43514 10.929
31.43921 11.961
31.44328 11.445
31.44735 11.468
31.45142 11.163
31.45549 10.671
31.45956 11.890
31.46362 10.976
31.46769 11.257
31.47176 11.257
31.47583 11.445
31.47990 11.632
31.48397 11.984
31.48804 11.609
31.49210 11.304
31.49617 11.796
31.50024 11.046
31.50431 10.976
31.50838 11.867
31.51245 10.835
31.51651 10.553
31.52058 11.257
31.52465 10.647
31.52872 11.867
31.53279 10.553
31.53686 10.882
31.54093 10.905
31.54499 9.873
31.54906 11.867
31.55313 11.304
31.55720 11.609
31.56127 11.187
31.56534 10.765
31.56940 11.023
31.57347 11.867
31.57754 11.023
31.58161 11.585
31.58568 11.562
31.58975 10.553
31.59382 10.249
31.59788 11.374
31.60195 10.976
31.60602 11.374
31.61009 11.280
31.61416 11.187
31.61823 11.445
31.62230 10.389
31.62636 10.811
31.63043 10.647
31.63450 10.929
31.63857 12.242
31.64264 11.210
31.64671 10.811
31.65077 11.609
31.65484 10.553
31.65891 11.562
31.66298 11.069
31.66705 11.304
31.67112 10.905
31.67519 10.342
31.67925 10.319
31.68332 10.295
31.68739 10.342
31.69146 11.726
31.69553 11.327
31.69960 10.811
31.70367 11.679
31.70773 11.796
31.71180 10.741
31.71587 9.967
31.71994 10.999
31.72401 10.976
31.72808 10.295
31.73214 11.210
31.73621 10.342
31.74028 11.327
31.74435 11.585
31.74842 10.553
31.75249 11.632
31.75656 11.210
31.76062 11.304
31.76469 11.538
31.76876 10.905
31.77283 11.210
31.77690 9.780
31.78097 11.257
31.78503 11.304
31.78910 10.765
31.79317 11.585
31.79724 12.125
31.80131 11.163
31.80538 10.366
31.80945 10.342
31.81351 11.515
31.81758 11.703
31.82165 9.522
31.82572 10.788
31.82979 10.272
31.83386 12.031
31.83793 10.811
31.84199 10.366
31.84606 10.084
31.85013 10.507
31.85420 10.553
31.85827 11.023
31.86234 10.694
31.86640 11.093
31.87047 10.295
31.87454 11.234
31.87861 11.187
31.88268 10.976
31.88675 11.023
31.89082 10.999
31.89488 11.093
31.89895 11.140
31.90302 9.592
31.90709 10.366
31.91116 11.093
31.91523 10.647
31.91930 9.803
31.92336 11.538
31.92743 10.741
31.93150 10.413
31.93557 10.999
31.93964 11.351
31.94371 10.483
31.94777 10.976
31.95184 10.553
31.95591 10.436
31.95998 10.342
31.96405 10.835
31.96812 10.436
31.97219 10.999
31.97625 10.952
31.98032 10.718
31.98439 10.647
31.98846 11.327
31.99253 10.014
31.99660 10.647
32.00066 9.873
32.00473 10.905
32.00880 10.483
32.01287 10.249
32.01694 10.272
32.02101 10.624
32.02508 10.741
32.02914 10.999
32.03321 10.765
32.03728 10.553
32.04135 10.671
32.04542 10.553
32.04949 11.257
32.05356 11.351
32.05762 10.905
32.06169 10.460
32.06576 11.210
32.06983 10.389
32.07390 10.202
32.07797 10.272
32.08203 9.686
32.08610 10.202
32.09017 10.952
32.09424 10.694
32.09831 10.694
32.10238 10.882
32.10645 9.897
32.11051 9.944
32.11458 10.460
32.11865 10.084
32.12272 11.585
32.12679 10.225
32.13086 10.929
32.13492 11.163
32.13899 10.131
32.14306 10.671
32.14713 10.413
32.15120 11.843
32.15527 10.788
32.15934 11.304
32.16340 10.178
32.16747 10.436
32.17154 11.280
32.17561 9.967
32.17968 11.234
32.18375 11.374
32.18782 10.131
32.19188 10.624
32.19595 10.319
32.20002 9.826
32.20409 11.210
32.20816 10.084
32.21223 11.116
32.21629 11.023
32.22036 10.929
32.22443 10.624
32.22850 11.023
32.23257 10.507
32.23664 10.577
32.24071 10.342
32.24477 11.210
32.24884 10.342
32.25291 10.436
32.25698 10.436
32.26105 11.023
32.26512 10.976
32.26919 11.093
32.27325 10.553
32.27732 10.882
32.28139 10.929
32.28546 10.413
32.28953 9.897
32.29360 10.952
32.29766 11.327
32.30173 10.155
32.30580 11.984
32.30987 10.295
32.31394 10.483
32.31801 10.741
32.32208 10.905
32.32614 10.436
32.33021 10.295
32.33428 10.249
32.33835 12.195
32.34242 11.093
32.34649 10.694
32.35055 10.507
32.35462 11.187
32.35869 10.765
32.36276 10.155
32.36683 10.342
32.37090 11.046
32.37497 11.961
32.37903 10.366
32.38310 10.436
32.38717 10.905
32.39124 10.553
32.39531 11.398
32.39938 11.023
32.40345 11.351
32.40751 10.929
32.41158 10.858
32.41565 10.460
32.41972 10.741
32.42379 10.811
32.42786 10.952
32.43192 11.398
32.43599 12.008
32.44006 11.961
32.44413 10.858
32.44820 10.225
32.45227 10.624
32.45634 11.656
32.46040 12.101
32.46447 11.492
32.46854 11.069
32.47261 12.195
32.47668 11.937
32.48075 12.523
32.48482 11.961
32.48888 11.515
32.49295 10.999
32.49702 12.852
32.50109 12.406
32.50516 12.899
32.50923 12.125
32.51329 11.585
32.51736 12.031
32.52143 12.101
32.52550 12.265
32.52957 12.664
32.53364 11.116
32.53771 12.359
32.54177 11.609
32.54584 12.617
32.54991 11.445
32.55398 12.664
32.55805 12.711
32.56212 12.289
32.56618 11.679
32.57025 13.626
32.57432 13.086
32.57839 14.142
32.58246 12.781
32.58653 14.235
32.59060 13.086
32.59466 12.265
32.59873 13.204
32.60280 13.720
32.60687 12.946
32.61094 15.783
32.61501 14.986
32.61908 13.696
32.62314 14.118
32.62721 13.977
32.63128 14.353
32.63535 17.003
32.63942 14.681
32.64349 14.353
32.64755 14.939
32.65162 15.877
32.65569 15.596
32.65976 15.267
32.66383 15.103
32.66790 16.299
32.67197 15.760
32.67603 16.534
32.68010 17.073
32.68417 17.190
32.68824 18.316
32.69231 18.175
32.69638 17.894
32.70045 19.067
32.70451 18.504
32.70858 19.325
32.71265 18.433
32.71672 19.629
32.72079 18.879
32.72486 18.809
32.72892 19.325
32.73299 19.911
32.73706 20.568
32.74113 19.653
32.74520 19.794
32.74927 20.872
32.75334 20.427
32.75740 21.013
32.76147 19.841
32.76554 18.856
32.76961 20.427
32.77368 20.005
32.77775 20.052
32.78181 19.747
32.78588 19.325
32.78995 19.231
32.79402 19.301
32.79809 19.090
32.80216 19.418
32.80623 18.527
32.81029 18.293
32.81436 19.114
32.81843 17.331
32.82250 17.448
32.82657 16.534
32.83064 17.964
32.83471 17.800
32.83877 17.542
32.84284 16.557
32.84691 16.909
32.85098 16.065
32.85505 16.252
32.85912 16.979
32.86318 15.549
32.86725 15.408
32.87132 15.572
32.87539 15.127
32.87946 15.432
32.88353 14.470
32.88760 15.596
32.89166 15.267
32.89573 13.931
32.89980 14.986
32.90387 14.962
32.90794 14.728
32.91201 14.470
32.91607 16.018
32.92014 14.259
32.92421 13.602
32.92828 15.807
32.93235 15.736
32.93642 14.376
32.94049 14.705
32.94455 15.807
32.94862 15.267
32.95269 15.525
32.95676 15.947
32.96083 15.291
32.96490 15.643
32.96897 15.619
32.97303 15.713
32.97710 16.135
32.98117 15.994
32.98524 16.862
32.98931 17.050
32.99338 15.432
32.99744 16.956
33.00151 15.901
33.00558 17.425
33.00965 16.299
33.01372 16.463
33.01779 14.705
33.02186 16.909
33.02592 15.455
33.02999 14.611
33.03406 14.962
33.03813 14.259
33.04220 13.462
33.04627 12.664
33.05034 13.039
33.05440 13.954
33.05847 13.274
33.06254 13.954
33.06661 13.063
33.07068 12.992
33.07475 12.617
33.07881 13.626
33.08288 13.743
33.08695 13.743
33.09102 12.711
33.09509 11.843
33.09916 12.101
33.10323 11.585
33.10729 12.172
33.11136 11.632
33.11543 11.820
33.11950 11.351
33.12357 11.093
33.12764 10.389
33.13170 10.835
33.13577 11.187
33.13984 10.647
33.14391 10.202
33.14798 10.624
33.15205 10.084
33.15612 9.193
33.16018 9.850
33.16425 10.929
33.16832 10.460
33.17239 10.647
33.17646 9.615
33.18053 10.718
33.18460 10.553
33.18866 9.615
33.19273 10.342
33.19680 9.662
33.20087 9.311
33.20494 9.686
33.20901 9.193
33.21307 9.311
33.21714 10.155
33.22121 9.991
33.22528 10.788
33.22935 9.615
33.23342 10.108
33.23749 9.803
33.24155 10.507
33.24562 10.155
33.24969 10.178
33.25376 9.099
33.25783 9.240
33.26190 9.709
33.26597 10.295
33.27003 9.240
33.27410 9.967
33.27817 9.991
33.28224 10.131
33.28631 9.357
33.29038 9.381
33.29444 9.428
33.29851 9.780
33.30258 9.170
33.30665 9.592
33.31072 9.780
33.31479 9.381
33.31886 9.451
33.32292 9.592
33.32699 9.803
33.33106 9.967
33.33513 9.428
33.33920 9.099
33.34327 10.155
33.34733 9.733
33.35140 9.053
33.35547 9.568
33.35954 9.170
33.36361 9.615
33.36768 9.334
33.37175 8.912
33.37581 9.944
33.37988 9.193
33.38395 9.545
33.38802 10.202
33.39209 9.428
33.39616 9.146
33.40023 9.897
33.40429 10.436
33.40836 10.319
33.41243 9.475
33.41650 9.920
33.42057 9.334
33.42464 9.193
33.42870 9.944
33.43277 9.733
33.43684 8.466
33.44091 10.014
33.44498 8.443
33.44905 9.099
33.45312 9.076
33.45718 9.615
33.46125 10.014
33.46532 8.748
33.46939 9.029
33.47346 9.170
33.47753 9.076
33.48160 9.428
33.48566 9.123
33.48973 9.170
33.49380 9.944
33.49787 8.677
33.50194 9.217
33.50601 8.959
33.51007 9.615
33.51414 9.803
33.51821 11.046
33.52228 9.240
33.52635 9.357
33.53042 9.076
33.53449 10.155
33.53855 9.920
33.54262 9.428
33.54669 10.108
33.55076 9.193
33.55483 8.795
33.55890 9.522
33.56296 9.053
33.56703 8.888
33.57110 10.108
33.57517 8.935
33.57924 10.225
33.58331 8.654
33.58738 10.202
33.59144 9.287
33.59551 9.357
33.59958 10.553
33.60365 9.357
33.60772 8.912
33.61179 9.756
33.61586 9.311
33.61992 9.217
33.62399 9.475
33.62806 10.108
33.63213 8.630
33.63620 8.771
33.64027 8.208
33.64433 9.099
33.64840 9.522
33.65247 8.888
33.65654 10.225
33.66061 9.850
33.66468 9.264
33.66875 9.592
33.67281 8.701
33.67688 9.709
33.68095 8.279
33.68502 9.592
33.68909 8.724
33.69316 8.372
33.69723 8.302
33.70129 9.193
33.70536 9.780
33.70943 8.232
33.71350 8.865
33.71757 8.396
33.72164 9.006
33.72570 9.006
33.72977 8.607
33.73384 7.974
33.73791 8.466
33.74198 8.865
33.74605 9.006
33.75012 9.170
33.75418 9.053
33.75825 8.583
33.76232 9.193
33.76639 9.170
33.77046 8.349
33.77453 9.756
33.77859 9.264
33.78266 9.545
33.78673 9.099
33.79080 9.686
33.79487 7.997
33.79894 8.982
33.80301 9.920
33.80707 8.537
33.81114 8.795
33.81521 9.381
33.81928 9.428
33.82335 8.583
33.82742 8.419
33.83149 7.716
33.83555 9.475
33.83962 9.545
33.84369 8.419
33.84776 9.053
33.85183 9.568
33.85590 8.865
33.85996 9.451
33.86403 9.287
33.86810 9.099
33.87217 9.428
33.87624 9.381
33.88031 9.920
33.88438 8.912
33.88844 9.264
33.89251 8.959
33.89658 8.959
33.90065 9.568
33.90472 9.076
33.90879 9.029
33.91285 8.701
33.91692 8.982
33.92099 8.724
33.92506 8.912
33.92913 9.428
33.93320 9.006
33.93727 8.114
33.94133 9.264
33.94540 9.428
33.94947 8.888
33.95354 8.349
33.95761 9.545
33.96168 10.155
33.96575 8.161
33.96981 8.771
33.97388 9.264
33.97795 9.451
33.98202 8.326
33.98609 8.701
33.99016 8.795
33.99422 9.006
33.99829 8.583
34.00236 9.029
34.00643 8.255
34.01050 8.795
34.01457 8.888
34.01864 9.404
34.02270 9.006
34.02677 9.029
34.03084 8.982
34.03491 8.701
34.03898 9.240
34.04305 8.654
34.04712 9.264
34.05118 9.264
34.05525 9.381
34.05932 8.841
34.06339 9.006
34.06746 8.537
34.07153 9.568
34.07559 8.583
34.07966 9.404
34.08373 8.677
34.08780 8.982
34.09187 8.654
34.09594 8.888
34.10001 9.498
34.10407 9.146
34.10814 8.513
34.11221 9.568
34.11628 8.677
34.12035 9.404
34.12442 9.076
34.12848 9.357
34.13255 9.803
34.13662 8.912
34.14069 8.701
34.14476 7.716
34.14883 9.639
34.15290 8.771
34.15696 8.583
34.16103 8.114
34.16510 8.771
34.16917 9.029
34.17324 8.748
34.17731 8.326
34.18138 8.701
34.18544 8.560
34.18951 8.396
34.19358 8.560
34.19765 9.123
34.20172 8.818
34.20579 8.771
34.20985 8.654
34.21392 8.865
34.21799 8.888
34.22206 8.935
34.22613 9.217
34.23020 7.903
34.23427 8.466
34.23833 8.021
34.24240 9.099
34.24647 8.701
34.25054 9.264
34.25461 8.466
34.25868 9.029
34.26275 7.786
34.26681 9.006
34.27088 8.677
34.27495 8.068
34.27902 8.466
34.28309 8.795
34.28716 8.326
34.29122 9.451
34.29529 7.810
34.29936 7.763
34.30343 9.099
34.30750 8.349
34.31157 8.888
34.31564 8.795
34.31970 8.372
34.32377 9.053
34.32784 7.880
34.33191 9.053
34.33598 7.974
34.34005 8.161
34.34411 8.443
34.34818 8.583
34.35225 8.396
34.35632 8.748
34.36039 9.029
34.36446 8.255
34.36853 8.701
34.37259 8.795
34.37666 8.021
34.38073 9.311
34.38480 7.997
34.38887 8.935
34.39294 8.865
34.39701 9.146
34.40107 8.724
34.40514 9.006
34.40921 8.537
34.41328 8.302
34.41735 9.240
34.42142 8.302
34.42548 9.193
34.42955 8.068
34.43362 9.264
34.43769 9.029
34.44176 8.560
34.44583 9.099
34.44990 8.959
34.45396 8.677
34.45803 9.357
34.46210 8.372
34.46617 8.677
34.47024 8.419
34.47431 8.959
34.47838 7.856
34.48244 8.372
34.48651 9.381
34.49058 8.419
34.49465 9.170
34.49872 8.255
34.50279 8.302
34.50685 7.669
34.51092 8.959
34.51499 8.021
34.51906 8.912
34.52313 8.677
34.52720 9.076
34.53127 9.076
34.53533 8.490
34.53940 8.068
34.54347 8.513
34.54754 8.724
34.55161 8.255
34.55568 8.818
34.55974 8.771
34.56381 8.771
34.56788 9.451
34.57195 8.912
34.57602 9.545
34.58009 8.888
34.58416 8.677
34.58822 8.795
34.59229 8.959
34.59636 8.419
34.60043 8.208
34.60450 7.950
34.60857 8.583
34.61264 8.865
34.61670 7.997
34.62077 8.888
34.62484 8.865
34.62891 8.372
34.63298 8.044
34.63705 8.068
34.64111 8.396
34.64518 8.232
34.64925 8.982
34.65332 8.302
34.65739 8.818
34.66146 7.950
34.66553 8.724
34.66959 8.841
34.67366 8.232
34.67773 9.029
34.68180 8.537
34.68587 8.161
34.68994 8.349
34.69400 8.185
34.69807 8.255
34.70214 8.583
34.70621 8.326
34.71028 9.756
34.71435 7.974
34.71842 8.607
34.72248 8.701
34.72655 7.763
34.73062 8.630
34.73469 9.287
34.73876 8.818
34.74283 7.997
34.74690 8.396
34.75096 8.677
34.75503 8.771
34.75910 8.185
34.76317 9.522
34.76724 8.537
34.77131 8.841
34.77537 7.763
34.77944 8.372
34.78351 7.810
34.78758 8.302
34.79165 8.138
34.79572 9.099
34.79979 8.419
34.80385 7.856
34.80792 8.537
34.81199 7.950
34.81606 7.856
34.82013 8.232
34.82420 8.466
34.82827 8.466
34.83233 7.927
34.83640 8.607
34.84047 8.279
34.84454 8.255
34.84861 7.763
34.85268 8.114
34.85674 8.841
34.86081 8.583
34.86488 7.856
34.86895 9.076
34.87302 8.396
34.87709 9.568
34.88116 8.560
34.88522 8.513
34.88929 7.739
34.89336 8.326
34.89743 8.724
34.90150 7.692
34.90557 8.255
34.90963 7.481
34.91370 9.029
34.91777 8.490
34.92184 8.021
34.92591 8.302
34.92998 8.349
34.93405 8.419
34.93811 9.264
34.94218 7.950
34.94625 7.223
34.95032 8.161
34.95439 8.841
34.95846 8.396
34.96253 8.677
34.96659 8.795
34.97066 8.795
34.97473 8.138
34.97880 8.677
34.98287 9.053
34.98694 7.387
34.99100 8.982
34.99507 7.622
34.99914 8.982
35.00321 8.068
35.00728 8.677
35.01135 8.279
35.01542 8.068
35.01948 8.419
35.02355 8.044
35.02762 8.232
35.03169 8.537
35.03576 7.669
35.03983 7.997
35.04390 7.856
35.04796 8.865
35.05203 7.997
35.05610 7.575
35.06017 7.552
35.06424 8.161
35.06831 8.185
35.07237 8.935
35.07644 8.419
35.08051 8.255
35.08458 8.232
35.08865 7.997
35.09272 8.185
35.09679 8.419
35.10085 8.114
35.10492 8.372
35.10899 7.997
35.11306 8.372
35.11713 7.974
35.12120 8.419
35.12526 8.701
35.12933 8.161
35.13340 8.982
35.13747 8.490
35.14154 7.552
35.14561 8.865
35.14968 7.598
35.15374 8.888
35.15781 8.490
35.16188 8.818
35.16595 8.349
35.17002 9.240
35.17409 8.935
35.17816 7.903
35.18222 7.481
35.18629 7.974
35.19036 7.763
35.19443 8.724
35.19850 7.763
35.20257 8.279
35.20663 8.185
35.21070 7.810
35.21477 8.044
35.21884 7.833
35.22291 8.326
35.22698 8.161
35.23105 8.349
35.23511 7.997
35.23918 7.833
35.24325 8.537
35.24732 8.466
35.25139 8.818
35.25546 7.645
35.25953 8.560
35.26359 7.880
35.26766 7.692
35.27173 7.341
35.27580 8.232
35.27987 8.654
35.28394 7.411
35.28800 8.607
35.29207 7.903
35.29614 7.622
35.30021 8.771
35.30428 8.161
35.30835 7.810
35.31242 8.419
35.31648 8.701
35.32055 8.372
35.32462 7.552
35.32869 8.419
35.33276 8.419
35.33683 7.622
35.34089 8.138
35.34496 7.903
35.34903 8.044
35.35310 8.044
35.35717 8.372
35.36124 7.692
35.36531 8.044
35.36937 7.622
35.37344 8.114
35.37751 7.341
35.38158 7.528
35.38565 8.419
35.38972 7.458
35.39379 8.326
35.39785 8.513
35.40192 8.560
35.40599 7.903
35.41006 7.763
35.41413 7.880
35.41820 8.044
35.42226 7.341
35.42633 7.645
35.43040 7.974
35.43447 8.161
35.43854 7.458
35.44261 8.044
35.44668 8.349
35.45074 7.880
35.45481 8.232
35.45888 8.607
35.46295 8.021
35.46702 7.763
35.47109 8.185
35.47515 8.771
35.47922 8.091
35.48329 8.841
35.48736 8.114
35.49143 8.795
35.49550 7.997
35.49957 8.724
35.50363 8.326
35.50770 7.692
35.51177 7.739
35.51584 7.950
35.51991 7.575
35.52398 8.466
35.52805 7.927
35.53211 7.927
35.53618 8.138
35.54025 7.903
35.54432 8.114
35.54839 8.021
35.55246 7.950
35.55652 8.701
35.56059 8.607
35.56466 8.396
35.56873 7.833
35.57280 8.044
35.57687 7.364
35.58094 8.279
35.58500 8.279
35.58907 8.232
35.59314 8.114
35.59721 8.232
35.60128 7.974
35.60535 8.490
35.60942 7.598
35.61348 8.982
35.61755 7.622
35.62162 8.396
35.62569 7.669
35.62976 7.669
35.63383 7.786
35.63789 7.950
35.64196 9.099
35.64603 8.114
35.65010 7.903
35.65417 7.927
35.65824 8.021
35.66231 8.349
35.66637 7.669
35.67044 8.255
35.67451 8.490
35.67858 8.279
35.68265 8.044
35.68672 8.396
35.69078 7.458
35.69485 7.716
35.69892 7.247
35.70299 8.232
35.70706 7.880
35.71113 8.044
35.71520 8.419
35.71926 7.763
35.72333 8.208
35.72740 7.903
35.73147 7.997
35.73554 8.068
35.73961 7.458
35.74368 6.590
35.74774 8.232
35.75181 7.364
35.75588 7.903
35.75995 8.255
35.76402 7.317
35.76809 7.880
35.77215 7.974
35.77622 7.833
35.78029 7.856
35.78436 7.481
35.78843 7.575
35.79250 7.856
35.79657 7.645
35.80063 8.255
35.80470 7.645
35.80877 7.434
35.81284 7.505
35.81691 7.997
35.82098 7.903
35.82505 8.795
35.82911 8.302
35.83318 7.950
35.83725 8.537
35.84132 7.950
35.84539 7.505
35.84946 7.176
35.85352 7.341
35.85759 7.669
35.86166 8.255
35.86573 8.302
35.86980 8.396
35.87387 8.138
35.87794 7.129
35.88200 7.176
35.88607 7.833
35.89014 7.763
35.89421 8.255
35.89828 8.021
35.90235 8.068
35.90641 7.552
35.91048 7.598
35.91455 7.786
35.91862 9.006
35.92269 8.396
35.92676 8.349
35.93083 8.818
35.93489 7.622
35.93896 7.598
35.94303 7.645
35.94710 7.997
35.95117 6.871
35.95524 8.302
35.95931 7.739
35.96337 8.396
35.96744 7.810
35.97151 8.091
35.97558 8.232
35.97965 8.654
35.98372 7.950
35.98778 7.763
35.99185 7.950
35.99592 7.598
35.99999 7.950
36.00406 8.138
36.00813 7.880
36.01220 7.763
36.01626 7.810
36.02033 7.856
36.02440 7.927
36.02847 7.974
36.03254 7.669
36.03661 8.419
36.04068 8.185
36.04474 8.513
36.04881 8.114
36.05288 8.138
36.05695 7.692
36.06102 7.552
36.06509 8.349
36.06915 8.091
36.07322 8.044
36.07729 8.701
36.08136 7.856
36.08543 7.645
36.08950 7.552
36.09357 8.513
36.09763 7.692
36.10170 8.302
36.10577 7.927
36.10984 8.114
36.11391 7.880
36.11798 8.091
36.12204 8.232
36.12611 7.833
36.13018 7.645
36.13425 7.927
36.13832 6.989
36.14239 7.856
36.14646 7.786
36.15052 8.068
36.15459 7.997
36.15866 7.059
36.16273 8.091
36.16680 8.068
36.17087 8.138
36.17494 7.739
36.17900 8.677
36.18307 8.021
36.18714 7.810
36.19121 7.270
36.19528 7.059
36.19935 8.138
36.20341 7.598
36.20748 8.349
36.21155 7.950
36.21562 7.669
36.21969 8.091
36.22376 7.669
36.22783 7.575
36.23189 7.223
36.23596 8.091
36.24003 8.021
36.24410 7.880
36.24817 7.505
36.25224 8.044
36.25630 7.739
36.26037 6.848
36.26444 7.505
36.26851 8.114
36.27258 7.129
36.27665 7.106
36.28072 7.270
36.28478 7.950
36.28885 7.692
36.29292 7.598
36.29699 7.317
36.30106 7.129
36.30513 7.880
36.30920 7.247
36.31326 7.763
36.31733 7.247
36.32140 7.974
36.32547 8.068
36.32954 6.989
36.33361 7.716
36.33767 7.810
36.34174 8.490
36.34581 7.833
36.34988 7.434
36.35395 8.138
36.35802 7.739
36.36209 7.880
36.36615 6.895
36.37022 8.021
36.37429 7.458
36.37836 8.396
36.38243 8.185
36.38650 7.692
36.39057 7.950
36.39463 7.575
36.39870 7.364
36.40277 7.176
36.40684 8.021
36.41091 8.068
36.41498 7.856
36.41904 7.856
36.42311 7.856
36.42718 7.317
36.43125 7.270
36.43532 7.903
36.43939 7.692
36.44346 7.786
36.44752 7.786
36.45159 7.411
36.45566 7.880
36.45973 8.138
36.46380 7.481
36.46787 7.974
36.47193 7.083
36.47600 8.208
36.48007 7.974
36.48414 6.731
36.48821 7.903
36.49228 7.575
36.49635 7.223
36.50041 7.528
36.50448 6.918
36.50855 7.552
36.51262 7.786
36.51669 7.083
36.52076 7.317
36.52483 6.989
36.52889 7.903
36.53296 8.021
36.53703 7.247
36.54110 8.654
36.54517 8.302
36.54924 8.232
36.55330 7.669
36.55737 6.989
36.56144 7.833
36.56551 7.622
36.56958 7.880
36.57365 7.223
36.57772 7.833
36.58178 7.856
36.58585 7.997
36.58992 7.786
36.59399 7.833
36.59806 8.490
36.60213 7.036
36.60620 7.856
36.61026 7.528
36.61433 8.513
36.61840 7.833
36.62247 7.903
36.62654 7.552
36.63061 7.974
36.63467 7.458
36.63874 7.434
36.64281 7.903
36.64688 7.458
36.65095 8.232
36.65502 7.481
36.65909 7.739
36.66315 7.270
36.66722 6.238
36.67129 7.786
36.67536 7.317
36.67943 7.856
36.68350 8.114
36.68756 7.763
36.69163 8.537
36.69570 7.341
36.69977 7.997
36.70384 8.443
36.70791 8.349
36.71198 7.645
36.71604 7.294
36.72011 7.786
36.72418 7.458
36.72825 8.185
36.73232 7.270
36.73639 8.419
36.74046 7.622
36.74452 7.129
36.74859 7.106
36.75266 7.528
36.75673 7.106
36.76080 7.176
36.76487 7.294
36.76893 7.903
36.77300 6.965
36.77707 7.692
36.78114 7.036
36.78521 7.880
36.78928 7.880
36.79335 7.692
36.79741 7.364
36.80148 8.021
36.80555 7.036
36.80962 6.754
36.81369 7.669
36.81776 7.552
36.82183 7.317
36.82589 7.294
36.82996 8.091
36.83403 7.786
36.83810 8.326
36.84217 6.965
36.84624 7.575
36.85030 7.294
36.85437 7.364
36.85844 7.106
36.86251 7.575
36.86658 7.364
36.87065 7.341
36.87472 7.200
36.87878 7.598
36.88285 7.223
36.88692 7.880
36.89099 7.223
36.89506 7.552
36.89913 7.575
36.90319 7.739
36.90726 7.974
36.91133 7.364
36.91540 7.481
36.91947 7.575
36.92354 7.692
36.92761 7.387
36.93167 7.481
36.93574 7.903
36.93981 6.778
36.94388 7.692
36.94795 6.942
36.95202 7.763
36.95609 7.176
36.96015 7.856
36.96422 7.317
36.96829 8.114
36.97236 7.645
36.97643 7.669
36.98050 7.434
36.98456 8.044
36.98863 6.989
36.99270 7.364
36.99677 7.153
37.00084 7.387
37.00491 7.270
37.00898 7.200
37.01304 7.739
37.01711 7.200
37.02118 7.387
37.02525 6.965
37.02932 7.739
37.03339 8.232
37.03746 7.153
37.04152 7.341
37.04559 7.739
37.04966 7.411
37.05373 6.989
37.05780 7.223
37.06187 7.575
37.06593 7.575
37.07000 7.528
37.07407 7.364
37.07814 7.786
37.08221 7.200
37.08628 7.622
37.09035 7.012
37.09441 7.153
37.09848 7.317
37.10255 7.176
37.10662 8.114
37.11069 7.129
37.11476 7.458
37.11882 7.036
37.12289 7.927
37.12696 7.153
37.13103 7.153
37.13510 6.285
37.13917 6.590
37.14324 7.528
37.14730 6.356
37.15137 6.707
37.15544 7.458
37.15951 7.997
37.16358 7.129
37.16765 7.270
37.17172 7.294
37.17578 6.965
37.17985 7.036
37.18392 6.496
37.18799 6.707
37.19206 7.059
37.19613 7.411
37.20019 7.669
37.20426 6.707
37.20833 7.012
37.21240 7.176
37.21647 7.481
37.22054 7.598
37.22461 7.950
37.22867 7.176
37.23274 7.411
37.23681 7.739
37.24088 7.153
37.24495 6.989
37.24902 7.692
37.25308 7.810
37.25715 7.458
37.26122 7.083
37.26529 6.778
37.26936 7.575
37.27343 7.083
37.27750 7.270
37.28156 7.481
37.28563 8.326
37.28970 6.801
37.29377 7.036
37.29784 8.021
37.30191 7.528
37.30598 6.614
37.31004 6.614
37.31411 7.786
37.31818 6.825
37.32225 7.622
37.32632 6.825
37.33039 7.458
37.33445 7.411
37.33852 7.786
37.34259 7.598
37.34666 7.927
37.35073 7.716
37.35480 7.129
37.35887 7.880
37.36293 8.185
37.36700 7.387
37.37107 7.317
37.37514 7.763
37.37921 7.810
37.38328 7.950
37.38735 8.021
37.39141 7.036
37.39548 7.364
37.39955 6.778
37.40362 6.801
37.40769 7.270
37.41176 7.575
37.41582 7.341
37.41989 7.645
37.42396 7.528
37.42803 7.341
37.43210 8.091
37.43617 7.622
37.44024 7.176
37.44430 6.684
37.44837 7.458
37.45244 7.434
37.45651 7.341
37.46058 7.083
37.46465 7.247
37.46871 7.833
37.47278 7.153
37.47685 7.575
37.48092 7.036
37.48499 6.918
37.48906 6.051
37.49313 7.856
37.49719 7.598
37.50126 7.669
37.50533 7.692
37.50940 7.622
37.51347 7.270
37.51754 7.012
37.52161 7.106
37.52567 8.021
37.52974 7.036
37.53381 6.965
37.53788 7.176
37.54195 7.176
37.54602 7.153
37.55008 7.153
37.55415 7.153
37.55822 6.614
37.56229 7.856
37.56636 7.974
37.57043 7.129
37.57450 7.950
37.57856 7.341
37.58263 7.645
37.58670 7.294
37.59077 6.918
37.59484 6.989
37.59891 6.778
37.60298 7.575
37.60704 8.326
37.61111 6.825
37.61518 7.270
37.61925 7.387
37.62332 6.825
37.62739 8.232
37.63145 7.129
37.63552 7.223
37.63959 7.598
37.64366 6.989
37.64773 7.341
37.65180 7.083
37.65587 6.965
37.65993 7.598
37.66400 8.372
37.66807 7.364
37.67214 7.200
37.67621 7.153
37.68028 7.856
37.68434 7.106
37.68841 7.106
37.69248 8.466
37.69655 6.871
37.70062 6.520
37.70469 7.270
37.70876 7.317
37.71282 6.379
37.71689 7.036
37.72096 6.871
37.72503 7.270
37.72910 7.317
37.73317 6.801
37.73724 7.669
37.74130 7.270
37.74537 7.153
37.74944 6.989
37.75351 7.317
37.75758 7.106
37.76165 6.942
37.76571 6.801
37.76978 7.387
37.77385 7.153
37.77792 7.645
37.78199 7.317
37.78606 7.176
37.79013 7.387
37.79419 7.270
37.79826 7.317
37.80233 7.036
37.80640 6.590
37.81047 7.153
37.81454 7.341
37.81861 7.059
37.82267 7.012
37.82674 7.997
37.83081 7.059
37.83488 6.778
37.83895 7.575
37.84302 7.317
37.84708 7.270
37.85115 7.317
37.85522 6.754
37.85929 7.434
37.86336 7.294
37.86743 7.387
37.87150 6.449
37.87556 7.458
37.87963 7.505
37.88370 6.801
37.88777 7.505
37.89184 7.716
37.89591 7.622
37.89997 7.411
37.90404 7.012
37.90811 7.481
37.91218 7.387
37.91625 8.091
37.92032 6.707
37.92439 6.989
37.92845 7.739
37.93252 7.669
37.93659 6.496
37.94066 6.871
37.94473 6.754
37.94880 6.707
37.95287 6.707
37.95693 7.012
37.96100 6.825
37.96507 6.848
37.96914 7.200
37.97321 7.974
37.97728 6.989
37.98134 6.215
37.98541 7.598
37.98948 7.763
37.99355 7.200
37.99762 6.989
38.00169 6.614
38.00576 7.669
38.00982 7.434
38.01389 7.692
38.01796 7.106
38.02203 8.091
38.02610 6.871
38.03017 7.106
38.03423 7.083
38.03830 6.895
38.04237 7.411
38.04644 6.989
38.05051 7.059
38.05458 7.528
38.05865 6.684
38.06271 8.021
38.06678 7.622
38.07085 6.262
38.07492 6.871
38.07899 7.364
38.08306 7.129
38.08713 6.871
38.09119 7.763
38.09526 7.223
38.09933 7.458
38.10340 6.754
38.10747 7.387
38.11154 6.614
38.11560 6.590
38.11967 7.129
38.12374 6.567
38.12781 7.223
38.13188 7.598
38.13595 7.364
38.14002 7.270
38.14408 6.871
38.14815 6.895
38.15222 6.895
38.15629 6.989
38.16036 7.716
38.16443 7.036
38.16850 7.528
38.17256 6.918
38.17663 7.294
38.18070 7.036
38.18477 6.637
38.18884 7.153
38.19291 7.458
38.19697 6.942
38.20104 6.731
38.20511 6.637
38.20918 7.012
38.21325 6.989
38.21732 7.200
38.22139 7.317
38.22545 7.176
38.22952 6.989
38.23359 6.543
38.23766 7.833
38.24173 6.754
38.24580 7.387
38.24986 7.200
38.25393 7.716
38.25800 6.496
38.26207 7.411
38.26614 7.763
38.27021 7.364
38.27428 6.660
38.27834 6.684
38.28241 7.200
38.28648 6.191
38.29055 6.848
38.29462 6.848
38.29869 6.309
38.30276 6.520
38.30682 7.223
38.31089 6.332
38.31496 7.458
38.31903 7.106
38.32310 7.528
38.32717 7.036
38.33123 7.458
38.33530 6.496
38.33937 7.223
38.34344 6.942
38.34751 6.590
38.35158 7.364
38.35565 6.590
38.35971 6.989
38.36378 7.294
38.36785 7.129
38.37192 7.317
38.37599 6.778
38.38006 6.989
38.38413 8.091
38.38819 6.801
38.39226 7.200
38.39633 7.294
38.40040 6.918
38.40447 7.364
38.40854 7.083
38.41260 6.754
38.41667 6.895
38.42074 7.341
38.42481 6.707
38.42888 6.871
38.43295 7.341
38.43702 7.059
38.44108 6.473
38.44515 6.965
38.44922 6.778
38.45329 7.387
38.45736 7.856
38.46143 7.036
38.46549 7.153
38.46956 6.543
38.47363 6.543
38.47770 6.989
38.48177 7.692
38.48584 6.731
38.48991 7.083
38.49397 7.458
38.49804 7.083
38.50211 7.434
38.50618 7.012
38.51025 7.129
38.51432 6.778
38.51839 7.036
38.52245 7.763
38.52652 6.285
38.53059 7.083
38.53466 6.473
38.53873 7.434
38.54280 6.520
38.54686 7.528
38.55093 7.481
38.55500 7.106
38.55907 7.294
38.56314 7.434
38.56721 7.106
38.57128 7.059
38.57534 7.223
38.57941 6.778
38.58348 6.965
38.58755 6.684
38.59162 7.575
38.59569 6.660
38.59976 7.153
38.60382 7.059
38.60789 6.285
38.61196 6.637
38.61603 7.153
38.62010 6.660
38.62417 8.138
38.62823 7.505
38.63230 6.731
38.63637 6.660
38.64044 6.871
38.64451 6.356
38.64858 6.144
38.65265 6.191
38.65671 6.942
38.66078 6.895
38.66485 6.144
38.66892 6.590
38.67299 7.153
38.67706 7.247
38.68112 7.153
38.68519 7.739
38.68926 7.434
38.69333 7.387
38.69740 6.449
38.70147 6.871
38.70554 7.129
38.70960 6.402
38.71367 6.731
38.71774 6.848
38.72181 6.614
38.72588 6.520
38.72995 7.528
38.73402 7.129
38.73808 6.825
38.74215 6.262
38.74622 7.176
38.75029 7.317
38.75436 6.684
38.75843 6.074
38.76249 6.356
38.76656 6.449
38.77063 6.731
38.77470 6.801
38.77877 6.567
38.78284 7.716
38.78691 6.684
38.79097 6.965
38.79504 6.473
38.79911 7.786
38.80318 8.068
38.80725 6.144
38.81132 7.083
38.81538 6.707
38.81945 6.848
38.82352 6.449
38.82759 6.496
38.83166 6.614
38.83573 6.825
38.83980 6.614
38.84386 7.012
38.84793 6.520
38.85200 7.317
38.85607 6.426
38.86014 7.129
38.86421 6.801
38.86828 7.153
38.87234 6.754
38.87641 7.036
38.88048 7.481
38.88455 7.622
38.88862 6.707
38.89269 6.309
38.89675 6.285
38.90082 6.473
38.90489 6.309
38.90896 7.458
38.91303 6.707
38.91710 6.637
38.92117 6.895
38.92523 7.106
38.92930 6.590
38.93337 6.754
38.93744 7.341
38.94151 6.520
38.94558 6.965
38.94965 6.379
38.95371 6.567
38.95778 6.754
38.96185 7.012
38.96592 6.402
38.96999 6.989
38.97406 6.942
38.97812 6.989
38.98219 6.825
38.98626 7.059
38.99033 7.129
38.99440 6.942
38.99847 6.754
39.00254 7.341
39.00660 6.660
39.01067 6.778
39.01474 6.426
39.01881 7.341
39.02288 6.848
39.02695 7.059
39.03101 7.012
39.03508 6.895
39.03915 6.895
39.04322 6.778
39.04729 7.083
39.05136 6.778
39.05543 7.739
39.05949 6.285
39.06356 6.684
39.06763 6.614
39.07170 6.496
39.07577 5.675
39.07984 7.012
39.08391 6.918
39.08797 6.520
39.09204 7.083
39.09611 7.223
39.10018 6.473
39.10425 7.083
39.10832 6.027
39.11238 7.575
39.11645 6.567
39.12052 6.942
39.12459 6.590
39.12866 6.895
39.13273 7.270
39.13680 6.449
39.14086 6.121
39.14493 7.317
39.14900 6.778
39.15307 7.341
39.15714 7.200
39.16121 6.684
39.16528 6.590
39.16934 7.129
39.17341 7.387
39.17748 7.598
39.18155 7.012
39.18562 7.083
39.18969 6.449
39.19375 6.402
39.19782 7.270
39.20189 6.707
39.20596 6.543
39.21003 6.778
39.21410 6.707
39.21817 7.036
39.22223 6.191
39.22630 5.980
39.23037 6.449
39.23444 7.036
39.23851 6.309
39.24258 6.449
39.24664 7.176
39.25071 6.942
39.25478 7.200
39.25885 6.191
39.26292 6.918
39.26699 6.707
39.27106 7.036
39.27512 7.200
39.27919 6.965
39.28326 6.285
39.28733 6.871
39.29140 6.379
39.29547 6.801
39.29954 6.496
39.30360 7.317
39.30767 6.590
39.31174 6.801
39.31581 6.778
39.31988 7.012
39.32395 6.543
39.32801 6.660
39.33208 6.168
39.33615 6.731
39.34022 6.144
39.34429 5.980
39.34836 6.473
39.35243 6.614
39.35649 6.801
39.36056 7.317
39.36463 6.684
39.36870 5.957
39.37277 7.106
39.37684 7.856
39.38091 7.153
39.38497 6.191
39.38904 6.801
39.39311 7.083
39.39718 6.590
39.40125 5.441
39.40532 6.684
39.40938 6.778
39.41345 5.722
39.41752 7.434
39.42159 7.294
39.42566 6.332
39.42973 6.895
39.43380 6.473
39.43786 6.684
39.44193 6.590
39.44600 6.356
39.45007 6.473
39.45414 6.965
39.45821 6.707
39.46227 6.637
39.46634 6.309
39.47041 6.801
39.47448 6.098
39.47855 6.074
39.48262 7.364
39.48669 6.098
39.49075 6.590
39.49482 7.200
39.49889 6.262
39.50296 6.262
39.50703 6.825
39.51110 6.074
39.51517 6.449
39.51923 6.942
39.52330 6.754
39.52737 6.543
39.53144 6.684
39.53551 7.387
39.53958 6.731
39.54364 6.895
39.54771 6.449
39.55178 6.707
39.55585 7.153
39.55992 6.285
39.56399 5.886
39.56806 7.247
39.57212 6.098
39.57619 6.567
39.58026 6.027
39.58433 6.731
39.58840 6.309
39.59247 6.731
39.59654 7.129
39.60060 6.801
39.60467 6.660
39.60874 6.637
39.61281 6.684
39.61688 7.083
39.62095 6.543
39.62501 7.176
39.62908 6.496
39.63315 6.590
39.63722 6.379
39.64129 6.801
39.64536 6.942
39.64943 7.294
39.65349 6.614
39.65756 6.309
39.66163 6.074
39.66570 6.543
39.66977 6.895
39.67384 6.215
39.67790 5.980
39.68197 5.933
39.68604 6.332
39.69011 6.027
39.69418 5.933
39.69825 6.637
39.70232 6.637
39.70638 6.918
39.71045 6.801
39.71452 7.176
39.71859 6.801
39.72266 6.309
39.72673 6.402
39.73080 6.074
39.73486 6.731
39.73893 6.520
39.74300 7.341
39.74707 6.356
39.75114 6.238
39.75521 6.590
39.75927 6.825
39.76334 6.520
39.76741 6.801
39.77148 5.957
39.77555 6.848
39.77962 6.074
39.78369 6.567
39.78775 6.684
39.79182 6.825
39.79589 6.238
39.79996 6.262
39.80403 6.379
39.80810 6.309
39.81216 6.942
39.81623 6.543
39.82030 6.707
39.82437 6.121
39.82844 6.895
39.83251 6.215
39.83658 6.942
39.84064 6.098
39.84471 6.731
39.84878 6.426
39.85285 6.121
39.85692 6.520
39.86099 5.886
39.86506 6.098
39.86912 6.637
39.87319 6.543
39.87726 7.129
39.88133 6.520
39.88540 6.895
39.88947 6.543
39.89353 5.793
39.89760 6.918
39.90167 6.496
39.90574 6.778
39.90981 6.918
39.91388 6.004
39.91795 6.567
39.92201 6.660
39.92608 6.567
39.93015 6.238
39.93422 6.871
39.93829 6.496
39.94236 6.309
39.94643 6.778
39.95049 6.168
39.95456 6.637
39.95863 6.942
39.96270 6.379
39.96677 6.754
39.97084 6.496
39.97490 6.825
39.97897 6.778
39.98304 6.871
39.98711 6.918
39.99118 5.840
39.99525 6.051
39.99932 6.332
40.00338 6.637
40.00745 5.886
40.01152 6.402
40.01559 6.449
40.01966 6.027
40.02373 6.402
40.02779 6.520
40.03186 7.106
40.03593 6.473
40.04000 6.637
40.04407 6.356
40.04814 6.825
40.05221 6.520
40.05627 5.417
40.06034 6.778
40.06441 6.426
40.06848 6.801
40.07255 6.684
40.07662 6.426
40.08069 6.379
40.08475 7.223
40.08882 6.121
40.09289 5.840
40.09696 5.863
40.10103 6.332
40.10510 7.059
40.10916 6.285
40.11323 6.942
40.11730 6.332
40.12137 6.496
40.12544 6.754
40.12951 6.637
40.13358 6.144
40.13764 6.215
40.14171 6.754
40.14578 6.825
40.14985 7.059
40.15392 7.176
40.15799 6.965
40.16206 6.144
40.16612 6.918
40.17019 6.590
40.17426 7.059
40.17833 5.863
40.18240 6.825
40.18647 6.942
40.19053 5.793
40.19460 6.684
40.19867 6.754
40.20274 6.121
40.20681 6.285
40.21088 6.402
40.21495 5.535
40.21901 7.317
40.22308 6.238
40.22715 6.754
40.23122 6.637
40.23529 6.285
40.23936 6.473
40.24342 6.379
40.24749 6.520
40.25156 6.543
40.25563 6.027
40.25970 5.863
40.26377 5.793
40.26784 6.191
40.27190 6.262
40.27597 6.215
40.28004 6.285
40.28411 6.684
40.28818 6.543
40.29225 6.191
40.29632 6.754
40.30038 6.426
40.30445 6.027
40.30852 5.840
40.31259 5.347
40.31666 7.364
40.32073 6.473
40.32479 6.191
40.32886 5.910
40.33293 6.637
40.33700 6.402
40.34107 6.262
40.34514 6.614
40.34921 6.614
40.35327 5.511
40.35734 5.324
40.36141 6.309
40.36548 7.012
40.36955 6.895
40.37362 6.473
40.37769 6.332
40.38175 6.660
40.38582 7.129
40.38989 6.285
40.39396 5.886
40.39803 6.520
40.40210 6.332
40.40616 6.567
40.41023 6.942
40.41430 6.379
40.41837 7.247
40.42244 6.895
40.42651 6.473
40.43058 6.168
40.43464 7.176
40.43871 6.121
40.44278 7.153
40.44685 6.707
40.45092 5.417
40.45499 6.637
40.45905 6.191
40.46312 6.590
40.46719 5.722
40.47126 5.933
40.47533 5.957
40.47940 6.965
40.48347 5.957
40.48753 6.379
40.49160 6.215
40.49567 6.426
40.49974 7.505
40.50381 6.379
40.50788 6.191
40.51195 7.106
40.51601 6.098
40.52008 6.426
40.52415 6.543
40.52822 7.036
40.53229 6.215
40.53636 6.801
40.54042 6.825
40.54449 5.113
40.54856 6.848
40.55263 6.590
40.55670 5.886
40.56077 5.980
40.56484 5.816
40.56890 5.980
40.57297 6.567
40.57704 7.129
40.58111 7.012
40.58518 5.746
40.58925 6.567
40.59331 6.074
40.59738 6.590
40.60145 7.036
40.60552 5.886
40.60959 6.520
40.61366 6.332
40.61773 5.933
40.62179 6.168
40.62586 6.496
40.62993 6.543
40.63400 6.473
40.63807 5.840
40.64214 6.449
40.64621 6.895
40.65027 5.980
40.65434 6.191
40.65841 7.059
40.66248 6.262
40.66655 6.356
40.67062 6.848
40.67468 5.629
40.67875 6.121
40.68282 6.426
40.68689 6.027
40.69096 6.778
40.69503 6.262
40.69910 6.684
40.70316 6.098
40.70723 6.520
40.71130 6.426
40.71537 6.567
40.71944 6.942
40.72351 7.270
40.72758 6.918
40.73164 6.496
40.73571 6.614
40.73978 6.801
40.74385 6.754
40.74792 5.347
40.75199 6.051
40.75605 6.121
40.76012 5.371
40.76419 6.660
40.76826 5.793
40.77233 5.699
40.77640 6.168
40.78047 6.473
40.78453 6.074
40.78860 6.426
40.79267 6.074
40.79674 5.793
40.80081 5.980
40.80488 5.769
40.80894 6.144
40.81301 6.637
40.81708 6.168
40.82115 5.910
40.82522 6.614
40.82929 6.144
40.83336 5.629
40.83742 5.957
40.84149 6.215
40.84556 6.637
40.84963 6.168
40.85370 6.215
40.85777 7.106
40.86184 5.886
40.86590 6.051
40.86997 5.886
40.87404 6.098
40.87811 6.543
40.88218 6.848
40.88625 6.098
40.89031 5.605
40.89438 6.074
40.89845 5.652
40.90252 6.121
40.90659 6.496
40.91066 6.379
40.91473 6.942
40.91879 6.567
40.92286 5.488
40.92693 6.004
40.93100 5.417
40.93507 6.871
40.93914 5.535
40.94321 6.660
40.94727 6.144
40.95134 6.942
40.95541 5.910
40.95948 6.660
40.96355 7.106
40.96762 6.004
40.97168 5.511
40.97575 5.957
40.97982 6.449
40.98389 6.168
40.98796 5.793
40.99203 6.660
40.99610 6.660
41.00016 7.012
41.00423 5.980
41.00830 6.871
41.01237 6.637
41.01644 5.980
41.02051 5.933
41.02457 5.980
41.02864 6.543
41.03271 6.543
41.03678 7.059
41.04085 6.285
41.04492 5.980
41.04899 5.863
41.05305 5.722
41.05712 6.402
41.06119 5.793
41.06526 6.191
41.06933 6.449
41.07340 6.098
41.07747 6.051
41.08153 5.722
41.08560 5.957
41.08967 6.309
41.09374 6.262
41.09781 5.933
41.10188 6.262
41.10594 6.215
41.11001 5.535
41.11408 5.886
41.11815 6.590
41.12222 6.496
41.12629 6.004
41.13036 6.027
41.13442 6.754
41.13849 6.895
41.14256 5.629
41.14663 5.816
41.15070 6.004
41.15477 5.957
41.15884 5.675
41.16290 5.863
41.16697 6.660
41.17104 6.473
41.17511 5.675
41.17918 6.074
41.18325 6.027
41.18731 6.473
41.19138 6.027
41.19545 6.356
41.19952 6.942
41.20359 6.543
41.20766 6.825
41.21173 6.051
41.21579 6.778
41.21986 6.520
41.22393 6.144
41.22800 6.590
41.23207 7.505
41.23614 7.059
41.24020 6.074
41.24427 7.059
41.24834 6.144
41.25241 5.699
41.25648 6.098
41.26055 6.707
41.26462 6.989
41.26868 6.074
41.27275 6.543
41.27682 6.543
41.28089 6.473
41.28496 5.840
41.28903 6.144
41.29310 6.144
41.29716 6.074
41.30123 6.496
41.30530 6.098
41.30937 5.816
41.31344 5.863
41.31751 6.379
41.32157 6.168
41.32564 6.356
41.32971 6.614
41.33378 6.942
41.33785 6.238
41.34192 6.215
41.34599 6.778
41.35005 6.402
41.35412 5.746
41.35819 5.980
41.36226 6.238
41.36633 6.871
41.37040 6.567
41.37446 5.840
41.37853 6.496
41.38260 6.309
41.38667 5.441
41.39074 5.582
41.39481 6.285
41.39888 5.629
41.40294 5.863
41.40701 5.746
41.41108 6.238
41.41515 5.933
41.41922 6.262
41.42329 6.238
41.42736 6.426
41.43142 6.637
41.43549 6.004
41.43956 6.473
41.44363 6.098
41.44770 5.980
41.45177 6.238
41.45583 6.027
41.45990 6.121
41.46397 6.191
41.46804 6.004
41.47211 6.309
41.47618 6.332
41.48025 5.840
41.48431 5.793
41.48838 5.652
41.49245 6.543
41.49652 6.473
41.50059 5.980
41.50466 6.801
41.50873 6.356
41.51279 6.285
41.51686 5.863
41.52093 5.629
41.52500 6.660
41.52907 5.722
41.53314 6.168
41.53720 6.098
41.54127 6.051
41.54534 6.332
41.54941 5.769
41.55348 6.215
41.55755 6.449
41.56162 6.191
41.56568 6.004
41.56975 6.144
41.57382 6.520
41.57789 6.496
41.58196 6.027
41.58603 6.098
41.59009 5.793
41.59416 6.637
41.59823 5.980
41.60230 5.652
41.60637 6.520
41.61044 5.629
41.61451 5.769
41.61857 6.168
41.62264 5.863
41.62671 5.910
41.63078 6.918
41.63485 6.004
41.63892 6.004
41.64299 6.332
41.64705 5.488
41.65112 6.309
41.65519 6.684
41.65926 6.918
41.66333 6.027
41.66740 5.511
41.67146 6.074
41.67553 5.886
41.67960 6.473
41.68367 6.285
41.68774 6.215
41.69181 6.496
41.69588 5.746
41.69994 5.933
41.70401 6.051
41.70808 6.989
41.71215 6.051
41.71622 5.910
41.72029 5.816
41.72436 6.473
41.72842 6.731
41.73249 5.980
41.73656 5.793
41.74063 5.910
41.74470 6.051
41.74877 5.910
41.75283 6.332
41.75690 6.309
41.76097 6.520
41.76504 6.098
41.76911 6.098
41.77318 5.793
41.77725 5.793
41.78131 5.652
41.78538 6.965
41.78945 6.520
41.79352 6.191
41.79759 6.332
41.80166 6.402
41.80572 5.652
41.80979 6.074
41.81386 6.144
41.81793 5.629
41.82200 6.567
41.82607 5.886
41.83014 6.004
41.83420 5.441
41.83827 5.652
41.84234 5.769
41.84641 5.863
41.85048 5.324
41.85455 6.168
41.85862 5.535
41.86268 6.309
41.86675 5.957
41.87082 6.567
41.87489 6.356
41.87896 6.215
41.88303 5.769
41.88709 5.933
41.89116 6.918
41.89523 6.684
41.89930 6.191
41.90337 6.332
41.90744 5.371
41.91151 6.074
41.91557 6.848
41.91964 6.473
41.92371 6.285
41.92778 6.660
41.93185 5.746
41.93592 5.957
41.93999 5.582
41.94405 6.191
41.94812 6.402
41.95219 6.965
41.95626 5.910
41.96033 6.191
41.96440 5.816
41.96846 5.933
41.97253 6.309
41.97660 5.886
41.98067 6.356
41.98474 5.535
41.98881 7.036
41.99288 5.933
41.99694 6.074
42.00101 5.980
42.00508 5.910
42.00915 5.511
42.01322 6.285
42.01729 5.840
42.02135 6.051
42.02542 5.816
42.02949 5.159
42.03356 6.379
42.03763 6.191
42.04170 6.285
42.04577 6.121
42.04983 6.332
42.05390 6.379
42.05797 5.535
42.06204 6.825
42.06611 5.558
42.07018 5.910
42.07425 5.793
42.07831 6.238
42.08238 6.731
42.08645 6.614
42.09052 6.051
42.09459 6.074
42.09866 6.496
42.10272 6.778
42.10679 6.144
42.11086 6.309
42.11493 5.793
42.11900 5.769
42.12307 6.637
42.12714 6.918
42.13120 5.933
42.13527 5.699
42.13934 5.793
42.14341 6.168
42.14748 6.238
42.15155 6.098
42.15561 5.863
42.15968 6.309
42.16375 5.933
42.16782 6.144
42.17189 5.793
42.17596 5.464
42.18003 5.488
42.18409 6.191
42.18816 5.863
42.19223 6.520
42.19630 6.168
42.20037 6.801
42.20444 5.886
42.20851 5.910
42.21257 6.356
42.21664 5.230
42.22071 6.520
42.22478 6.309
42.22885 6.285
42.23292 6.707
42.23698 6.402
42.24105 6.496
42.24512 5.722
42.24919 5.605
42.25326 5.886
42.25733 5.652
42.26140 6.379
42.26546 5.605
42.26953 5.464
42.27360 6.004
42.27767 5.793
42.28174 6.918
42.28581 6.543
42.28988 6.168
42.29394 5.746
42.29801 6.496
42.30208 6.121
42.30615 5.910
42.31022 5.675
42.31429 5.910
42.31835 6.379
42.32242 6.754
42.32649 6.754
42.33056 5.417
42.33463 5.652
42.33870 6.027
42.34277 6.614
42.34683 5.699
42.35090 6.449
42.35497 6.098
42.35904 6.121
42.36311 5.629
42.36718 5.840
42.37124 5.206
42.37531 6.168
42.37938 5.957
42.38345 5.933
42.38752 6.004
42.39159 6.144
42.39566 5.722
42.39972 6.309
42.40379 5.816
42.40786 6.426
42.41193 6.168
42.41600 5.488
42.42007 5.933
42.42414 5.980
42.42820 5.535
42.43227 6.168
42.43634 5.933
42.44041 5.957
42.44448 6.238
42.44855 5.886
42.45261 5.816
42.45668 6.473
42.46075 5.558
42.46482 5.535
42.46889 5.417
42.47296 6.426
42.47703 6.238
42.48109 6.332
42.48516 5.746
42.48923 6.168
42.49330 6.356
42.49737 5.840
42.50144 6.098
42.50551 6.567
42.50957 5.488
42.51364 6.074
42.51771 6.426
42.52178 5.957
42.52585 6.262
42.52992 5.863
42.53398 5.910
42.53805 6.660
42.54212 5.769
42.54619 5.957
42.55026 6.098
42.55433 5.910
42.55840 5.629
42.56246 5.910
42.56653 5.605
42.57060 5.769
42.57467 6.121
42.57874 5.277
42.58281 5.206
42.58687 6.098
42.59094 6.144
42.59501 6.168
42.59908 5.605
42.60315 6.121
42.60722 5.769
42.61129 6.590
42.61535 6.191
42.61942 6.168
42.62349 6.027
42.62756 6.121
42.63163 6.332
42.63570 5.488
42.63977 5.793
42.64383 5.629
42.64790 5.957
42.65197 5.793
42.65604 6.074
42.66011 6.402
42.66418 5.863
42.66824 5.582
42.67231 5.535
42.67638 5.464
42.68045 6.449
42.68452 6.426
42.68859 6.074
42.69266 5.980
42.69672 6.379
42.70079 5.488
42.70486 5.629
42.70893 6.356
42.71300 5.840
42.71707 6.332
42.72114 6.098
42.72520 5.933
42.72927 6.168
42.73334 6.121
42.73741 5.629
42.74148 5.863
42.74555 6.191
42.74961 5.253
42.75368 6.309
42.75775 6.473
42.76182 6.520
42.76589 6.074
42.76996 5.746
42.77403 5.464
42.77809 5.488
42.78216 6.051
42.78623 6.309
42.79030 5.629
42.79437 5.886
42.79844 5.746
42.80250 5.371
42.80657 6.004
42.81064 6.027
42.81471 5.980
42.81878 6.121
42.82285 6.520
42.82692 6.144
42.83098 6.168
42.83505 5.347
42.83912 6.051
42.84319 5.816
42.84726 6.004
42.85133 5.652
42.85540 6.332
42.85946 6.004
42.86353 5.605
42.86760 5.206
42.87167 6.285
42.87574 5.113
42.87981 5.722
42.88387 6.402
42.88794 6.098
42.89201 5.722
42.89608 5.933
42.90015 6.074
42.90422 5.933
42.90829 5.863
42.91235 5.371
42.91642 5.582
42.92049 5.769
42.92456 5.722
42.92863 6.004
42.93270 5.300
42.93677 5.699
42.94083 5.441
42.94490 6.356
42.94897 5.957
42.95304 5.816
42.95711 5.558
42.96118 6.215
42.96524 6.215
42.96931 5.886
42.97338 5.699
42.97745 5.957
42.98152 6.379
42.98559 6.332
42.98966 5.886
42.99372 6.098
42.99779 6.191
43.00186 6.051
43.00593 6.449
43.01000 5.910
43.01407 6.004
43.01813 5.933
43.02220 6.262
43.02627 5.840
43.03034 5.863
43.03441 5.699
43.03848 5.652
43.04255 5.840
43.04661 5.699
43.05068 6.004
43.05475 5.699
43.05882 6.496
43.06289 6.356
43.06696 6.262
43.07103 6.473
43.07509 5.300
43.07916 6.262
43.08323 6.449
43.08730 6.051
43.09137 5.464
43.09544 5.840
43.09950 5.629
43.10357 6.215
43.10764 5.722
43.11171 6.051
43.11578 5.675
43.11985 5.605
43.12392 5.699
43.12798 6.074
43.13205 5.910
43.13612 6.637
43.14019 5.629
43.14426 5.629
43.14833 6.074
43.15239 5.652
43.15646 5.300
43.16053 6.402
43.16460 6.332
43.16867 5.629
43.17274 6.191
43.17681 5.722
43.18087 5.957
43.18494 5.886
43.18901 6.027
43.19308 5.511
43.19715 6.215
43.20122 6.074
43.20529 6.098
43.20935 6.332
43.21342 6.215
43.21749 5.394
43.22156 6.543
43.22563 5.605
43.22970 6.402
43.23376 5.957
43.23783 5.535
43.24190 6.098
43.24597 6.660
43.25004 5.535
43.25411 5.675
43.25818 5.816
43.26224 6.074
43.26631 5.511
43.27038 5.840
43.27445 5.816
43.27852 5.582
43.28259 6.051
43.28666 5.699
43.29072 6.027
43.29479 6.051
43.29886 5.910
43.30293 6.121
43.30700 5.840
43.31107 5.441
43.31513 5.230
43.31920 6.262
43.32327 5.230
43.32734 6.426
43.33141 5.464
43.33548 6.449
43.33955 6.074
43.34361 5.840
43.34768 5.746
43.35175 5.629
43.35582 6.051
43.35989 5.933
43.36396 5.957
43.36802 5.675
43.37209 6.051
43.37616 6.567
43.38023 6.449
43.38430 6.262
43.38837 5.652
43.39244 6.496
43.39650 5.910
43.40057 5.722
43.40464 5.816
43.40871 5.746
43.41278 5.511
43.41685 6.191
43.42092 5.746
43.42498 5.558
43.42905 5.582
43.43312 5.793
43.43719 5.840
43.44126 5.980
43.44533 6.144
43.44939 6.051
43.45346 6.285
43.45753 5.394
43.46160 5.980
43.46567 5.886
43.46974 6.098
43.47381 5.980
43.47787 5.488
43.48194 5.793
43.48601 6.215
43.49008 5.582
43.49415 5.722
43.49822 6.027
43.50229 6.004
43.50635 6.473
43.51042 5.652
43.51449 5.347
43.51856 6.098
43.52263 5.910
43.52670 6.332
43.53076 5.910
43.53483 5.957
43.53890 5.629
43.54297 5.722
43.54704 5.535
43.55111 5.933
43.55518 5.629
43.55924 6.027
43.56331 5.488
43.56738 5.980
43.57145 5.511
43.57552 5.417
43.57959 6.191
43.58365 5.652
43.58772 6.027
43.59179 5.910
43.59586 5.511
43.59993 5.886
43.60400 5.089
43.60807 6.051
43.61213 5.840
43.61620 5.699
43.62027 6.144
43.62434 5.910
43.62841 5.558
43.63248 6.449
43.63655 6.918
43.64061 5.230
43.64468 6.332
43.64875 5.886
43.65282 6.238
43.65689 5.089
43.66096 5.863
43.66502 6.098
43.66909 5.441
43.67316 5.699
43.67723 6.496
43.68130 5.980
43.68537 5.910
43.68944 6.027
43.69350 5.980
43.69757 5.652
43.70164 6.004
43.70571 6.332
43.70978 5.886
43.71385 6.051
43.71792 5.417
43.72198 5.371
43.72605 6.004
43.73012 6.426
43.73419 6.098
43.73826 6.051
43.74233 5.347
43.74639 5.675
43.75046 6.121
43.75453 5.746
43.75860 5.933
43.76267 5.535
43.76674 7.012
43.77081 5.582
43.77487 6.144
43.77894 6.402
43.78301 5.277
43.78708 5.816
43.79115 6.238
43.79522 6.027
43.79928 5.840
43.80335 5.417
43.80742 6.027
43.81149 6.707
43.81556 5.605
43.81963 5.933
43.82370 6.520
43.82776 5.675
43.83183 5.253
43.83590 5.793
43.83997 5.488
43.84404 5.816
43.84811 5.675
43.85218 6.426
43.85624 5.300
43.86031 5.746
43.86438 6.004
43.86845 6.473
43.87252 5.535
43.87659 5.675
43.88065 5.464
43.88472 5.629
43.88879 5.863
43.89286 5.347
43.89693 6.473
43.90100 5.816
43.90507 6.004
43.90913 5.886
43.91320 6.051
43.91727 6.309
43.92134 5.886
43.92541 5.886
43.92948 6.027
43.93354 5.793
43.93761 6.027
43.94168 5.253
43.94575 5.113
43.94982 5.933
43.95389 5.417
43.95796 5.863
43.96202 5.324
43.96609 5.535
43.97016 6.191
43.97423 5.957
43.97830 5.699
43.98237 5.722
43.98644 5.746
43.99050 5.699
43.99457 5.886
43.99864 5.605
44.00271 5.535
44.00678 5.464
44.01085 5.488
44.01491 5.793
44.01898 6.144
44.02305 6.356
44.02712 6.168
44.03119 5.933
44.03526 5.910
44.03933 5.722
44.04339 5.886
44.04746 5.629
44.05153 6.496
44.05560 5.441
44.05967 5.441
44.06374 5.769
44.06781 5.840
44.07187 6.144
44.07594 5.300
44.08001 5.347
44.08408 5.206
44.08815 5.957
44.09222 5.769
44.09628 5.394
44.10035 5.980
44.10442 6.356
44.10849 5.933
44.11256 5.558
44.11663 6.004
44.12070 5.769
44.12476 5.863
44.12883 5.464
44.13290 5.371
44.13697 5.957
44.14104 5.980
44.14511 5.746
44.14917 5.816
44.15324 5.488
44.15731 5.488
44.16138 5.582
44.16545 6.121
44.16952 5.933
44.17359 5.605
44.17765 5.371
44.18172 6.098
44.18579 5.230
44.18986 5.910
44.19393 5.722
44.19800 6.098
44.20207 5.816
44.20613 5.746
44.21020 5.488
44.21427 5.019
44.21834 5.910
44.22241 5.980
44.22648 5.793
44.23054 5.980
44.23461 5.840
44.23868 6.144
44.24275 5.511
44.24682 5.183
44.25089 5.840
44.25496 6.027
44.25902 5.886
44.26309 6.027
44.26716 5.629
44.27123 5.417
44.27530 5.417
44.27937 6.144
44.28344 6.121
44.28750 5.699
44.29157 5.417
44.29564 5.066
44.29971 5.535
44.30378 5.910
44.30785 5.652
44.31191 5.558
44.31598 5.863
44.32005 5.089
44.32412 5.417
44.32819 5.816
44.33226 5.699
44.33633 5.089
44.34039 5.886
44.34446 5.394
44.34853 5.816
44.35260 6.309
44.35667 6.567
44.36074 5.886
44.36480 5.746
44.36887 6.262
44.37294 5.441
44.37701 5.746
44.38108 6.144
44.38515 5.793
44.38922 5.417
44.39328 5.816
44.39735 5.840
44.40142 5.816
44.40549 5.980
44.40956 6.309
44.41363 5.629
44.41770 5.394
44.42176 5.675
44.42583 6.144
44.42990 5.183
44.43397 6.238
44.43804 5.582
44.44211 5.793
44.44617 6.051
44.45024 4.808
44.45431 5.652
44.45838 5.769
44.46245 5.933
44.46652 6.590
44.47059 5.394
44.47465 5.206
44.47872 6.356
44.48279 6.191
44.48686 4.995
44.49093 5.324
44.49500 5.605
44.49907 6.027
44.50313 6.144
44.50720 5.629
44.51127 5.511
44.51534 6.238
44.51941 5.558
44.52348 6.238
44.52754 5.746
44.53161 5.793
44.53568 6.332
44.53975 5.840
44.54382 5.933
44.54789 5.582
44.55196 5.441
44.55602 5.324
44.56009 5.089
44.56416 5.863
44.56823 5.136
44.57230 5.253
44.57637 6.051
44.58043 5.722
44.58450 5.793
44.58857 5.863
44.59264 6.004
44.59671 5.605
44.60078 5.886
44.60485 5.652
44.60891 5.816
44.61298 5.652
44.61705 5.863
44.62112 6.004
44.62519 5.488
44.62926 5.605
44.63333 5.675
44.63739 5.324
44.64146 5.980
44.64553 6.144
44.64960 5.816
44.65367 5.629
44.65774 6.238
44.66180 6.238
44.66587 6.074
44.66994 5.863
44.67401 5.558
44.67808 5.230
44.68215 5.980
44.68622 5.910
44.69028 5.886
44.69435 6.027
44.69842 5.417
44.70249 5.300
44.70656 5.511
44.71063 5.722
44.71469 6.215
44.71876 6.379
44.72283 6.332
44.72690 5.793
44.73097 5.511
44.73504 5.652
44.73911 5.605
44.74317 5.417
44.74724 5.957
44.75131 5.605
44.75538 5.769
44.75945 6.215
44.76352 5.183
44.76759 5.371
44.77165 5.488
44.77572 6.567
44.77979 5.722
44.78386 5.582
44.78793 6.402
44.79200 5.746
44.79606 5.863
44.80013 5.347
44.80420 6.074
44.80827 6.074
44.81234 5.300
44.81641 5.183
44.82048 5.511
44.82454 5.675
44.82861 5.511
44.83268 6.074
44.83675 5.558
44.84082 6.074
44.84489 5.605
44.84896 5.816
44.85302 4.667
44.85709 5.840
44.86116 5.019
44.86523 6.496
44.86930 5.371
44.87337 6.144
44.87743 5.652
44.88150 5.910
44.88557 5.629
44.88964 6.074
44.89371 5.652
44.89778 5.933
44.90185 5.629
44.90591 5.371
44.90998 5.886
44.91405 6.004
44.91812 6.848
44.92219 6.098
44.92626 6.356
44.93032 5.910
44.93439 5.159
44.93846 5.511
44.94253 5.769
44.94660 5.113
44.95067 5.394
44.95474 5.582
44.95880 5.957
44.96287 6.238
44.96694 5.886
44.97101 6.004
44.97508 5.441
44.97915 5.253
44.98322 5.629
44.98728 5.488
44.99135 5.605
44.99542 5.300
44.99949 5.417
45.00356 6.004
45.00763 5.652
45.01169 5.582
45.01576 5.863
45.01983 6.004
45.02390 5.910
45.02797 5.605
45.03204 5.722
45.03611 4.925
45.04017 5.722
45.04424 6.027
45.04831 6.262
45.05238 5.863
45.05645 5.910
45.06052 5.253
45.06459 6.051
45.06865 5.441
45.07272 5.910
45.07679 5.652
45.08086 5.722
45.08493 5.300
45.08900 5.910
45.09306 5.347
45.09713 5.652
45.10120 5.863
45.10527 5.816
45.10934 5.371
45.11341 5.230
45.11748 5.699
45.12154 5.629
45.12561 5.699
45.12968 5.886
45.13375 6.191
45.13782 5.347
45.14189 5.957
45.14595 6.144
45.15002 4.972
45.15409 5.417
45.15816 5.347
45.16223 6.027
45.16630 5.957
45.17037 6.121
45.17443 5.629
45.17850 6.215
45.18257 5.980
45.18664 5.769
45.19071 5.793
45.19478 5.863
45.19885 6.379
45.20291 6.144
45.20698 5.324
45.21105 5.277
45.21512 5.230
45.21919 5.488
45.22326 5.464
45.22732 5.535
45.23139 5.159
45.23546 5.769
45.23953 6.004
45.24360 5.417
45.24767 5.253
45.25174 5.535
45.25580 6.027
45.25987 5.464
45.26394 5.652
45.26801 5.582
45.27208 5.136
45.27615 5.675
45.28022 5.488
45.28428 5.324
45.28835 6.285
45.29242 6.098
45.29649 5.511
45.30056 6.895
45.30463 6.121
45.30869 5.652
45.31276 5.722
45.31683 5.652
45.32090 5.605
45.32497 5.441
45.32904 5.652
45.33311 5.394
45.33717 5.840
45.34124 6.074
45.34531 5.722
45.34938 5.910
45.35345 5.605
45.35752 5.417
45.36158 5.629
45.36565 5.933
45.36972 5.629
45.37379 5.183
45.37786 4.878
45.38193 5.136
45.38600 6.191
45.39006 5.652
45.39413 5.699
45.39820 5.511
45.40227 5.558
45.40634 6.121
45.41041 5.699
45.41448 6.238
45.41854 6.191
45.42261 5.722
45.42668 5.769
45.43075 5.089
45.43482 6.285
45.43889 5.816
45.44295 5.722
45.44702 5.464
45.45109 6.121
45.45516 6.332
45.45923 6.520
45.46330 5.253
45.46737 4.972
45.47143 5.535
45.47550 5.629
45.47957 5.511
45.48364 5.652
45.48771 6.262
45.49178 4.948
45.49584 5.394
45.49991 6.449
45.50398 5.582
45.50805 5.464
45.51212 5.980
45.51619 5.371
45.52026 5.582
45.52432 5.535
45.52839 6.121
45.53246 5.863
45.53653 5.324
45.54060 5.136
45.54467 5.933
45.54874 5.019
45.55280 6.285
45.55687 4.690
45.56094 5.300
45.56501 5.652
45.56908 6.262
45.57315 6.215
45.57721 6.191
45.58128 5.675
45.58535 5.183
45.58942 6.168
45.59349 6.027
45.59756 5.980
45.60163 5.347
45.60569 5.464
45.60976 5.863
45.61383 5.699
45.61790 5.629
45.62197 6.684
45.62604 5.277
45.63011 6.121
45.63417 6.121
45.63824 5.371
45.64231 5.769
45.64638 5.746
45.65045 6.098
45.65452 5.089
45.65858 5.980
45.66265 5.980
45.66672 5.558
45.67079 5.324
45.67486 5.582
45.67893 6.168
45.68300 5.535
45.68706 5.980
45.69113 5.535
45.69520 5.863
45.69927 5.793
45.70334 5.699
45.70741 5.816
45.71147 5.675
45.71554 5.394
45.71961 5.769
45.72368 5.980
45.72775 5.253
45.73182 6.215
45.73589 5.769
45.73995 5.629
45.74402 4.855
45.74809 6.215
45.75216 6.098
45.75623 5.535
45.76030 5.558
45.76437 5.558
45.76843 5.277
45.77250 5.183
45.77657 5.980
45.78064 5.910
45.78471 5.699
45.78878 5.816
45.79284 6.309
45.79691 5.394
45.80098 5.558
45.80505 5.652
45.80912 6.191
45.81319 5.511
45.81726 6.191
45.82132 6.004
45.82539 5.980
45.82946 5.042
45.83353 5.957
45.83760 6.144
45.84167 6.778
45.84574 5.629
45.84980 5.417
45.85387 4.948
45.85794 5.371
45.86201 5.652
45.86608 6.332
45.87015 5.652
45.87421 5.863
45.87828 5.816
45.88235 5.769
45.88642 6.121
45.89049 5.300
45.89456 5.206
45.89863 5.980
45.90269 5.769
45.90676 5.910
45.91083 5.652
45.91490 5.535
45.91897 6.614
45.92304 5.840
45.92710 6.051
45.93117 6.098
45.93524 5.769
45.93931 5.488
45.94338 5.277
45.94745 5.488
45.95152 5.136
45.95558 5.933
45.95965 5.136
45.96372 5.441
45.96779 5.488
45.97186 6.051
45.97593 5.183
45.98000 5.488
45.98406 5.089
45.98813 5.746
45.99220 6.144
45.99627 5.933
46.00034 5.066
46.00441 6.074
46.00847 6.215
46.01254 5.933
46.01661 5.957
46.02068 4.995
46.02475 5.957
46.02882 5.417
46.03289 5.675
46.03695 6.098
46.04102 5.535
46.04509 6.496
46.04916 5.535
46.05323 5.933
46.05730 5.863
46.06137 5.324
46.06543 6.051
46.06950 6.027
46.07357 5.840
46.07764 5.863
46.08171 5.417
46.08578 5.933
46.08984 5.605
46.09391 5.957
46.09798 5.511
46.10205 5.746
46.10612 5.464
46.11019 5.793
46.11426 5.933
46.11832 5.793
46.12239 5.699
46.12646 6.004
46.13053 5.535
46.13460 5.910
46.13867 5.910
46.14273 5.253
46.14680 5.582
46.15087 5.535
46.15494 6.051
46.15901 6.027
46.16308 5.699
46.16715 5.699
46.17121 5.488
46.17528 5.629
46.17935 5.324
46.18342 6.285
46.18749 5.488
46.19156 6.098
46.19563 5.629
46.19969 6.332
46.20376 5.558
46.20783 4.948
46.21190 4.972
46.21597 5.394
46.22004 5.816
46.22410 5.980
46.22817 6.004
46.23224 6.496
46.23631 5.417
46.24038 5.277
46.24445 5.582
46.24852 5.957
46.25258 6.262
46.25665 5.277
46.26072 5.863
46.26479 6.027
46.26886 5.488
46.27293 5.629
46.27700 5.347
46.28106 5.511
46.28513 5.699
46.28920 5.722
46.29327 5.933
46.29734 5.324
46.30141 5.980
46.30547 5.816
46.30954 5.558
46.31361 5.300
46.31768 5.582
46.32175 5.629
46.32582 6.027
46.32989 5.511
46.33395 5.722
46.33802 5.605
46.34209 6.074
46.34616 5.816
46.35023 5.722
46.35430 5.605
46.35836 5.722
46.36243 5.980
46.36650 6.191
46.37057 5.746
46.37464 6.356
46.37871 5.933
46.38278 6.004
46.38684 5.722
46.39091 5.793
46.39498 6.144
46.39905 5.699
46.40312 5.722
46.40719 6.285
46.41126 6.473
46.41532 5.886
46.41939 6.238
46.42346 5.746
46.42753 6.402
46.43160 6.379
46.43567 5.300
46.43973 5.699
46.44380 6.590
46.44787 5.535
46.45194 6.379
46.45601 5.769
46.46008 6.168
46.46415 6.285
46.46821 6.567
46.47228 5.746
46.47635 6.449
46.48042 6.449
46.48449 6.801
46.48856 6.567
46.49262 5.910
46.49669 5.933
46.50076 5.980
46.50483 6.262
46.50890 6.871
46.51297 6.309
46.51704 6.473
46.52110 6.262
46.52517 5.535
46.52924 5.746
46.53331 6.825
46.53738 6.473
46.54145 7.036
46.54552 6.004
46.54958 6.332
46.55365 6.496
46.55772 6.309
46.56179 6.731
46.56586 6.660
46.56993 6.731
46.57399 6.942
46.57806 6.614
46.58213 7.153
46.58620 6.449
46.59027 6.637
46.59434 6.614
46.59841 7.481
46.60247 6.871
46.60654 6.637
46.61061 6.614
46.61468 7.270
46.61875 7.012
46.62282 7.176
46.62689 8.114
46.63095 7.223
46.63502 7.223
46.63909 6.989
46.64316 7.059
46.64723 7.036
46.65130 7.176
46.65536 7.106
46.65943 7.880
46.66350 7.434
46.66757 7.810
46.67164 7.528
46.67571 7.528
46.67978 8.349
46.68384 7.364
46.68791 7.927
46.69198 7.927
46.69605 7.692
46.70012 7.552
46.70419 9.311
46.70825 7.927
46.71232 8.372
46.71639 8.021
46.72046 7.950
46.72453 8.982
46.72860 7.927
46.73267 7.903
46.73673 9.311
46.74080 8.232
46.74487 8.185
46.74894 7.880
46.75301 8.748
46.75708 8.959
46.76115 8.114
46.76521 9.123
46.76928 9.522
46.77335 7.974
46.77742 9.803
46.78149 9.451
46.78556 9.264
46.78962 9.264
46.79369 10.389
46.79776 9.709
46.80183 10.366
46.80590 10.108
46.80997 10.858
46.81404 10.507
46.81810 10.436
46.82217 10.647
46.82624 9.592
46.83031 12.078
46.83438 10.811
46.83845 10.460
46.84252 11.046
46.84658 10.718
46.85065 11.210
46.85472 12.781
46.85879 11.820
46.86286 11.890
46.86693 11.280
46.87099 12.008
46.87506 12.219
46.87913 12.828
46.88320 12.265
46.88727 13.532
46.89134 14.165
46.89541 14.822
46.89947 13.766
46.90354 13.039
46.90761 14.681
46.91168 13.649
46.91575 15.033
46.91982 15.244
46.92388 15.478
46.92795 14.681
46.93202 15.619
46.93609 15.432
46.94016 16.463
46.94423 16.768
46.94830 16.463
46.95236 17.448
46.95643 17.988
46.96050 16.440
46.96457 18.246
46.96864 18.949
46.97271 16.956
46.97678 18.035
46.98084 18.457
46.98491 20.802
46.98898 20.005
46.99305 20.521
46.99712 18.152
47.00119 19.583
47.00525 20.966
47.00932 20.263
47.01339 20.427
47.01746 22.115
47.02153 21.177
47.02560 22.303
47.02967 21.599
47.03373 23.921
47.03780 23.194
47.04187 23.757
47.04594 23.218
47.05001 22.326
47.05408 22.584
47.05815 21.083
47.06221 23.241
47.06628 22.115
47.07035 23.499
47.07442 21.811
47.07849 21.646
47.08256 22.092
47.08662 22.960
47.09069 21.670
47.09476 21.576
47.09883 21.388
47.10290 21.764
47.10697 21.271
47.11104 22.115
47.11510 21.646
47.11917 19.958
47.12324 20.943
47.12731 18.035
47.13138 18.129
47.13545 17.894
47.13951 18.551
47.14358 18.129
47.14765 18.410
47.15172 17.589
47.15579 17.894
47.15986 17.800
47.16393 17.097
47.16799 16.534
47.17206 17.073
47.17613 16.487
47.18020 16.862
47.18427 15.103
47.18834 15.455
47.19241 15.877
47.19647 15.338
47.20054 15.455
47.20461 15.455
47.20868 14.634
47.21275 14.916
47.21682 15.056
47.22088 14.658
47.22495 14.822
47.22902 13.790
47.23309 14.024
47.23716 13.813
47.24123 13.368
47.24530 13.110
47.24936 12.383
47.25343 13.180
47.25750 13.602
47.26157 12.195
47.26564 13.508
47.26971 12.054
47.27377 12.570
47.27784 14.095
47.28191 12.359
47.28598 12.406
47.29005 13.743
47.29412 12.406
47.29819 13.321
47.30225 13.086
47.30632 14.118
47.31039 12.781
47.31446 13.391
47.31853 14.423
47.32260 14.048
47.32667 14.775
47.33073 14.822
47.33480 14.798
47.33887 13.391
47.34294 14.634
47.34701 14.447
47.35108 16.346
47.35514 16.088
47.35921 16.276
47.36328 16.159
47.36735 17.308
47.37142 15.643
47.37549 17.800
47.37956 17.964
47.38362 18.340
47.38769 18.738
47.39176 18.152
47.39583 18.175
47.39990 17.871
47.40397 18.316
47.40804 18.457
47.41210 17.190
47.41617 17.448
47.42024 17.448
47.42431 17.519
47.42838 16.159
47.43245 15.736
47.43651 15.478
47.44058 16.112
47.44465 15.220
47.44872 14.822
47.45279 14.048
47.45686 14.306
47.46093 14.071
47.46499 13.368
47.46906 13.086
47.47313 12.617
47.47720 13.016
47.48127 12.195
47.48534 13.368
47.48940 12.265
47.49347 12.195
47.49754 12.383
47.50161 12.336
47.50568 13.227
47.50975 11.257
47.51382 12.523
47.51788 11.984
47.52195 12.219
47.52602 12.312
47.53009 11.210
47.53416 11.937
47.53823 11.726
47.54230 10.952
47.54636 12.148
47.55043 11.140
47.55450 11.257
47.55857 10.436
47.56264 9.897
47.56671 9.146
47.57077 8.771
47.57484 8.748
47.57891 8.021
47.58298 9.522
47.58705 8.701
47.59112 8.654
47.59519 7.763
47.59925 7.763
47.60332 7.950
47.60739 7.083
47.61146 7.200
47.61553 6.871
47.61960 7.645
47.62367 7.387
47.62773 6.871
47.63180 6.848
47.63587 6.848
47.63994 6.449
47.64401 6.895
47.64808 5.699
47.65214 6.754
47.65621 6.191
47.66028 6.402
47.66435 6.590
47.66842 6.191
47.67249 5.159
47.67656 6.660
47.68062 6.191
47.68469 6.543
47.68876 5.558
47.69283 6.989
47.69690 6.215
47.70097 6.215
47.70503 5.933
47.70910 6.754
47.71317 6.027
47.71724 5.980
47.72131 5.816
47.72538 6.004
47.72945 5.652
47.73351 6.121
47.73758 6.426
47.74165 5.886
47.74572 5.675
47.74979 5.840
47.75386 6.332
47.75793 5.863
47.76199 5.722
47.76606 5.816
47.77013 5.886
47.77420 5.957
47.77827 5.769
47.78234 5.535
47.78640 6.449
47.79047 5.863
47.79454 6.567
47.79861 5.347
47.80268 6.285
47.80675 5.746
47.81082 5.230
47.81488 5.230
47.81895 5.417
47.82302 5.582
47.82709 5.933
47.83116 5.652
47.83523 5.464
47.83930 5.206
47.84336 5.886
47.84743 4.784
47.85150 6.426
47.85557 5.699
47.85964 5.324
47.86371 5.159
47.86777 4.878
47.87184 5.863
47.87591 6.027
47.87998 5.793
47.88405 5.722
47.88812 5.863
47.89219 5.535
47.89625 5.933
47.90032 5.394
47.90439 5.652
47.90846 5.605
47.91253 5.136
47.91660 5.582
47.92066 5.417
47.92473 5.253
47.92880 5.746
47.93287 5.582
47.93694 4.808
47.94101 5.277
47.94508 5.300
47.94914 5.699
47.95321 5.464
47.95728 5.980
47.96135 6.027
47.96542 5.394
47.96949 4.948
47.97356 5.722
47.97762 5.253
47.98169 5.089
47.98576 5.277
47.98983 5.253
47.99390 5.816
47.99797 5.933
48.00203 5.206
48.00610 4.878
48.01017 5.605
48.01424 5.675
48.01831 5.980
48.02238 5.699
48.02645 5.886
48.03051 4.995
48.03458 5.793
48.03865 5.629
48.04272 4.902
48.04679 4.972
48.05086 4.667
48.05492 5.488
48.05899 6.027
48.06306 5.605
48.06713 5.464
48.07120 5.066
48.07527 4.620
48.07934 5.535
48.08340 4.902
48.08747 5.629
48.09154 5.089
48.09561 5.675
48.09968 5.605
48.10375 4.737
48.10782 5.394
48.11188 5.652
48.11595 5.159
48.12002 5.324
48.12409 5.886
48.12816 6.309
48.13223 5.371
48.13629 6.144
48.14036 5.253
48.14443 5.347
48.14850 5.159
48.15257 4.831
48.15664 5.371
48.16071 5.113
48.16477 5.417
48.16884 5.464
48.17291 4.831
48.17698 5.183
48.18105 4.784
48.18512 5.253
48.18919 5.066
48.19325 5.675
48.19732 5.394
48.20139 5.371
48.20546 5.277
48.20953 5.089
48.21360 5.159
48.21766 4.784
48.22173 5.066
48.22580 5.441
48.22987 5.347
48.23394 4.456
48.23801 5.511
48.24208 5.183
48.24614 5.605
48.25021 5.699
48.25428 5.464
48.25835 5.206
48.26242 5.417
48.26649 5.933
48.27055 5.441
48.27462 5.699
48.27869 5.136
48.28276 5.347
48.28683 5.816
48.29090 5.066
48.29497 4.855
48.29903 5.253
48.30310 4.995
48.30717 5.183
48.31124 4.714
48.31531 5.324
48.31938 4.737
48.32345 5.371
48.32751 5.675
48.33158 4.948
48.33565 5.488
48.33972 5.042
48.34379 4.667
48.34786 5.019
48.35192 5.230
48.35599 5.300
48.36006 5.066
48.36413 5.206
48.36820 5.277
48.37227 4.761
48.37634 5.488
48.38040 5.089
48.38447 5.113
48.38854 5.511
48.39261 5.605
48.39668 5.394
48.40075 5.066
48.40482 5.324
48.40888 4.573
48.41295 5.300
48.41702 5.324
48.42109 5.253
48.42516 4.597
48.42923 5.441
48.43329 5.136
48.43736 5.089
48.44143 5.206
48.44550 5.277
48.44957 5.840
48.45364 5.417
48.45771 4.784
48.46177 4.972
48.46584 4.925
48.46991 4.808
48.47398 4.902
48.47805 4.948
48.48212 5.206
48.48618 6.027
48.49025 5.277
48.49432 5.417
48.49839 4.761
48.50246 4.948
48.50653 5.793
48.51060 5.394
48.51466 5.558
48.51873 5.159
48.52280 5.159
48.52687 5.042
48.53094 5.019
48.53501 5.582
48.53908 4.855
48.54314 5.253
48.54721 5.511
48.55128 4.737
48.55535 4.456
48.55942 4.784
48.56349 4.690
48.56755 5.277
48.57162 5.324
48.57569 4.784
48.57976 4.948
48.58383 5.277
48.58790 5.136
48.59197 4.644
48.59603 5.136
48.60010 5.277
48.60417 5.417
48.60824 4.925
48.61231 4.221
48.61638 5.066
48.62045 5.605
48.62451 4.995
48.62858 5.652
48.63265 5.253
48.63672 5.253
48.64079 5.253
48.64486 4.902
48.64892 5.136
48.65299 4.878
48.65706 5.113
48.66113 4.784
48.66520 5.769
48.66927 5.324
48.67334 4.808
48.67740 4.948
48.68147 5.230
48.68554 4.878
48.68961 5.183
48.69368 5.324
48.69775 4.831
48.70181 5.441
48.70588 5.019
48.70995 5.113
48.71402 5.206
48.71809 4.644
48.72216 4.831
48.72623 4.855
48.73029 4.878
48.73436 5.113
48.73843 4.855
48.74250 5.464
48.74657 5.113
48.75064 5.136
48.75471 4.714
48.75877 5.230
48.76284 5.066
48.76691 4.620
48.77098 4.737
48.77505 4.808
48.77912 5.699
48.78318 5.441
48.78725 4.878
48.79132 5.793
48.79539 4.925
48.79946 4.925
48.80353 5.042
48.80760 4.339
48.81166 4.972
48.81573 5.957
48.81980 5.089
48.82387 5.183
48.82794 4.690
48.83201 4.855
48.83607 4.948
48.84014 4.902
48.84421 4.925
48.84828 4.714
48.85235 4.761
48.85642 4.948
48.86049 4.526
48.86455 4.737
48.86862 4.526
48.87269 4.174
48.87676 4.831
48.88083 5.511
48.88490 4.925
48.88897 4.925
48.89303 4.808
48.89710 4.878
48.90117 5.019
48.90524 4.972
48.90931 4.151
48.91338 4.808
48.91744 4.597
48.92151 5.347
48.92558 5.253
48.92965 4.855
48.93372 5.206
48.93779 5.089
48.94186 5.511
48.94592 4.479
48.94999 4.597
48.95406 5.206
48.95813 4.784
48.96220 5.277
48.96627 5.300
48.97034 5.347
48.97440 5.511
48.97847 4.808
48.98254 4.550
48.98661 4.995
48.99068 5.183
48.99475 5.230
48.99881 5.277
49.00288 4.690
49.00695 4.597
49.01102 5.699
49.01509 4.808
49.01916 4.878
49.02323 5.277
49.02729 5.347
49.03136 4.878
49.03543 5.019
49.03950 4.972
49.04357 5.441
49.04764 4.995
49.05170 4.948
49.05577 5.253
49.05984 4.714
49.06391 4.667
49.06798 4.644
49.07205 4.409
49.07612 4.456
49.08018 4.948
49.08425 5.371
49.08832 5.019
49.09239 5.159
49.09646 5.347
49.10053 4.995
49.10460 4.784
49.10866 4.948
49.11273 4.573
49.11680 4.784
49.12087 5.183
49.12494 4.362
49.12901 4.808
49.13307 5.019
49.13714 5.113
49.14121 4.690
49.14528 5.019
49.14935 5.464
49.15342 5.417
49.15749 5.206
49.16155 4.784
49.16562 4.948
49.16969 4.972
49.17376 4.690
49.17783 4.432
49.18190 5.464
49.18597 5.910
49.19003 5.066
49.19410 5.113
49.19817 5.230
49.20224 5.277
49.20631 4.644
49.21038 4.620
49.21444 4.808
49.21851 4.315
49.22258 4.761
49.22665 5.089
49.23072 5.277
49.23479 4.784
49.23886 5.183
49.24292 4.550
49.24699 5.066
49.25106 4.690
49.25513 4.831
49.25920 4.972
49.26327 4.972
49.26733 4.995
49.27140 4.972
49.27547 5.089
49.27954 4.784
49.28361 4.784
49.28768 5.347
49.29175 5.159
49.29581 4.808
49.29988 4.972
49.30395 4.972
49.30802 5.206
49.31209 4.620
49.31616 5.042
49.32023 4.573
49.32429 5.371
49.32836 4.761
49.33243 5.113
49.33650 5.136
49.34057 4.644
49.34464 4.362
49.34870 4.808
49.35277 5.300
49.35684 4.690
49.36091 5.089
49.36498 5.511
49.36905 5.183
49.37312 5.371
49.37718 5.253
49.38125 4.550
49.38532 4.972
49.38939 5.159
49.39346 4.573
49.39753 4.972
49.40160 4.878
49.40566 4.925
49.40973 4.339
49.41380 4.925
49.41787 5.206
49.42194 4.362
49.42601 5.019
49.43007 5.441
49.43414 5.042
49.43821 4.315
49.44228 4.690
49.44635 5.113
49.45042 5.066
49.45449 4.644
49.45855 4.902
49.46262 4.995
49.46669 4.808
49.47076 4.644
49.47483 5.464
49.47890 4.855
49.48296 4.902
49.48703 4.667
49.49110 4.315
49.49517 4.526
49.49924 4.831
49.50331 4.644
49.50738 5.511
49.51144 5.347
49.51551 5.089
49.51958 4.620
49.52365 4.573
49.52772 4.948
49.53179 4.855
49.53586 5.324
49.53992 4.902
49.54399 5.136
49.54806 4.831
49.55213 5.089
49.55620 4.808
49.56027 4.972
49.56433 4.761
49.56840 4.690
49.57247 5.066
49.57654 4.995
49.58061 5.113
49.58468 4.667
49.58875 4.409
49.59281 4.526
49.59688 4.268
49.60095 4.737
49.60502 5.159
49.60909 4.737
49.61316 5.066
49.61723 5.089
49.62129 4.503
49.62536 5.042
49.62943 4.174
49.63350 5.206
49.63757 4.855
49.64164 4.784
49.64570 4.386
49.64977 4.948
49.65384 4.972
49.65791 5.300
49.66198 4.972
49.66605 3.987
49.67012 4.808
49.67418 4.221
49.67825 4.808
49.68232 4.855
49.68639 5.605
49.69046 4.831
49.69453 4.831
49.69859 4.761
49.70266 4.292
49.70673 5.253
49.71080 4.667
49.71487 4.831
49.71894 4.737
49.72301 4.761
49.72707 4.714
49.73114 4.503
49.73521 5.371
49.73928 5.558
49.74335 5.394
49.74742 4.245
49.75149 5.089
49.75555 4.855
49.75962 4.831
49.76369 5.300
49.76776 5.159
49.77183 5.675
49.77590 4.902
49.77996 4.878
49.78403 5.019
49.78810 4.620
49.79217 4.784
49.79624 4.503
49.80031 4.855
49.80438 4.784
49.80844 5.371
49.81251 5.136
49.81658 5.019
49.82065 5.066
49.82472 4.503
49.82879 4.479
49.83285 4.315
49.83692 4.409
49.84099 4.784
49.84506 4.714
49.84913 4.878
49.85320 5.183
49.85727 4.432
49.86133 4.737
49.86540 4.878
49.86947 4.550
49.87354 4.479
49.87761 5.230
49.88168 4.339
49.88575 4.010
49.88981 4.339
49.89388 5.324
49.89795 5.159
49.90202 4.386
49.90609 5.042
49.91016 4.245
49.91422 5.019
49.91829 4.995
49.92236 4.667
49.92643 5.136
49.93050 4.902
49.93457 5.089
49.93864 4.808
49.94270 4.245
49.94677 4.855
49.95084 5.347
49.95491 4.245
49.95898 5.019
49.96305 4.714
49.96712 5.136
49.97118 4.948
49.97525 5.886
49.97932 5.206
49.98339 4.948
49.98746 4.995
49.99153 4.198
49.99559 5.042
49.99966 4.855
50.00373 4.573
50.00780 5.136
50.01187 5.253
50.01594 4.878
50.02001 4.855
50.02407 4.855
50.02814 4.902
50.03221 5.300
50.03628 5.582
50.04035 4.526
50.04442 4.526
50.04848 5.089
50.05255 4.808
50.05662 5.253
50.06069 4.503
50.06476 4.245
50.06883 4.972
50.07290 5.230
50.07696 4.831
50.08103 4.972
50.08510 4.620
50.08917 5.042
50.09324 4.878
50.09731 4.386
50.10138 4.550
50.10544 5.042
50.10951 5.300
50.11358 4.784
50.11765 4.597
50.12172 4.831
50.12579 4.667
50.12985 4.808
50.13392 5.183
50.13799 4.948
50.14206 4.573
50.14613 4.948
50.15020 4.761
50.15427 4.831
50.15833 4.503
50.16240 5.066
50.16647 4.878
50.17054 4.925
50.17461 4.808
50.17868 4.902
50.18275 4.855
50.18681 4.550
50.19088 4.620
50.19495 5.394
50.19902 4.972
50.20309 4.831
50.20716 4.902
50.21122 4.010
50.21529 4.855
50.21936 4.573
50.22343 4.644
50.22750 4.479
50.23157 4.925
50.23564 4.948
50.23970 4.644
50.24377 3.870
50.24784 4.432
50.25191 4.690
50.25598 4.644
50.26005 4.550
50.26411 3.987
50.26818 5.253
50.27225 5.019
50.27632 4.198
50.28039 4.948
50.28446 4.081
50.28853 4.902
50.29259 4.808
50.29666 4.573
50.30073 5.230
50.30480 4.503
50.30887 5.394
50.31294 5.159
50.31701 4.995
50.32107 4.409
50.32514 4.644
50.32921 4.409
50.33328 5.042
50.33735 4.714
50.34142 4.503
50.34548 4.010
50.34955 5.089
50.35362 4.409
50.35769 4.573
50.36176 4.479
50.36583 4.855
50.36990 5.488
50.37396 4.784
50.37803 4.808
50.38210 5.066
50.38617 4.526
50.39024 4.808
50.39431 4.808
50.39838 4.995
50.40244 4.737
50.40651 5.042
50.41058 5.253
50.41465 4.737
50.41872 4.925
50.42279 4.972
50.42685 4.620
50.43092 5.089
50.43499 4.902
50.43906 5.136
50.44313 4.831
50.44720 4.761
50.45127 4.878
50.45533 4.808
50.45940 4.573
50.46347 4.855
50.46754 4.198
50.47161 4.456
50.47568 4.667
50.47974 4.456
50.48381 4.386
50.48788 4.972
50.49195 5.347
50.49602 4.995
50.50009 4.526
50.50416 3.752
50.50822 5.042
50.51229 4.714
50.51636 4.409
50.52043 4.761
50.52450 4.714
50.52857 4.995
50.53264 4.597
50.53670 4.386
50.54077 4.386
50.54484 4.573
50.54891 3.870
50.55298 4.245
50.55705 4.550
50.56111 4.737
50.56518 4.972
50.56925 4.198
50.57332 5.300
50.57739 4.573
50.58146 4.010
50.58553 4.386
50.58959 4.198
50.59366 5.253
50.59773 4.948
50.60180 4.831
50.60587 4.972
50.60994 5.019
50.61400 4.737
50.61807 4.573
50.62214 4.198
50.62621 4.339
50.63028 4.456
50.63435 4.456
50.63842 4.855
50.64248 4.550
50.64655 4.737
50.65062 4.902
50.65469 5.277
50.65876 4.902
50.66283 4.667
50.66690 4.667
50.67096 4.526
50.67503 4.386
50.67910 4.925
50.68317 4.268
50.68724 4.714
50.69131 5.300
50.69537 5.066
50.69944 4.034
50.70351 4.198
50.70758 5.042
50.71165 4.268
50.71572 4.878
50.71979 4.878
50.72385 4.644
50.72792 4.573
50.73199 4.667
50.73606 4.597
50.74013 4.386
50.74420 4.690
50.74827 4.409
50.75233 4.948
50.75640 4.948
50.76047 5.347
50.76454 4.339
50.76861 4.831
50.77268 5.089
50.77674 4.268
50.78081 5.371
50.78488 5.066
50.78895 4.784
50.79302 4.339
50.79709 4.432
50.80116 4.245
50.80522 4.386
50.80929 4.432
50.81336 4.339
50.81743 4.644
50.82150 4.292
50.82557 4.972
50.82963 3.917
50.83370 4.550
50.83777 4.409
50.84184 4.714
50.84591 5.042
50.84998 4.761
50.85405 4.573
50.85811 4.339
50.86218 4.034
50.86625 4.198
50.87032 4.784
50.87439 4.644
50.87846 4.268
50.88253 4.714
50.88659 4.667
50.89066 5.206
50.89473 4.667
50.89880 4.386
50.90287 4.597
50.90694 4.526
50.91100 4.690
50.91507 4.644
50.91914 4.128
50.92321 4.878
50.92728 4.573
50.93135 4.292
50.93542 4.761
50.93948 4.550
50.94355 5.253
50.94762 4.503
50.95169 5.324
50.95576 4.174
50.95983 4.620
50.96390 4.268
50.96796 4.550
50.97203 4.409
50.97610 4.409
50.98017 4.456
50.98424 4.292
50.98831 4.315
50.99237 4.714
50.99644 4.597
51.00051 4.221
51.00458 4.221
51.00865 4.409
51.01272 4.409
51.01679 4.644
51.02085 4.902
51.02492 4.550
51.02899 4.644
51.03306 4.902
51.03713 4.855
51.04120 4.714
51.04526 4.362
51.04933 4.362
51.05340 4.386
51.05747 4.690
51.06154 5.089
51.06561 4.526
51.06968 4.784
51.07374 4.526
51.07781 4.690
51.08188 4.808
51.08595 4.784
51.09002 4.104
51.09409 4.667
51.09816 4.714
51.10222 4.878
51.10629 4.268
51.11036 4.878
51.11443 4.409
51.11850 4.526
51.12257 4.362
51.12663 4.714
51.13070 4.479
51.13477 4.198
51.13884 4.339
51.14291 4.245
51.14698 4.479
51.15105 4.855
51.15511 4.808
51.15918 4.292
51.16325 4.902
51.16732 4.409
51.17139 4.925
51.17546 4.784
51.17953 4.620
51.18359 4.198
51.18766 4.690
51.19173 4.784
51.19580 4.386
51.19987 4.315
51.20394 4.808
51.20800 4.409
51.21207 4.503
51.21614 4.292
51.22021 5.300
51.22428 4.573
51.22835 4.644
51.23242 4.409
51.23648 4.737
51.24055 4.784
51.24462 5.206
51.24869 4.081
51.25276 4.081
51.25683 4.714
51.26089 4.597
51.26496 4.386
51.26903 4.972
51.27310 4.878
51.27717 4.362
51.28124 4.573
51.28531 5.113
51.28937 4.784
51.29344 4.620
51.29751 4.831
51.30158 4.034
51.30565 4.831
51.30972 3.893
51.31379 4.339
51.31785 5.089
51.32192 4.081
51.32599 4.855
51.33006 4.526
51.33413 4.339
51.33820 4.221
51.34226 4.667
51.34633 3.893
51.35040 4.268
51.35447 4.597
51.35854 4.151
51.36261 4.151
51.36668 4.597
51.37074 4.174
51.37481 4.690
51.37888 4.855
51.38295 4.831
51.38702 4.808
51.39109 4.526
51.39515 4.315
51.39922 4.081
51.40329 4.128
51.40736 4.808
51.41143 5.136
51.41550 5.136
51.41957 4.432
51.42363 4.315
51.42770 4.737
51.43177 3.752
51.43584 4.245
51.43991 4.432
51.44398 4.362
51.44805 4.456
51.45211 4.831
51.45618 4.339
51.46025 4.432
51.46432 4.386
51.46839 4.386
51.47246 4.761
51.47652 4.479
51.48059 4.151
51.48466 4.151
51.48873 4.737
51.49280 4.503
51.49687 4.081
51.50094 4.432
51.50500 4.972
51.50907 4.456
51.51314 4.456
51.51721 4.855
51.52128 4.151
51.52535 4.503
51.52942 4.714
51.53348 4.948
51.53755 4.784
51.54162 4.995
51.54569 4.690
51.54976 5.277
51.55383 4.620
51.55789 4.972
51.56196 4.198
51.56603 4.034
51.57010 4.644
51.57417 4.667
51.57824 4.808
51.58231 4.737
51.58637 4.808
51.59044 4.432
51.59451 4.456
51.59858 4.526
51.60265 4.245
51.60672 4.409
51.61078 4.432
51.61485 3.752
51.61892 3.940
51.62299 4.386
51.62706 4.479
51.63113 4.503
51.63520 4.948
51.63926 4.667
51.64333 4.104
51.64740 5.019
51.65147 4.714
51.65554 4.081
51.65961 4.831
51.66368 5.089
51.66774 4.268
51.67181 4.761
51.67588 4.409
51.67995 4.151
51.68402 4.456
51.68809 4.151
51.69215 4.855
51.69622 4.386
51.70029 4.902
51.70436 4.737
51.70843 4.386
51.71250 4.245
51.71657 4.690
51.72063 3.917
51.72470 4.644
51.72877 4.268
51.73284 4.174
51.73691 4.784
51.74098 4.339
51.74505 4.620
51.74911 4.878
51.75318 4.221
51.75725 3.987
51.76132 4.174
51.76539 4.339
51.76946 4.479
51.77352 4.010
51.77759 4.057
51.78166 4.644
51.78573 3.987
51.78980 4.151
51.79387 4.737
51.79794 3.963
51.80200 4.902
51.80607 4.902
51.81014 4.315
51.81421 4.315
51.81828 4.409
51.82235 4.409
51.82641 4.644
51.83048 3.963
51.83455 4.597
51.83862 4.151
51.84269 4.644
51.84676 4.503
51.85083 4.948
51.85489 4.432
51.85896 4.714
51.86303 4.315
51.86710 4.245
51.87117 4.667
51.87524 4.245
51.87931 4.573
51.88337 4.339
51.88744 4.221
51.89151 4.808
51.89558 4.761
51.89965 4.667
51.90372 4.362
51.90778 4.644
51.91185 4.221
51.91592 4.339
51.91999 4.245
51.92406 3.940
51.92813 4.737
51.93220 4.268
51.93626 4.292
51.94033 4.573
51.94440 4.151
51.94847 4.339
51.95254 4.620
51.95661 4.010
51.96068 4.667
51.96474 4.128
51.96881 4.151
51.97288 4.526
51.97695 4.456
51.98102 4.737
51.98509 4.315
51.98915 4.690
51.99322 4.292
51.99729 4.174
52.00136 4.386
52.00543 4.902
52.00950 5.253
52.01357 4.409
52.01763 4.034
52.02170 4.784
52.02577 3.846
52.02984 4.503
52.03391 4.456
52.03798 4.550
52.04204 4.010
52.04611 4.362
52.05018 4.550
52.05425 4.010
52.05832 4.644
52.06239 4.690
52.06646 4.761
52.07052 4.479
52.07459 4.151
52.07866 4.503
52.08273 4.573
52.08680 4.808
52.09087 4.386
52.09494 4.526
52.09900 4.104
52.10307 4.456
52.10714 4.573
52.11121 3.987
52.11528 3.940
52.11935 4.362
52.12341 4.878
52.12748 4.573
52.13155 4.432
52.13562 4.057
52.13969 4.409
52.14376 4.315
52.14783 5.066
52.15189 4.386
52.15596 4.573
52.16003 4.597
52.16410 4.268
52.16817 4.456
52.17224 4.315
52.17631 4.362
52.18037 4.151
52.18444 4.268
52.18851 4.151
52.19258 4.221
52.19665 4.409
52.20072 4.104
52.20478 4.526
52.20885 4.597
52.21292 4.737
52.21699 4.737
52.22106 4.573
52.22513 4.831
52.22920 4.221
52.23326 3.846
52.23733 4.245
52.24140 4.081
52.24547 4.784
52.24954 4.268
52.25361 4.597
52.25767 4.409
52.26174 4.174
52.26581 4.174
52.26988 4.573
52.27395 4.456
52.27802 4.503
52.28209 4.550
52.28615 4.081
52.29022 4.409
52.29429 4.573
52.29836 4.339
52.30243 4.620
52.30650 4.808
52.31057 4.221
52.31463 5.066
52.31870 4.198
52.32277 4.104
52.32684 5.066
52.33091 4.667
52.33498 4.503
52.33904 4.503
52.34311 4.339
52.34718 3.987
52.35125 4.456
52.35532 4.386
52.35939 4.925
52.36346 4.386
52.36752 4.174
52.37159 4.573
52.37566 4.315
52.37973 3.987
52.38380 4.479
52.38787 4.714
52.39193 4.339
52.39600 3.799
52.40007 4.714
52.40414 4.386
52.40821 4.503
52.41228 4.644
52.41635 4.221
52.42041 4.315
52.42448 4.409
52.42855 4.902
52.43262 4.128
52.43669 4.714
52.44076 4.221
52.44483 4.456
52.44889 4.339
52.45296 4.690
52.45703 4.550
52.46110 4.432
52.46517 4.644
52.46924 4.902
52.47330 4.432
52.47737 3.917
52.48144 4.104
52.48551 4.597
52.48958 4.339
52.49365 4.362
52.49772 4.268
52.50178 3.987
52.50585 4.878
52.50992 4.057
52.51399 4.620
52.51806 4.620
52.52213 4.315
52.52620 4.855
52.53026 3.963
52.53433 4.174
52.53840 4.526
52.54247 4.057
52.54654 4.456
52.55061 4.620
52.55467 5.253
52.55874 5.042
52.56281 4.362
52.56688 4.526
52.57095 4.081
52.57502 4.526
52.57909 4.808
52.58315 4.081
52.58722 4.479
52.59129 3.776
52.59536 4.831
52.59943 4.057
52.60350 4.644
52.60756 4.479
52.61163 4.855
52.61570 4.198
52.61977 4.620
52.62384 4.456
52.62791 4.784
52.63198 5.042
52.63604 4.456
52.64011 4.292
52.64418 4.409
52.64825 4.550
52.65232 4.409
52.65639 4.550
52.66046 4.034
52.66452 4.292
52.66859 4.690
52.67266 4.761
52.67673 4.245
52.68080 4.339
52.68487 4.855
52.68893 4.362
52.69300 4.268
52.69707 4.620
52.70114 4.315
52.70521 4.409
52.70928 4.362
52.71335 4.573
52.71741 4.526
52.72148 4.550
52.72555 4.690
52.72962 4.245
52.73369 4.339
52.73776 4.386
52.74183 4.597
52.74589 4.432
52.74996 3.729
52.75403 5.136
52.75810 4.268
52.76217 4.597
52.76624 4.104
52.77030 4.526
52.77437 4.432
52.77844 4.221
52.78251 4.245
52.78658 4.034
52.79065 4.010
52.79472 4.339
52.79878 4.550
52.80285 4.456
52.80692 4.526
52.81099 3.635
52.81506 3.729
52.81913 4.362
52.82319 4.221
52.82726 4.597
52.83133 4.081
52.83540 4.597
52.83947 4.151
52.84354 4.362
52.84761 4.339
52.85167 4.737
52.85574 4.737
52.85981 4.034
52.86388 4.902
52.86795 3.963
52.87202 4.221
52.87609 4.034
52.88015 3.987
52.88422 4.644
52.88829 4.268
52.89236 4.128
52.89643 4.034
52.90050 4.010
52.90456 3.377
52.90863 4.034
52.91270 4.081
52.91677 4.315
52.92084 4.268
52.92491 4.362
52.92898 4.784
52.93304 4.479
52.93711 4.151
52.94118 4.808
52.94525 4.034
52.94932 4.456
52.95339 3.659
52.95746 4.573
52.96152 4.245
52.96559 4.855
52.96966 4.855
52.97373 4.221
52.97780 4.526
52.98187 5.019
52.98593 4.057
52.99000 4.573
52.99407 4.315
52.99814 4.292
53.00221 4.855
53.00628 4.573
53.01035 4.174
53.01441 4.690
53.01848 3.799
53.02255 4.128
53.02662 4.808
53.03069 4.315
53.03476 4.034
53.03882 4.573
53.04289 4.573
53.04696 4.315
53.05103 4.362
53.05510 4.268
53.05917 4.550
53.06324 4.690
53.06730 4.714
53.07137 4.456
53.07544 4.362
53.07951 4.620
53.08358 4.737
53.08765 3.987
53.09172 4.479
53.09578 4.761
53.09985 4.737
53.10392 3.776
53.10799 4.995
53.11206 4.456
53.11613 4.761
53.12019 3.705
53.12426 4.151
53.12833 4.151
53.13240 4.198
53.13647 4.174
53.14054 4.010
53.14461 3.846
53.14867 4.057
53.15274 4.644
53.15681 4.221
53.16088 4.503
53.16495 4.198
53.16902 4.315
53.17308 4.104
53.17715 3.870
53.18122 4.409
53.18529 4.174
53.18936 4.174
53.19343 4.198
53.19750 4.597
53.20156 4.292
53.20563 4.128
53.20970 3.940
53.21377 4.573
53.21784 4.268
53.22191 4.339
53.22598 4.503
53.23004 4.386
53.23411 4.479
53.23818 4.550
53.24225 5.159
53.24632 4.081
53.25039 3.940
53.25445 4.221
53.25852 4.667
53.26259 4.245
53.26666 4.644
53.27073 4.292
53.27480 4.597
53.27887 4.432
53.28293 4.972
53.28700 4.432
53.29107 4.057
53.29514 4.573
53.29921 4.034
53.30328 4.644
53.30735 4.386
53.31141 4.409
53.31548 4.737
53.31955 4.034
53.32362 4.644
53.32769 4.362
53.33176 3.705
53.33582 4.409
53.33989 4.128
53.34396 4.057
53.34803 3.963
53.35210 3.917
53.35617 4.010
53.36024 3.963
53.36430 5.159
53.36837 4.972
53.37244 4.034
53.37651 4.386
53.38058 4.057
53.38465 3.893
53.38871 4.010
53.39278 4.151
53.39685 3.776
53.40092 4.878
53.40499 4.362
53.40906 4.174
53.41313 4.315
53.41719 3.682
53.42126 3.893
53.42533 3.940
53.42940 5.113
53.43347 4.104
53.43754 4.245
53.44161 4.503
53.44567 4.362
53.44974 4.526
53.45381 4.737
53.45788 4.010
53.46195 4.268
53.46602 4.034
53.47008 4.362
53.47415 4.081
53.47822 4.573
53.48229 4.761
53.48636 4.667
53.49043 4.620
53.49450 4.245
53.49856 4.597
53.50263 3.963
53.50670 4.128
53.51077 4.128
53.51484 4.503
53.51891 4.010
53.52298 4.503
53.52704 4.432
53.53111 4.432
53.53518 4.292
53.53925 3.940
53.54332 4.081
53.54739 4.104
53.55145 4.526
53.55552 4.339
53.55959 4.339
53.56366 4.104
53.56773 4.315
53.57180 4.198
53.57587 4.057
53.57993 4.456
53.58400 4.268
53.58807 4.526
53.59214 4.221
53.59621 4.386
53.60028 3.940
53.60434 4.667
53.60841 3.917
53.61248 4.362
53.61655 4.339
53.62062 4.198
53.62469 4.456
53.62876 4.456
53.63282 4.597
53.63689 3.940
53.64096 4.339
53.64503 3.799
53.64910 4.644
53.65317 3.963
53.65724 4.221
53.66130 4.010
53.66537 3.893
53.66944 4.221
53.67351 4.292
53.67758 4.362
53.68165 4.221
53.68571 4.503
53.68978 4.644
53.69385 4.409
53.69792 4.479
53.70199 3.940
53.70606 3.729
53.71013 4.315
53.71419 4.995
53.71826 4.831
53.72233 4.104
53.72640 4.198
53.73047 4.198
53.73454 4.620
53.73861 4.714
53.74267 4.784
53.74674 4.526
53.75081 4.503
53.75488 4.526
53.75895 4.268
53.76302 4.409
53.76708 4.409
53.77115 4.128
53.77522 4.550
53.77929 4.409
53.78336 4.362
53.78743 4.081
53.79150 4.550
53.79556 4.456
53.79963 4.268
53.80370 4.057
53.80777 4.526
53.81184 4.456
53.81591 4.432
53.81997 4.503
53.82404 3.893
53.82811 4.409
53.83218 4.456
53.83625 4.081
53.84032 3.963
53.84439 3.987
53.84845 4.128
53.85252 4.268
53.85659 4.057
53.86066 3.823
53.86473 4.644
53.86880 5.042
53.87287 4.550
53.87693 4.315
53.88100 4.362
53.88507 4.339
53.88914 3.987
53.89321 4.925
53.89728 4.128
53.90134 4.386
53.90541 4.902
53.90948 4.339
53.91355 4.151
53.91762 4.010
53.92169 4.432
53.92576 4.573
53.92982 4.221
53.93389 4.339
53.93796 3.940
53.94203 4.831
53.94610 4.432
53.95017 4.550
53.95423 4.315
53.95830 4.057
53.96237 4.221
53.96644 4.362
53.97051 4.878
53.97458 3.940
53.97865 4.221
53.98271 4.386
53.98678 4.432
53.99085 4.386
53.99492 3.963
53.99899 4.526
54.00306 4.409
54.00713 4.737
54.01119 4.409
54.01526 4.855
54.01933 4.268
54.02340 4.550
54.02747 4.339
54.03154 4.573
54.03560 4.268
54.03967 4.221
54.04374 3.987
54.04781 4.432
54.05188 3.776
54.05595 4.714
54.06002 4.409
54.06408 4.151
54.06815 4.386
54.07222 4.339
54.07629 4.386
54.08036 3.893
54.08443 3.541
54.08850 3.776
54.09256 4.573
54.09663 4.104
54.10070 4.995
54.10477 4.128
54.10884 4.198
54.11291 4.737
54.11697 4.174
54.12104 4.339
54.12511 5.113
54.12918 4.597
54.13325 5.019
54.13732 4.034
54.14139 3.987
54.14545 4.104
54.14952 4.221
54.15359 4.198
54.15766 4.972
54.16173 4.128
54.16580 4.644
54.16986 4.339
54.17393 4.479
54.17800 4.667
54.18207 4.221
54.18614 3.776
54.19021 4.503
54.19428 4.386
54.19834 4.315
54.20241 3.870
54.20648 4.339
54.21055 3.729
54.21462 3.893
54.21869 4.245
54.22276 4.221
54.22682 3.963
54.23089 4.315
54.23496 4.245
54.23903 4.081
54.24310 4.198
54.24717 4.409
54.25123 4.128
54.25530 4.362
54.25937 4.526
54.26344 4.081
54.26751 4.550
54.27158 4.034
54.27565 4.034
54.27971 4.409
54.28378 4.245
54.28785 4.386
54.29192 4.644
54.29599 4.339
54.30006 4.245
54.30413 3.612
54.30819 4.690
54.31226 4.245
54.31633 4.315
54.32040 3.940
54.32447 4.057
54.32854 4.010
54.33260 4.151
54.33667 4.315
54.34074 3.870
54.34481 4.151
54.34888 4.034
54.35295 4.644
54.35702 4.831
54.36108 4.081
54.36515 4.784
54.36922 4.292
54.37329 4.292
54.37736 4.034
54.38143 4.292
54.38549 4.128
54.38956 3.823
54.39363 4.831
54.39770 3.893
54.40177 4.221
54.40584 4.550
54.40991 4.409
54.41397 4.432
54.41804 4.151
54.42211 4.737
54.42618 4.034
54.43025 4.362
54.43432 4.057
54.43839 4.690
54.44245 4.690
54.44652 3.893
54.45059 4.526
54.45466 4.010
54.45873 3.987
54.46280 4.245
54.46686 4.104
54.47093 4.620
54.47500 4.034
54.47907 4.174
54.48314 4.878
54.48721 4.432
54.49128 3.963
54.49534 4.292
54.49941 4.925
54.50348 4.972
54.50755 4.339
54.51162 4.386
54.51569 4.315
54.51976 4.503
54.52382 4.409
54.52789 4.855
54.53196 3.893
54.53603 4.456
54.54010 4.362
54.54417 4.690
54.54823 3.682
54.55230 4.620
54.55637 4.292
54.56044 4.198
54.56451 4.503
54.56858 3.776
54.57265 3.705
54.57671 4.386
54.58078 4.432
54.58485 4.761
54.58892 4.573
54.59299 4.081
54.59706 3.870
54.60112 4.057
54.60519 3.752
54.60926 4.386
54.61333 4.081
54.61740 4.339
54.62147 4.784
54.62554 4.174
54.62960 4.526
54.63367 4.151
54.63774 4.198
54.64181 4.597
54.64588 4.386
54.64995 4.761
54.65402 4.339
54.65808 3.846
54.66215 4.315
54.66622 3.870
54.67029 4.432
54.67436 4.667
54.67843 4.948
54.68249 4.268
54.68656 4.597
54.69063 4.057
54.69470 4.456
54.69877 4.386
54.70284 4.831
54.70691 4.339
54.71097 4.503
54.71504 4.174
54.71911 4.057
54.72318 3.893
54.72725 4.808
54.73132 4.292
54.73538 4.831
54.73945 4.855
54.74352 5.230
54.74759 4.855
54.75166 4.550
54.75573 4.174
54.75980 4.198
54.76386 4.526
54.76793 3.987
54.77200 4.174
54.77607 3.705
54.78014 4.432
54.78421 3.659
54.78828 4.667
54.79234 4.057
54.79641 4.081
54.80048 4.339
54.80455 4.010
54.80862 4.386
54.81269 4.104
54.81675 3.917
54.82082 4.456
54.82489 4.690
54.82896 4.831
54.83303 4.808
54.83710 4.573
54.84117 4.386
54.84523 4.128
54.84930 4.550
54.85337 4.456
54.85744 3.940
54.86151 4.526
54.86558 3.823
54.86965 5.066
54.87371 4.620
54.87778 4.362
54.88185 4.221
54.88592 4.104
54.88999 4.855
54.89406 4.362
54.89812 3.963
54.90219 4.573
54.90626 4.245
54.91033 4.057
54.91440 4.409
54.91847 3.917
54.92254 4.339
54.92660 4.292
54.93067 4.268
54.93474 4.034
54.93881 4.432
54.94288 3.893
54.94695 3.799
54.95101 4.057
54.95508 3.682
54.95915 4.573
54.96322 3.917
54.96729 4.597
54.97136 4.198
54.97543 4.761
54.97949 4.714
54.98356 4.245
54.98763 4.221
54.99170 4.784
54.99577 4.644
54.99984 4.784
55.00391 4.245
55.00797 4.620
55.01204 4.221
55.01611 4.128
55.02018 3.752
55.02425 3.963
55.02832 4.855
55.03238 4.174
55.03645 3.987
55.04052 4.292
55.04459 4.690
55.04866 4.174
55.05273 4.550
55.05680 3.963
55.06086 4.667
55.06493 4.198
55.06900 4.081
55.07307 4.761
55.07714 4.409
55.08121 4.573
55.08528 4.479
55.08934 4.386
55.09341 4.573
55.09748 4.597
55.10155 4.831
55.10562 4.315
55.10969 4.644
55.11375 4.667
55.11782 4.432
55.12189 4.878
55.12596 4.362
55.13003 4.221
55.13410 4.597
55.13817 4.597
55.14223 5.042
55.14630 5.582
55.15037 4.245
55.15444 4.831
55.15851 4.245
55.16258 4.409
55.16664 3.917
55.17071 4.268
55.17478 4.690
55.17885 4.526
55.18292 4.432
55.18699 4.432
55.19106 4.831
55.19512 4.597
55.19919 4.550
55.20326 4.902
55.20733 4.268
55.21140 4.761
55.21547 4.292
55.21954 3.963
55.22360 4.456
55.22767 4.386
55.23174 4.948
55.23581 4.761
55.23988 4.386
55.24395 5.042
55.24801 5.183
55.25208 4.081
55.25615 4.761
55.26022 5.253
55.26429 5.089
55.26836 4.948
55.27243 4.948
55.27649 4.878
55.28056 5.535
55.28463 5.347
55.28870 4.878
55.29277 5.019
55.29684 5.066
55.30091 4.972
55.30497 5.230
55.30904 5.089
55.31311 5.042
55.31718 5.206
55.32125 5.840
55.32532 5.300
55.32938 5.371
55.33345 5.629
55.33752 5.582
55.34159 5.535
55.34566 5.300
55.34973 5.347
55.35380 5.230
55.35786 4.855
55.36193 6.004
55.36600 5.347
55.37007 5.347
55.37414 5.136
55.37821 5.699
55.38227 5.886
55.38634 5.746
55.39041 6.520
55.39448 5.652
55.39855 6.309
55.40262 5.464
55.40669 5.863
55.41075 6.238
55.41482 5.558
55.41889 5.722
55.42296 5.511
55.42703 5.605
55.43110 5.652
55.43517 5.886
55.43923 5.652
55.44330 6.449
55.44737 6.520
55.45144 6.074
55.45551 6.027
55.45958 6.496
55.46364 5.863
55.46771 5.910
55.47178 6.309
55.47585 6.731
55.47992 6.215
55.48399 6.825
55.48806 6.590
55.49212 6.918
55.49619 7.083
55.50026 6.637
55.50433 6.848
55.50840 6.496
55.51247 7.294
55.51654 6.614
55.52060 7.669
55.52467 7.575
55.52874 7.083
55.53281 7.270
55.53688 8.161
55.54095 7.880
55.54501 7.387
55.54908 7.856
55.55315 7.505
55.55722 7.598
55.56129 7.481
55.56536 7.763
55.56943 8.021
55.57349 7.974
55.57756 7.856
55.58163 8.091
55.58570 8.888
55.58977 8.466
55.59384 8.326
55.59790 9.381
55.60197 8.935
55.60604 8.748
55.61011 9.264
55.61418 9.006
55.61825 9.146
55.62232 9.568
55.62638 8.982
55.63045 8.841
55.63452 9.217
55.63859 9.592
55.64266 9.475
55.64673 9.733
55.65080 9.944
55.65486 10.389
55.65893 9.873
55.66300 11.187
55.66707 10.718
55.67114 11.468
55.67521 10.319
55.67927 10.483
55.68334 11.374
55.68741 10.976
55.69148 11.163
55.69555 12.101
55.69962 12.383
55.70369 11.280
55.70775 11.023
55.71182 12.078
55.71589 11.867
55.71996 12.992
55.72403 12.523
55.72810 12.406
55.73216 13.415
55.73623 13.063
55.74030 13.180
55.74437 13.626
55.74844 13.884
55.75251 13.438
55.75658 14.259
55.76064 14.001
55.76471 14.212
55.76878 13.649
55.77285 14.001
55.77692 14.118
55.78099 15.244
55.78506 16.018
55.78912 14.611
55.79319 15.854
55.79726 16.417
55.80133 16.862
55.80540 16.815
55.80947 15.807
55.81353 17.026
55.81760 17.190
55.82167 16.135
55.82574 16.205
55.82981 17.073
55.83388 18.011
55.83795 16.721
55.84201 17.613
55.84608 16.276
55.85015 18.598
55.85422 17.894
55.85829 16.346
55.86236 17.448
55.86643 16.815
55.87049 17.683
55.87456 16.815
55.87863 17.331
55.88270 16.252
55.88677 16.229
55.89084 16.932
55.89490 16.041
55.89897 14.869
55.90304 16.393
55.90711 15.338
55.91118 14.728
55.91525 14.118
55.91932 14.212
55.92338 13.673
55.92745 15.432
55.93152 14.916
55.93559 14.095
55.93966 15.385
55.94373 13.720
55.94779 13.227
55.95186 13.344
55.95593 12.828
55.96000 13.954
55.96407 12.641
55.96814 13.743
55.97221 13.039
55.97627 12.805
55.98034 12.383
55.98441 12.664
55.98848 13.368
55.99255 12.242
55.99662 12.594
56.00069 12.430
56.00475 11.585
56.00882 12.594
56.01289 11.750
56.01696 11.773
56.02103 12.500
56.02510 11.538
56.02916 10.507
56.03323 11.093
56.03730 11.656
56.04137 10.460
56.04544 11.304
56.04951 10.765
56.05358 10.342
56.05764 10.155
56.06171 10.718
56.06578 10.202
56.06985 9.193
56.07392 9.733
56.07799 10.249
56.08206 9.662
56.08612 9.803
56.09019 9.428
56.09426 9.428
56.09833 8.630
56.10240 8.818
56.10647 8.795
56.11053 9.146
56.11460 9.029
56.11867 9.381
56.12274 9.522
56.12681 8.583
56.13088 9.944
56.13495 8.396
56.13901 9.967
56.14308 9.803
56.14715 10.014
56.15122 8.888
56.15529 10.295
56.15936 9.967
56.16342 9.897
56.16749 9.053
56.17156 9.850
56.17563 10.061
56.17970 10.131
56.18377 11.867
56.18784 10.788
56.19190 11.679
56.19597 11.210
56.20004 11.984
56.20411 11.093
56.20818 13.180
56.21225 11.656
56.21632 12.805
56.22038 13.813
56.22445 12.383
56.22852 12.594
56.23259 13.368
56.23666 13.016
56.24073 13.743
56.24479 14.306
56.24886 14.587
56.25293 14.493
56.25700 13.720
56.26107 14.353
56.26514 14.282
56.26921 13.954
56.27327 15.174
56.27734 14.024
56.28141 14.986
56.28548 13.016
56.28955 13.485
56.29362 12.594
56.29769 13.180
56.30175 12.031
56.30582 10.718
56.30989 11.327
56.31396 11.796
56.31803 10.694
56.32210 10.835
56.32616 10.225
56.33023 9.592
56.33430 9.826
56.33837 10.014
56.34244 9.615
56.34651 9.264
56.35058 9.686
56.35464 9.522
56.35871 9.451
56.36278 10.108
56.36685 9.287
56.37092 9.709
56.37499 9.146
56.37905 10.038
56.38312 10.061
56.38719 9.264
56.39126 10.600
56.39533 9.733
56.39940 9.568
56.40347 9.850
56.40753 10.131
56.41160 8.630
56.41567 9.615
56.41974 8.795
56.42381 9.545
56.42788 8.865
56.43195 9.522
56.43601 9.006
56.44008 8.771
56.44415 9.053
56.44822 8.255
56.45229 8.302
56.45636 7.387
56.46042 8.091
56.46449 7.598
56.46856 7.270
56.47263 6.074
56.47670 6.520
56.48077 6.238
56.48484 6.332
56.48890 5.886
56.49297 5.793
56.49704 5.933
56.50111 5.957
56.50518 5.464
56.50925 5.863
56.51331 5.347
56.51738 5.464
56.52145 5.253
56.52552 5.511
56.52959 5.511
56.53366 5.183
56.53773 5.277
56.54179 5.113
56.54586 4.620
56.54993 4.526
56.55400 5.230
56.55807 5.019
56.56214 4.972
56.56621 5.089
56.57027 4.784
56.57434 4.902
56.57841 4.597
56.58248 4.855
56.58655 5.535
56.59062 4.620
56.59468 5.113
56.59875 4.831
56.60282 4.831
56.60689 4.808
56.61096 4.597
56.61503 5.066
56.61910 4.972
56.62316 3.846
56.62723 5.183
56.63130 4.573
56.63537 4.995
56.63944 5.347
56.64351 4.550
56.64758 4.902
56.65164 4.690
56.65571 4.550
56.65978 4.456
56.66385 4.386
56.66792 4.198
56.67199 5.019
56.67605 4.221
56.68012 4.644
56.68419 4.597
56.68826 4.409
56.69233 4.409
56.69640 4.620
56.70047 4.925
56.70453 4.479
56.70860 4.268
56.71267 4.597
56.71674 4.198
56.72081 4.174
56.72488 4.292
56.72894 4.503
56.73301 4.644
56.73708 4.808
56.74115 4.409
56.74522 4.550
56.74929 4.057
56.75336 4.128
56.75742 4.737
56.76149 4.151
56.76556 4.737
56.76963 4.620
56.77370 4.339
56.77777 4.667
56.78184 4.339
56.78590 3.893
56.78997 5.019
56.79404 4.057
56.79811 4.221
56.80218 3.987
56.80625 4.573
56.81031 4.456
56.81438 4.386
56.81845 4.128
56.82252 4.010
56.82659 4.620
56.83066 4.855
56.83473 4.268
56.83879 3.846
56.84286 4.315
56.84693 3.963
56.85100 4.081
56.85507 4.479
56.85914 3.963
56.86321 4.573
56.86727 4.667
56.87134 3.776
56.87541 4.456
56.87948 4.386
56.88355 4.690
56.88762 4.315
56.89168 4.386
56.89575 4.479
56.89982 3.917
56.90389 4.690
56.90796 4.128
56.91203 4.339
56.91610 3.940
56.92016 4.597
56.92423 3.541
56.92830 3.963
56.93237 4.081
56.93644 4.057
56.94051 4.550
56.94457 4.081
56.94864 3.963
56.95271 4.010
56.95678 4.573
56.96085 4.456
56.96492 4.221
56.96899 4.010
56.97305 4.221
56.97712 3.823
56.98119 3.846
56.98526 4.081
56.98933 4.128
56.99340 4.198
56.99747 4.034
57.00153 4.432
57.00560 4.104
57.00967 3.917
57.01374 4.057
57.01781 3.635
57.02188 3.776
57.02594 4.245
57.03001 4.034
57.03408 3.752
57.03815 4.128
57.04222 4.128
57.04629 3.729
57.05036 3.565
57.05442 4.409
57.05849 4.268
57.06256 3.705
57.06663 4.409
57.07070 4.644
57.07477 4.550
57.07884 4.855
57.08290 4.104
57.08697 4.268
57.09104 4.526
57.09511 4.432
57.09918 4.104
57.10325 4.245
57.10731 4.315
57.11138 3.893
57.11545 4.198
57.11952 4.526
57.12359 4.174
57.12766 3.776
57.13173 3.752
57.13579 4.409
57.13986 3.893
57.14393 4.221
57.14800 4.268
57.15207 3.940
57.15614 4.432
57.16020 4.432
57.16427 4.761
57.16834 4.690
57.17241 3.424
57.17648 3.823
57.18055 4.362
57.18462 3.705
57.18868 4.432
57.19275 3.612
57.19682 4.315
57.20089 4.221
57.20496 3.682
57.20903 4.292
57.21310 4.386
57.21716 3.963
57.22123 3.870
57.22530 4.386
57.22937 3.612
57.23344 4.034
57.23751 3.893
57.24157 4.409
57.24564 4.245
57.24971 3.776
57.25378 3.893
57.25785 4.198
57.26192 3.987
57.26599 4.292
57.27005 4.245
57.27412 4.456
57.27819 3.940
57.28226 4.315
57.28633 4.104
57.29040 4.573
57.29446 4.104
57.29853 3.705
57.30260 3.518
57.30667 3.893
57.31074 3.752
57.31481 3.917
57.31888 4.479
57.32294 3.565
57.32701 4.128
57.33108 4.339
57.33515 3.189
57.33922 3.823
57.34329 4.057
57.34736 4.292
57.35142 3.471
57.35549 4.315
57.35956 3.940
57.36363 3.917
57.36770 3.705
57.37177 4.174
57.37583 3.846
57.37990 4.503
57.38397 4.245
57.38804 4.386
57.39211 4.245
57.39618 4.057
57.40025 4.198
57.40431 4.221
57.40838 3.870
57.41245 3.963
57.41652 4.151
57.42059 3.940
57.42466 4.057
57.42873 4.128
57.43279 4.104
57.43686 4.221
57.44093 3.917
57.44500 3.635
57.44907 4.174
57.45314 3.917
57.45720 4.128
57.46127 4.808
57.46534 4.479
57.46941 4.221
57.47348 4.409
57.47755 4.034
57.48162 4.221
57.48568 4.245
57.48975 3.940
57.49382 3.846
57.49789 3.846
57.50196 4.151
57.50603 3.963
57.51009 4.151
57.51416 3.752
57.51823 3.870
57.52230 4.432
57.52637 4.386
57.53044 4.479
57.53451 3.260
57.53857 4.010
57.54264 3.846
57.54671 3.705
57.55078 4.339
57.55485 3.893
57.55892 4.128
57.56299 4.245
57.56705 4.573
57.57112 3.893
57.57519 4.151
57.57926 4.010
57.58333 4.081
57.58740 3.612
57.59146 4.174
57.59553 3.846
57.59960 4.432
57.60367 4.245
57.60774 3.705
57.61181 4.034
57.61588 3.776
57.61994 3.729
57.62401 4.057
57.62808 3.846
57.63215 4.268
57.63622 4.315
57.64029 3.963
57.64436 4.503
57.64842 4.174
57.65249 4.081
57.65656 3.447
57.66063 3.659
57.66470 4.104
57.66877 3.987
57.67283 3.940
57.67690 3.963
57.68097 4.503
57.68504 3.987
57.68911 3.846
57.69318 3.917
57.69725 4.151
57.70131 4.550
57.70538 3.893
57.70945 4.409
57.71352 3.823
57.71759 3.870
57.72166 3.940
57.72572 4.292
57.72979 3.776
57.73386 3.823
57.73793 3.682
57.74200 3.963
57.74607 4.831
57.75014 4.644
57.75420 4.386
57.75827 4.221
57.76234 4.034
57.76641 4.339
57.77048 4.339
57.77455 4.339
57.77862 2.978
57.78268 3.447
57.78675 3.893
57.79082 3.705
57.79489 4.526
57.79896 4.292
57.80303 4.503
57.80709 3.682
57.81116 4.174
57.81523 4.034
57.81930 3.893
57.82337 4.057
57.82744 3.682
57.83151 3.987
57.83557 4.198
57.83964 4.362
57.84371 3.565
57.84778 4.151
57.85185 3.870
57.85592 4.479
57.85999 3.870
57.86405 4.526
57.86812 3.963
57.87219 4.292
57.87626 4.245
57.88033 4.503
57.88440 4.526
57.88846 4.198
57.89253 4.245
57.89660 3.283
57.90067 3.823
57.90474 4.456
57.90881 4.034
57.91288 3.870
57.91694 3.917
57.92101 3.963
57.92508 4.221
57.92915 3.987
57.93322 3.940
57.93729 4.386
57.94135 4.620
57.94542 3.917
57.94949 4.339
57.95356 3.963
57.95763 4.315
57.96170 4.221
57.96577 4.010
57.96983 4.620
57.97390 3.963
57.97797 4.339
57.98204 4.432
57.98611 3.893
57.99018 3.823
57.99425 4.479
57.99831 4.503
58.00238 4.245
58.00645 3.846
58.01052 4.221
58.01459 3.893
58.01866 4.174
58.02272 4.386
58.02679 4.151
58.03086 4.432
58.03493 4.573
58.03900 4.151
58.04307 4.221
58.04714 3.870
58.05120 3.799
58.05527 3.776
58.05934 3.799
58.06341 4.104
58.06748 4.409
58.07155 4.245
58.07561 4.409
58.07968 4.456
58.08375 4.104
58.08782 4.268
58.09189 4.151
58.09596 4.315
58.10003 4.620
58.10409 4.104
58.10816 4.597
58.11223 4.714
58.11630 4.362
58.12037 4.690
58.12444 4.667
58.12851 3.917
58.13257 4.737
58.13664 4.081
58.14071 4.104
58.14478 4.268
58.14885 4.198
58.15292 4.432
58.15698 3.823
58.16105 4.573
58.16512 4.714
58.16919 4.644
58.17326 5.253
58.17733 4.292
58.18140 4.245
58.18546 4.503
58.18953 4.151
58.19360 4.573
58.19767 4.479
58.20174 4.292
58.20581 4.010
58.20988 4.597
58.21394 4.644
58.21801 4.925
58.22208 4.644
58.22615 4.644
58.23022 5.019
58.23429 4.573
58.23835 4.479
58.24242 4.526
58.24649 4.690
58.25056 4.573
58.25463 4.386
58.25870 4.761
58.26277 4.151
58.26683 4.456
58.27090 4.667
58.27497 4.737
58.27904 4.761
58.28311 5.019
58.28718 5.183
58.29124 4.315
58.29531 4.597
58.29938 5.042
58.30345 4.972
58.30752 4.620
58.31159 4.667
58.31566 4.479
58.31972 4.597
58.32379 4.902
58.32786 4.855
58.33193 4.925
58.33600 5.159
58.34007 4.761
58.34414 5.394
58.34820 4.948
58.35227 5.042
58.35634 4.878
58.36041 4.925
58.36448 4.644
58.36855 5.441
58.37261 4.972
58.37668 5.394
58.38075 5.371
58.38482 4.855
58.38889 5.488
58.39296 5.019
58.39703 5.347
58.40109 5.183
58.40516 5.417
58.40923 5.183
58.41330 5.816
58.41737 5.769
58.42144 6.285
58.42551 4.925
58.42957 5.910
58.43364 5.371
58.43771 6.027
58.44178 5.441
58.44585 5.722
58.44992 6.215
58.45398 5.511
58.45805 5.441
58.46212 5.629
58.46619 5.886
58.47026 5.840
58.47433 5.675
58.47840 5.769
58.48246 5.558
58.48653 5.089
58.49060 6.309
58.49467 6.144
58.49874 6.121
58.50281 6.004
58.50687 6.285
58.51094 6.590
58.51501 6.520
58.51908 6.567
58.52315 5.652
58.52722 5.441
58.53129 5.675
58.53535 6.262
58.53942 6.684
58.54349 6.074
58.54756 6.121
58.55163 6.262
58.55570 7.012
58.55977 6.426
58.56383 6.402
58.56790 6.567
58.57197 6.309
58.57604 6.379
58.58011 6.614
58.58418 6.707
58.58824 6.121
58.59231 5.910
58.59638 6.426
58.60045 6.426
58.60452 6.356
58.60859 6.614
58.61266 6.332
58.61672 5.629
58.62079 6.848
58.62486 6.707
58.62893 6.121
58.63300 6.356
58.63707 6.496
58.64114 5.746
58.64520 6.144
58.64927 6.027
58.65334 5.347
58.65741 6.332
58.66148 5.816
58.66555 5.933
58.66961 5.910
58.67368 5.722
58.67775 5.746
58.68182 4.995
58.68589 4.948
58.68996 6.004
58.69403 5.746
58.69809 5.535
58.70216 5.910
58.70623 5.746
58.71030 6.098
58.71437 5.183
58.71844 5.816
58.72250 5.277
58.72657 5.488
58.73064 5.629
58.73471 6.285
58.73878 5.042
58.74285 5.840
58.74692 5.371
58.75098 5.253
58.75505 4.573
58.75912 5.675
58.76319 5.371
58.76726 5.629
58.77133 5.253
58.77540 5.277
58.77946 5.230
58.78353 5.159
58.78760 5.746
58.79167 4.644
58.79574 5.066
58.79981 4.550
58.80387 5.253
58.80794 4.855
58.81201 4.808
58.81608 4.948
58.82015 4.714
58.82422 5.230
58.82829 4.620
58.83235 5.230
58.83642 4.878
58.84049 4.948
58.84456 4.550
58.84863 5.136
58.85270 5.206
58.85677 5.042
58.86083 4.409
58.86490 4.925
58.86897 4.690
58.87304 5.183
58.87711 5.066
58.88118 5.159
58.88524 4.925
58.88931 4.831
58.89338 4.690
58.89745 4.878
58.90152 4.878
58.90559 4.503
58.90966 5.159
58.91372 4.808
58.91779 4.995
58.92186 5.089
58.92593 4.995
58.93000 5.300
58.93407 5.042
58.93813 4.503
58.94220 4.573
58.94627 5.253
58.95034 5.417
58.95441 6.402
58.95848 5.206
58.96255 5.675
58.96661 5.441
58.97068 6.262
58.97475 6.238
58.97882 4.948
58.98289 5.675
58.98696 6.051
58.99103 5.253
58.99509 5.300
58.99916 5.886
59.00323 6.285
59.00730 6.309
59.01137 5.769
59.01544 6.238
59.01950 5.957
59.02357 5.394
59.02764 5.300
59.03171 5.230
59.03578 5.933
59.03985 5.558
59.04392 4.714
59.04798 5.183
59.05205 5.816
59.05612 5.183
59.06019 4.972
59.06426 5.324
59.06833 5.441
59.07239 4.620
59.07646 4.948
59.08053 4.784
59.08460 5.417
59.08867 4.878
59.09274 5.113
59.09681 4.878
59.10087 4.644
59.10494 4.878
59.10901 4.808
59.11308 4.597
59.11715 4.597
59.12122 5.230
59.12529 4.855
59.12935 4.948
59.13342 4.550
59.13749 5.089
59.14156 4.902
59.14563 4.808
59.14970 5.253
59.15376 5.113
59.15783 4.808
59.16190 4.972
59.16597 4.784
59.17004 5.511
59.17411 4.644
59.17818 4.948
59.18224 4.526
59.18631 4.737
59.19038 4.714
59.19445 5.042
59.19852 4.784
59.20259 5.253
59.20666 4.550
59.21072 4.503
59.21479 4.620
59.21886 4.104
59.22293 4.151
59.22700 3.963
59.23107 4.268
59.23513 4.268
59.23920 3.987
59.24327 4.315
59.24734 4.081
59.25141 4.198
59.25548 3.682
59.25955 4.081
59.26361 3.963
59.26768 4.362
59.27175 4.573
59.27582 4.503
59.27989 4.339
59.28396 3.893
59.28802 4.339
59.29209 3.963
59.29616 4.339
59.30023 3.659
59.30430 3.870
59.30837 4.174
59.31244 3.424
59.31650 3.612
59.32057 3.917
59.32464 3.940
59.32871 4.690
59.33278 3.705
59.33685 3.659
59.34092 3.635
59.34498 4.034
59.34905 3.752
59.35312 4.128
59.35719 3.846
59.36126 4.339
59.36533 3.541
59.36939 4.081
59.37346 3.752
59.37753 3.870
59.38160 3.987
59.38567 3.846
59.38974 3.940
59.39381 3.541
59.39787 4.104
59.40194 4.245
59.40601 3.893
59.41008 3.776
59.41415 4.362
59.41822 4.198
59.42229 4.128
59.42635 3.447
59.43042 3.705
59.43449 4.550
59.43856 3.823
59.44263 3.588
59.44670 4.128
59.45076 3.471
59.45483 3.659
59.45890 3.987
59.46297 3.752
59.46704 3.659
59.47111 3.893
59.47518 3.424
59.47924 3.659
59.48331 3.963
59.48738 4.034
59.49145 3.987
59.49552 4.479
59.49959 3.682
59.50365 3.588
59.50772 3.377
59.51179 4.151
59.51586 4.245
59.51993 4.268
59.52400 3.143
59.52807 4.104
59.53213 4.268
59.53620 4.104
59.54027 3.893
59.54434 4.479
59.54841 3.541
59.55248 4.174
59.55655 3.518
59.56061 3.260
59.56468 3.776
59.56875 3.565
59.57282 3.987
59.57689 3.612
59.58096 4.057
59.58502 4.128
59.58909 3.987
59.59316 4.386
59.59723 4.198
59.60130 3.870
59.60537 3.799
59.60944 3.846
59.61350 3.823
59.61757 3.870
59.62164 3.447
59.62571 3.424
59.62978 4.315
59.63385 3.917
59.63792 3.846
59.64198 4.315
59.64605 3.729
59.65012 4.315
59.65419 3.752
59.65826 3.870
59.66233 3.541
59.66639 3.823
59.67046 4.479
59.67453 3.799
59.67860 4.128
59.68267 3.799
59.68674 3.799
59.69081 4.128
59.69487 3.729
59.69894 3.682
59.70301 3.870
59.70708 3.917
59.71115 3.799
59.71522 3.330
59.71928 3.635
59.72335 3.870
59.72742 3.659
59.73149 4.081
59.73556 3.963
59.73963 3.940
59.74370 3.799
59.74776 3.729
59.75183 3.612
59.75590 3.143
59.75997 3.940
59.76404 3.752
59.76811 3.963
59.77218 3.893
59.77624 3.776
59.78031 3.823
59.78438 4.245
59.78845 3.799
59.79252 3.987
59.79659 4.221
59.80065 3.776
59.80472 3.752
59.80879 3.963
59.81286 3.870
59.81693 3.612
59.82100 4.151
59.82507 4.081
59.82913 3.776
59.83320 4.104
59.83727 3.846
59.84134 3.893
59.84541 4.128
59.84948 3.752
59.85354 3.682
59.85761 3.635
59.86168 4.081
59.86575 3.870
59.86982 3.682
59.87389 3.401
59.87796 3.917
59.88202 3.870
59.88609 3.189
59.89016 3.659
59.89423 3.987
59.89830 3.401
59.90237 3.494
59.90644 3.682
59.91050 3.917
59.91457 3.917
59.91864 3.377
59.92271 3.799
59.92678 3.987
59.93085 3.870
59.93491 4.081
59.93898 3.518
59.94305 3.963
59.94712 3.471
59.95119 3.799
59.95526 4.151
59.95933 4.479
59.96339 3.565
59.96746 3.776
59.97153 3.494
59.97560 4.104
59.97967 3.565
59.98374 4.221
59.98781 3.987
59.99187 3.823
59.99594 3.612
60.00001 3.447
60.00408 3.893
60.00815 4.245
60.01222 3.166
60.01628 3.377
60.02035 3.307
60.02442 3.705
60.02849 3.330
60.03256 4.104
60.03663 3.705
60.04070 3.377
60.04476 3.565
60.04883 3.588
60.05290 3.963
60.05697 4.057
60.06104 4.174
60.06511 4.245
60.06917 4.057
60.07324 3.447
60.07731 3.799
60.08138 4.221
60.08545 3.940
60.08952 3.940
60.09359 3.213
60.09765 4.057
60.10172 3.870
60.10579 3.705
60.10986 4.479
60.11393 3.846
60.11800 3.823
60.12207 4.221
60.12613 3.870
60.13020 3.870
60.13427 3.471
60.13834 4.151
60.14241 4.104
60.14648 3.659
60.15054 3.236
60.15461 3.471
60.15868 3.705
60.16275 3.612
60.16682 3.236
60.17089 3.799
60.17496 3.189
60.17902 4.339
60.18309 3.729
60.18716 3.565
60.19123 3.776
60.19530 3.471
60.19937 3.893
60.20344 4.057
60.20750 3.776
60.21157 3.354
60.21564 4.104
60.21971 3.635
60.22378 3.565
60.22785 4.010
60.23191 3.518
60.23598 3.940
60.24005 3.917
60.24412 4.128
60.24819 3.307
60.25226 4.010
60.25633 3.471
60.26039 4.128
60.26446 3.447
60.26853 3.823
60.27260 3.752
60.27667 3.870
60.28074 3.776
60.28480 3.330
60.28887 4.128
60.29294 3.870
60.29701 4.128
60.30108 3.471
60.30515 4.034
60.30922 3.471
60.31328 3.447
60.31735 3.823
60.32142 3.963
60.32549 3.846
60.32956 3.612
60.33363 3.682
60.33770 3.846
60.34176 3.213
60.34583 3.776
60.34990 3.917
60.35397 3.283
60.35804 3.494
60.36211 3.846
60.36617 3.963
60.37024 3.940
60.37431 3.705
60.37838 3.424
60.38245 3.682
60.38652 3.823
60.39059 3.612
60.39465 3.752
60.39872 3.799
60.40279 3.401
60.40686 3.940
60.41093 3.377
60.41500 3.823
60.41907 3.917
60.42313 3.659
60.42720 3.494
60.43127 3.893
60.43534 4.034
60.43941 3.541
60.44348 3.588
60.44754 3.541
60.45161 3.424
60.45568 3.236
60.45975 3.729
60.46382 3.659
60.46789 4.010
60.47196 3.870
60.47602 4.479
60.48009 3.682
60.48416 4.057
60.48823 3.424
60.49230 3.870
60.49637 3.705
60.50043 3.705
60.50450 4.081
60.50857 3.729
60.51264 3.518
60.51671 3.752
60.52078 3.729
60.52485 3.917
60.52891 3.612
60.53298 3.917
60.53705 3.494
60.54112 3.729
60.54519 2.885
60.54926 3.471
60.55333 3.799
60.55739 4.151
60.56146 3.776
60.56553 3.659
60.56960 3.963
60.57367 3.565
60.57774 3.987
60.58180 4.151
60.58587 4.057
60.58994 3.917
60.59401 3.846
60.59808 4.128
60.60215 3.565
60.60622 3.072
60.61028 3.729
60.61435 3.635
60.61842 3.260
60.62249 3.705
60.62656 3.447
60.63063 3.682
60.63469 3.588
60.63876 3.823
60.64283 3.799
60.64690 4.339
60.65097 3.565
60.65504 3.940
60.65911 3.729
60.66317 3.471
60.66724 3.236
60.67131 4.174
60.67538 4.409
60.67945 3.659
60.68352 3.776
60.68759 3.166
60.69165 3.494
60.69572 3.424
60.69979 3.612
60.70386 4.057
60.70793 4.081
60.71200 4.104
60.71606 3.940
60.72013 3.940
60.72420 3.401
60.72827 3.940
60.73234 3.963
60.73641 3.870
60.74048 3.354
60.74454 3.659
60.74861 3.752
60.75268 3.588
60.75675 3.189
60.76082 3.870
60.76489 3.987
60.76896 4.081
60.77302 4.292
60.77709 3.729
60.78116 3.143
60.78523 3.940
60.78930 3.236
60.79337 3.330
60.79743 4.104
60.80150 4.174
60.80557 3.494
60.80964 3.682
60.81371 3.494
60.81778 4.174
60.82185 3.799
60.82591 3.799
60.82998 3.776
60.83405 3.541
60.83812 3.424
60.84219 2.932
60.84626 3.940
60.85032 3.588
60.85439 3.635
60.85846 3.963
60.86253 3.799
60.86660 4.268
60.87067 4.010
60.87474 3.682
60.87880 3.870
60.88287 3.025
60.88694 2.720
60.89101 4.057
60.89508 3.494
60.89915 3.846
60.90322 4.174
60.90728 3.729
60.91135 3.917
60.91542 3.565
60.91949 4.081
60.92356 4.104
60.92763 3.776
60.93169 3.307
60.93576 3.377
60.93983 4.151
60.94390 3.072
60.94797 3.799
60.95204 3.401
60.95611 4.221
60.96017 3.917
60.96424 3.541
60.96831 3.659
60.97238 3.518
60.97645 3.776
60.98052 3.565
60.98459 3.424
60.98865 3.588
60.99272 3.659
60.99679 3.260
61.00086 3.494
61.00493 3.846
61.00900 3.377
61.01306 3.518
61.01713 3.682
61.02120 4.010
61.02527 3.494
61.02934 4.644
61.03341 3.799
61.03748 4.268
61.04154 3.565
61.04561 3.752
61.04968 3.893
61.05375 3.612
61.05782 4.104
61.06189 4.034
61.06595 3.588
61.07002 3.377
61.07409 3.612
61.07816 3.917
61.08223 3.565
61.08630 3.424
61.09037 3.776
61.09443 3.283
61.09850 3.518
61.10257 3.447
61.10664 3.541
61.11071 3.963
61.11478 3.870
61.11885 3.940
61.12291 3.471
61.12698 4.057
61.13105 3.213
61.13512 3.752
61.13919 3.682
61.14326 3.893
61.14732 3.705
61.15139 4.010
61.15546 3.494
61.15953 3.424
61.16360 3.354
61.16767 4.198
61.17174 3.283
61.17580 3.635
61.17987 3.424
61.18394 4.386
61.18801 3.659
61.19208 3.588
61.19615 3.518
61.20022 3.072
61.20428 3.213
61.20835 3.541
61.21242 3.659
61.21649 3.518
61.22056 3.471
61.22463 3.659
61.22869 3.541
61.23276 3.260
61.23683 3.260
61.24090 3.518
61.24497 3.705
61.24904 3.424
61.25311 3.987
61.25717 3.893
61.26124 3.471
61.26531 3.518
61.26938 3.729
61.27345 3.799
61.27752 3.846
61.28158 4.081
61.28565 3.330
61.28972 3.588
61.29379 3.096
61.29786 3.471
61.30193 3.330
61.30600 3.588
61.31006 3.987
61.31413 4.198
61.31820 3.705
61.32227 3.401
61.32634 3.893
61.33041 3.401
61.33448 3.729
61.33854 3.354
61.34261 3.823
61.34668 4.057
61.35075 3.823
61.35482 3.541
61.35889 3.447
61.36295 3.518
61.36702 3.424
61.37109 3.518
61.37516 3.823
61.37923 3.705
61.38330 3.189
61.38737 3.307
61.39143 3.893
61.39550 3.565
61.39957 4.174
61.40364 3.354
61.40771 3.377
61.41178 4.034
61.41585 3.447
61.41991 3.236
61.42398 3.002
61.42805 3.823
61.43212 3.917
61.43619 3.354
61.44026 3.401
61.44432 3.401
61.44839 4.221
61.45246 3.565
61.45653 3.494
61.46060 3.541
61.46467 3.917
61.46874 3.752
61.47280 3.260
61.47687 3.893
61.48094 3.893
61.48501 3.917
61.48908 3.377
61.49315 3.635
61.49721 3.166
61.50128 3.846
61.50535 3.659
61.50942 3.401
61.51349 3.635
61.51756 3.659
61.52163 3.917
61.52569 3.752
61.52976 3.588
61.53383 3.377
61.53790 3.776
61.54197 3.401
61.54604 3.963
61.55011 4.010
61.55417 3.565
61.55824 3.588
61.56231 3.565
61.56638 3.846
61.57045 4.221
61.57452 3.330
61.57858 3.189
61.58265 4.174
61.58672 3.682
61.59079 3.659
61.59486 3.307
61.59893 3.940
61.60300 3.565
61.60706 3.588
61.61113 3.729
61.61520 3.612
61.61927 3.682
61.62334 3.870
61.62741 3.776
61.63147 3.565
61.63554 3.494
61.63961 4.339
61.64368 4.081
61.64775 3.776
61.65182 4.081
61.65589 3.401
61.65995 3.870
61.66402 3.635
61.66809 3.518
61.67216 3.494
61.67623 4.081
61.68030 3.377
61.68437 3.189
61.68843 3.447
61.69250 3.893
61.69657 3.823
61.70064 3.518
61.70471 3.612
61.70878 3.518
61.71284 3.260
61.71691 3.729
61.72098 3.893
61.72505 3.354
61.72912 3.682
61.73319 3.893
61.73726 4.339
61.74132 3.518
61.74539 3.729
61.74946 3.776
61.75353 3.799
61.75760 3.541
61.76167 3.682
61.76574 3.705
61.76980 3.354
61.77387 3.752
61.77794 3.659
61.78201 3.893
61.78608 3.846
61.79015 3.283
61.79421 4.174
61.79828 3.541
61.80235 3.705
61.80642 3.377
61.81049 3.940
61.81456 3.705
61.81863 3.588
61.82269 3.940
61.82676 3.283
61.83083 3.846
61.83490 3.471
61.83897 3.799
61.84304 3.705
61.84710 3.752
61.85117 3.799
61.85524 3.612
61.85931 4.151
61.86338 3.541
61.86745 3.096
61.87152 3.025
61.87558 3.447
61.87965 3.963
61.88372 4.104
61.88779 3.424
61.89186 3.354
61.89593 3.870
61.90000 3.729
61.90406 3.494
61.90813 3.870
61.91220 3.236
61.91627 3.799
61.92034 3.823
61.92441 3.377
61.92847 3.447
61.93254 3.893
61.93661 3.987
61.94068 3.424
61.94475 3.494
61.94882 3.799
61.95289 3.846
61.95695 3.119
61.96102 3.917
61.96509 3.189
61.96916 4.034
61.97323 3.260
61.97730 3.471
61.98137 3.213
61.98543 3.096
61.98950 3.752
61.99357 3.729
61.99764 4.104
62.00171 3.823
62.00578 3.424
62.00984 3.729
62.01391 3.541
62.01798 3.330
62.02205 3.682
62.02612 3.518
62.03019 3.119
62.03426 3.729
62.03832 4.128
62.04239 3.565
62.04646 3.424
62.05053 3.705
62.05460 3.893
62.05867 3.705
62.06273 3.518
62.06680 3.518
62.07087 3.659
62.07494 3.447
62.07901 3.612
62.08308 3.283
62.08715 3.354
62.09121 3.377
62.09528 4.034
62.09935 3.260
62.10342 3.635
62.10749 3.729
62.11156 3.565
62.11563 3.518
62.11969 2.978
62.12376 3.260
62.12783 3.518
62.13190 3.893
62.13597 3.354
62.14004 4.034
62.14410 4.245
62.14817 3.870
62.15224 3.377
62.15631 3.635
62.16038 3.307
62.16445 3.565
62.16852 3.705
62.17258 3.143
62.17665 3.682
62.18072 3.424
62.18479 3.729
62.18886 3.401
62.19293 3.940
62.19700 3.987
62.20106 2.908
62.20513 3.588
62.20920 3.612
62.21327 3.471
62.21734 3.635
62.22141 3.588
62.22547 3.424
62.22954 3.354
62.23361 3.776
62.23768 3.776
62.24175 3.612
62.24582 3.823
62.24989 3.494
62.25395 3.565
62.25802 3.940
62.26209 3.799
62.26616 3.846
62.27023 3.823
62.27430 3.729
62.27836 3.635
62.28243 3.565
62.28650 3.565
62.29057 3.541
62.29464 3.846
62.29871 3.682
62.30278 3.823
62.30684 3.565
62.31091 3.283
62.31498 3.635
62.31905 3.987
62.32312 3.541
62.32719 3.541
62.33126 3.471
62.33532 3.823
62.33939 4.128
62.34346 3.424
62.34753 3.330
62.35160 3.987
62.35567 3.565
62.35973 3.518
62.36380 4.010
62.36787 3.705
62.37194 3.705
62.37601 3.612
62.38008 3.494
62.38415 3.588
62.38821 4.034
62.39228 3.401
62.39635 3.612
62.40042 3.729
62.40449 3.682
62.40856 3.025
62.41262 3.659
62.41669 3.424
62.42076 4.268
62.42483 3.494
62.42890 3.424
62.43297 3.846
62.43704 3.471
62.44110 3.401
62.44517 3.635
62.44924 3.471
62.45331 3.471
62.45738 3.236
62.46145 3.494
62.46552 3.494
62.46958 3.283
62.47365 3.799
62.47772 4.221
62.48179 3.682
62.48586 3.330
62.48993 4.034
62.49399 3.776
62.49806 3.588
62.50213 3.588
62.50620 3.588
62.51027 3.213
62.51434 3.612
62.51841 4.174
62.52247 3.588
62.52654 3.096
62.53061 3.166
62.53468 3.283
62.53875 3.565
62.54282 3.729
62.54689 3.424
62.55095 3.612
62.55502 3.307
62.55909 3.987
62.56316 3.307
62.56723 3.401
62.57130 2.838
62.57536 4.128
62.57943 4.151
62.58350 3.729
62.58757 3.354
62.59164 3.588
62.59571 4.221
62.59978 3.166
62.60384 3.752
62.60791 3.893
62.61198 3.940
62.61605 3.260
62.62012 4.104
62.62419 3.541
62.62825 3.330
62.63232 3.541
62.63639 3.705
62.64046 3.705
62.64453 3.447
62.64860 3.143
62.65267 3.424
62.65673 3.424
62.66080 3.776
62.66487 3.236
62.66894 3.354
62.67301 3.893
62.67708 3.565
62.68115 3.776
62.68521 3.541
62.68928 3.072
62.69335 3.729
62.69742 3.025
62.70149 3.705
62.70556 3.213
62.70962 3.846
62.71369 3.612
62.71776 3.518
62.72183 3.260
62.72590 3.659
62.72997 3.635
62.73404 3.682
62.73810 3.354
62.74217 3.729
62.74624 3.588
62.75031 3.541
62.75438 3.307
62.75845 4.198
62.76252 3.870
62.76658 3.354
62.77065 3.002
62.77472 3.565
62.77879 3.565
62.78286 3.588
62.78693 3.917
62.79099 3.729
62.79506 3.377
62.79913 3.752
62.80320 3.283
62.80727 3.823
62.81134 3.189
62.81541 3.518
62.81947 3.659
62.82354 3.705
62.82761 3.424
62.83168 3.354
62.83575 3.705
62.83982 4.268
62.84388 3.213
62.84795 3.518
62.85202 3.025
62.85609 3.307
62.86016 3.494
62.86423 3.799
62.86830 3.682
62.87236 3.401
62.87643 2.744
62.88050 3.541
62.88457 3.963
62.88864 3.682
62.89271 3.752
62.89678 3.752
62.90084 3.494
62.90491 3.260
62.90898 3.588
62.91305 3.870
62.91712 3.893
62.92119 3.659
62.92525 2.932
62.92932 3.635
62.93339 3.705
62.93746 2.932
62.94153 3.799
62.94560 3.893
62.94967 3.494
62.95373 3.330
62.95780 3.705
62.96187 3.518
62.96594 3.893
62.97001 3.823
62.97408 4.221
62.97815 4.010
62.98221 3.354
62.98628 3.776
62.99035 3.119
62.99442 3.260
62.99849 3.401
63.00256 3.635
63.00662 3.893
63.01069 3.659
63.01476 3.870
63.01883 3.729
63.02290 3.870
63.02697 2.932
63.03104 4.010
63.03510 3.072
63.03917 3.377
63.04324 3.588
63.04731 3.588
63.05138 3.682
63.05545 3.846
63.05951 3.283
63.06358 3.494
63.06765 3.354
63.07172 4.198
63.07579 3.330
63.07986 3.635
63.08393 3.588
63.08799 3.846
63.09206 3.799
63.09613 3.752
63.10020 3.260
63.10427 3.893
63.10834 4.104
63.11241 3.236
63.11647 3.424
63.12054 3.143
63.12461 3.752
63.12868 3.541
63.13275 3.189
63.13682 3.307
63.14088 3.236
63.14495 3.635
63.14902 3.283
63.15309 3.096
63.15716 3.917
63.16123 3.776
63.16530 3.518
63.16936 3.494
63.17343 3.354
63.17750 3.565
63.18157 3.213
63.18564 3.963
63.18971 3.189
63.19377 3.213
63.19784 3.588
63.20191 3.823
63.20598 3.541
63.21005 3.729
63.21412 3.189
63.21819 3.893
63.22225 4.034
63.22632 3.541
63.23039 3.002
63.23446 3.025
63.23853 3.612
63.24260 3.518
63.24667 3.917
63.25073 3.236
63.25480 3.377
63.25887 3.729
63.26294 3.940
63.26701 3.494
63.27108 3.424
63.27514 3.518
63.27921 3.119
63.28328 3.494
63.28735 3.565
63.29142 3.799
63.29549 3.354
63.29956 3.471
63.30362 3.893
63.30769 3.776
63.31176 3.987
63.31583 3.236
63.31990 3.166
63.32397 3.752
63.32804 3.401
63.33210 3.260
63.33617 3.283
63.34024 3.518
63.34431 3.846
63.34838 3.447
63.35245 3.659
63.35651 3.447
63.36058 3.471
63.36465 3.049
63.36872 3.377
63.37279 3.588
63.37686 3.776
63.38093 3.518
63.38499 3.565
63.38906 3.659
63.39313 3.330
63.39720 3.494
63.40127 3.987
63.40534 3.236
63.40940 3.189
63.41347 3.424
63.41754 3.401
63.42161 3.494
63.42568 3.401
63.42975 3.729
63.43382 2.908
63.43788 3.283
63.44195 3.401
63.44602 3.377
63.45009 3.025
63.45416 3.635
63.45823 3.635
63.46230 3.917
63.46636 3.424
63.47043 3.541
63.47450 3.612
63.47857 3.307
63.48264 3.096
63.48671 3.401
63.49077 3.705
63.49484 2.885
63.49891 3.354
63.50298 3.377
63.50705 3.518
63.51112 3.612
63.51519 3.541
63.51925 3.588
63.52332 3.494
63.52739 3.565
63.53146 3.635
63.53553 3.518
63.53960 3.940
63.54367 3.447
63.54773 2.791
63.55180 3.166
63.55587 3.541
63.55994 3.870
63.56401 2.955
63.56808 3.260
63.57214 3.752
63.57621 3.705
63.58028 3.236
63.58435 4.151
63.58842 3.471
63.59249 3.283
63.59656 3.330
63.60062 3.541
63.60469 3.565
63.60876 3.330
63.61283 3.283
63.61690 3.002
63.62097 3.659
63.62503 3.659
63.62910 3.494
63.63317 4.057
63.63724 3.330
63.64131 3.659
63.64538 3.565
63.64945 3.705
63.65351 3.354
63.65758 3.494
63.66165 3.565
63.66572 3.213
63.66979 3.377
63.67386 3.729
63.67793 3.283
63.68199 3.307
63.68606 3.471
63.69013 3.189
63.69420 3.447
63.69827 2.978
63.70234 3.494
63.70640 3.283
63.71047 3.541
63.71454 3.776
63.71861 3.963
63.72268 3.494
63.72675 3.635
63.73082 3.189
63.73488 3.682
63.73895 3.143
63.74302 3.424
63.74709 3.776
63.75116 4.339
63.75523 3.260
63.75930 4.174
63.76336 3.729
63.76743 3.518
63.77150 3.236
63.77557 3.612
63.77964 3.752
63.78371 3.729
63.78777 3.471
63.79184 3.823
63.79591 3.189
63.79998 3.752
63.80405 3.799
63.80812 3.823
63.81219 3.565
63.81625 3.682
63.82032 3.565
63.82439 3.307
63.82846 3.307
63.83253 3.541
63.83660 3.447
63.84066 3.096
63.84473 3.447
63.84880 3.917
63.85287 3.588
63.85694 3.049
63.86101 3.401
63.86508 3.518
63.86914 3.635
63.87321 3.236
63.87728 3.776
63.88135 3.823
63.88542 2.978
63.88949 2.978
63.89356 3.588
63.89762 3.143
63.90169 3.283
63.90576 3.494
63.90983 3.330
63.91390 3.283
63.91797 3.963
63.92203 3.072
63.92610 3.635
63.93017 3.917
63.93424 3.846
63.93831 3.776
63.94238 3.729
63.94645 3.307
63.95051 3.729
63.95458 3.565
63.95865 3.307
63.96272 3.377
63.96679 3.119
63.97086 3.752
63.97492 3.236
63.97899 3.541
63.98306 3.682
63.98713 3.424
63.99120 3.447
63.99527 3.401
63.99934 3.870
64.00340 3.659
64.00747 3.119
64.01154 3.401
64.01561 3.471
64.01968 3.213
64.02375 3.471
64.02782 3.870
64.03188 3.612
64.03595 3.049
64.04002 4.057
64.04409 3.236
64.04816 3.588
64.05223 3.588
64.05629 3.260
64.06036 3.401
64.06443 3.307
64.06850 3.541
64.07257 3.799
64.07664 3.330
64.08071 3.846
64.08477 3.776
64.08884 3.776
64.09291 3.354
64.09698 3.612
64.10105 3.940
64.10512 3.659
64.10919 3.776
64.11325 3.518
64.11732 3.236
64.12139 3.752
64.12546 3.424
64.12953 3.330
64.13360 3.471
64.13766 3.612
64.14173 3.870
64.14580 3.401
64.14987 3.729
64.15394 3.682
64.15801 3.494
64.16208 3.823
64.16614 3.119
64.17021 3.752
64.17428 3.119
64.17835 3.659
64.18242 3.565
64.18649 3.588
64.19055 3.565
64.19462 3.330
64.19869 3.119
64.20276 3.424
64.20683 3.424
64.21090 3.752
64.21497 2.908
64.21903 3.494
64.22310 3.260
64.22717 3.143
64.23124 3.096
64.23531 3.541
64.23938 3.588
64.24345 3.518
64.24751 2.791
64.25158 3.119
64.25565 3.424
64.25972 3.705
64.26379 3.494
64.26786 3.189
64.27192 3.494
64.27599 2.932
64.28006 3.377
64.28413 3.612
64.28820 3.635
64.29227 3.541
64.29634 3.354
64.30040 3.518
64.30447 3.846
64.30854 3.189
64.31261 3.565
64.31668 3.776
64.32075 3.166
64.32482 3.213
64.32888 3.236
64.33295 3.354
64.33702 3.705
64.34109 3.705
64.34516 3.870
64.34923 3.166
64.35329 3.213
64.35736 3.213
64.36143 3.494
64.36550 3.612
64.36957 3.518
64.37364 3.612
64.37771 3.588
64.38177 3.002
64.38584 3.518
64.38991 2.932
64.39398 3.236
64.39805 3.072
64.40212 3.119
64.40618 3.612
64.41025 3.213
64.41432 3.283
64.41839 3.518
64.42246 3.541
64.42653 3.401
64.43060 3.494
64.43466 3.541
64.43873 3.025
64.44280 3.260
64.44687 3.776
64.45094 3.659
64.45501 3.705
64.45908 3.541
64.46314 3.283
64.46721 3.870
64.47128 3.823
64.47535 3.447
64.47942 3.705
64.48349 3.682
64.48755 3.424
64.49162 3.659
64.49569 3.823
64.49976 3.166
64.50383 3.541
64.50790 3.354
64.51197 3.612
64.51603 3.354
64.52010 3.166
64.52417 3.213
64.52824 3.565
64.53231 3.471
64.53638 3.447
64.54045 3.612
64.54451 3.096
64.54858 3.565
64.55265 2.838
64.55672 3.541
64.56079 3.893
64.56486 3.870
64.56892 3.236
64.57299 3.424
64.57706 2.814
64.58113 3.447
64.58520 2.932
64.58927 2.603
64.59334 3.236
64.59740 2.744
64.60147 3.377
64.60554 3.354
64.60961 3.401
64.61368 3.354
64.61775 3.471
64.62181 3.635
64.62588 3.588
64.62995 4.034
64.63402 3.612
64.63809 3.729
64.64216 3.870
64.64623 3.260
64.65029 2.978
64.65436 3.518
64.65843 3.565
64.66250 3.471
64.66657 3.518
64.67064 3.447
64.67471 3.494
64.67877 3.307
64.68284 2.908
64.68691 3.096
64.69098 3.612
64.69505 3.283
64.69912 3.096
64.70318 3.823
64.70725 3.143
64.71132 3.705
64.71539 3.307
64.71946 3.143
64.72353 3.776
64.72760 3.283
64.73166 3.354
64.73573 3.189
64.73980 3.612
64.74387 3.354
64.74794 3.260
64.75201 3.354
64.75608 3.025
64.76014 3.166
64.76421 3.189
64.76828 3.377
64.77235 3.612
64.77642 3.260
64.78049 3.612
64.78455 3.471
64.78862 3.635
64.79269 3.471
64.79676 3.143
64.80083 3.143
64.80490 3.424
64.80897 3.072
64.81303 3.659
64.81710 3.377
64.82117 2.814
64.82524 3.799
64.82931 4.057
64.83338 3.494
64.83744 3.213
64.84151 3.612
64.84558 3.823
64.84965 3.401
64.85372 3.119
64.85779 3.705
64.86186 3.494
64.86592 3.002
64.86999 3.236
64.87406 3.119
64.87813 4.010
64.88220 3.307
64.88627 3.354
64.89034 3.588
64.89440 3.635
64.89847 3.377
64.90254 3.283
64.90661 3.236
64.91068 3.541
64.91475 3.354
64.91881 3.494
64.92288 3.424
64.92695 3.752
64.93102 3.236
64.93509 3.354
64.93916 3.846
64.94323 3.049
64.94729 3.494
64.95136 3.236
64.95543 3.049
64.95950 3.565
64.96357 3.354
64.96764 3.072
64.97170 3.471
64.97577 3.447
64.97984 3.494
64.98391 2.885
64.98798 3.260
64.99205 3.377
64.99612 3.659
65.00018 3.682
65.00425 3.307
65.00832 3.236
65.01239 2.861
65.01646 3.612
65.02053 3.307
65.02460 3.518
65.02866 3.729
65.03273 3.307
65.03680 3.588
65.04087 3.612
65.04494 3.166
65.04901 3.283
65.05307 2.955
65.05714 3.354
65.06121 3.541
65.06528 3.283
65.06935 3.236
65.07342 3.260
65.07749 4.174
65.08155 3.119
65.08562 3.424
65.08969 3.823
65.09376 3.166
65.09783 3.354
65.10190 3.330
65.10597 3.471
65.11003 3.705
65.11410 3.213
65.11817 3.776
65.12224 3.166
65.12631 2.932
65.13038 3.729
65.13444 3.471
65.13851 3.705
65.14258 3.330
65.14665 3.166
65.15072 3.283
65.15479 2.908
65.15886 3.987
65.16292 3.236
65.16699 3.494
65.17106 3.189
65.17513 3.330
65.17920 3.283
65.18327 3.682
65.18733 3.260
65.19140 3.189
65.19547 3.377
65.19954 3.588
65.20361 3.424
65.20768 3.635
65.21175 2.791
65.21581 3.330
65.21988 3.729
65.22395 3.565
65.22802 3.659
65.23209 3.354
65.23616 3.260
65.24023 3.119
65.24429 3.401
65.24836 3.260
65.25243 3.424
65.25650 3.705
65.26057 3.213
65.26464 3.307
65.26870 3.541
65.27277 3.143
65.27684 3.049
65.28091 3.401
65.28498 3.260
65.28905 3.565
65.29312 3.307
65.29718 3.612
65.30125 3.447
65.30532 3.424
65.30939 3.424
65.31346 3.447
65.31753 3.236
65.32160 3.541
65.32566 3.072
65.32973 3.494
65.33380 3.260
65.33787 3.752
65.34194 3.518
65.34601 3.377
65.35007 3.307
65.35414 3.096
65.35821 3.401
65.36228 3.494
65.36635 3.401
65.37042 3.377
65.37449 3.424
65.37855 3.565
65.38262 3.096
65.38669 3.236
65.39076 3.635
65.39483 2.955
65.39890 3.236
65.40296 3.565
65.40703 3.260
65.41110 3.236
65.41517 3.096
65.41924 3.096
65.42331 3.143
65.42738 3.283
65.43144 3.401
65.43551 3.354
65.43958 3.307
65.44365 3.213
65.44772 3.143
65.45179 3.799
65.45586 3.447
65.45992 3.072
65.46399 3.166
65.46806 2.955
65.47213 3.377
65.47620 2.908
65.48027 3.659
65.48433 3.635
65.48840 3.283
65.49247 3.189
65.49654 3.283
65.50061 2.955
65.50468 3.682
65.50875 3.143
65.51281 2.955
65.51688 3.917
65.52095 3.283
65.52502 3.377
65.52909 2.955
65.53316 3.119
65.53723 3.072
65.54129 3.260
65.54536 3.494
65.54943 3.377
65.55350 3.119
65.55757 3.166
65.56164 3.213
65.56570 3.143
65.56977 3.354
65.57384 3.119
65.57791 4.034
65.58198 2.932
65.58605 3.260
65.59012 3.330
65.59418 3.260
65.59825 3.471
65.60232 3.166
65.60639 3.541
65.61046 3.354
65.61453 3.377
65.61859 2.861
65.62266 2.861
65.62673 3.424
65.63080 3.072
65.63487 3.236
65.63894 3.354
65.64301 3.189
65.64707 3.471
65.65114 3.189
65.65521 3.729
65.65928 2.697
65.66335 3.447
65.66742 3.799
65.67149 3.471
65.67555 3.447
65.67962 3.447
65.68369 3.260
65.68776 3.025
65.69183 3.025
65.69590 3.096
65.69996 3.518
65.70403 3.752
65.70810 3.705
65.71217 3.236
65.71624 2.674
65.72031 3.447
65.72438 3.307
65.72844 3.166
65.73251 3.354
65.73658 3.565
65.74065 3.565
65.74472 2.932
65.74879 3.213
65.75285 3.189
65.75692 3.096
65.76099 3.518
65.76506 3.307
65.76913 3.776
65.77320 3.447
65.77727 3.166
65.78133 3.776
65.78540 3.143
65.78947 3.494
65.79354 3.424
65.79761 3.471
65.80168 3.518
65.80575 3.635
65.80981 3.565
65.81388 3.963
65.81795 3.330
65.82202 3.354
65.82609 3.588
65.83016 2.720
65.83422 3.776
65.83829 3.494
65.84236 3.424
65.84643 3.612
65.85050 3.330
65.85457 3.283
65.85864 3.236
65.86270 3.377
65.86677 3.705
65.87084 3.612
65.87491 3.659
65.87898 3.401
65.88305 2.791
65.88712 3.541
65.89118 3.447
65.89525 3.096
65.89932 3.307
65.90339 3.119
65.90746 3.283
65.91153 3.354
65.91559 3.119
65.91966 3.283
65.92373 3.377
65.92780 3.260
65.93187 3.330
65.93594 3.119
65.94001 3.143
65.94407 3.682
65.94814 3.354
65.95221 3.166
65.95628 3.682
65.96035 3.236
65.96442 3.565
65.96848 3.166
65.97255 3.940
65.97662 3.494
65.98069 2.650
65.98476 3.518
65.98883 3.354
65.99290 3.166
65.99696 3.729
66.00103 3.236
66.00510 3.471
66.00917 3.588
66.01324 3.612
66.01731 3.377
66.02138 3.846
66.02544 3.307
66.02951 3.096
66.03358 3.518
66.03765 3.823
66.04172 3.025
66.04579 3.541
66.04985 3.330
66.05392 3.776
66.05799 3.494
66.06206 3.213
66.06613 2.838
66.07020 3.166
66.07427 3.307
66.07833 3.143
66.08240 3.518
66.08647 3.752
66.09054 3.799
66.09461 3.049
66.09868 3.096
66.10275 3.612
66.10681 3.330
66.11088 3.424
66.11495 2.627
66.11902 3.917
66.12309 3.401
66.12716 3.518
66.13122 3.260
66.13529 2.533
66.13936 3.588
66.14343 3.799
66.14750 3.612
66.15157 3.401
66.15564 3.119
66.15970 3.447
66.16377 3.424
66.16784 3.143
66.17191 3.565
66.17598 3.283
66.18005 3.494
66.18411 2.767
66.18818 3.307
66.19225 3.283
66.19632 3.049
66.20039 3.166
66.20446 3.236
66.20853 2.955
66.21259 3.518
66.21666 3.283
66.22073 3.494
66.22480 3.635
66.22887 3.096
66.23294 3.166
66.23701 3.612
66.24107 3.166
66.24514 3.119
66.24921 3.447
66.25328 3.659
66.25735 3.494
66.26142 3.330
66.26548 3.260
66.26955 3.541
66.27362 3.260
66.27769 3.049
66.28176 3.471
66.28583 2.978
66.28990 3.682
66.29396 3.471
66.29803 3.354
66.30210 3.447
66.30617 3.283
66.31024 3.776
66.31431 3.565
66.31838 3.846
66.32244 3.471
66.32651 3.518
66.33058 2.791
66.33465 3.424
66.33872 2.885
66.34279 3.307
66.34685 3.424
66.35092 3.823
66.35499 3.354
66.35906 3.917
66.36313 3.635
66.36720 3.518
66.37127 3.447
66.37533 3.612
66.37940 3.354
66.38347 3.143
66.38754 3.541
66.39161 3.776
66.39568 3.213
66.39974 3.635
66.40381 3.119
66.40788 3.424
66.41195 3.705
66.41602 3.260
66.42009 3.612
66.42416 3.354
66.42822 3.283
66.43229 3.799
66.43636 3.401
66.44043 3.494
66.44450 4.010
66.44857 3.354
66.45264 3.330
66.45670 3.424
66.46077 3.354
66.46484 3.166
66.46891 3.307
66.47298 3.096
66.47705 3.494
66.48111 2.627
66.48518 3.354
66.48925 3.096
66.49332 3.213
66.49739 3.541
66.50146 3.471
66.50553 3.236
66.50959 3.377
66.51366 2.861
66.51773 2.932
66.52180 3.659
66.52587 3.072
66.52994 3.635
66.53400 3.330
66.53807 3.119
66.54214 3.541
66.54621 3.377
66.55028 3.330
66.55435 3.682
66.55842 3.424
66.56248 3.049
66.56655 3.963
66.57062 3.377
66.57469 3.283
66.57876 3.189
66.58283 3.377
66.58690 3.494
66.59096 3.354
66.59503 2.767
66.59910 3.659
66.60317 3.401
66.60724 3.377
66.61131 3.588
66.61537 3.143
66.61944 3.846
66.62351 2.814
66.62758 3.119
66.63165 3.189
66.63572 3.494
66.63979 3.213
66.64385 3.729
66.64792 3.002
66.65199 3.002
66.65606 3.659
66.66013 4.104
66.66420 3.424
66.66827 2.533
66.67233 2.674
66.67640 3.236
66.68047 3.072
66.68454 3.354
66.68861 3.096
66.69268 3.424
66.69674 3.283
66.70081 2.932
66.70488 2.955
66.70895 3.471
66.71302 3.682
66.71709 3.354
66.72116 3.588
66.72522 3.260
66.72929 2.650
66.73336 2.978
66.73743 3.635
66.74150 3.330
66.74557 3.401
66.74963 3.612
66.75370 3.096
66.75777 2.978
66.76184 3.424
66.76591 3.143
66.76998 3.236
66.77405 3.518
66.77811 2.674
66.78218 3.682
66.78625 3.729
66.79032 3.119
66.79439 3.072
66.79846 3.189
66.80253 3.119
66.80659 2.838
66.81066 2.720
66.81473 2.978
66.81880 3.659
66.82287 3.893
66.82694 3.635
66.83100 3.307
66.83507 2.838
66.83914 3.189
66.84321 3.166
66.84728 3.401
66.85135 3.705
66.85542 3.377
66.85948 3.354
66.86355 3.307
66.86762 3.236
66.87169 3.189
66.87576 3.377
66.87983 3.307
66.88390 3.119
66.88796 3.189
66.89203 3.424
66.89610 3.424
66.90017 3.025
66.90424 3.283
66.90831 3.236
66.91237 3.049
66.91644 2.978
66.92051 3.659
66.92458 3.002
66.92865 3.119
66.93272 3.447
66.93679 3.330
66.94085 3.072
66.94492 3.330
66.94899 3.354
66.95306 3.471
66.95713 3.283
66.96120 3.213
66.96526 3.565
66.96933 3.494
66.97340 3.025
66.97747 3.518
66.98154 3.260
66.98561 2.932
66.98968 3.330
66.99374 3.447
66.99781 3.236
67.00188 3.705
67.00595 2.978
67.01002 3.072
67.01409 3.283
67.01816 2.932
67.02222 3.330
67.02629 3.354
67.03036 2.767
67.03443 3.354
67.03850 3.424
67.04257 3.424
67.04663 2.767
67.05070 3.588
67.05477 3.307
67.05884 3.377
67.06291 3.049
67.06698 2.978
67.07105 3.494
67.07511 2.720
67.07918 3.049
67.08325 3.283
67.08732 3.096
67.09139 3.096
67.09546 3.002
67.09953 2.955
67.10359 3.166
67.10766 3.612
67.11173 3.260
67.11580 3.096
67.11987 3.166
67.12394 3.025
67.12800 3.330
67.13207 3.096
67.13614 3.401
67.14021 3.424
67.14428 3.096
67.14835 3.354
67.15242 2.674
67.15648 3.377
67.16055 3.870
67.16462 3.260
67.16869 3.283
67.17276 2.720
67.17683 3.565
67.18089 2.885
67.18496 3.307
67.18903 3.940
67.19310 3.377
67.19717 2.932
67.20124 3.072
67.20531 3.283
67.20937 3.354
67.21344 3.330
67.21751 3.354
67.22158 3.025
67.22565 3.776
67.22972 3.565
67.23379 3.612
67.23785 3.752
67.24192 3.283
67.24599 3.119
67.25006 3.166
67.25413 3.377
67.25820 3.283
67.26226 3.189
67.26633 2.838
67.27040 3.424
67.27447 3.119
67.27854 3.330
67.28261 3.354
67.28668 3.963
67.29074 3.236
67.29481 3.143
67.29888 3.260
67.30295 2.932
67.30702 3.494
67.31109 3.049
67.31515 3.659
67.31922 3.166
67.32329 3.377
67.32736 3.213
67.33143 3.705
67.33550 3.049
67.33957 2.861
67.34363 3.213
67.34770 3.330
67.35177 3.119
67.35584 3.096
67.35991 3.682
67.36398 3.401
67.36805 2.955
67.37211 3.401
67.37618 3.330
67.38025 3.565
67.38432 3.401
67.38839 3.283
67.39246 3.260
67.39652 3.424
67.40059 3.189
67.40466 3.072
67.40873 3.119
67.41280 3.401
67.41687 2.908
67.42094 3.705
67.42500 3.518
67.42907 3.002
67.43314 3.354
67.43721 3.307
67.44128 3.072
67.44535 3.143
67.44942 3.729
67.45348 3.119
67.45755 3.307
67.46162 3.705
67.46569 3.213
67.46976 3.236
67.47383 2.978
67.47789 3.635
67.48196 3.659
67.48603 3.025
67.49010 3.236
67.49417 3.565
67.49824 3.354
67.50231 3.096
67.50637 2.814
67.51044 3.166
67.51451 2.932
67.51858 3.354
67.52265 3.025
67.52672 3.330
67.53078 3.729
67.53485 3.119
67.53892 3.025
67.54299 3.119
67.54706 3.987
67.55113 3.025
67.55520 3.401
67.55926 3.424
67.56333 3.096
67.56740 3.330
67.57147 3.471
67.57554 3.424
67.57961 3.025
67.58368 3.330
67.58774 3.799
67.59181 3.307
67.59588 3.213
67.59995 3.518
67.60402 3.401
67.60809 3.307
67.61215 2.767
67.61622 3.377
67.62029 3.189
67.62436 3.260
67.62843 2.978
67.63250 2.720
67.63657 3.424
67.64063 3.307
67.64470 3.447
67.64877 3.166
67.65284 3.401
67.65691 2.838
67.66098 3.471
67.66505 3.189
67.66911 3.002
67.67318 3.072
67.67725 3.072
67.68132 3.002
67.68539 3.471
67.68946 3.260
67.69352 3.189
67.69759 3.072
67.70166 3.424
67.70573 3.236
67.70980 3.447
67.71387 3.260
67.71794 3.729
67.72200 3.729
67.72607 3.143
67.73014 3.307
67.73421 3.354
67.73828 3.025
67.74235 3.025
67.74641 3.025
67.75048 3.166
67.75455 3.166
67.75862 3.025
67.76269 3.447
67.76676 3.330
67.77083 3.471
67.77489 3.565
67.77896 3.518
67.78303 3.635
67.78710 3.166
67.79117 3.799
67.79524 3.143
67.79931 3.260
67.80337 3.729
67.80744 3.119
67.81151 3.447
67.81558 3.588
67.81965 3.236
67.82372 3.377
67.82778 3.189
67.83185 3.189
67.83592 3.588
67.83999 3.612
67.84406 3.330
67.84813 3.166
67.85220 3.565
67.85626 3.002
67.86033 3.189
67.86440 2.908
67.86847 3.049
67.87254 2.978
67.87661 3.189
67.88068 3.447
67.88474 3.283
67.88881 3.612
67.89288 3.659
67.89695 2.955
67.90102 3.541
67.90509 3.119
67.90915 3.518
67.91322 3.424
67.91729 3.330
67.92136 3.518
67.92543 3.401
67.92950 3.002
67.93357 2.978
67.93763 3.518
67.94170 3.494
67.94577 2.838
67.94984 3.494
67.95391 4.010
67.95798 3.494
67.96204 2.908
67.96611 3.424
67.97018 3.354
67.97425 3.236
67.97832 3.283
67.98239 3.447
67.98646 3.377
67.99052 3.565
67.99459 3.072
67.99866 3.518
68.00273 3.447
68.00680 3.799
68.01087 3.166
68.01494 3.119
68.01900 3.025
68.02307 3.354
68.02714 3.377
68.03121 2.885
68.03528 3.377
68.03935 3.283
68.04341 3.518
68.04748 3.565
68.05155 3.377
68.05562 3.588
68.05969 3.143
68.06376 4.221
68.06783 3.143
68.07189 3.401
68.07596 3.776
68.08003 3.612
68.08410 3.541
68.08817 3.659
68.09224 3.518
68.09631 3.143
68.10037 3.377
68.10444 3.307
68.10851 3.682
68.11258 3.401
68.11665 3.541
68.12072 3.166
68.12478 3.307
68.12885 3.518
68.13292 3.518
68.13699 3.330
68.14106 3.283
68.14513 3.424
68.14920 3.893
68.15326 3.260
68.15733 3.682
68.16140 3.236
68.16547 3.635
68.16954 3.307
68.17361 3.541
68.17767 3.682
68.18174 3.729
68.18581 3.682
68.18988 3.447
68.19395 3.659
68.19802 3.541
68.20209 3.612
68.20615 3.260
68.21022 3.682
68.21429 3.049
68.21836 2.838
68.22243 3.565
68.22650 3.260
68.23057 3.447
68.23463 3.377
68.23870 3.612
68.24277 3.354
68.24684 3.049
68.25091 3.963
68.25498 3.260
68.25904 3.213
68.26311 3.682
68.26718 3.072
68.27125 3.565
68.27532 3.635
68.27939 3.354
68.28346 3.189
68.28752 3.447
68.29159 3.401
68.29566 3.776
68.29973 3.307
68.30380 3.963
68.30787 3.823
68.31193 3.377
68.31600 3.072
68.32007 3.424
68.32414 3.565
68.32821 3.870
68.33228 3.401
68.33635 3.401
68.34041 2.814
68.34448 3.846
68.34855 3.143
68.35262 3.659
68.35669 3.447
68.36076 3.541
68.36483 3.541
68.36889 3.752
68.37296 3.659
68.37703 3.940
68.38110 3.940
68.38517 3.213
68.38924 3.893
68.39330 3.166
68.39737 3.494
68.40144 3.494
68.40551 3.213
68.40958 3.565
68.41365 3.260
68.41772 3.963
68.42178 3.752
68.42585 3.705
68.42992 3.776
68.43399 4.151
68.43806 3.143
68.44213 3.705
68.44620 3.705
68.45026 3.823
68.45433 3.705
68.45840 3.752
68.46247 3.447
68.46654 3.447
68.47061 3.940
68.47467 4.128
68.47874 3.354
68.48281 3.518
68.48688 3.776
68.49095 3.447
68.49502 3.330
68.49909 3.870
68.50315 4.128
68.50722 3.987
68.51129 3.963
68.51536 2.955
68.51943 3.870
68.52350 3.565
68.52756 3.846
68.53163 3.940
68.53570 3.330
68.53977 4.034
68.54384 3.917
68.54791 3.940
68.55198 3.823
68.55604 3.752
68.56011 4.081
68.56418 4.010
68.56825 3.588
68.57232 4.432
68.57639 3.823
68.58046 4.479
68.58452 3.870
68.58859 3.870
68.59266 4.081
68.59673 3.917
68.60080 4.221
68.60487 4.292
68.60893 4.151
68.61300 4.737
68.61707 4.268
68.62114 3.940
68.62521 4.010
68.62928 4.057
68.63335 4.456
68.63741 4.268
68.64148 4.386
68.64555 4.808
68.64962 4.151
68.65369 4.503
68.65776 4.081
68.66183 4.573
68.66589 4.808
68.66996 4.784
68.67403 4.010
68.67810 4.597
68.68217 5.159
68.68624 4.808
68.69030 4.432
68.69437 4.081
68.69844 4.362
68.70251 4.878
68.70658 4.315
68.71065 5.183
68.71472 4.972
68.71878 4.878
68.72285 4.550
68.72692 5.159
68.73099 5.066
68.73506 5.582
68.73913 5.159
68.74319 5.277
68.74726 5.324
68.75133 5.464
68.75540 5.324
68.75947 5.300
68.76354 5.206
68.76761 5.324
68.77167 4.995
68.77574 4.526
68.77981 4.878
68.78388 4.902
68.78795 5.441
68.79202 5.042
68.79609 5.652
68.80015 5.675
68.80422 5.324
68.80829 5.933
68.81236 5.183
68.81643 5.629
68.82050 5.324
68.82456 5.019
68.82863 5.324
68.83270 5.324
68.83677 5.464
68.84084 5.394
68.84491 5.699
68.84898 4.972
68.85304 5.511
68.85711 5.863
68.86118 4.456
68.86525 4.644
68.86932 4.644
68.87339 5.019
68.87746 4.855
68.88152 5.324
68.88559 4.925
68.88966 5.136
68.89373 5.066
68.89780 4.761
68.90187 5.019
68.90593 4.644
68.91000 5.230
68.91407 4.268
68.91814 5.159
68.92221 4.737
68.92628 4.784
68.93035 4.268
68.93441 4.034
68.93848 5.230
68.94255 5.324
68.94662 4.128
68.95069 5.066
68.95476 4.292
68.95882 4.386
68.96289 4.808
68.96696 4.948
68.97103 4.667
68.97510 4.925
68.97917 4.456
68.98324 4.268
68.98730 4.174
68.99137 4.010
68.99544 4.198
68.99951 4.972
69.00358 4.386
69.00765 4.526
69.01172 4.573
69.01578 3.963
69.01985 4.292
69.02392 4.667
69.02799 4.456
69.03206 4.245
69.03613 4.198
69.04019 4.479
69.04426 4.151
69.04833 4.128
69.05240 4.174
69.05647 4.034
69.06054 3.893
69.06461 4.104
69.06867 4.081
69.07274 4.362
69.07681 3.917
69.08088 4.386
69.08495 3.893
69.08902 3.189
69.09308 3.940
69.09715 3.776
69.10122 3.917
69.10529 4.315
69.10936 4.221
69.11343 4.081
69.11750 3.987
69.12156 3.963
69.12563 3.682
69.12970 3.424
69.13377 3.846
69.13784 3.987
69.14191 4.081
69.14598 3.612
69.15004 3.940
69.15411 3.846
69.15818 3.307
69.16225 3.893
69.16632 3.729
69.17039 4.503
69.17445 4.128
69.17852 3.776
69.18259 4.057
69.18666 4.081
69.19073 3.354
69.19480 3.799
69.19887 3.940
69.20293 3.917
69.20700 3.823
69.21107 3.987
69.21514 4.104
69.21921 4.151
69.22328 3.917
69.22735 3.565
69.23141 3.588
69.23548 4.268
69.23955 3.987
69.24362 4.057
69.24769 4.010
69.25176 4.644
69.25582 4.362
69.25989 4.339
69.26396 4.432
69.26803 4.737
69.27210 4.925
69.27617 4.784
69.28024 4.526
69.28430 4.644
69.28837 4.479
69.29244 4.808
69.29651 4.784
69.30058 5.042
69.30465 5.394
69.30871 4.831
69.31278 5.136
69.31685 4.878
69.32092 5.066
69.32499 4.808
69.32906 4.855
69.33313 5.699
69.33719 5.722
69.34126 5.113
69.34533 4.878
69.34940 4.948
69.35347 4.902
69.35754 4.714
69.36161 5.629
69.36567 4.808
69.36974 4.714
69.37381 4.409
69.37788 5.136
69.38195 4.690
69.38602 3.917
69.39008 3.963
69.39415 4.034
69.39822 4.151
69.40229 4.339
69.40636 4.221
69.41043 3.635
69.41450 3.823
69.41856 4.151
69.42263 4.198
69.42670 4.409
69.43077 4.057
69.43484 3.870
69.43891 3.963
69.44298 3.940
69.44704 3.565
69.45111 3.776
69.45518 3.846
69.45925 4.034
69.46332 3.682
69.46739 3.940
69.47145 4.010
69.47552 4.456
69.47959 3.987
69.48366 3.682
69.48773 4.034
69.49180 4.268
69.49587 4.268
69.49993 4.057
69.50400 4.057
69.50807 4.174
69.51214 4.221
69.51621 4.174
69.52028 4.245
69.52434 4.409
69.52841 4.831
69.53248 4.432
69.53655 4.010
69.54062 4.057
69.54469 4.315
69.54876 4.362
69.55282 3.846
69.55689 4.432
69.56096 4.362
69.56503 3.823
69.56910 3.846
69.57317 4.479
69.57724 3.846
69.58130 3.917
69.58537 3.424
69.58944 3.963
69.59351 3.682
69.59758 3.541
69.60165 3.612
69.60571 3.799
69.60978 3.471
69.61385 3.565
69.61792 3.659
69.62199 3.776
69.62606 3.940
69.63013 3.518
69.63419 3.401
69.63826 3.823
69.64233 3.213
69.64640 3.659
69.65047 3.494
69.65454 3.354
69.65861 3.213
69.66267 3.776
69.66674 3.189
69.67081 3.401
69.67488 3.799
69.67895 3.494
69.68302 3.260
69.68708 2.955
69.69115 3.659
69.69522 3.330
69.69929 3.049
69.70336 3.307
69.70743 3.330
69.71150 3.143
69.71556 3.518
69.71963 3.025
69.72370 3.236
69.72777 3.096
69.73184 3.330
69.73591 3.424
69.73997 3.260
69.74404 3.213
69.74811 3.213
69.75218 3.705
69.75625 3.307
69.76032 2.932
69.76439 3.213
69.76845 3.119
69.77252 3.283
69.77659 3.260
69.78066 3.166
69.78473 3.236
69.78880 3.518
69.79287 2.838
69.79693 3.072
69.80100 2.814
69.80507 3.096
69.80914 3.307
69.81321 3.377
69.81728 3.260
69.82134 3.025
69.82541 3.283
69.82948 3.518
69.83355 2.791
69.83762 3.424
69.84169 2.533
69.84576 3.682
69.84982 2.955
69.85389 3.635
69.85796 3.096
69.86203 3.166
69.86610 3.659
69.87017 3.049
69.87423 3.330
69.87830 2.791
69.88237 3.189
69.88644 3.213
69.89051 3.260
69.89458 3.096
69.89865 3.236
69.90271 3.072
69.90678 2.908
69.91085 2.627
69.91492 3.189
69.91899 3.119
69.92306 3.119
69.92713 3.002
69.93119 3.541
69.93526 3.166
69.93933 3.213
69.94340 3.189
69.94747 3.447
69.95154 3.518
69.95560 2.955
69.95967 3.612
69.96374 2.885
69.96781 3.119
69.97188 3.283
69.97595 3.401
69.98002 3.119
69.98408 3.213
69.98815 3.096
69.99222 3.377
69.99629 3.143
70.00036 3.189
70.00443 3.682
70.00850 3.354
70.01256 2.861
70.01663 3.119
70.02070 3.330
70.02477 3.002
70.02884 3.330
70.03291 3.002
70.03697 3.189
70.04104 3.096
70.04511 3.424
70.04918 3.424
70.05325 3.025
70.05732 3.025
70.06139 2.885
70.06545 2.932
70.06952 3.471
70.07359 2.744
70.07766 2.955
70.08173 3.143
70.08580 3.189
70.08986 2.838
70.09393 3.143
70.09800 3.025
70.10207 3.025
70.10614 3.025
70.11021 2.744
70.11428 3.166
70.11834 3.401
70.12241 3.025
70.12648 3.213
70.13055 3.236
70.13462 2.650
70.13869 3.377
70.14276 3.143
70.14682 2.861
70.15089 3.354
70.15496 3.565
70.15903 3.377
70.16310 2.627
70.16717 3.659
70.17123 3.213
70.17530 2.932
70.17937 3.166
70.18344 3.143
70.18751 3.096
70.19158 3.213
70.19565 3.471
70.19971 3.659
70.20378 3.166
70.20785 3.471
70.21192 3.260
70.21599 2.767
70.22006 3.119
70.22413 3.541
70.22819 3.166
70.23226 3.588
70.23633 3.494
70.24040 3.072
70.24447 3.143
70.24854 2.932
70.25260 3.002
70.25667 2.885
70.26074 3.307
70.26481 3.143
70.26888 3.401
70.27295 2.744
70.27702 3.025
70.28108 3.401
70.28515 3.471
70.28922 3.096
70.29329 3.166
70.29736 3.119
70.30143 2.580
70.30549 2.908
70.30956 3.260
70.31363 3.260
70.31770 2.861
70.32177 3.096
70.32584 3.143
70.32991 3.330
70.33397 3.049
70.33804 3.143
70.34211 3.471
70.34618 3.096
70.35025 3.283
70.35432 3.213
70.35839 3.471
70.36245 3.072
70.36652 2.814
70.37059 3.870
70.37466 2.462
70.37873 2.932
70.38280 2.838
70.38686 3.143
70.39093 3.330
70.39500 3.541
70.39907 3.283
70.40314 3.049
70.40721 2.744
70.41128 3.049
70.41534 3.705
70.41941 3.049
70.42348 3.682
70.42755 3.189
70.43162 3.354
70.43569 3.119
70.43976 2.791
70.44382 3.518
70.44789 2.955
70.45196 3.072
70.45603 3.166
70.46010 3.283
70.46417 2.838
70.46823 2.791
70.47230 3.002
70.47637 3.588
70.48044 3.518
70.48451 3.072
70.48858 3.189
70.49265 2.814
70.49671 3.119
70.50078 2.744
70.50485 3.072
70.50892 2.908
70.51299 3.049
70.51706 3.236
70.52112 2.861
70.52519 3.213
70.52926 2.932
70.53333 2.720
70.53740 3.119
70.54147 2.814
70.54554 3.025
70.54960 3.143
70.55367 3.025
70.55774 2.580
70.56181 2.509
70.56588 3.260
70.56995 2.603
70.57402 3.283
70.57808 3.189
70.58215 2.978
70.58622 3.541
70.59029 2.861
70.59436 2.838
70.59843 3.494
70.60249 3.283
70.60656 3.025
70.61063 3.401
70.61470 3.213
70.61877 3.213
70.62284 3.072
70.62691 3.260
70.63097 3.049
70.63504 3.213
70.63911 2.720
70.64318 3.002
70.64725 2.861
70.65132 3.143
70.65539 2.650
70.65945 3.565
70.66352 2.908
70.66759 3.213
70.67166 3.049
70.67573 3.307
70.67980 2.744
70.68386 2.744
70.68793 3.330
70.69200 3.471
70.69607 3.096
70.70014 3.096
70.70421 2.767
70.70828 3.119
70.71234 3.424
70.71641 3.283
70.72048 2.978
70.72455 3.049
70.72862 3.236
70.73269 3.260
70.73675 2.767
70.74082 3.588
70.74489 2.885
70.74896 2.885
70.75303 2.744
70.75710 2.932
70.76117 2.885
70.76523 3.049
70.76930 3.002
70.77337 3.096
70.77744 3.471
70.78151 3.096
70.78558 3.119
70.78965 3.236
70.79371 3.635
70.79778 3.119
70.80185 3.260
70.80592 3.002
70.80999 2.861
70.81406 3.002
70.81812 3.659
70.82219 3.682
70.82626 2.955
70.83033 3.330
70.83440 3.002
70.83847 2.814
70.84254 3.166
70.84660 3.307
70.85067 2.814
70.85474 3.354
70.85881 2.932
70.86288 2.908
70.86695 3.424
70.87101 3.049
70.87508 3.471
70.87915 2.838
70.88322 3.189
70.88729 3.189
70.89136 3.002
70.89543 2.955
70.89949 3.025
70.90356 3.354
70.90763 3.119
70.91170 2.932
70.91577 3.049
70.91984 3.682
70.92391 3.072
70.92797 2.744
70.93204 3.002
70.93611 2.908
70.94018 3.236
70.94425 3.072
70.94832 3.096
70.95238 3.072
70.95645 3.659
70.96052 2.908
70.96459 2.885
70.96866 3.072
70.97273 2.885
70.97680 2.627
70.98086 3.119
70.98493 2.861
70.98900 3.096
70.99307 3.260
70.99714 2.955
71.00121 3.096
71.00528 2.885
71.00934 3.424
71.01341 2.885
71.01748 3.143
71.02155 3.330
71.02562 3.049
71.02969 3.096
71.03375 3.143
71.03782 3.166
71.04189 3.143
71.04596 3.025
71.05003 2.767
71.05410 3.189
71.05817 3.541
71.06223 3.072
71.06630 2.861
71.07037 3.072
71.07444 3.143
71.07851 2.978
71.08258 3.189
71.08664 2.978
71.09071 2.814
71.09478 3.025
71.09885 3.424
71.10292 3.471
71.10699 2.838
71.11106 3.565
71.11512 3.377
71.11919 3.166
71.12326 3.166
71.12733 3.143
71.13140 3.002
71.13547 3.283
71.13954 3.072
71.14360 2.580
71.14767 3.119
71.15174 2.955
71.15581 3.119
71.15988 3.002
71.16395 3.447
71.16801 3.143
71.17208 3.072
71.17615 2.791
71.18022 2.955
71.18429 3.354
71.18836 3.354
71.19243 3.283
71.19649 3.072
71.20056 2.744
71.20463 2.885
71.20870 2.838
71.21277 3.166
71.21684 2.838
71.22091 3.447
71.22497 2.838
71.22904 3.119
71.23311 3.283
71.23718 3.612
71.24125 3.940
71.24532 3.447
71.24938 2.955
71.25345 3.705
71.25752 3.377
71.26159 2.978
71.26566 3.002
71.26973 3.096
71.27380 3.119
71.27786 2.720
71.28193 3.166
71.28600 3.166
71.29007 3.002
71.29414 3.260
71.29821 3.025
71.30227 3.049
71.30634 3.072
71.31041 2.767
71.31448 2.861
71.31855 3.471
71.32262 2.580
71.32669 2.533
71.33075 3.307
71.33482 2.908
71.33889 2.720
71.34296 3.447
71.34703 2.767
71.35110 2.791
71.35517 2.627
71.35923 3.072
71.36330 2.627
71.36737 3.354
71.37144 2.674
71.37551 3.025
71.37958 2.978
71.38364 2.720
71.38771 3.049
71.39178 2.932
71.39585 3.236
71.39992 2.627
71.40399 3.166
71.40806 3.189
71.41212 2.838
71.41619 2.838
71.42026 2.814
71.42433 2.181
71.42840 3.025
71.43247 2.697
71.43654 2.978
71.44060 2.650
71.44467 3.049
71.44874 2.885
71.45281 3.119
71.45688 3.471
71.46095 3.002
71.46501 3.119
71.46908 3.846
71.47315 3.002
71.47722 3.166
71.48129 2.791
71.48536 3.401
71.48943 3.025
71.49349 2.509
71.49756 2.885
71.50163 3.354
71.50570 2.978
71.50977 3.260
71.51384 3.049
71.51790 3.119
71.52197 3.096
71.52604 3.307
71.53011 3.096
71.53418 3.424
71.53825 3.307
71.54232 3.377
71.54638 3.424
71.55045 2.580
71.55452 3.283
71.55859 2.814
71.56266 3.377
71.56673 3.119
71.57080 2.932
71.57486 3.166
71.57893 2.556
71.58300 2.298
71.58707 2.697
71.59114 2.885
71.59521 2.978
71.59927 3.213
71.60334 3.049
71.60741 3.119
71.61148 2.978
71.61555 3.635
71.61962 3.471
71.62369 2.814
71.62775 2.814
71.63182 3.049
71.63589 3.166
71.63996 2.908
71.64403 2.650
71.64810 2.932
71.65216 2.955
71.65623 3.752
71.66030 2.908
71.66437 2.861
71.66844 3.189
71.67251 2.838
71.67658 3.424
71.68064 2.932
71.68471 3.119
71.68878 3.072
71.69285 2.814
71.69692 3.002
71.70099 3.072
71.70506 3.189
71.70912 3.049
71.71319 3.072
71.71726 2.767
71.72133 3.049
71.72540 3.166
71.72947 2.978
71.73353 2.932
71.73760 3.096
71.74167 3.659
71.74574 2.814
71.74981 3.049
71.75388 2.814
71.75795 3.494
71.76201 3.354
71.76608 3.072
71.77015 2.556
71.77422 2.908
71.77829 3.236
71.78236 3.049
71.78643 2.767
71.79049 2.978
71.79456 3.518
71.79863 3.236
71.80270 3.049
71.80677 2.885
71.81084 3.119
71.81490 2.861
71.81897 3.213
71.82304 2.462
71.82711 3.119
71.83118 2.791
71.83525 3.565
71.83932 3.002
71.84338 2.603
71.84745 3.002
71.85152 3.283
71.85559 2.885
71.85966 2.838
71.86373 2.814
71.86779 3.283
71.87186 2.791
71.87593 3.752
71.88000 2.744
71.88407 3.002
71.88814 3.072
71.89221 2.509
71.89627 3.447
71.90034 3.799
71.90441 2.978
71.90848 3.143
71.91255 3.072
71.91662 3.119
71.92069 3.119
71.92475 3.143
71.92882 3.307
71.93289 3.260
71.93696 3.213
71.94103 3.447
71.94510 2.791
71.94916 3.424
71.95323 3.260
71.95730 2.744
71.96137 3.096
71.96544 3.307
71.96951 2.861
71.97358 2.908
71.97764 3.283
71.98171 3.377
71.98578 2.791
71.98985 3.189
71.99392 2.838
71.99799 3.143
72.00206 2.838
72.00612 3.119
72.01019 3.049
72.01426 3.330
72.01833 2.885
72.02240 3.377
72.02647 2.791
72.03053 3.236
72.03460 2.932
72.03867 3.236
72.04274 3.494
72.04681 2.744
72.05088 3.213
72.05495 2.908
72.05901 2.908
72.06308 3.213
72.06715 3.002
72.07122 2.932
72.07529 3.401
72.07936 2.767
72.08342 3.072
72.08749 3.283
72.09156 2.674
72.09563 3.049
72.09970 2.767
72.10377 2.720
72.10784 3.119
72.11190 3.213
72.11597 3.236
72.12004 2.697
72.12411 2.838
72.12818 3.283
72.13225 2.932
72.13632 3.236
72.14038 3.682
72.14445 3.119
72.14852 3.072
72.15259 3.119
72.15666 2.978
72.16073 2.908
72.16479 2.744
72.16886 2.814
72.17293 3.213
72.17700 2.932
72.18107 3.377
72.18514 2.955
72.18921 3.002
72.19327 2.955
72.19734 2.720
72.20141 2.885
72.20548 3.213
72.20955 2.932
72.21362 3.236
72.21769 2.932
72.22175 2.580
72.22582 3.143
72.22989 3.213
72.23396 3.143
72.23803 3.424
72.24210 2.955
72.24616 2.978
72.25023 2.955
72.25430 3.330
72.25837 2.838
72.26244 2.885
72.26651 2.861
72.27058 3.635
72.27464 3.002
72.27871 3.260
72.28278 3.330
72.28685 3.166
72.29092 3.354
72.29499 3.002
72.29905 2.955
72.30312 2.932
72.30719 3.143
72.31126 2.978
72.31533 3.143
72.31940 3.025
72.32347 3.518
72.32753 2.908
72.33160 2.978
72.33567 2.955
72.33974 3.119
72.34381 3.025
72.34788 2.932
72.35195 2.791
72.35601 3.189
72.36008 2.603
72.36415 2.932
72.36822 2.908
72.37229 3.189
72.37636 2.838
72.38042 2.955
72.38449 3.096
72.38856 3.166
72.39263 2.814
72.39670 3.002
72.40077 2.814
72.40484 3.025
72.40890 3.377
72.41297 3.143
72.41704 3.799
72.42111 2.744
72.42518 3.025
72.42925 2.955
72.43331 3.025
72.43738 2.744
72.44145 3.189
72.44552 3.213
72.44959 3.072
72.45366 2.932
72.45773 3.307
72.46179 3.166
72.46586 3.260
72.46993 3.072
72.47400 3.166
72.47807 2.603
72.48214 3.189
72.48621 3.260
72.49027 3.096
72.49434 3.025
72.49841 3.401
72.50248 3.166
72.50655 2.814
72.51062 3.119
72.51468 3.213
72.51875 2.580
72.52282 3.049
72.52689 3.002
72.53096 3.213
72.53503 3.025
72.53910 3.072
72.54316 3.143
72.54723 3.096
72.55130 3.143
72.55537 2.885
72.55944 2.767
72.56351 3.025
72.56758 2.932
72.57164 2.885
72.57571 3.096
72.57978 3.025
72.58385 3.072
72.58792 2.674
72.59199 3.096
72.59605 3.166
72.60012 3.072
72.60419 3.002
72.60826 2.580
72.61233 3.424
72.61640 2.908
72.62047 3.002
72.62453 2.814
72.62860 2.767
72.63267 3.307
72.63674 3.025
72.64081 3.659
72.64488 3.471
72.64894 2.720
72.65301 3.166
72.65708 2.556
72.66115 2.744
72.66522 3.330
72.66929 3.119
72.67336 3.096
72.67742 3.119
72.68149 3.705
72.68556 3.072
72.68963 3.002
72.69370 3.354
72.69777 3.096
72.70184 3.096
72.70590 2.932
72.70997 3.072
72.71404 2.791
72.71811 2.509
72.72218 2.814
72.72625 3.424
72.73031 3.260
72.73438 3.143
72.73845 3.166
72.74252 3.002
72.74659 3.143
72.75066 2.838
72.75473 3.213
72.75879 3.119
72.76286 3.025
72.76693 2.720
72.77100 2.908
72.77507 3.096
72.77914 3.447
72.78321 3.002
72.78727 2.603
72.79134 2.955
72.79541 3.002
72.79948 2.627
72.80355 2.627
72.80762 2.861
72.81168 2.861
72.81575 2.932
72.81982 2.932
72.82389 3.119
72.82796 2.791
72.83203 3.119
72.83610 3.072
72.84016 2.932
72.84423 3.143
72.84830 2.697
72.85237 3.049
72.85644 3.541
72.86051 3.236
72.86457 3.002
72.86864 3.213
72.87271 3.330
72.87678 2.767
72.88085 2.932
72.88492 3.213
72.88899 3.119
72.89305 3.213
72.89712 3.025
72.90119 3.213
72.90526 3.049
72.90933 2.697
72.91340 2.791
72.91747 3.025
72.92153 3.002
72.92560 3.096
72.92967 2.744
72.93374 3.189
72.93781 3.541
72.94188 2.861
72.94594 3.119
72.95001 3.213
72.95408 3.025
72.95815 2.744
72.96222 2.369
72.96629 2.932
72.97036 2.744
72.97442 3.119
72.97849 3.377
72.98256 2.814
72.98663 3.096
72.99070 2.791
72.99477 3.307
72.99884 2.767
73.00290 2.791
73.00697 3.025
73.01104 2.838
73.01511 2.861
73.01918 2.955
73.02325 3.283
73.02731 3.025
73.03138 2.650
73.03545 3.776
73.03952 3.049
73.04359 2.955
73.04766 3.541
73.05173 2.767
73.05579 3.096
73.05986 3.025
73.06393 3.283
73.06800 3.166
73.07207 3.119
73.07614 2.814
73.08020 2.908
73.08427 3.002
73.08834 3.588
73.09241 3.189
73.09648 2.908
73.10055 2.932
73.10462 3.119
73.10868 3.166
73.11275 2.627
73.11682 2.885
73.12089 2.955
73.12496 2.932
73.12903 3.025
73.13310 2.932
73.13716 3.330
73.14123 2.955
73.14530 3.119
73.14937 3.119
73.15344 2.978
73.15751 3.330
73.16157 3.330
73.16564 2.955
73.16971 3.213
73.17378 3.143
73.17785 2.908
73.18192 3.119
73.18599 2.838
73.19005 3.025
73.19412 2.908
73.19819 3.096
73.20226 2.814
73.20633 3.096
73.21040 2.932
73.21446 2.744
73.21853 3.213
73.22260 3.002
73.22667 3.377
73.23074 3.377
73.23481 2.978
73.23888 3.049
73.24294 3.283
73.24701 3.143
73.25108 3.096
73.25515 2.885
73.25922 3.002
73.26329 2.861
73.26736 3.049
73.27142 3.072
73.27549 3.119
73.27956 3.260
73.28363 2.838
73.28770 2.767
73.29177 3.283
73.29583 3.330
73.29990 2.978
73.30397 3.377
73.30804 2.509
73.31211 2.697
73.31618 3.002
73.32025 2.885
73.32431 2.720
73.32838 3.283
73.33245 2.908
73.33652 3.189
73.34059 3.002
73.34466 3.025
73.34873 2.697
73.35279 2.744
73.35686 2.580
73.36093 3.752
73.36500 3.096
73.36907 3.025
73.37314 3.119
73.37720 2.838
73.38127 3.729
73.38534 2.814
73.38941 2.932
73.39348 3.682
73.39755 2.791
73.40162 3.119
73.40568 2.650
73.40975 2.720
73.41382 3.119
73.41789 3.002
73.42196 2.978
73.42603 3.002
73.43009 2.767
73.43416 3.471
73.43823 2.767
73.44230 3.002
73.44637 3.213
73.45044 3.119
73.45451 2.885
73.45857 2.509
73.46264 3.424
73.46671 2.908
73.47078 3.049
73.47485 3.354
73.47892 3.025
73.48299 3.213
73.48705 2.908
73.49112 3.072
73.49519 3.189
73.49926 3.025
73.50333 2.767
73.50740 2.955
73.51146 3.189
73.51553 3.377
73.51960 3.143
73.52367 3.119
73.52774 3.166
73.53181 3.236
73.53588 2.978
73.53994 2.908
73.54401 2.932
73.54808 3.025
73.55215 3.260
73.55622 3.072
73.56029 3.213
73.56436 3.236
73.56842 2.838
73.57249 2.955
73.57656 3.143
73.58063 2.978
73.58470 3.307
73.58877 2.978
73.59283 3.260
73.59690 3.354
73.60097 3.236
73.60504 2.955
73.60911 3.072
73.61318 2.955
73.61725 3.189
73.62131 3.377
73.62538 2.533
73.62945 2.814
73.63352 3.072
73.63759 3.283
73.64166 2.885
73.64572 3.447
73.64979 2.486
73.65386 2.932
73.65793 3.260
73.66200 3.166
73.66607 3.588
73.67014 2.814
73.67420 3.354
73.67827 2.814
73.68234 3.236
73.68641 3.283
73.69048 2.767
73.69455 2.861
73.69862 3.213
73.70268 3.189
73.70675 3.401
73.71082 3.236
73.71489 2.744
73.71896 3.189
73.72303 3.189
73.72709 3.471
73.73116 2.767
73.73523 2.791
73.73930 2.978
73.74337 2.791
73.74744 3.283
73.75151 3.377
73.75557 2.908
73.75964 2.885
73.76371 2.885
73.76778 3.143
73.77185 2.627
73.77592 3.377
73.77999 3.025
73.78405 3.283
73.78812 2.838
73.79219 2.978
73.79626 3.025
73.80033 2.791
73.80440 2.932
73.80846 3.025
73.81253 2.744
73.81660 2.861
73.82067 3.025
73.82474 2.908
73.82881 3.166
73.83288 2.932
73.83694 3.283
73.84101 2.978
73.84508 2.392
73.84915 3.213
73.85322 2.392
73.85729 3.283
73.86135 3.072
73.86542 3.189
73.86949 3.213
73.87356 3.166
73.87763 3.143
73.88170 2.767
73.88577 3.143
73.88983 3.471
73.89390 3.143
73.89797 2.861
73.90204 2.767
73.90611 2.814
73.91018 3.213
73.91425 3.143
73.91831 2.791
73.92238 3.143
73.92645 3.143
73.93052 2.674
73.93459 2.838
73.93866 3.143
73.94272 2.603
73.94679 2.814
73.95086 3.143
73.95493 2.885
73.95900 3.072
73.96307 3.096
73.96714 3.072
73.97120 3.119
73.97527 2.767
73.97934 2.650
73.98341 2.861
73.98748 2.885
73.99155 2.932
73.99562 3.049
73.99968 2.603
74.00375 3.119
74.00782 2.603
74.01189 3.377
74.01596 3.471
74.02003 3.049
74.02409 3.283
74.02816 2.932
74.03223 2.908
74.03630 3.119
74.04037 3.354
74.04444 3.236
74.04851 3.283
74.05257 2.627
74.05664 2.720
74.06071 2.744
74.06478 3.213
74.06885 3.494
74.07292 3.752
74.07698 2.885
74.08105 2.885
74.08512 3.025
74.08919 3.096
74.09326 2.814
74.09733 3.096
74.10140 2.861
74.10546 3.213
74.10953 2.978
74.11360 2.720
74.11767 3.143
74.12174 3.025
74.12581 3.401
74.12988 3.283
74.13394 2.885
74.13801 2.462
74.14208 3.424
74.14615 2.439
74.15022 2.674
74.15429 2.720
74.15835 3.283
74.16242 3.049
74.16649 2.627
74.17056 3.307
74.17463 2.908
74.17870 2.486
74.18277 2.767
74.18683 3.189
74.19090 3.025
74.19497 2.932
74.19904 3.283
74.20311 3.143
74.20718 3.072
74.21124 3.119
74.21531 2.556
74.21938 3.025
74.22345 3.189
74.22752 2.861
74.23159 3.307
74.23566 3.049
74.23972 2.932
74.24379 2.627
74.24786 3.377
74.25193 3.283
74.25600 2.861
74.26007 3.143
74.26414 3.189
74.26820 2.720
74.27227 3.096
74.27634 3.049
74.28041 3.025
74.28448 3.025
74.28855 3.307
74.29261 2.720
74.29668 3.213
74.30075 2.603
74.30482 3.189
74.30889 2.838
74.31296 2.978
74.31703 3.002
74.32109 2.814
74.32516 2.838
74.32923 3.330
74.33330 3.189
74.33737 2.720
74.34144 2.814
74.34551 3.330
74.34957 2.720
74.35364 3.307
74.35771 3.307
74.36178 2.955
74.36585 2.720
74.36992 3.049
74.37398 3.283
74.37805 3.260
74.38212 2.955
74.38619 2.767
74.39026 3.447
74.39433 2.978
74.39840 2.932
74.40246 2.885
74.40653 2.885
74.41060 2.556
74.41467 2.955
74.41874 3.166
74.42281 2.932
74.42687 2.932
74.43094 3.049
74.43501 2.767
74.43908 3.189
74.44315 3.119
74.44722 3.025
74.45129 3.049
74.45535 2.932
74.45942 3.143
74.46349 2.674
74.46756 3.377
74.47163 2.932
74.47570 3.143
74.47977 3.143
74.48383 3.541
74.48790 2.861
74.49197 3.330
74.49604 3.635
74.50011 2.861
74.50418 3.659
74.50824 3.213
74.51231 2.439
74.51638 2.932
74.52045 2.791
74.52452 2.462
74.52859 2.720
74.53266 2.932
74.53672 2.674
74.54079 3.307
74.54486 2.932
74.54893 2.580
74.55300 3.119
74.55707 3.330
74.56114 3.049
74.56520 2.814
74.56927 3.260
74.57334 3.236
74.57741 3.049
74.58148 2.908
74.58555 3.189
74.58961 2.932
74.59368 2.744
74.59775 3.143
74.60182 2.908
74.60589 2.744
74.60996 2.955
74.61403 3.377
74.61809 2.791
74.62216 3.377
74.62623 3.002
74.63030 3.143
74.63437 2.767
74.63844 2.674
74.64250 3.025
74.64657 2.720
74.65064 2.932
74.65471 3.166
74.65878 3.283
74.66285 3.213
74.66692 3.166
74.67098 3.401
74.67505 2.814
74.67912 2.932
74.68319 2.767
74.68726 3.283
74.69133 3.049
74.69540 2.955
74.69946 3.166
74.70353 3.096
74.70760 2.955
74.71167 2.416
74.71574 3.119
74.71981 3.002
74.72387 3.119
74.72794 3.025
74.73201 3.635
74.73608 2.885
74.74015 3.143
74.74422 3.565
74.74829 2.650
74.75235 3.072
74.75642 2.978
74.76049 2.908
74.76456 2.720
74.76863 2.791
74.77270 3.260
74.77677 3.307
74.78083 2.932
74.78490 2.885
74.78897 3.143
74.79304 2.486
74.79711 2.861
74.80118 3.025
74.80524 2.767
74.80931 3.377
74.81338 2.814
74.81745 3.307
74.82152 2.369
74.82559 3.189
74.82966 2.978
74.83372 3.471
74.83779 3.213
74.84186 3.143
74.84593 3.049
74.85000 3.260
74.85407 2.650
74.85813 3.260
74.86220 3.025
74.86627 2.791
74.87034 3.401
74.87441 3.025
74.87848 3.213
74.88255 2.556
74.88661 2.955
74.89068 3.002
74.89475 3.354
74.89882 2.767
74.90289 3.424
74.90696 3.213
74.91103 2.955
74.91509 2.908
74.91916 3.377
74.92323 2.955
74.92730 2.462
74.93137 3.260
74.93544 3.049
74.93950 3.330
74.94357 3.119
74.94764 3.072
74.95171 2.955
74.95578 2.720
74.95985 2.486
74.96392 3.072
74.96798 3.377
74.97205 3.025
74.97612 3.401
74.98019 3.119
74.98426 3.119
74.98833 2.767
74.99239 3.166
74.99646 3.377
75.00053 3.072
75.00460 3.424
75.00867 2.978
75.01274 3.189
75.01681 3.236
75.02087 3.119
75.02494 3.471
75.02901 3.002
75.03308 3.659
75.03715 3.166
75.04122 3.119
75.04529 2.885
75.04935 3.025
75.05342 3.354
75.05749 3.213
75.06156 3.096
75.06563 3.213
75.06970 3.588
75.07376 3.424
75.07783 2.744
75.08190 3.025
75.08597 3.565
75.09004 3.096
75.09411 3.236
75.09818 3.189
75.10224 3.541
75.10631 2.838
75.11038 3.283
75.11445 3.330
75.11852 2.814
75.12259 3.213
75.12666 3.354
75.13072 3.189
75.13479 2.814
75.13886 3.424
75.14293 2.885
75.14700 3.283
75.15107 3.166
75.15513 2.978
75.15920 3.330
75.16327 2.908
75.16734 3.260
75.17141 3.283
75.17548 3.189
75.17955 3.424
75.18361 3.119
75.18768 3.072
75.19175 3.401
75.19582 3.143
75.19989 3.494
75.20396 2.580
75.20802 3.072
75.21209 3.236
75.21616 2.603
75.22023 3.166
75.22430 3.682
75.22837 3.072
75.23244 3.494
75.23650 3.213
75.24057 3.072
75.24464 3.541
75.24871 2.744
75.25278 3.166
75.25685 3.870
75.26092 3.518
75.26498 3.424
75.26905 3.565
75.27312 2.885
75.27719 3.354
75.28126 3.096
75.28533 3.518
75.28939 3.330
75.29346 3.447
75.29753 3.072
75.30160 3.236
75.30567 3.330
75.30974 2.885
75.31381 3.143
75.31787 3.377
75.32194 3.401
75.32601 3.518
75.33008 3.541
75.33415 3.518
75.33822 3.705
75.34229 3.471
75.34635 3.049
75.35042 3.401
75.35449 4.057
75.35856 3.283
75.36263 4.034
75.36670 3.354
75.37076 3.166
75.37483 3.447
75.37890 3.072
75.38297 3.354
75.38704 3.354
75.39111 3.354
75.39518 3.823
75.39924 3.354
75.40331 3.049
75.40738 3.917
75.41145 3.236
75.41552 3.541
75.41959 3.354
75.42365 3.612
75.42772 3.729
75.43179 3.565
75.43586 3.541
75.43993 3.166
75.44400 3.612
75.44807 3.307
75.45213 3.119
75.45620 3.823
75.46027 4.081
75.46434 4.198
75.46841 3.494
75.47248 3.494
75.47655 3.893
75.48061 3.635
75.48468 3.846
75.48875 3.143
75.49282 3.541
75.49689 3.189
75.50096 3.072
75.50502 3.518
75.50909 4.198
75.51316 3.752
75.51723 4.081
75.52130 3.354
75.52537 3.963
75.52944 3.659
75.53350 3.471
75.53757 3.635
75.54164 3.776
75.54571 4.151
75.54978 3.401
75.55385 4.386
75.55792 3.682
75.56198 3.518
75.56605 3.846
75.57012 3.823
75.57419 4.198
75.57826 4.174
75.58233 4.034
75.58639 4.034
75.59046 4.315
75.59453 3.729
75.59860 3.940
75.60267 3.846
75.60674 4.339
75.61081 3.799
75.61487 4.034
75.61894 3.518
75.62301 3.682
75.62708 3.893
75.63115 3.917
75.63522 4.221
75.63928 4.315
75.64335 4.221
75.64742 4.339
75.65149 4.409
75.65556 4.268
75.65963 3.799
75.66370 4.573
75.66776 4.315
75.67183 4.034
75.67590 4.386
75.67997 4.268
75.68404 4.409
75.68811 4.808
75.69218 4.831
75.69624 4.456
75.70031 4.245
75.70438 3.987
75.70845 5.019
75.71252 4.948
75.71659 4.456
75.72065 5.066
75.72472 5.066
75.72879 4.409
75.73286 4.667
75.73693 4.034
75.74100 5.066
75.74507 5.253
75.74913 4.432
75.75320 5.089
75.75727 4.432
75.76134 4.761
75.76541 4.714
75.76948 4.456
75.77354 4.362
75.77761 5.066
75.78168 4.737
75.78575 5.136
75.78982 5.511
75.79389 4.573
75.79796 5.371
75.80202 5.113
75.80609 5.394
75.81016 4.620
75.81423 5.206
75.81830 5.417
75.82237 5.300
75.82644 5.206
75.83050 5.324
75.83457 5.206
75.83864 5.488
75.84271 5.394
75.84678 5.347
75.85085 6.004
75.85491 4.902
75.85898 5.886
75.86305 5.910
75.86712 5.793
75.87119 6.051
75.87526 5.886
75.87933 6.074
75.88339 6.168
75.88746 5.746
75.89153 6.731
75.89560 5.582
75.89967 5.933
75.90374 5.863
75.90781 6.332
75.91187 6.238
75.91594 5.863
75.92001 5.816
75.92408 5.886
75.92815 6.871
75.93222 6.801
75.93628 6.543
75.94035 6.473
75.94442 7.106
75.94849 7.059
75.95256 6.051
75.95663 6.402
75.96070 6.942
75.96476 6.684
75.96883 6.590
75.97290 7.481
75.97697 6.731
75.98104 6.895
75.98511 7.692
75.98917 7.129
75.99324 7.575
75.99731 7.200
76.00138 7.341
76.00545 6.871
76.00952 7.927
76.01359 6.895
76.01765 6.895
76.02172 7.317
76.02579 6.731
76.02986 6.918
76.03393 8.021
76.03800 6.848
76.04207 6.895
76.04613 6.825
76.05020 6.754
76.05427 6.918
76.05834 6.801
76.06241 7.036
76.06648 6.637
76.07054 6.918
76.07461 6.637
76.07868 7.106
76.08275 6.543
76.08682 7.716
76.09089 6.285
76.09496 7.106
76.09902 6.660
76.10309 6.707
76.10716 6.238
76.11123 6.590
76.11530 6.027
76.11937 6.121
76.12344 6.309
76.12750 6.332
76.13157 6.004
76.13564 6.121
76.13971 6.543
76.14378 6.238
76.14785 5.980
76.15191 5.910
76.15598 6.801
76.16005 5.558
76.16412 6.614
76.16819 6.402
76.17226 5.464
76.17633 6.027
76.18039 5.793
76.18446 5.769
76.18853 5.535
76.19260 5.816
76.19667 6.004
76.20074 6.004
76.20480 5.793
76.20887 5.464
76.21294 5.417
76.21701 5.675
76.22108 5.746
76.22515 5.816
76.22922 5.629
76.23328 5.605
76.23735 5.488
76.24142 5.183
76.24549 5.605
76.24956 5.699
76.25363 5.863
76.25770 5.769
76.26176 6.004
76.26583 5.816
76.26990 5.371
76.27397 5.324
76.27804 5.441
76.28211 5.042
76.28617 5.371
76.29024 5.464
76.29431 5.042
76.29838 5.113
76.30245 5.206
76.30652 4.855
76.31059 5.206
76.31465 5.558
76.31872 4.808
76.32279 5.277
76.32686 5.089
76.33093 5.136
76.33500 4.972
76.33907 5.253
76.34313 4.644
76.34720 4.878
76.35127 4.902
76.35534 4.597
76.35941 5.136
76.36348 4.198
76.36754 5.019
76.37161 5.136
76.37568 4.667
76.37975 4.737
76.38382 4.221
76.38789 4.479
76.39196 4.198
76.39602 5.066
76.40009 4.902
76.40416 4.432
76.40823 4.503
76.41230 4.104
76.41637 3.987
76.42043 4.526
76.42450 4.198
76.42857 3.823
76.43264 4.268
76.43671 4.339
76.44078 4.690
76.44485 4.409
76.44891 3.963
76.45298 4.550
76.45705 4.198
76.46112 4.526
76.46519 4.714
76.46926 4.573
76.47333 3.893
76.47739 4.620
76.48146 4.456
76.48553 4.831
76.48960 4.620
76.49367 5.019
76.49774 4.503
76.50180 5.089
76.50587 4.714
76.50994 4.855
76.51401 5.277
76.51808 5.089
76.52215 5.394
76.52622 4.737
76.53028 5.277
76.53435 4.878
76.53842 5.042
76.54249 5.159
76.54656 5.347
76.55063 5.347
76.55469 5.488
76.55876 5.324
76.56283 5.558
76.56690 5.816
76.57097 5.300
76.57504 5.582
76.57911 6.004
76.58317 6.567
76.58724 6.402
76.59131 5.793
76.59538 5.769
76.59945 5.910
76.60352 6.426
76.60759 6.496
76.61165 7.012
76.61572 6.989
76.61979 7.270
76.62386 6.871
76.62793 6.520
76.63200 6.614
76.63606 6.637
76.64013 6.215
76.64420 6.215
76.64827 6.332
76.65234 6.121
76.65641 6.121
76.66048 6.168
76.66454 6.168
76.66861 5.629
76.67268 5.793
76.67675 5.136
76.68082 5.464
76.68489 5.464
76.68896 5.488
76.69302 5.558
76.69709 5.113
76.70116 4.948
76.70523 4.761
76.70930 4.855
76.71337 5.300
76.71743 5.206
76.72150 4.526
76.72557 4.362
76.72964 4.456
76.73371 4.597
76.73778 4.995
76.74185 4.339
76.74591 4.339
76.74998 4.409
76.75405 4.479
76.75812 4.690
76.76219 4.761
76.76626 4.902
76.77032 4.479
76.77439 4.737
76.77846 4.479
76.78253 4.432
76.78660 4.550
76.79067 4.456
76.79474 4.409
76.79880 5.066
76.80287 5.253
76.80694 4.995
76.81101 5.675
76.81508 4.526
76.81915 5.347
76.82322 4.503
76.82728 4.573
76.83135 4.690
76.83542 4.737
76.83949 5.019
76.84356 4.292
76.84763 4.620
76.85169 4.902
76.85576 4.221
76.85983 4.479
76.86390 4.315
76.86797 4.526
76.87204 4.456
76.87611 5.159
76.88017 5.136
76.88424 4.644
76.88831 4.104
76.89238 4.057
76.89645 4.128
76.90052 4.315
76.90459 4.550
76.90865 4.339
76.91272 4.174
76.91679 4.151
76.92086 3.635
76.92493 4.245
76.92900 3.963
76.93306 3.870
76.93713 3.917
76.94120 4.151
76.94527 3.518
76.94934 3.729
76.95341 4.057
76.95748 3.588
76.96154 3.682
76.96561 3.870
76.96968 3.705
76.97375 3.518
76.97782 3.705
76.98189 4.034
76.98595 3.424
76.99002 3.705
76.99409 3.823
76.99816 3.518
77.00223 3.682
77.00630 3.729
77.01037 3.541
77.01443 3.166
77.01850 3.541
77.02257 3.096
77.02664 3.846
77.03071 3.049
77.03478 3.823
77.03885 3.494
77.04291 3.401
77.04698 3.471
77.05105 2.978
77.05512 3.612
77.05919 3.096
77.06326 3.729
77.06732 3.447
77.07139 3.283
77.07546 3.307
77.07953 3.447
77.08360 3.659
77.08767 2.885
77.09174 3.283
77.09580 2.932
77.09987 3.354
77.10394 2.978
77.10801 2.955
77.11208 3.424
77.11615 3.447
77.12022 2.955
77.12428 2.978
77.12835 2.814
77.13242 3.002
77.13649 3.096
77.14056 3.002
77.14463 3.025
77.14869 2.814
77.15276 3.260
77.15683 2.791
77.16090 3.072
77.16497 3.096
77.16904 3.096
77.17311 3.119
77.17717 3.260
77.18124 2.720
77.18531 3.377
77.18938 3.143
77.19345 3.330
77.19752 3.049
77.20158 3.260
77.20565 2.791
77.20972 3.213
77.21379 2.767
77.21786 3.025
77.22193 3.377
77.22600 3.447
77.23006 2.885
77.23413 3.189
77.23820 3.002
77.24227 3.049
77.24634 2.908
77.25041 3.471
77.25448 3.166
77.25854 2.978
77.26261 3.143
77.26668 2.978
77.27075 2.885
77.27482 3.002
77.27889 3.072
77.28295 2.603
77.28702 2.861
77.29109 3.588
77.29516 2.791
77.29923 3.096
77.30330 3.354
77.30737 2.955
77.31143 2.978
77.31550 3.143
77.31957 2.908
77.32364 3.049
77.32771 3.752
77.33178 3.119
77.33585 2.814
77.33991 3.189
77.34398 2.556
77.34805 3.283
77.35212 2.908
77.35619 3.049
77.36026 3.072
77.36432 2.814
77.36839 3.189
77.37246 3.260
77.37653 2.345
77.38060 2.908
77.38467 3.072
77.38874 2.978
77.39280 2.580
77.39687 3.166
77.40094 3.424
77.40501 3.213
77.40908 3.330
77.41315 3.119
77.41721 3.189
77.42128 2.744
77.42535 3.049
77.42942 3.354
77.43349 2.627
77.43756 3.002
77.44163 2.861
77.44569 3.307
77.44976 3.260
77.45383 2.650
77.45790 2.978
77.46197 2.908
77.46604 2.955
77.47011 2.932
77.47417 2.978
77.47824 2.838
77.48231 3.096
77.48638 2.533
77.49045 2.838
77.49452 2.767
77.49858 3.377
77.50265 2.838
77.50672 3.072
77.51079 2.861
77.51486 3.049
77.51893 2.885
77.52300 3.025
77.52706 2.838
77.53113 2.814
77.53520 3.213
77.53927 3.682
77.54334 3.236
77.54741 2.908
77.55147 3.424
77.55554 2.978
77.55961 3.213
77.56368 3.401
77.56775 3.377
77.57182 2.861
77.57589 3.119
77.57995 3.143
77.58402 3.189
77.58809 2.838
77.59216 2.955
77.59623 2.861
77.60030 3.377
77.60437 3.705
77.60843 3.119
77.61250 3.072
77.61657 2.932
77.62064 3.189
77.62471 3.424
77.62878 3.307
77.63284 3.377
77.63691 3.189
77.64098 3.072
77.64505 3.541
77.64912 3.588
77.65319 3.213
77.65726 2.674
77.66132 3.494
77.66539 2.767
77.66946 3.447
77.67353 3.401
77.67760 3.072
77.68167 3.471
77.68574 3.447
77.68980 3.119
77.69387 3.049
77.69794 3.213
77.70201 3.846
77.70608 3.213
77.71015 3.330
77.71421 3.119
77.71828 3.330
77.72235 3.518
77.72642 3.541
77.73049 3.260
77.73456 3.377
77.73863 3.471
77.74269 3.494
77.74676 3.377
77.75083 3.096
77.75490 3.072
77.75897 3.588
77.76304 3.307
77.76710 3.119
77.77117 3.588
77.77524 3.143
77.77931 3.330
77.78338 3.307
77.78745 3.143
77.79152 3.588
77.79558 3.119
77.79965 2.978
77.80372 2.720
77.80779 3.659
77.81186 3.307
77.81593 2.814
77.82000 3.401
77.82406 3.260
77.82813 3.447
77.83220 3.588
77.83627 3.541
77.84034 3.424
77.84441 3.189
77.84847 3.705
77.85254 3.377
77.85661 4.034
77.86068 3.635
77.86475 3.471
77.86882 3.518
77.87289 3.729
77.87695 4.128
77.88102 2.885
77.88509 3.612
77.88916 3.189
77.89323 3.119
77.89730 3.283
77.90137 3.447
77.90543 3.823
77.90950 3.354
77.91357 3.752
77.91764 3.846
77.92171 3.612
77.92578 3.471
77.92984 3.401
77.93391 3.752
77.93798 3.401
77.94205 3.260
77.94612 3.729
77.95019 4.010
77.95426 3.823
77.95832 3.659
77.96239 3.494
77.96646 3.494
77.97053 4.010
77.97460 3.659
77.97867 3.940
77.98273 3.705
77.98680 3.096
77.99087 3.729
77.99494 4.198
77.99901 3.963
78.00308 3.401
78.00715 3.917
78.01121 3.541
78.01528 3.377
78.01935 3.307
78.02342 4.292
78.02749 3.870
78.03156 3.893
78.03563 3.870
78.03969 3.729
78.04376 3.917
78.04783 3.917
78.05190 3.635
78.05597 4.081
78.06004 4.128
78.06410 4.526
78.06817 4.432
78.07224 4.667
78.07631 3.705
78.08038 4.761
78.08445 3.729
78.08852 3.870
78.09258 3.729
78.09665 3.705
78.10072 3.823
78.10479 4.034
78.10886 3.776
78.11293 3.940
78.11700 3.823
78.12106 4.221
78.12513 3.917
78.12920 4.010
78.13327 4.104
78.13734 4.386
78.14141 3.659
78.14547 3.917
78.14954 4.456
78.15361 4.432
78.15768 4.198
78.16175 4.573
78.16582 4.198
78.16989 4.972
78.17395 4.245
78.17802 4.714
78.18209 4.644
78.18616 4.995
78.19023 4.597
78.19430 4.667
78.19836 4.456
78.20243 4.409
78.20650 5.183
78.21057 5.300
78.21464 5.042
78.21871 4.902
78.22278 4.855
78.22684 5.019
78.23091 4.245
78.23498 4.925
78.23905 4.995
78.24312 5.089
78.24719 4.878
78.25126 5.042
78.25532 4.948
78.25939 4.221
78.26346 4.902
78.26753 4.972
78.27160 5.300
78.27567 4.808
78.27973 5.441
78.28380 5.652
78.28787 5.136
78.29194 5.558
78.29601 5.066
78.30008 5.816
78.30415 5.886
78.30821 5.066
78.31228 4.995
78.31635 4.925
78.32042 5.183
78.32449 5.159
78.32856 5.347
78.33262 4.902
78.33669 5.535
78.34076 5.652
78.34483 5.699
78.34890 5.816
78.35297 5.535
78.35704 5.957
78.36110 5.816
78.36517 5.980
78.36924 5.863
78.37331 5.840
78.37738 6.144
78.38145 5.605
78.38552 5.277
78.38958 5.605
78.39365 5.183
78.39772 5.253
78.40179 5.371
78.40586 5.675
78.40993 4.831
78.41399 5.371
78.41806 5.722
78.42213 5.535
78.42620 6.051
78.43027 5.886
78.43434 5.488
78.43841 5.371
78.44247 5.347
78.44654 4.808
78.45061 5.675
78.45468 5.159
78.45875 4.479
78.46282 5.441
78.46689 4.995
78.47095 5.347
78.47502 5.113
78.47909 4.855
78.48316 5.464
78.48723 5.183
78.49130 4.972
78.49536 4.784
78.49943 5.183
78.50350 4.268
78.50757 4.972
78.51164 4.995
78.51571 5.159
78.51978 4.550
78.52384 5.464
78.52791 5.089
78.53198 4.808
78.53605 4.644
78.54012 4.292
78.54419 4.714
78.54825 5.113
78.55232 4.831
78.55639 4.737
78.56046 4.644
78.56453 4.221
78.56860 4.597
78.57267 5.042
78.57673 4.245
78.58080 4.737
78.58487 4.432
78.58894 4.292
78.59301 4.292
78.59708 4.526
78.60115 4.620
78.60521 4.221
78.60928 4.151
78.61335 4.550
78.61742 4.268
78.62149 4.690
78.62556 4.268
78.62962 4.315
78.63369 4.081
78.63776 4.597
78.64183 4.784
78.64590 4.104
78.64997 4.292
78.65404 4.339
78.65810 3.940
78.66217 4.362
78.66624 3.776
78.67031 4.292
78.67438 4.081
78.67845 3.776
78.68252 4.198
78.68658 4.409
78.69065 4.456
78.69472 4.010
78.69879 3.752
78.70286 3.565
78.70693 4.151
78.71099 4.057
78.71506 4.315
78.71913 4.034
78.72320 3.799
78.72727 3.752
78.73134 3.799
78.73541 3.846
78.73947 3.752
78.74354 3.588
78.74761 3.776
78.75168 3.963
78.75575 4.104
78.75982 3.823
78.76388 3.330
78.76795 4.057
78.77202 3.447
78.77609 3.354
78.78016 3.893
78.78423 3.588
78.78830 4.010
78.79236 3.541
78.79643 4.174
78.80050 4.386
78.80457 3.635
78.80864 3.424
78.81271 3.799
78.81678 3.588
78.82084 4.010
78.82491 3.354
78.82898 3.518
78.83305 3.612
78.83712 4.151
78.84119 3.541
78.84525 4.128
78.84932 3.494
78.85339 3.846
78.85746 4.151
78.86153 4.479
78.86560 4.456
78.86967 3.283
78.87373 3.846
78.87780 3.682
78.88187 4.128
78.88594 4.386
78.89001 4.081
78.89408 3.940
78.89815 4.010
78.90221 4.409
78.90628 3.893
78.91035 4.221
78.91442 3.893
78.91849 4.479
78.92256 4.128
78.92662 4.362
78.93069 4.737
78.93476 4.362
78.93883 4.597
78.94290 4.315
78.94697 5.417
78.95104 5.206
78.95510 5.159
78.95917 5.066
78.96324 4.761
78.96731 5.277
78.97138 5.019
78.97545 4.948
78.97951 4.620
78.98358 5.300
78.98765 5.722
78.99172 4.878
78.99579 5.300
78.99986 5.253
79.00393 5.066
79.00799 5.089
79.01206 4.690
79.01613 5.394
79.02020 4.878
79.02427 5.300
79.02834 5.417
79.03241 4.925
79.03647 4.667
79.04054 4.644
79.04461 5.066
79.04868 4.292
79.05275 4.925
79.05682 4.550
79.06088 4.432
79.06495 4.831
79.06902 3.963
79.07309 4.221
79.07716 4.855
79.08123 3.612
79.08530 4.245
79.08936 3.987
79.09343 3.823
79.09750 4.386
79.10157 3.752
79.10564 3.987
79.10971 4.339
79.11377 3.705
79.11784 3.705
79.12191 3.917
79.12598 3.424
79.13005 3.635
79.13412 3.612
79.13819 4.315
79.14225 3.940
79.14632 3.588
79.15039 3.565
79.15446 3.823
79.15853 3.471
79.16260 3.330
79.16667 4.409
79.17073 3.612
79.17480 4.339
79.17887 3.799
79.18294 4.456
79.18701 4.737
79.19108 3.729
79.19514 4.151
79.19921 3.940
79.20328 3.682
79.20735 3.823
79.21142 3.846
79.21549 3.987
79.21956 4.456
79.22362 3.870
79.22769 4.104
79.23176 3.940
79.23583 3.917
79.23990 3.870
79.24397 4.503
79.24804 4.010
79.25210 4.456
79.25617 4.174
79.26024 3.799
79.26431 4.503
79.26838 3.893
79.27245 4.292
79.27651 4.057
79.28058 4.057
79.28465 3.963
79.28872 3.588
79.29279 3.659
79.29686 3.447
79.30093 3.565
79.30499 3.307
79.30906 3.799
79.31313 3.260
79.31720 3.846
79.32127 3.143
79.32534 3.166
79.32940 3.283
79.33347 2.814
79.33754 3.213
79.34161 2.580
79.34568 3.096
79.34975 3.377
79.35382 3.213
79.35788 3.072
79.36195 3.494
79.36602 3.002
79.37009 3.471
79.37416 3.260
79.37823 3.143
79.38230 3.072
79.38636 2.674
79.39043 3.096
79.39450 2.932
79.39857 2.838
79.40264 3.025
79.40671 3.049
79.41077 3.049
79.41484 2.791
79.41891 2.838
79.42298 2.767
79.42705 3.096
79.43112 2.462
79.43519 2.720
79.43925 2.674
79.44332 2.533
79.44739 2.978
79.45146 2.838
79.45553 3.260
79.45960 3.236
79.46367 2.674
79.46773 3.494
79.47180 2.978
79.47587 3.002
79.47994 3.096
79.48401 3.002
79.48808 2.697
79.49214 2.955
79.49621 2.697
79.50028 2.697
79.50435 2.580
79.50842 3.307
79.51249 2.955
79.51656 2.697
79.52062 2.556
79.52469 3.330
79.52876 2.908
79.53283 3.189
79.53690 2.908
79.54097 3.072
79.54503 3.002
79.54910 3.119
79.55317 3.307
79.55724 2.861
79.56131 2.814
79.56538 3.072
79.56945 3.494
79.57351 3.119
79.57758 2.861
79.58165 2.556
79.58572 2.814
79.58979 2.486
79.59386 3.096
79.59793 2.720
79.60199 2.603
79.60606 2.908
79.61013 2.486
79.61420 2.580
79.61827 3.377
79.62234 2.814
79.62640 2.697
79.63047 2.908
79.63454 3.307
79.63861 2.861
79.64268 3.002
79.64675 3.424
79.65082 3.049
79.65488 3.236
79.65895 2.298
79.66302 2.462
79.66709 2.627
79.67116 2.392
79.67523 3.119
79.67930 2.885
79.68336 2.908
79.68743 3.049
79.69150 2.838
79.69557 2.744
79.69964 2.767
79.70371 2.838
79.70777 2.861
79.71184 3.049
79.71591 3.025
79.71998 3.143
79.72405 2.932
79.72812 2.932
79.73219 2.885
79.73625 2.627
79.74032 2.462
79.74439 3.518
79.74846 2.838
79.75253 3.119
79.75660 2.861
79.76066 2.767
79.76473 2.580
79.76880 2.838
79.77287 2.814
79.77694 2.509
79.78101 2.838
79.78508 2.650
79.78914 2.932
79.79321 2.674
79.79728 2.674
79.80135 3.447
79.80542 3.354
79.80949 2.627
79.81356 2.603
79.81762 2.556
79.82169 3.072
79.82576 2.533
79.82983 2.697
79.83390 2.720
79.83797 2.674
79.84203 3.189
79.84610 2.205
79.85017 2.674
79.85424 3.518
79.85831 3.025
79.86238 2.767
79.86645 3.260
79.87051 2.674
79.87458 3.307
79.87865 2.932
79.88272 2.978
79.88679 2.791
79.89086 2.791
79.89493 2.650
79.89899 3.354
79.90306 2.861
79.90713 3.072
79.91120 3.002
79.91527 2.861
79.91934 2.908
79.92340 2.650
79.92747 2.580
79.93154 2.580
79.93561 2.955
79.93968 2.838
79.94375 2.556
79.94782 2.627
79.95188 3.236
79.95595 2.767
79.96002 3.025
79.96409 2.627
79.96816 2.955
79.97223 3.213
79.97629 2.791
79.98036 2.955
79.98443 2.767
79.98850 2.627
79.99257 2.533
79.99664 2.861
80.00071 2.861
80.00477 2.744
80.00884 2.932
80.01291 2.791
80.01698 2.064
80.02105 2.392
80.02512 3.025
80.02919 2.978
80.03325 3.072
80.03732 2.603
80.04139 2.885
80.04546 2.627
80.04953 2.908
80.05360 2.697
80.05766 2.744
80.06173 3.049
80.06580 2.838
80.06987 2.838
80.07394 3.307
80.07801 2.908
80.08208 3.025
80.08614 2.978
80.09021 3.189
80.09428 3.260
80.09835 2.720
80.10242 2.932
80.10649 2.439
80.11055 2.486
80.11462 2.720
80.11869 2.580
80.12276 3.119
80.12683 2.603
80.13090 2.885
80.13497 3.354
80.13903 2.885
80.14310 2.885
80.14717 2.885
80.15124 2.650
80.15531 2.650
80.15938 2.838
80.16345 2.627
80.16751 3.002
80.17158 3.213
80.17565 2.885
80.17972 3.143
80.18379 2.791
80.18786 3.189
80.19192 2.744
80.19599 2.814
80.20006 2.720
80.20413 2.674
80.20820 2.720
80.21227 2.814
80.21634 2.955
80.22040 2.885
80.22447 2.767
80.22854 2.744
80.23261 2.861
80.23668 2.955
80.24075 2.744
80.24482 2.627
80.24888 3.025
80.25295 3.096
80.25702 3.260
80.26109 2.791
80.26516 2.674
80.26923 2.556
80.27329 2.978
80.27736 2.650
80.28143 3.283
80.28550 2.838
80.28957 2.627
80.29364 2.580
80.29771 2.533
80.30177 3.166
80.30584 2.767
80.30991 2.814
80.31398 2.603
80.31805 3.072
80.32212 2.462
80.32618 2.486
80.33025 2.908
80.33432 2.603
80.33839 2.791
80.34246 2.697
80.34653 2.861
80.35060 2.674
80.35466 2.627
80.35873 3.072
80.36280 2.720
80.36687 2.744
80.37094 3.213
80.37501 2.814
80.37908 2.697
80.38314 2.298
80.38721 2.720
80.39128 2.861
80.39535 2.251
80.39942 2.509
80.40349 2.509
80.40755 2.791
80.41162 2.251
80.41569 3.119
80.41976 3.025
80.42383 2.720
80.42790 2.627
80.43197 2.369
80.43603 2.932
80.44010 2.509
80.44417 2.814
80.44824 2.697
80.45231 3.143
80.45638 2.556
80.46045 2.767
80.46451 2.509
80.46858 2.509
80.47265 2.767
80.47672 3.189
80.48079 2.744
80.48486 2.838
80.48892 3.213
80.49299 3.447
80.49706 2.674
80.50113 2.978
80.50520 3.072
80.50927 2.720
80.51334 2.369
80.51740 2.369
80.52147 2.885
80.52554 2.720
80.52961 3.049
80.53368 2.322
80.53775 2.416
80.54181 2.838
80.54588 2.697
80.54995 2.791
80.55402 2.580
80.55809 2.720
80.56216 3.072
80.56623 2.439
80.57029 2.744
80.57436 2.462
80.57843 2.674
80.58250 2.509
80.58657 2.791
80.59064 3.119
80.59471 2.814
80.59877 2.885
80.60284 3.096
80.60691 2.791
80.61098 2.674
80.61505 2.908
80.61912 3.166
80.62318 2.744
80.62725 2.650
80.63132 2.814
80.63539 3.236
80.63946 2.392
80.64353 2.814
80.64760 2.627
80.65166 2.955
80.65573 2.932
80.65980 2.955
80.66387 2.861
80.66794 2.439
80.67201 2.580
80.67608 2.838
80.68014 2.251
80.68421 2.650
80.68828 2.556
80.69235 3.213
80.69642 3.025
80.70049 2.533
80.70455 3.119
80.70862 2.627
80.71269 2.298
80.71676 2.603
80.72083 3.283
80.72490 2.720
80.72897 2.791
80.73303 2.838
80.73710 2.650
80.74117 2.627
80.74524 2.345
80.74931 2.462
80.75338 2.533
80.75744 2.486
80.76151 2.697
80.76558 2.650
80.76965 3.096
80.77372 2.978
80.77779 2.697
80.78186 2.767
80.78592 2.861
80.78999 2.627
80.79406 2.955
80.79813 2.744
80.80220 2.697
80.80627 2.674
80.81034 3.166
80.81440 2.697
80.81847 3.049
80.82254 3.072
80.82661 2.791
80.83068 2.838
80.83475 2.861
80.83881 2.720
80.84288 2.767
80.84695 2.932
80.85102 2.580
80.85509 2.509
80.85916 2.650
80.86323 3.213
80.86729 2.814
80.87136 2.556
80.87543 3.166
80.87950 2.720
80.88357 2.744
80.88764 2.556
80.89170 2.697
80.89577 2.627
80.89984 2.627
80.90391 2.767
80.90798 2.627
80.91205 3.213
80.91612 2.791
80.92018 3.354
80.92425 2.462
80.92832 2.533
80.93239 2.416
80.93646 2.462
80.94053 2.228
80.94460 2.392
80.94866 2.674
80.95273 2.908
80.95680 2.908
80.96087 2.627
80.96494 2.791
80.96901 2.509
80.97307 2.416
80.97714 2.838
80.98121 2.462
80.98528 2.345
80.98935 2.298
80.99342 2.111
80.99749 2.674
81.00155 3.213
81.00562 2.978
81.00969 2.744
81.01376 2.767
81.01783 3.166
81.02190 2.744
81.02597 2.861
81.03003 2.838
81.03410 2.674
81.03817 2.932
81.04224 2.861
81.04631 2.556
81.05038 2.650
81.05444 2.580
81.05851 2.556
81.06258 2.627
81.06665 2.509
81.07072 2.908
81.07479 2.392
81.07886 2.251
81.08292 2.814
81.08699 2.767
81.09106 2.439
81.09513 2.978
81.09920 3.002
81.10327 2.767
81.10733 2.861
81.11140 2.791
81.11547 2.439
81.11954 2.861
81.12361 3.143
81.12768 2.674
81.13175 2.767
81.13581 2.908
81.13988 2.369
81.14395 2.345
81.14802 2.580
81.15209 2.486
81.15616 2.674
81.16023 2.228
81.16429 2.838
81.16836 2.791
81.17243 2.650
81.17650 2.838
81.18057 2.416
81.18464 3.002
81.18870 2.908
81.19277 2.275
81.19684 2.791
81.20091 2.885
81.20498 2.650
81.20905 2.744
81.21312 2.392
81.21718 2.603
81.22125 2.791
81.22532 2.533
81.22939 2.697
81.23346 2.978
81.23753 2.603
81.24160 2.509
81.24566 2.462
81.24973 2.486
81.25380 2.697
81.25787 2.767
81.26194 2.674
81.26601 2.486
81.27007 3.260
81.27414 2.767
81.27821 2.392
81.28228 2.744
81.28635 2.885
81.29042 2.814
81.29449 2.627
81.29855 2.955
81.30262 2.556
81.30669 3.189
81.31076 2.275
81.31483 2.486
81.31890 3.002
81.32296 2.369
81.32703 3.002
81.33110 2.908
81.33517 2.345
81.33924 2.978
81.34331 2.603
81.34738 2.627
81.35144 3.049
81.35551 2.697
81.35958 2.580
81.36365 2.556
81.36772 2.251
81.37179 3.119
81.37586 2.111
81.37992 2.791
81.38399 2.697
81.38806 2.462
81.39213 2.580
81.39620 2.322
81.40027 2.791
81.40433 3.025
81.40840 2.439
81.41247 2.462
81.41654 3.096
81.42061 2.486
81.42468 2.603
81.42875 2.533
81.43281 3.072
81.43688 3.002
81.44095 2.674
81.44502 2.650
81.44909 2.251
81.45316 2.556
81.45723 2.885
81.46129 2.955
81.46536 2.908
81.46943 2.416
81.47350 2.861
81.47757 2.697
81.48164 2.720
81.48570 2.603
81.48977 2.650
81.49384 3.236
81.49791 2.228
81.50198 2.650
81.50605 2.767
81.51012 2.509
81.51418 2.838
81.51825 3.119
81.52232 3.025
81.52639 2.955
81.53046 2.205
81.53453 2.439
81.53859 2.674
81.54266 2.486
81.54673 2.767
81.55080 2.627
81.55487 2.720
81.55894 2.439
81.56301 2.439
81.56707 2.603
81.57114 2.744
81.57521 2.580
81.57928 2.697
81.58335 2.885
81.58742 2.369
81.59149 2.486
81.59555 3.189
81.59962 3.354
81.60369 2.627
81.60776 2.791
81.61183 2.814
81.61590 2.580
81.61996 2.533
81.62403 2.932
81.62810 2.580
81.63217 2.439
81.63624 2.932
81.64031 3.025
81.64438 2.462
81.64844 2.697
81.65251 2.556
81.65658 2.767
81.66065 2.533
81.66472 2.720
81.66879 2.885
81.67285 3.236
81.67692 2.791
81.68099 2.580
81.68506 2.674
81.68913 2.744
81.69320 2.955
81.69727 2.885
81.70133 2.345
81.70540 2.627
81.70947 2.603
81.71354 3.049
81.71761 2.767
81.72168 3.049
81.72575 2.251
81.72981 2.908
81.73388 2.697
81.73795 2.744
81.74202 2.814
81.74609 2.767
81.75016 2.838
81.75422 2.439
81.75829 2.674
81.76236 2.556
81.76643 3.213
81.77050 3.143
81.77457 2.838
81.77864 2.650
81.78270 2.744
81.78677 2.791
81.79084 2.533
81.79491 2.744
81.79898 3.072
81.80305 2.509
81.80712 3.143
81.81118 2.298
81.81525 2.932
81.81932 2.838
81.82339 2.627
81.82746 2.814
81.83153 2.580
81.83559 2.345
81.83966 2.978
81.84373 2.674
81.84780 2.861
81.85187 3.189
81.85594 2.627
81.86001 2.814
81.86407 2.580
81.86814 2.697
81.87221 2.298
81.87628 2.439
81.88035 2.791
81.88442 2.814
81.88848 2.040
81.89255 3.189
81.89662 2.720
81.90069 3.096
81.90476 2.533
81.90883 2.627
81.91290 2.369
81.91696 2.322
81.92103 2.932
81.92510 3.072
81.92917 2.720
81.93324 2.767
81.93731 3.002
81.94138 3.189
81.94544 2.533
81.94951 2.697
81.95358 2.744
81.95765 3.072
81.96172 2.416
81.96579 2.744
81.96985 2.744
81.97392 2.861
81.97799 2.744
81.98206 2.275
81.98613 2.955
81.99020 2.861
81.99427 2.932
81.99833 2.486
82.00240 2.533
82.00647 2.767
82.01054 3.025
82.01461 2.509
82.01868 2.040
82.02275 2.580
82.02681 2.416
82.03088 2.158
82.03495 2.486
82.03902 2.603
82.04309 2.627
82.04716 2.650
82.05122 2.814
82.05529 2.416
82.05936 2.627
82.06343 2.580
82.06750 2.275
82.07157 2.697
82.07564 3.166
82.07970 2.767
82.08377 2.627
82.08784 2.674
82.09191 2.744
82.09598 2.580
82.10005 2.697
82.10411 2.251
82.10818 2.955
82.11225 2.439
82.11632 2.345
82.12039 2.603
82.12446 2.720
82.12853 2.509
82.13259 2.603
82.13666 3.189
82.14073 2.838
82.14480 2.533
82.14887 2.462
82.15294 2.791
82.15701 2.744
82.16107 2.556
82.16514 2.674
82.16921 2.932
82.17328 2.838
82.17735 2.674
82.18142 2.885
82.18548 2.322
82.18955 2.767
82.19362 2.462
82.19769 2.416
82.20176 2.720
82.20583 2.486
82.20990 2.603
82.21396 3.025
82.21803 2.650
82.22210 2.603
82.22617 2.369
82.23024 2.275
82.23431 2.791
82.23838 3.189
82.24244 2.885
82.24651 2.744
82.25058 2.509
82.25465 2.509
82.25872 2.932
82.26279 2.791
82.26685 2.603
82.27092 2.814
82.27499 2.838
82.27906 2.298
82.28313 2.650
82.28720 2.932
82.29127 2.791
82.29533 2.322
82.29940 2.251
82.30347 2.720
82.30754 2.603
82.31161 2.767
82.31568 2.650
82.31974 2.697
82.32381 2.674
82.32788 2.814
82.33195 2.228
82.33602 2.861
82.34009 2.674
82.34416 2.509
82.34822 3.189
82.35229 3.049
82.35636 2.861
82.36043 2.533
82.36450 3.213
82.36857 2.462
82.37264 3.236
82.37670 2.697
82.38077 2.838
82.38484 2.791
82.38891 2.767
82.39298 2.369
82.39705 2.275
82.40111 2.697
82.40518 2.978
82.40925 2.650
82.41332 2.462
82.41739 3.377
82.42146 2.580
82.42553 3.002
82.42959 2.369
82.43366 2.674
82.43773 2.298
82.44180 2.603
82.44587 2.322
82.44994 2.486
82.45400 2.275
82.45807 2.533
82.46214 2.720
82.46621 2.767
82.47028 2.580
82.47435 2.627
82.47842 2.509
82.48248 2.603
82.48655 2.533
82.49062 2.556
82.49469 3.189
82.49876 2.814
82.50283 2.603
82.50690 2.767
82.51096 3.002
82.51503 2.955
82.51910 2.932
82.52317 2.603
82.52724 2.720
82.53131 2.462
82.53537 2.228
82.53944 2.556
82.54351 3.025
82.54758 2.650
82.55165 2.697
82.55572 2.580
82.55979 2.697
82.56385 2.650
82.56792 2.861
82.57199 2.392
82.57606 2.744
82.58013 3.260
82.58420 2.697
82.58827 3.119
82.59233 2.416
82.59640 2.486
82.60047 2.650
82.60454 3.236
82.60861 2.369
82.61268 2.720
82.61674 2.369
82.62081 2.791
82.62488 2.603
82.62895 2.674
82.63302 2.697
82.63709 2.158
82.64116 2.744
82.64522 2.462
82.64929 2.932
82.65336 2.392
82.65743 3.025
82.66150 2.627
82.66557 2.627
82.66963 2.205
82.67370 2.509
82.67777 3.025
82.68184 2.767
82.68591 2.767
82.68998 2.838
82.69405 2.416
82.69811 2.439
82.70218 2.650
82.70625 2.814
82.71032 2.650
82.71439 2.087
82.71846 2.908
82.72253 2.603
82.72659 2.486
82.73066 2.674
82.73473 2.369
82.73880 2.720
82.74287 2.767
82.74694 2.580
82.75100 2.603
82.75507 2.767
82.75914 2.697
82.76321 2.720
82.76728 2.697
82.77135 2.486
82.77542 2.205
82.77948 2.720
82.78355 2.556
82.78762 2.697
82.79169 2.603
82.79576 2.509
82.79983 2.205
82.80390 2.275
82.80796 2.533
82.81203 2.791
82.81610 2.322
82.82017 2.439
82.82424 2.556
82.82831 2.767
82.83237 2.674
82.83644 2.533
82.84051 2.650
82.84458 2.627
82.84865 3.189
82.85272 2.955
82.85679 2.486
82.86085 2.838
82.86492 2.345
82.86899 2.650
82.87306 2.439
82.87713 2.392
82.88120 2.509
82.88526 3.119
82.88933 2.603
82.89340 2.580
82.89747 2.251
82.90154 1.923
82.90561 2.791
82.90968 2.298
82.91374 2.416
82.91781 2.322
82.92188 2.462
82.92595 2.767
82.93002 2.509
82.93409 2.838
82.93816 2.509
82.94222 2.392
82.94629 2.720
82.95036 2.650
82.95443 1.993
82.95850 2.627
82.96257 2.955
82.96663 2.556
82.97070 2.275
82.97477 2.439
82.97884 2.908
82.98291 3.025
82.98698 2.627
82.99105 2.720
82.99511 2.486
82.99918 2.744
83.00325 2.627
83.00732 2.556
83.01139 2.627
83.01546 2.627
83.01953 2.533
83.02359 2.814
83.02766 2.674
83.03173 2.885
83.03580 2.791
83.03987 2.932
83.04394 2.674
83.04800 2.861
83.05207 2.744
83.05614 3.096
83.06021 2.533
83.06428 2.439
83.06835 2.486
83.07242 2.462
83.07648 2.720
83.08055 2.814
83.08462 2.439
83.08869 2.158
83.09276 2.298
83.09683 2.674
83.10089 2.697
83.10496 2.744
83.10903 2.932
83.11310 2.744
83.11717 2.767
83.12124 3.236
83.12531 2.861
83.12937 2.556
83.13344 2.509
83.13751 2.603
83.14158 2.298
83.14565 2.298
83.14972 3.377
83.15379 2.697
83.15785 2.603
83.16192 2.603
83.16599 2.462
83.17006 2.462
83.17413 2.603
83.17820 2.767
83.18226 2.556
83.18633 2.486
83.19040 2.932
83.19447 2.932
83.19854 2.580
83.20261 2.674
83.20668 2.439
83.21074 2.228
83.21481 2.955
83.21888 2.627
83.22295 3.025
83.22702 2.674
83.23109 2.509
83.23516 2.509
83.23922 3.166
83.24329 2.603
83.24736 2.533
83.25143 2.674
83.25550 2.533
83.25957 2.509
83.26363 2.838
83.26770 2.416
83.27177 2.674
83.27584 2.627
83.27991 2.533
83.28398 2.322
83.28805 2.650
83.29211 2.697
83.29618 3.096
83.30025 3.072
83.30432 2.205
83.30839 2.627
83.31246 2.439
83.31652 2.814
83.32059 2.885
83.32466 2.603
83.32873 2.556
83.33280 2.603
83.33687 2.486
83.34094 2.556
83.34500 3.025
83.34907 2.861
83.35314 2.603
83.35721 2.603
83.36128 2.439
83.36535 2.908
83.36942 2.697
83.37348 2.486
83.37755 2.650
83.38162 2.486
83.38569 2.392
83.38976 2.416
83.39383 2.674
83.39789 2.627
83.40196 2.533
83.40603 2.486
83.41010 2.603
83.41417 2.228
83.41824 2.650
83.42231 2.556
83.42637 2.720
83.43044 2.275
83.43451 2.744
83.43858 2.908
83.44265 2.627
83.44672 2.978
83.45078 2.345
83.45485 3.166
83.45892 2.509
83.46299 2.369
83.46706 2.580
83.47113 2.767
83.47520 2.533
83.47926 2.885
83.48333 2.603
83.48740 2.509
83.49147 2.439
83.49554 2.462
83.49961 2.322
83.50368 3.002
83.50774 2.392
83.51181 2.580
83.51588 2.181
83.51995 2.251
83.52402 2.322
83.52809 2.697
83.53215 2.603
83.53622 2.556
83.54029 2.814
83.54436 2.603
83.54843 2.744
83.55250 2.533
83.55657 2.650
83.56063 2.392
83.56470 2.111
83.56877 2.486
83.57284 2.392
83.57691 2.134
83.58098 2.814
83.58505 2.885
83.58911 2.462
83.59318 2.111
83.59725 2.885
83.60132 3.330
83.60539 2.228
83.60946 2.603
83.61352 2.416
83.61759 2.158
83.62166 2.791
83.62573 2.533
83.62980 2.392
83.63387 2.345
83.63794 2.416
83.64200 2.369
83.64607 2.533
83.65014 2.392
83.65421 2.556
83.65828 2.111
83.66235 2.345
83.66641 2.908
83.67048 2.885
83.67455 2.228
83.67862 2.251
83.68269 2.814
83.68676 2.462
83.69083 2.627
83.69489 2.486
83.69896 2.556
83.70303 2.580
83.70710 2.908
83.71117 2.345
83.71524 2.228
83.71931 2.486
83.72337 2.462
83.72744 2.627
83.73151 2.697
83.73558 3.025
83.73965 2.298
83.74372 2.861
83.74778 2.814
83.75185 2.462
83.75592 2.439
83.75999 2.556
83.76406 2.509
83.76813 2.814
83.77220 3.049
83.77626 2.228
83.78033 2.345
83.78440 2.955
83.78847 2.533
83.79254 2.767
83.79661 2.298
83.80068 2.814
83.80474 2.556
83.80881 2.580
83.81288 2.416
83.81695 2.509
83.82102 2.275
83.82509 2.298
83.82915 2.674
83.83322 2.533
83.83729 2.720
83.84136 3.189
83.84543 2.603
83.84950 2.416
83.85357 2.603
83.85763 2.908
83.86170 2.345
83.86577 2.814
83.86984 2.509
83.87391 2.674
83.87798 2.674
83.88204 2.603
83.88611 2.767
83.89018 2.650
83.89425 2.744
83.89832 2.932
83.90239 2.392
83.90646 2.416
83.91052 2.345
83.91459 2.275
83.91866 2.720
83.92273 2.556
83.92680 2.416
83.93087 2.603
83.93494 2.439
83.93900 2.697
83.94307 3.072
83.94714 2.275
83.95121 2.697
83.95528 2.627
83.95935 2.533
83.96341 2.556
83.96748 2.298
83.97155 2.509
83.97562 2.392
83.97969 2.814
83.98376 2.908
83.98783 2.556
83.99189 2.439
83.99596 2.298
84.00003 2.838
84.00410 2.744
84.00817 2.650
84.01224 2.345
84.01631 2.697
84.02037 2.345
84.02444 2.767
84.02851 2.603
84.03258 2.556
84.03665 2.556
84.04072 2.814
84.04478 2.556
84.04885 2.838
84.05292 2.111
84.05699 2.462
84.06106 2.275
84.06513 2.627
84.06920 3.119
84.07326 2.462
84.07733 2.603
84.08140 2.486
84.08547 2.697
84.08954 2.322
84.09361 2.580
84.09767 2.345
84.10174 2.111
84.10581 2.908
84.10988 2.439
84.11395 2.744
84.11802 2.345
84.12209 2.462
84.12615 2.181
84.13022 2.744
84.13429 2.392
84.13836 2.650
84.14243 2.580
84.14650 2.509
84.15057 2.720
84.15463 2.439
84.15870 2.392
84.16277 2.369
84.16684 2.439
84.17091 2.627
84.17498 2.580
84.17904 2.275
84.18311 2.275
84.18718 2.416
84.19125 2.158
84.19532 2.650
84.19939 2.932
84.20346 2.345
84.20752 2.556
84.21159 2.509
84.21566 2.228
84.21973 2.462
84.22380 2.556
84.22787 2.392
84.23193 2.509
84.23600 2.392
84.24007 2.556
84.24414 2.955
84.24821 2.111
84.25228 2.603
84.25635 2.369
84.26041 2.369
84.26448 3.143
84.26855 2.978
84.27262 2.674
84.27669 2.416
84.28076 2.580
84.28483 2.392
84.28889 2.369
84.29296 2.885
84.29703 2.697
84.30110 2.533
84.30517 2.556
84.30924 2.697
84.31330 2.369
84.31737 2.181
84.32144 2.674
84.32551 2.462
84.32958 2.439
84.33365 2.650
84.33772 2.205
84.34178 2.509
84.34585 2.205
84.34992 2.134
84.35399 2.298
84.35806 2.275
84.36213 2.345
84.36620 2.556
84.37026 2.650
84.37433 2.369
84.37840 2.580
84.38247 2.392
84.38654 2.556
84.39061 2.744
84.39467 2.838
84.39874 2.392
84.40281 3.049
84.40688 3.072
84.41095 2.556
84.41502 2.697
84.41909 2.275
84.42315 2.627
84.42722 2.298
84.43129 2.627
84.43536 2.814
84.43943 2.955
84.44350 2.416
84.44756 2.392
84.45163 2.369
84.45570 2.861
84.45977 2.838
84.46384 2.556
84.46791 2.838
84.47198 3.049
84.47604 2.392
84.48011 2.838
84.48418 2.439
84.48825 2.462
84.49232 2.674
84.49639 2.462
84.50046 2.674
84.50452 2.298
84.50859 2.275
84.51266 2.275
84.51673 2.509
84.52080 2.275
84.52487 2.509
84.52893 2.580
84.53300 2.697
84.53707 2.650
84.54114 3.049
84.54521 2.462
84.54928 2.158
84.55335 2.814
84.55741 2.697
84.56148 2.392
84.56555 2.674
84.56962 2.627
84.57369 2.509
84.57776 2.744
84.58183 2.767
84.58589 1.993
84.58996 2.345
84.59403 2.580
84.59810 2.439
84.60217 2.462
84.60624 2.509
84.61030 2.251
84.61437 2.580
84.61844 2.322
84.62251 2.228
84.62658 2.580
84.63065 2.908
84.63472 2.533
84.63878 2.322
84.64285 2.814
84.64692 2.720
84.65099 2.322
84.65506 3.119
84.65913 2.322
84.66319 2.322
84.66726 2.416
84.67133 2.556
84.67540 2.486
84.67947 2.439
84.68354 2.744
84.68761 2.322
84.69167 2.040
84.69574 2.791
84.69981 2.228
84.70388 2.322
84.70795 2.791
84.71202 2.533
84.71609 2.744
84.72015 2.697
84.72422 2.509
84.72829 2.674
84.73236 2.674
84.73643 2.767
84.74050 2.580
84.74456 2.885
84.74863 2.462
84.75270 2.509
84.75677 2.674
84.76084 2.697
84.76491 2.275
84.76898 2.416
84.77304 2.439
84.77711 2.416
84.78118 2.486
84.78525 2.392
84.78932 2.416
84.79339 2.838
84.79746 2.509
84.80152 2.885
84.80559 2.744
84.80966 2.509
84.81373 2.228
84.81780 2.697
84.82187 2.627
84.82593 2.674
84.83000 2.767
84.83407 2.955
84.83814 2.251
84.84221 2.580
84.84628 2.533
84.85035 2.720
84.85441 2.392
84.85848 2.251
84.86255 2.392
84.86662 2.439
84.87069 2.158
84.87476 2.744
84.87882 2.533
84.88289 2.838
84.88696 2.720
84.89103 2.509
84.89510 2.627
84.89917 2.885
84.90324 2.627
84.90730 2.416
84.91137 2.392
84.91544 2.462
84.91951 2.697
84.92358 2.251
84.92765 2.674
84.93172 2.580
84.93578 2.650
84.93985 2.744
84.94392 2.298
84.94799 2.439
84.95206 2.345
84.95613 2.697
84.96019 2.462
84.96426 2.298
84.96833 2.580
84.97240 2.674
84.97647 2.556
84.98054 2.509
84.98461 2.674
84.98867 2.251
84.99274 2.509
84.99681 2.439
85.00088 2.416
85.00495 3.166
85.00902 2.345
85.01308 2.205
85.01715 2.627
85.02122 2.298
85.02529 2.556
85.02936 2.697
85.03343 2.345
85.03750 2.603
85.04156 2.439
85.04563 2.697
85.04970 2.767
85.05377 2.720
85.05784 2.369
85.06191 2.697
85.06598 2.322
85.07004 2.556
85.07411 2.791
85.07818 2.908
85.08225 2.228
85.08632 2.181
85.09039 2.322
85.09445 2.158
85.09852 2.040
85.10259 2.556
85.10666 2.580
85.11073 2.814
85.11480 2.392
85.11887 2.627
85.12293 2.627
85.12700 2.392
85.13107 2.251
85.13514 2.885
85.13921 2.603
85.14328 2.556
85.14735 2.580
85.15141 2.697
85.15548 2.111
85.15955 2.533
85.16362 2.674
85.16769 2.462
85.17176 2.838
85.17582 2.462
85.17989 2.369
85.18396 2.556
85.18803 2.908
85.19210 2.580
85.19617 2.228
85.20024 2.345
85.20430 2.556
85.20837 2.744
85.21244 2.251
85.21651 2.486
85.22058 2.650
85.22465 3.025
85.22871 2.486
85.23278 2.650
85.23685 2.533
85.24092 2.111
85.24499 2.486
85.24906 3.025
85.25313 2.392
85.25719 2.509
85.26126 2.650
85.26533 2.322
85.26940 2.416
85.27347 2.439
85.27754 2.814
85.28161 2.650
85.28567 2.509
85.28974 2.650
85.29381 2.767
85.29788 2.674
85.30195 2.439
85.30602 2.791
85.31008 2.509
85.31415 2.205
85.31822 2.134
85.32229 2.111
85.32636 2.814
85.33043 2.416
85.33450 2.791
85.33856 2.392
85.34263 2.369
85.34670 2.134
85.35077 2.627
85.35484 2.627
85.35891 2.932
85.36298 2.720
85.36704 2.205
85.37111 2.462
85.37518 2.416
85.37925 2.533
85.38332 2.416
85.38739 2.416
85.39145 2.462
85.39552 2.908
85.39959 2.251
85.40366 2.556
85.40773 2.580
85.41180 2.369
85.41587 2.674
85.41993 2.345
85.42400 2.744
85.42807 2.838
85.43214 2.580
85.43621 2.603
85.44028 3.189
85.44434 2.533
85.44841 2.087
85.45248 2.462
85.45655 2.322
85.46062 2.744
85.46469 2.885
85.46876 2.533
85.47282 2.556
85.47689 2.416
85.48096 2.580
85.48503 2.556
85.48910 2.556
85.49317 2.556
85.49724 2.720
85.50130 2.861
85.50537 2.650
85.50944 2.627
85.51351 3.025
85.51758 2.322
85.52165 2.298
85.52571 2.462
85.52978 2.345
85.53385 2.603
85.53792 2.087
85.54199 2.603
85.54606 2.439
85.55013 2.486
85.55419 2.650
85.55826 2.439
85.56233 2.369
85.56640 2.674
85.57047 2.744
85.57454 2.509
85.57861 2.134
85.58267 2.134
85.58674 2.416
85.59081 2.767
85.59488 2.416
85.59895 2.533
85.60302 2.674
85.60708 2.603
85.61115 2.462
85.61522 2.627
85.61929 3.002
85.62336 2.462
85.62743 2.908
85.63150 2.674
85.63556 3.049
85.63963 1.970
85.64370 2.580
85.64777 2.955
85.65184 2.674
85.65591 2.885
85.65997 2.486
85.66404 2.674
85.66811 2.533
85.67218 2.814
85.67625 2.322
85.68032 2.674
85.68439 2.416
85.68845 2.861
85.69252 2.439
85.69659 2.416
85.70066 2.087
85.70473 2.838
85.70880 2.298
85.71287 2.791
85.71693 2.533
85.72100 2.439
85.72507 2.345
85.72914 2.838
85.73321 2.369
85.73728 2.111
85.74134 2.603
85.74541 2.509
85.74948 2.627
85.75355 2.650
85.75762 2.392
85.76169 1.900
85.76576 2.627
85.76982 2.064
85.77389 2.556
85.77796 2.627
85.78203 2.697
85.78610 2.416
85.79017 2.181
85.79423 2.814
85.79830 2.392
85.80237 2.932
85.80644 2.720
85.81051 2.416
85.81458 2.791
85.81865 2.533
85.82271 2.275
85.82678 2.861
85.83085 2.697
85.83492 2.369
85.83899 2.486
85.84306 2.533
85.84713 2.603
85.85119 2.627
85.85526 2.369
85.85933 2.533
85.86340 2.392
85.86747 2.205
85.87154 2.674
85.87560 2.486
85.87967 2.744
85.88374 2.439
85.88781 2.556
85.89188 2.134
85.89595 2.087
85.90002 2.369
85.90408 2.345
85.90815 2.580
85.91222 2.275
85.91629 2.462
85.92036 2.439
85.92443 2.392
85.92850 2.744
85.93256 2.720
85.93663 2.720
85.94070 2.486
85.94477 2.416
85.94884 2.674
85.95291 2.462
85.95697 2.205
85.96104 2.369
85.96511 1.782
85.96918 2.603
85.97325 2.744
85.97732 2.462
85.98139 2.439
85.98545 2.345
85.98952 2.486
85.99359 2.439
85.99766 2.603
86.00173 2.744
86.00580 2.369
86.00986 2.111
86.01393 2.603
86.01800 2.017
86.02207 2.533
86.02614 2.439
86.03021 2.556
86.03428 2.580
86.03834 2.298
86.04241 2.251
86.04648 2.556
86.05055 2.111
86.05462 2.533
86.05869 2.955
86.06276 2.767
86.06682 2.603
86.07089 2.885
86.07496 2.462
86.07903 2.932
86.08310 2.298
86.08717 2.627
86.09123 2.275
86.09530 2.462
86.09937 2.462
86.10344 2.509
86.10751 2.720
86.11158 2.603
86.11565 2.838
86.11971 2.158
86.12378 2.650
86.12785 3.002
86.13192 2.627
86.13599 2.650
86.14006 2.509
86.14413 3.119
86.14819 2.556
86.15226 2.767
86.15633 2.486
86.16040 2.838
86.16447 2.322
86.16854 2.697
86.17260 2.509
86.17667 2.556
86.18074 2.205
86.18481 2.439
86.18888 2.744
86.19295 2.791
86.19702 2.627
86.20108 2.720
86.20515 2.744
86.20922 2.744
86.21329 2.580
86.21736 2.345
86.22143 2.205
86.22549 2.439
86.22956 2.345
86.23363 2.697
86.23770 2.720
86.24177 2.556
86.24584 2.228
86.24991 2.720
86.25397 2.674
86.25804 2.674
86.26211 2.298
86.26618 2.181
86.27025 2.674
86.27432 2.251
86.27839 2.205
86.28245 2.369
86.28652 2.228
86.29059 2.580
86.29466 2.603
86.29873 2.767
86.30280 2.603
86.30686 2.720
86.31093 2.674
86.31500 2.580
86.31907 2.744
86.32314 2.674
86.32721 2.556
86.33128 2.814
86.33534 2.556
86.33941 2.439
86.34348 2.228
86.34755 2.486
86.35162 3.025
86.35569 2.416
86.35976 2.369
86.36382 2.064
86.36789 1.970
86.37196 2.275
86.37603 2.251
86.38010 2.580
86.38417 2.885
86.38823 2.838
86.39230 2.627
86.39637 2.251
86.40044 2.627
86.40451 2.791
86.40858 2.838
86.41265 2.814
86.41671 2.674
86.42078 2.767
86.42485 2.720
86.42892 2.322
86.43299 2.908
86.43706 2.392
86.44112 2.392
86.44519 2.627
86.44926 2.791
86.45333 2.158
86.45740 2.650
86.46147 2.509
86.46554 2.439
86.46960 2.767
86.47367 2.603
86.47774 2.533
86.48181 2.580
86.48588 2.556
86.48995 2.814
86.49402 2.720
86.49808 2.345
86.50215 3.049
86.50622 2.439
86.51029 2.533
86.51436 2.627
86.51843 2.744
86.52249 2.697
86.52656 2.720
86.53063 2.978
86.53470 2.533
86.53877 2.228
86.54284 2.627
86.54691 3.025
86.55097 2.932
86.55504 2.650
86.55911 2.462
86.56318 2.744
86.56725 2.720
86.57132 2.720
86.57539 2.533
86.57945 2.674
86.58352 2.744
86.58759 2.486
86.59166 2.439
86.59573 2.767
86.59980 2.322
86.60386 2.791
86.60793 2.838
86.61200 2.720
86.61607 3.002
86.62014 3.049
86.62421 2.674
86.62828 2.322
86.63234 2.767
86.63641 2.814
86.64048 2.978
86.64455 2.298
86.64862 2.486
86.65269 2.650
86.65675 2.580
86.66082 2.556
86.66489 2.744
86.66896 2.767
86.67303 3.025
86.67710 2.861
86.68117 2.509
86.68523 3.166
86.68930 2.697
86.69337 2.861
86.69744 2.697
86.70151 2.228
86.70558 2.861
86.70965 2.650
86.71371 2.205
86.71778 2.885
86.72185 2.814
86.72592 2.791
86.72999 2.697
86.73406 2.580
86.73812 2.509
86.74219 2.791
86.74626 2.345
86.75033 2.697
86.75440 2.955
86.75847 2.744
86.76254 2.697
86.76660 2.838
86.77067 2.744
86.77474 2.791
86.77881 2.486
86.78288 2.416
86.78695 2.603
86.79101 2.603
86.79508 2.838
86.79915 2.650
86.80322 2.392
86.80729 2.603
86.81136 2.064
86.81543 2.697
86.81949 2.345
86.82356 2.228
86.82763 2.439
86.83170 2.205
86.83577 3.049
86.83984 2.275
86.84391 2.674
86.84797 2.978
86.85204 3.049
86.85611 2.932
86.86018 2.392
86.86425 3.166
86.86832 2.932
86.87238 3.236
86.87645 2.885
86.88052 2.322
86.88459 2.416
86.88866 2.650
86.89273 2.885
86.89680 2.720
86.90086 3.072
86.90493 2.885
86.90900 2.603
86.91307 2.697
86.91714 2.627
86.92121 2.650
86.92528 2.908
86.92934 2.932
86.93341 2.674
86.93748 3.330
86.94155 3.401
86.94562 3.283
86.94969 2.978
86.95375 2.814
86.95782 2.932
86.96189 2.580
86.96596 2.978
86.97003 2.674
86.97410 2.932
86.97817 2.369
86.98223 2.838
86.98630 3.424
86.99037 3.025
86.99444 3.166
86.99851 2.603
87.00258 3.283
87.00664 3.072
87.01071 3.401
87.01478 3.072
87.01885 3.072
87.02292 2.697
87.02699 2.861
87.03106 3.518
87.03512 2.978
87.03919 3.424
87.04326 3.424
87.04733 3.166
87.05140 2.908
87.05547 3.143
87.05954 3.072
87.06360 3.354
87.06767 2.627
87.07174 3.354
87.07581 2.791
87.07988 3.072
87.08395 3.213
87.08801 3.354
87.09208 3.518
87.09615 3.236
87.10022 2.908
87.10429 3.072
87.10836 2.978
87.11243 2.955
87.11649 3.096
87.12056 3.588
87.12463 2.885
87.12870 3.096
87.13277 3.541
87.13684 2.955
87.14091 3.260
87.14497 2.978
87.14904 3.283
87.15311 2.744
87.15718 3.143
87.16125 3.283
87.16532 3.823
87.16938 3.377
87.17345 3.377
87.17752 3.729
87.18159 3.401
87.18566 2.885
87.18973 2.932
87.19380 3.494
87.19786 3.588
87.20193 3.072
87.20600 3.494
87.21007 3.424
87.21414 3.447
87.21821 3.541
87.22227 3.823
87.22634 3.729
87.23041 3.354
87.23448 3.659
87.23855 3.893
87.24262 3.682
87.24669 3.518
87.25075 3.447
87.25482 3.659
87.25889 3.236
87.26296 3.635
87.26703 4.057
87.27110 4.620
87.27517 4.034
87.27923 3.096
87.28330 3.612
87.28737 3.846
87.29144 3.518
87.29551 3.776
87.29958 3.752
87.30364 3.870
87.30771 3.940
87.31178 3.893
87.31585 3.471
87.31992 3.588
87.32399 3.846
87.32806 3.893
87.33212 3.940
87.33619 3.893
87.34026 3.963
87.34433 3.963
87.34840 4.432
87.35247 4.057
87.35654 4.198
87.36060 4.339
87.36467 4.409
87.36874 4.503
87.37281 4.386
87.37688 4.503
87.38095 4.995
87.38501 4.597
87.38908 4.386
87.39315 4.034
87.39722 4.573
87.40129 4.456
87.40536 4.409
87.40943 4.315
87.41349 4.034
87.41756 4.784
87.42163 4.526
87.42570 4.597
87.42977 4.409
87.43384 4.737
87.43790 4.550
87.44197 4.737
87.44604 5.277
87.45011 4.620
87.45418 4.503
87.45825 4.855
87.46232 4.925
87.46638 4.948
87.47045 5.066
87.47452 4.831
87.47859 4.644
87.48266 4.925
87.48673 5.159
87.49080 5.066
87.49486 5.159
87.49893 5.324
87.50300 4.972
87.50707 5.324
87.51114 5.042
87.51521 5.277
87.51927 5.417
87.52334 5.277
87.52741 5.722
87.53148 5.746
87.53555 5.629
87.53962 4.855
87.54369 5.042
87.54775 6.144
87.55182 5.159
87.55589 5.019
87.55996 6.356
87.56403 5.183
87.56810 5.019
87.57216 4.878
87.57623 6.027
87.58030 5.324
87.58437 5.089
87.58844 5.324
87.59251 5.816
87.59658 4.925
87.60064 5.441
87.60471 5.558
87.60878 6.238
87.61285 6.074
87.61692 5.464
87.62099 5.722
87.62506 5.394
87.62912 5.347
87.63319 5.769
87.63726 5.957
87.64133 5.746
87.64540 5.464
87.64947 6.051
87.65353 5.863
87.65760 6.051
87.66167 5.324
87.66574 5.230
87.66981 5.675
87.67388 5.371
87.67795 5.488
87.68201 5.910
87.68608 5.793
87.69015 5.066
87.69422 4.339
87.69829 4.902
87.70236 5.183
87.70643 5.488
87.71049 4.972
87.71456 5.605
87.71863 5.347
87.72270 5.042
87.72677 4.784
87.73084 5.722
87.73490 5.605
87.73897 4.878
87.74304 5.136
87.74711 4.972
87.75118 4.456
87.75525 4.808
87.75932 5.089
87.76338 5.183
87.76745 5.300
87.77152 5.113
87.77559 4.855
87.77966 4.855
87.78373 4.925
87.78779 4.479
87.79186 4.151
87.79593 4.362
87.80000 5.136
87.80407 4.714
87.80814 5.113
87.81221 4.409
87.81627 4.034
87.82034 4.948
87.82441 4.339
87.82848 4.268
87.83255 4.784
87.83662 4.526
87.84069 4.221
87.84475 4.409
87.84882 4.362
87.85289 4.644
87.85696 4.550
87.86103 4.198
87.86510 4.714
87.86916 4.690
87.87323 4.808
87.87730 5.159
87.88137 4.151
87.88544 4.784
87.88951 4.339
87.89358 4.644
87.89764 4.245
87.90171 4.620
87.90578 4.221
87.90985 4.362
87.91392 4.620
87.91799 4.151
87.92206 4.315
87.92612 4.081
87.93019 4.151
87.93426 4.409
87.93833 4.268
87.94240 4.057
87.94647 5.089
87.95053 4.174
87.95460 3.705
87.95867 3.401
87.96274 4.339
87.96681 4.268
87.97088 4.245
87.97495 4.010
87.97901 4.057
87.98308 4.081
87.98715 3.588
87.99122 4.081
87.99529 3.963
87.99936 3.752
88.00342 3.846
88.00749 4.573
88.01156 3.236
88.01563 3.401
88.01970 4.034
88.02377 3.705
88.02784 4.057
88.03190 3.682
88.03597 3.729
88.04004 3.963
88.04411 3.870
88.04818 3.870
88.05225 4.174
88.05632 4.104
88.06038 3.635
88.06445 3.776
88.06852 3.494
88.07259 3.401
88.07666 3.963
88.08073 4.034
88.08479 3.236
88.08886 3.635
88.09293 3.518
88.09700 3.447
88.10107 3.588
88.10514 3.541
88.10921 3.846
88.11327 3.307
88.11734 3.776
88.12141 3.682
88.12548 3.166
88.12955 3.119
88.13362 3.893
88.13769 3.940
88.14175 3.330
88.14582 3.025
88.14989 3.870
88.15396 3.494
88.15803 3.025
88.16210 3.776
88.16616 4.081
88.17023 3.799
88.17430 3.494
88.17837 3.401
88.18244 4.057
88.18651 3.752
88.19058 3.424
88.19464 3.870
88.19871 4.198
88.20278 3.963
88.20685 3.823
88.21092 3.893
88.21499 3.612
88.21905 3.893
88.22312 4.081
88.22719 3.846
88.23126 4.479
88.23533 4.339
88.23940 3.917
88.24347 3.870
88.24753 5.042
88.25160 3.635
88.25567 4.761
88.25974 4.597
88.26381 4.057
88.26788 5.347
88.27195 4.268
88.27601 4.550
88.28008 4.432
88.28415 4.409
88.28822 4.831
88.29229 4.784
88.29636 4.550
88.30042 4.644
88.30449 4.972
88.30856 4.878
88.31263 5.652
88.31670 4.855
88.32077 5.324
88.32484 5.113
88.32890 5.840
88.33297 5.629
88.33704 6.379
88.34111 5.347
88.34518 5.441
88.34925 5.417
88.35331 5.371
88.35738 5.769
88.36145 5.605
88.36552 5.488
88.36959 6.098
88.37366 4.690
88.37773 4.995
88.38179 5.300
88.38586 5.863
88.38993 5.582
88.39400 5.488
88.39807 5.136
88.40214 5.300
88.40621 4.737
88.41027 5.019
88.41434 5.230
88.41841 5.394
88.42248 4.174
88.42655 4.456
88.43062 5.277
88.43468 4.714
88.43875 4.315
88.44282 4.174
88.44689 4.573
88.45096 4.550
88.45503 4.198
88.45910 4.034
88.46316 4.339
88.46723 3.870
88.47130 4.104
88.47537 3.612
88.47944 4.198
88.48351 3.893
88.48758 3.870
88.49164 4.104
88.49571 3.494
88.49978 3.612
88.50385 3.307
88.50792 3.635
88.51199 3.729
88.51605 3.635
88.52012 3.659
88.52419 4.034
88.52826 4.010
88.53233 3.518
88.53640 4.221
88.54047 3.424
88.54453 4.034
88.54860 3.518
88.55267 3.987
88.55674 3.893
88.56081 4.315
88.56488 3.752
88.56894 4.057
88.57301 3.917
88.57708 3.447
88.58115 4.081
88.58522 3.447
88.58929 4.010
88.59336 4.128
88.59742 3.987
88.60149 4.573
88.60556 4.362
88.60963 3.987
88.61370 3.776
88.61777 4.245
88.62184 3.870
88.62590 4.151
88.62997 4.948
88.63404 3.823
88.63811 3.377
88.64218 4.128
88.64625 4.315
88.65031 4.245
88.65438 4.550
88.65845 3.049
88.66252 4.456
88.66659 3.518
88.67066 3.987
88.67473 4.034
88.67879 3.776
88.68286 3.823
88.68693 3.471
88.69100 3.612
88.69507 3.799
88.69914 3.963
88.70321 3.635
88.70727 3.541
88.71134 3.447
88.71541 3.330
88.71948 3.401
88.72355 3.424
88.72762 3.025
88.73168 3.143
88.73575 2.885
88.73982 3.189
88.74389 3.213
88.74796 3.143
88.75203 2.767
88.75610 3.189
88.76016 3.143
88.76423 2.978
88.76830 3.002
88.77237 3.283
88.77644 2.720
88.78051 2.885
88.78457 2.744
88.78864 3.049
88.79271 2.978
88.79678 2.720
88.80085 2.720
88.80492 2.650
88.80899 2.697
88.81305 3.002
88.81712 2.861
88.82119 2.814
88.82526 2.932
88.82933 2.603
88.83340 2.533
88.83747 2.978
88.84153 2.369
88.84560 2.369
88.84967 2.205
88.85374 2.416
88.85781 2.533
88.86188 2.486
88.86594 2.509
88.87001 2.603
88.87408 3.119
88.87815 2.720
88.88222 2.369
88.88629 2.978
88.89036 2.838
88.89442 2.674
88.89849 2.369
88.90256 2.885
88.90663 2.392
88.91070 2.720
88.91477 2.556
88.91884 2.650
88.92290 2.580
88.92697 2.369
88.93104 2.955
88.93511 2.345
88.93918 2.720
88.94325 2.603
88.94731 2.720
88.95138 2.767
88.95545 2.603
88.95952 2.556
88.96359 2.955
88.96766 2.650
88.97173 2.439
88.97579 2.509
88.97986 2.181
88.98393 2.603
88.98800 2.439
88.99207 3.002
88.99614 2.439
89.00020 2.181
89.00427 3.143
89.00834 2.533
89.01241 2.486
89.01648 2.017
89.02055 2.439
89.02462 3.072
89.02868 2.486
89.03275 2.158
89.03682 2.533
89.04089 2.697
89.04496 2.416
89.04903 2.392
89.05310 2.462
89.05716 2.697
89.06123 2.720
89.06530 2.416
89.06937 2.838
89.07344 2.603
89.07751 2.134
89.08157 2.158
89.08564 2.627
89.08971 2.603
89.09378 2.603
89.09785 2.486
89.10192 2.697
89.10599 2.603
89.11005 2.251
89.11412 2.369
89.11819 2.134
89.12226 2.720
89.12633 2.814
89.13040 2.251
89.13447 2.556
89.13853 2.580
89.14260 2.744
89.14667 2.275
89.15074 2.509
89.15481 2.486
89.15888 2.650
89.16294 2.814
89.16701 2.416
89.17108 2.814
89.17515 2.392
89.17922 2.744
89.18329 3.119
89.18736 2.603
89.19142 2.298
89.19549 2.205
89.19956 2.416
89.20363 2.228
89.20770 2.791
89.21177 2.392
89.21583 2.509
89.21990 2.533
89.22397 2.838
89.22804 2.369
89.23211 2.556
89.23618 2.369
89.24025 2.158
89.24431 2.603
89.24838 2.040
89.25245 2.932
89.25652 2.462
89.26059 3.119
89.26466 2.556
89.26873 2.134
89.27279 2.205
89.27686 2.181
89.28093 2.439
89.28500 2.720
89.28907 2.791
89.29314 2.580
89.29720 2.251
89.30127 2.181
89.30534 2.369
89.30941 2.556
89.31348 2.978
89.31755 3.096
89.32162 2.580
89.32568 2.251
89.32975 2.345
89.33382 2.814
89.33789 2.603
89.34196 2.509
89.34603 2.720
89.35009 2.509
89.35416 2.322
89.35823 2.369
89.36230 2.838
89.36637 2.674
89.37044 2.345
89.37451 2.861
89.37857 2.697
89.38264 2.462
89.38671 2.791
89.39078 2.674
89.39485 2.462
89.39892 2.462
89.40299 2.744
89.40705 2.462
89.41112 2.814
89.41519 2.369
89.41926 2.603
89.42333 2.087
89.42740 2.556
89.43146 2.439
89.43553 2.533
89.43960 2.275
89.44367 2.744
89.44774 2.509
89.45181 2.861
89.45588 2.744
89.45994 2.650
89.46401 1.970
89.46808 2.345
89.47215 2.791
89.47622 2.392
89.48029 2.533
89.48436 2.791
89.48842 2.486
89.49249 2.064
89.49656 2.369
89.50063 2.462
89.50470 2.439
89.50877 2.603
89.51283 2.439
89.51690 2.556
89.52097 2.228
89.52504 2.767
89.52911 2.603
89.53318 2.697
89.53725 2.275
89.54131 2.533
89.54538 2.392
89.54945 2.392
89.55352 2.416
89.55759 2.158
89.56166 2.533
89.56572 2.439
89.56979 2.251
89.57386 2.298
89.57793 2.392
89.58200 2.111
89.58607 2.486
89.59014 2.650
89.59420 2.744
89.59827 2.580
89.60234 2.111
89.60641 2.369
89.61048 2.603
89.61455 2.767
89.61862 2.181
89.62268 2.509
89.62675 2.462
89.63082 2.392
89.63489 2.509
89.63896 2.111
89.64303 2.275
89.64709 2.251
89.65116 2.369
89.65523 2.322
89.65930 2.322
89.66337 2.744
89.66744 2.392
89.67151 2.556
89.67557 1.970
89.67964 2.322
89.68371 2.603
89.68778 2.345
89.69185 2.486
89.69592 2.111
89.69999 2.392
89.70405 2.462
89.70812 2.767
89.71219 2.134
89.71626 2.251
89.72033 2.861
89.72440 2.486
89.72846 2.556
89.73253 2.298
89.73660 2.674
89.74067 2.603
89.74474 1.876
89.74881 2.322
89.75288 2.556
89.75694 2.298
89.76101 2.064
89.76508 2.838
89.76915 2.345
89.77322 2.345
89.77729 2.627
89.78135 2.392
89.78542 2.181
89.78949 2.509
89.79356 2.674
89.79763 2.509
89.80170 2.533
89.80577 2.181
89.80983 2.955
89.81390 2.345
89.81797 2.369
89.82204 2.580
89.82611 2.416
89.83018 2.275
89.83425 2.462
89.83831 2.697
89.84238 2.345
89.84645 2.439
89.85052 2.392
89.85459 2.533
89.85866 2.158
89.86272 2.087
89.86679 2.439
89.87086 2.439
89.87493 2.580
89.87900 1.947
89.88307 2.111
89.88714 2.509
89.89120 2.908
89.89527 2.439
89.89934 2.486
89.90341 2.462
89.90748 2.275
89.91155 2.650
89.91562 2.556
89.91968 2.228
89.92375 2.697
89.92782 2.439
89.93189 2.486
89.93596 2.134
89.94003 2.462
89.94409 2.111
89.94816 2.345
89.95223 2.416
89.95630 2.228
89.96037 2.322
89.96444 2.767
89.96851 2.392
89.97257 2.674
89.97664 2.439
89.98071 2.885
89.98478 2.345
89.98885 1.806
89.99292 2.416
89.99698 2.462
90.00105 2.720
90.00512 2.275
90.00919 2.392
90.01326 2.158
90.01733 2.744
90.02140 2.838
90.02546 2.392
90.02953 2.486
90.03360 2.533
90.03767 2.509
90.04174 2.205
90.04581 2.556
90.04988 2.369
90.05394 2.087
90.05801 2.416
90.06208 2.298
90.06615 2.251
90.07022 2.627
90.07429 2.322
90.07835 2.838
90.08242 2.509
90.08649 2.040
90.09056 2.580
90.09463 2.486
90.09870 2.205
90.10277 2.439
90.10683 2.040
90.11090 2.158
90.11497 2.533
90.11904 2.345
90.12311 2.744
90.12718 2.556
90.13124 1.876
90.13531 2.298
90.13938 2.322
90.14345 2.345
90.14752 2.603
90.15159 2.369
90.15566 2.533
90.15972 2.486
90.16379 2.087
90.16786 2.134
90.17193 2.603
90.17600 2.392
90.18007 2.181
90.18414 2.650
90.18820 1.829
90.19227 2.650
90.19634 2.650
90.20041 2.486
90.20448 2.861
90.20855 2.627
90.21261 1.947
90.21668 2.205
90.22075 2.462
90.22482 2.486
90.22889 2.720
90.23296 2.861
90.23703 2.462
90.24109 2.439
90.24516 2.509
90.24923 2.275
90.25330 2.861
90.25737 2.345
90.26144 2.345
90.26551 2.345
90.26957 2.556
90.27364 2.462
90.27771 2.603
90.28178 2.134
90.28585 2.369
90.28992 2.720
90.29398 2.486
90.29805 2.228
90.30212 2.369
90.30619 2.720
90.31026 2.416
90.31433 2.885
90.31840 2.345
90.32246 2.533
90.32653 2.486
90.33060 2.416
90.33467 2.087
90.33874 2.111
90.34281 2.533
90.34687 2.556
90.35094 2.627
90.35501 2.251
90.35908 2.556
90.36315 2.181
90.36722 2.603
90.37129 2.205
90.37535 2.814
90.37942 2.486
90.38349 2.322
90.38756 2.556
90.39163 2.369
90.39570 2.181
90.39977 2.533
90.40383 2.533
90.40790 2.650
90.41197 2.251
90.41604 2.087
90.42011 2.111
90.42418 2.697
90.42824 2.369
90.43231 2.158
90.43638 2.791
90.44045 2.556
90.44452 2.767
90.44859 2.439
90.45266 2.486
90.45672 2.111
90.46079 2.627
90.46486 2.345
90.46893 2.392
90.47300 2.416
90.47707 2.486
90.48114 2.392
90.48520 2.556
90.48927 2.322
90.49334 2.462
90.49741 2.416
90.50148 2.298
90.50555 2.462
90.50961 2.040
90.51368 2.416
90.51775 2.322
90.52182 2.369
90.52589 2.533
90.52996 2.627
90.53403 2.416
90.53809 2.627
90.54216 2.345
90.54623 2.697
90.55030 2.767
90.55437 2.955
90.55844 2.345
90.56250 2.580
90.56657 2.322
90.57064 2.439
90.57471 2.322
90.57878 2.720
90.58285 2.556
90.58692 2.533
90.59098 2.416
90.59505 2.322
90.59912 1.993
90.60319 2.064
90.60726 2.322
90.61133 2.908
90.61540 2.298
90.61946 2.251
90.62353 2.462
90.62760 2.251
90.63167 2.650
90.63574 2.087
90.63981 2.392
90.64387 2.462
90.64794 2.158
90.65201 2.439
90.65608 2.556
90.66015 2.580
90.66422 2.345
90.66829 2.158
90.67235 2.486
90.67642 2.228
90.68049 2.556
90.68456 2.627
90.68863 2.533
90.69270 2.134
90.69677 2.767
90.70083 2.369
90.70490 2.767
90.70897 2.416
90.71304 2.509
90.71711 2.533
90.72118 2.509
90.72524 2.556
90.72931 2.205
90.73338 2.556
90.73745 2.345
90.74152 2.533
90.74559 2.650
90.74966 2.111
90.75372 2.205
90.75779 2.697
90.76186 2.322
90.76593 2.509
90.77000 2.744
90.77407 2.627
90.77813 2.556
90.78220 2.416
90.78627 2.556
90.79034 2.720
90.79441 2.345
90.79848 2.556
90.80255 2.345
90.80661 2.275
90.81068 2.275
90.81475 2.205
90.81882 2.767
90.82289 2.674
90.82696 2.674
90.83103 2.439
90.83509 2.205
90.83916 2.181
90.84323 2.064
90.84730 2.251
90.85137 2.416
90.85544 2.369
90.85950 2.720
90.86357 2.369
90.86764 2.298
90.87171 2.298
90.87578 2.580
90.87985 2.416
90.88392 2.322
90.88798 2.040
90.89205 2.580
90.89612 2.556
90.90019 2.486
90.90426 2.486
90.90833 2.627
90.91239 2.392
90.91646 2.462
90.92053 2.603
90.92460 2.111
90.92867 2.509
90.93274 2.111
90.93681 2.064
90.94087 2.627
90.94494 2.158
90.94901 2.322
90.95308 2.298
90.95715 2.416
90.96122 2.322
90.96529 2.720
90.96935 3.049
90.97342 2.744
90.97749 2.650
90.98156 2.486
90.98563 2.228
90.98970 2.767
90.99376 2.205
90.99783 2.111
91.00190 2.275
91.00597 2.251
91.01004 1.970
91.01411 2.416
91.01818 2.345
91.02224 2.345
91.02631 2.486
91.03038 2.720
91.03445 2.416
91.03852 2.509
91.04259 2.861
91.04666 2.509
91.05072 2.720
91.05479 2.298
91.05886 2.322
91.06293 2.462
91.06700 2.533
91.07107 2.392
91.07513 2.838
91.07920 2.462
91.08327 2.674
91.08734 2.603
91.09141 2.580
91.09548 2.251
91.09955 2.369
91.10361 2.509
91.10768 2.392
91.11175 2.228
91.11582 2.509
91.11989 2.462
91.12396 2.462
91.12802 2.697
91.13209 2.603
91.13616 2.345
91.14023 2.275
91.14430 2.228
91.14837 2.556
91.15244 2.486
91.15650 2.228
91.16057 2.369
91.16464 2.275
91.16871 1.993
91.17278 2.111
91.17685 2.697
91.18092 2.345
91.18498 2.322
91.18905 2.697
91.19312 2.345
91.19719 2.392
91.20126 2.627
91.20533 2.251
91.20939 2.486
91.21346 2.345
91.21753 2.205
91.22160 2.439
91.22567 2.345
91.22974 2.462
91.23381 2.580
91.23787 2.814
91.24194 2.228
91.24601 1.993
91.25008 2.416
91.25415 2.744
91.25822 2.439
91.26229 2.134
91.26635 2.533
91.27042 2.603
91.27449 2.627
91.27856 2.462
91.28263 2.885
91.28670 2.885
91.29076 2.533
91.29483 2.251
91.29890 2.650
91.30297 2.064
91.30704 2.650
91.31111 2.650
91.31518 2.509
91.31924 2.392
91.32331 2.275
91.32738 2.369
91.33145 2.298
91.33552 2.181
91.33959 2.580
91.34365 2.064
91.34772 2.322
91.35179 2.814
91.35586 2.158
91.35993 2.580
91.36400 2.486
91.36807 2.251
91.37213 2.181
91.37620 1.993
91.38027 2.486
91.38434 2.298
91.38841 2.181
91.39248 2.697
91.39655 2.580
91.40061 2.533
91.40468 2.533
91.40875 2.697
91.41282 2.580
91.41689 2.955
91.42096 2.275
91.42502 2.791
91.42909 2.697
91.43316 2.744
91.43723 2.369
91.44130 2.322
91.44537 2.228
91.44944 1.829
91.45350 2.439
91.45757 2.556
91.46164 2.533
91.46571 2.674
91.46978 2.509
91.47385 2.814
91.47792 2.392
91.48198 2.392
91.48605 2.580
91.49012 2.298
91.49419 2.627
91.49826 2.439
91.50233 2.345
91.50639 2.392
91.51046 2.134
91.51453 2.767
91.51860 2.509
91.52267 2.134
91.52674 2.791
91.53081 2.650
91.53487 2.017
91.53894 2.486
91.54301 1.993
91.54708 2.369
91.55115 2.416
91.55522 2.228
91.55928 2.134
91.56335 2.439
91.56742 2.275
91.57149 2.228
91.57556 2.275
91.57963 1.759
91.58370 2.650
91.58776 2.158
91.59183 2.603
91.59590 2.861
91.59997 2.228
91.60404 2.650
91.60811 2.509
91.61218 2.111
91.61624 2.134
91.62031 3.072
91.62438 2.486
91.62845 2.251
91.63252 2.369
91.63659 2.509
91.64065 2.228
91.64472 2.298
91.64879 2.486
91.65286 1.923
91.65693 2.439
91.66100 2.064
91.66507 2.181
91.66913 2.509
91.67320 2.228
91.67727 2.533
91.68134 2.580
91.68541 2.486
91.68948 2.181
91.69354 2.205
91.69761 2.439
91.70168 2.369
91.70575 2.181
91.70982 2.932
91.71389 2.627
91.71796 1.829
91.72202 2.486
91.72609 2.017
91.73016 2.697
91.73423 2.767
91.73830 2.345
91.74237 2.345
91.74644 2.674
91.75050 1.970
91.75457 2.275
91.75864 2.251
91.76271 2.627
91.76678 2.228
91.77085 2.345
91.77491 2.744
91.77898 2.275
91.78305 2.462
91.78712 2.885
91.79119 2.345
91.79526 2.205
91.79933 2.369
91.80339 2.275
91.80746 2.462
91.81153 2.486
91.81560 2.439
91.81967 2.674
91.82374 2.416
91.82781 2.158
91.83187 2.369
91.83594 2.533
91.84001 2.697
91.84408 2.205
91.84815 2.462
91.85222 2.228
91.85628 2.486
91.86035 2.181
91.86442 2.908
91.86849 2.462
91.87256 2.627
91.87663 2.322
91.88070 2.603
91.88476 2.462
91.88883 2.392
91.89290 2.462
91.89697 2.439
91.90104 2.322
91.90511 2.462
91.90917 2.697
91.91324 2.228
91.91731 2.486
91.92138 2.767
91.92545 2.345
91.92952 2.158
91.93359 2.392
91.93765 2.955
91.94172 2.509
91.94579 2.744
91.94986 2.158
91.95393 2.275
91.95800 2.462
91.96207 2.533
91.96613 2.369
91.97020 2.392
91.97427 2.556
91.97834 2.298
91.98241 2.509
91.98648 2.509
91.99054 2.322
91.99461 2.181
91.99868 2.158
92.00275 2.674
92.00682 2.462
92.01089 2.298
92.01496 2.439
92.01902 2.861
92.02309 2.556
92.02716 2.322
92.03123 2.416
92.03530 2.533
92.03937 2.228
92.04344 2.181
92.04750 2.251
92.05157 1.829
92.05564 2.322
92.05971 2.509
92.06378 2.533
92.06785 2.462
92.07191 2.322
92.07598 1.829
92.08005 2.556
92.08412 2.181
92.08819 2.087
92.09226 2.486
92.09633 2.650
92.10039 2.462
92.10446 2.111
92.10853 2.181
92.11260 2.767
92.11667 2.416
92.12074 2.439
92.12480 2.814
92.12887 2.462
92.13294 2.345
92.13701 2.861
92.14108 2.275
92.14515 2.228
92.14922 2.439
92.15328 2.674
92.15735 2.580
92.16142 2.674
92.16549 2.369
92.16956 2.205
92.17363 2.181
92.17770 2.697
92.18176 2.205
92.18583 2.720
92.18990 2.462
92.19397 2.205
92.19804 2.603
92.20211 1.993
92.20617 2.134
92.21024 2.322
92.21431 2.556
92.21838 2.228
92.22245 2.580
92.22652 2.439
92.23059 2.228
92.23465 2.158
92.23872 2.251
92.24279 2.158
92.24686 2.158
92.25093 2.416
92.25500 2.040
92.25907 2.767
92.26313 2.134
92.26720 2.369
92.27127 2.181
92.27534 1.900
92.27941 2.345
92.28348 2.416
92.28754 2.439
92.29161 2.439
92.29568 2.134
92.29975 2.322
92.30382 2.228
92.30789 2.462
92.31196 2.603
92.31602 1.993
92.32009 2.369
92.32416 2.603
92.32823 2.251
92.33230 2.134
92.33637 2.486
92.34043 2.322
92.34450 2.345
92.34857 2.650
92.35264 2.580
92.35671 2.932
92.36078 2.111
92.36485 2.275
92.36891 2.533
92.37298 2.603
92.37705 2.251
92.38112 2.275
92.38519 2.509
92.38926 2.064
92.39333 2.720
92.39739 2.556
92.40146 2.111
92.40553 2.134
92.40960 2.298
92.41367 2.416
92.41774 2.275
92.42180 2.580
92.42587 2.298
92.42994 2.462
92.43401 2.486
92.43808 2.345
92.44215 2.885
92.44622 2.392
92.45028 2.416
92.45435 2.298
92.45842 2.814
92.46249 2.345
92.46656 2.181
92.47063 2.720
92.47470 2.462
92.47876 2.650
92.48283 2.486
92.48690 2.556
92.49097 2.369
92.49504 2.322
92.49911 2.627
92.50317 2.603
92.50724 2.392
92.51131 2.650
92.51538 2.205
92.51945 2.017
92.52352 2.298
92.52759 2.158
92.53165 2.650
92.53572 2.369
92.53979 2.345
92.54386 2.228
92.54793 2.111
92.55200 2.181
92.55606 2.462
92.56013 2.533
92.56420 2.087
92.56827 2.158
92.57234 2.674
92.57641 2.720
92.58048 2.345
92.58454 2.486
92.58861 2.650
92.59268 2.322
92.59675 2.439
92.60082 2.228
92.60489 2.533
92.60896 2.650
92.61302 2.275
92.61709 2.064
92.62116 2.322
92.62523 2.838
92.62930 2.228
92.63337 2.087
92.63743 2.322
92.64150 2.416
92.64557 2.533
92.64964 2.767
92.65371 2.158
92.65778 2.392
92.66185 2.322
92.66591 2.486
92.66998 2.462
92.67405 2.580
92.67812 2.158
92.68219 2.462
92.68626 2.580
92.69032 2.251
92.69439 2.744
92.69846 2.603
92.70253 2.439
92.70660 2.158
92.71067 2.228
92.71474 2.322
92.71880 2.439
92.72287 2.838
92.72694 2.228
92.73101 2.486
92.73508 2.345
92.73915 2.111
92.74322 2.040
92.74728 2.509
92.75135 2.275
92.75542 1.876
92.75949 2.861
92.76356 2.650
92.76763 2.580
92.77169 2.791
92.77576 2.298
92.77983 2.509
92.78390 2.345
92.78797 2.509
92.79204 2.369
92.79611 2.580
92.80017 2.674
92.80424 2.908
92.80831 2.322
92.81238 2.650
92.81645 2.462
92.82052 2.580
92.82459 2.251
92.82865 2.486
92.83272 2.439
92.83679 2.838
92.84086 2.322
92.84493 2.298
92.84900 2.251
92.85306 2.814
92.85713 2.111
92.86120 2.650
92.86527 2.158
92.86934 2.650
92.87341 2.298
92.87748 2.486
92.88154 2.650
92.88561 2.627
92.88968 2.462
92.89375 2.932
92.89782 2.416
92.90189 2.486
92.90595 2.181
92.91002 2.111
92.91409 2.228
92.91816 2.158
92.92223 2.462
92.92630 2.392
92.93037 2.509
92.93443 2.275
92.93850 2.462
92.94257 2.486
92.94664 2.369
92.95071 2.674
92.95478 2.205
92.95885 2.791
92.96291 2.580
92.96698 2.181
92.97105 2.322
92.97512 2.744
92.97919 2.298
92.98326 2.298
92.98732 2.087
92.99139 2.134
92.99546 2.509
92.99953 2.205
93.00360 2.462
93.00767 2.416
93.01174 2.580
93.01580 2.158
93.01987 2.486
93.02394 2.439
93.02801 2.674
93.03208 2.580
93.03615 2.791
93.04022 2.181
93.04428 2.181
93.04835 2.814
93.05242 2.720
93.05649 2.580
93.06056 2.205
93.06463 2.462
93.06869 2.509
93.07276 2.861
93.07683 2.674
93.08090 2.298
93.08497 2.486
93.08904 2.416
93.09311 2.791
93.09717 2.228
93.10124 2.603
93.10531 2.744
93.10938 2.322
93.11345 2.134
93.11752 2.251
93.12158 2.181
93.12565 2.322
93.12972 2.838
93.13379 2.650
93.13786 2.720
93.14193 2.251
93.14600 2.275
93.15006 2.416
93.15413 2.345
93.15820 2.978
93.16227 2.087
93.16634 2.486
93.17041 1.993
93.17448 1.876
93.17854 2.791
93.18261 2.439
93.18668 2.134
93.19075 2.627
93.19482 2.439
93.19889 2.392
93.20295 2.392
93.20702 2.392
93.21109 2.603
93.21516 2.627
93.21923 2.650
93.22330 2.439
93.22737 2.744
93.23143 2.486
93.23550 2.251
93.23957 2.369
93.24364 2.298
93.24771 2.486
93.25178 2.275
93.25585 2.040
93.25991 2.369
93.26398 2.158
93.26805 2.486
93.27212 3.002
93.27619 2.650
93.28026 2.767
93.28432 2.087
93.28839 2.955
93.29246 2.322
93.29653 2.322
93.30060 2.298
93.30467 2.627
93.30874 2.345
93.31280 2.556
93.31687 2.627
93.32094 2.462
93.32501 2.439
93.32908 2.158
93.33315 2.298
93.33721 2.533
93.34128 2.838
93.34535 2.533
93.34942 2.720
93.35349 2.251
93.35756 2.322
93.36163 2.767
93.36569 2.580
93.36976 2.462
93.37383 2.697
93.37790 2.556
93.38197 2.650
93.38604 2.697
93.39011 2.134
93.39417 2.744
93.39824 2.345
93.40231 2.697
93.40638 2.556
93.41045 2.814
93.41452 2.205
93.41858 2.509
93.42265 2.556
93.42672 2.627
93.43079 2.462
93.43486 2.978
93.43893 2.462
93.44300 2.275
93.44706 2.369
93.45113 2.298
93.45520 2.275
93.45927 2.580
93.46334 2.627
93.46741 2.439
93.47147 2.486
93.47554 3.166
93.47961 2.369
93.48368 2.416
93.48775 2.627
93.49182 2.205
93.49589 2.416
93.49995 2.697
93.50402 2.040
93.50809 2.674
93.51216 2.486
93.51623 2.486
93.52030 2.674
93.52437 2.955
93.52843 2.580
93.53250 3.002
93.53657 2.322
93.54064 2.791
93.54471 2.322
93.54878 2.439
93.55284 3.049
93.55691 2.486
93.56098 2.674
93.56505 2.158
93.56912 2.251
93.57319 2.744
93.57726 2.533
93.58132 2.978
93.58539 2.275
93.58946 2.462
93.59353 2.697
93.59760 2.720
93.60167 2.580
93.60574 2.462
93.60980 2.885
93.61387 2.345
93.61794 2.814
93.62201 2.697
93.62608 2.533
93.63015 3.002
93.63421 2.838
93.63828 2.322
93.64235 2.885
93.64642 2.744
93.65049 2.744
93.65456 2.486
93.65863 3.049
93.66269 2.767
93.66676 2.908
93.67083 2.814
93.67490 2.228
93.67897 2.556
93.68304 2.744
93.68710 2.298
93.69117 2.697
93.69524 2.181
93.69931 2.533
93.70338 2.861
93.70745 2.322
93.71152 2.720
93.71558 2.720
93.71965 2.791
93.72372 2.345
93.72779 2.462
93.73186 2.322
93.73593 2.416
93.74000 3.002
93.74406 2.416
93.74813 2.556
93.75220 2.275
93.75627 2.298
93.76034 2.627
93.76441 2.955
93.76847 2.861
93.77254 2.861
93.77661 2.814
93.78068 2.861
93.78475 2.720
93.78882 2.838
93.79289 2.955
93.79695 3.119
93.80102 3.213
93.80509 2.580
93.80916 2.767
93.81323 3.119
93.81730 3.049
93.82137 2.533
93.82543 2.861
93.82950 2.814
93.83357 2.720
93.83764 2.767
93.84171 2.392
93.84578 2.462
93.84984 2.932
93.85391 2.908
93.85798 2.744
93.86205 2.674
93.86612 2.932
93.87019 3.049
93.87426 2.814
93.87832 2.861
93.88239 2.932
93.88646 2.861
93.89053 3.025
93.89460 2.697
93.89867 2.744
93.90273 2.885
93.90680 3.283
93.91087 2.861
93.91494 2.978
93.91901 2.462
93.92308 3.025
93.92715 3.236
93.93121 2.814
93.93528 3.143
93.93935 3.049
93.94342 3.260
93.94749 3.072
93.95156 2.650
93.95563 3.002
93.95969 2.978
93.96376 2.697
93.96783 2.556
93.97190 3.143
93.97597 2.814
93.98004 3.096
93.98410 3.377
93.98817 3.354
93.99224 3.119
93.99631 2.814
94.00038 3.283
94.00445 2.908
94.00852 3.143
94.01258 3.213
94.01665 3.307
94.02072 3.401
94.02479 3.447
94.02886 3.799
94.03293 3.588
94.03700 3.588
94.04106 3.260
94.04513 3.213
94.04920 3.236
94.05327 3.283
94.05734 3.166
94.06141 3.682
94.06547 3.025
94.06954 3.518
94.07361 3.330
94.07768 3.752
94.08175 2.932
94.08582 3.377
94.08989 3.260
94.09395 3.424
94.09802 4.010
94.10209 4.057
94.10616 2.838
94.11023 3.799
94.11430 3.377
94.11836 3.541
94.12243 2.791
94.12650 3.588
94.13057 3.354
94.13464 3.166
94.13871 3.987
94.14278 3.354
94.14684 4.010
94.15091 3.518
94.15498 3.565
94.15905 3.612
94.16312 4.081
94.16719 3.330
94.17126 3.870
94.17532 3.565
94.17939 3.260
94.18346 3.471
94.18753 3.729
94.19160 3.447
94.19567 3.494
94.19973 4.010
94.20380 3.659
94.20787 4.034
94.21194 3.518
94.21601 3.846
94.22008 3.940
94.22415 3.518
94.22821 3.870
94.23228 3.940
94.23635 3.705
94.24042 3.823
94.24449 3.846
94.24856 3.987
94.25262 3.565
94.25669 4.292
94.26076 4.245
94.26483 3.846
94.26890 4.081
94.27297 3.987
94.27704 4.339
94.28110 3.143
94.28517 3.963
94.28924 3.963
94.29331 4.362
94.29738 3.823
94.30145 4.690
94.30552 4.104
94.30958 4.245
94.31365 4.268
94.31772 4.550
94.32179 5.183
94.32586 4.573
94.32993 4.972
94.33399 4.808
94.33806 4.386
94.34213 4.526
94.34620 4.268
94.35027 4.245
94.35434 4.667
94.35841 4.456
94.36247 4.972
94.36654 4.667
94.37061 4.620
94.37468 4.855
94.37875 4.386
94.38282 4.432
94.38689 4.808
94.39095 4.737
94.39502 4.737
94.39909 4.667
94.40316 4.644
94.40723 5.042
94.41130 5.159
94.41536 4.925
94.41943 5.347
94.42350 5.113
94.42757 4.550
94.43164 4.690
94.43571 4.057
94.43978 4.526
94.44384 4.737
94.44791 4.597
94.45198 4.995
94.45605 4.503
94.46012 4.925
94.46419 4.409
94.46825 5.394
94.47232 4.737
94.47639 5.042
94.48046 4.808
94.48453 5.019
94.48860 5.488
94.49267 5.066
94.49673 5.136
94.50080 5.019
94.50487 4.737
94.50894 5.535
94.51301 4.878
94.51708 4.737
94.52115 4.784
94.52521 4.995
94.52928 4.948
94.53335 4.761
94.53742 4.784
94.54149 4.761
94.54556 5.277
94.54962 4.902
94.55369 4.690
94.55776 5.206
94.56183 4.503
94.56590 5.019
94.56997 4.550
94.57404 4.690
94.57810 5.089
94.58217 5.300
94.58624 4.855
94.59031 5.605
94.59438 4.737
94.59845 5.066
94.60252 5.042
94.60658 4.174
94.61065 4.503
94.61472 4.292
94.61879 4.761
94.62286 4.174
94.62693 4.503
94.63099 4.690
94.63506 5.113
94.63913 4.198
94.64320 4.292
94.64727 4.620
94.65134 4.268
94.65541 5.113
94.65947 4.245
94.66354 4.034
94.66761 4.268
94.67168 4.081
94.67575 4.714
94.67982 4.737
94.68388 4.128
94.68795 4.292
94.69202 4.409
94.69609 4.339
94.70016 4.198
94.70423 4.644
94.70830 4.573
94.71236 4.479
94.71643 4.104
94.72050 4.128
94.72457 3.846
94.72864 4.784
94.73271 4.667
94.73678 3.705
94.74084 4.292
94.74491 4.128
94.74898 4.456
94.75305 4.784
94.75712 3.823
94.76119 3.917
94.76525 3.940
94.76932 4.432
94.77339 3.776
94.77746 3.682
94.78153 4.034
94.78560 4.362
94.78967 3.987
94.79373 3.799
94.79780 3.987
94.80187 3.682
94.80594 4.268
94.81001 4.081
94.81408 4.503
94.81815 4.221
94.82221 4.315
94.82628 3.541
94.83035 3.870
94.83442 3.917
94.83849 4.221
94.84256 3.752
94.84662 3.799
94.85069 3.260
94.85476 3.541
94.85883 4.174
94.86290 3.612
94.86697 3.846
94.87104 4.128
94.87510 3.799
94.87917 3.705
94.88324 4.198
94.88731 3.776
94.89138 3.307
94.89545 3.588
94.89951 3.752
94.90358 3.659
94.90765 3.823
94.91172 3.471
94.91579 4.081
94.91986 3.424
94.92393 3.283
94.92799 3.635
94.93206 3.518
94.93613 3.963
94.94020 3.588
94.94427 3.729
94.94834 3.659
94.95241 3.260
94.95647 3.471
94.96054 3.260
94.96461 3.705
94.96868 3.401
94.97275 4.128
94.97682 3.518
94.98088 3.612
94.98495 3.729
94.98902 3.424
94.99309 3.307
94.99716 3.518
95.00123 2.978
95.00530 3.565
95.00936 3.612
95.01343 3.635
95.01750 3.424
95.02157 3.471
95.02564 2.932
95.02971 3.471
95.03377 3.565
95.03784 3.518
95.04191 3.166
95.04598 3.377
95.05005 3.330
95.05412 3.307
95.05819 3.213
95.06225 3.213
95.06632 3.354
95.07039 3.213
95.07446 2.885
95.07853 2.978
95.08260 2.978
95.08667 3.025
95.09073 3.143
95.09480 3.189
95.09887 3.166
95.10294 3.447
95.10701 3.025
95.11108 3.096
95.11514 3.166
95.11921 3.330
95.12328 3.565
95.12735 3.612
95.13142 3.189
95.13549 3.283
95.13956 3.401
95.14362 3.236
95.14769 3.682
95.15176 3.659
95.15583 3.236
95.15990 3.096
95.16397 3.518
95.16804 3.917
95.17210 3.776
95.17617 3.565
95.18024 3.471
95.18431 3.799
95.18838 3.447
95.19245 3.330
95.19651 4.128
95.20058 4.128
95.20465 3.893
95.20872 3.494
95.21279 3.987
95.21686 3.401
95.22093 3.870
95.22499 3.917
95.22906 4.104
95.23313 4.432
95.23720 4.339
95.24127 3.752
95.24534 3.823
95.24940 4.221
95.25347 4.432
95.25754 4.503
95.26161 4.995
95.26568 4.268
95.26975 4.268
95.27382 4.808
95.27788 4.292
95.28195 5.206
95.28602 4.948
95.29009 4.808
95.29416 5.113
95.29823 5.769
95.30230 5.042
95.30636 5.417
95.31043 4.714
95.31450 5.113
95.31857 4.292
95.32264 5.113
95.32671 4.503
95.33077 4.597
95.33484 5.371
95.33891 5.159
95.34298 5.652
95.34705 5.535
95.35112 5.441
95.35519 4.925
95.35925 5.019
95.36332 4.948
95.36739 4.784
95.37146 5.206
95.37553 4.362
95.37960 4.573
95.38367 4.855
95.38773 4.151
95.39180 4.644
95.39587 4.339
95.39994 3.659
95.40401 4.386
95.40808 4.174
95.41214 4.128
95.41621 3.635
95.42028 4.151
95.42435 4.057
95.42842 3.166
95.43249 3.776
95.43656 3.096
95.44062 3.846
95.44469 3.917
95.44876 3.752
95.45283 3.870
95.45690 3.752
95.46097 3.635
95.46503 3.330
95.46910 3.072
95.47317 3.612
95.47724 3.354
95.48131 3.705
95.48538 3.189
95.48945 3.846
95.49351 3.049
95.49758 3.330
95.50165 3.260
95.50572 3.846
95.50979 3.518
95.51386 3.143
95.51793 3.893
95.52199 3.518
95.52606 3.283
95.53013 3.447
95.53420 3.354
95.53827 3.283
95.54234 3.377
95.54640 2.955
95.55047 3.471
95.55454 3.424
95.55861 3.494
95.56268 3.776
95.56675 3.588
95.57082 3.307
95.57488 3.729
95.57895 3.494
95.58302 3.659
95.58709 4.128
95.59116 3.377
95.59523 3.612
95.59930 4.151
95.60336 3.659
95.60743 3.846
95.61150 3.565
95.61557 4.362
95.61964 3.588
95.62371 3.870
95.62777 3.612
95.63184 4.081
95.63591 4.057
95.63998 4.315
95.64405 3.893
95.64812 3.870
95.65219 4.151
95.65625 3.729
95.66032 3.565
95.66439 4.151
95.66846 4.221
95.67253 4.034
95.67660 4.479
95.68066 3.823
95.68473 4.432
95.68880 3.471
95.69287 3.354
95.69694 3.377
95.70101 3.401
95.70508 3.588
95.70914 3.401
95.71321 3.072
95.71728 3.119
95.72135 2.908
95.72542 2.932
95.72949 3.354
95.73356 3.307
95.73762 3.494
95.74169 2.955
95.74576 3.260
95.74983 2.744
95.75390 2.932
95.75797 2.838
95.76203 2.744
95.76610 2.791
95.77017 3.025
95.77424 2.720
95.77831 2.978
95.78238 2.580
95.78645 2.674
95.79051 2.627
95.79458 2.556
95.79865 2.767
95.80272 3.236
95.80679 2.791
95.81086 2.908
95.81493 2.674
95.81899 2.814
95.82306 2.932
95.82713 2.814
95.83120 2.814
95.83527 3.096
95.83934 2.861
95.84340 2.885
95.84747 2.814
95.85154 2.439
95.85561 2.486
95.85968 2.627
95.86375 3.189
95.86782 2.556
95.87188 2.861
95.87595 2.720
95.88002 2.509
95.88409 2.697
95.88816 2.509
95.89223 2.533
95.89629 2.650
95.90036 2.275
95.90443 2.697
95.90850 2.744
95.91257 2.908
95.91664 2.275
95.92071 2.509
95.92477 2.462
95.92884 2.603
95.93291 2.509
95.93698 2.814
95.94105 2.064
95.94512 2.275
95.94919 2.111
95.95325 2.932
95.95732 2.580
95.96139 2.251
95.96546 2.369
95.96953 2.322
95.97360 2.416
95.97766 2.603
95.98173 2.275
95.98580 2.275
95.98987 2.251
95.99394 2.462
95.99801 2.369
96.00208 2.392
96.00614 2.298
96.01021 2.251
96.01428 2.439
96.01835 2.322
96.02242 2.369
96.02649 2.392
96.03055 2.580
96.03462 2.767
96.03869 2.251
96.04276 2.392
96.04683 2.556
96.05090 2.439
96.05497 2.111
96.05903 2.814
96.06310 2.838
96.06717 2.674
96.07124 2.908
96.07531 2.439
96.07938 2.814
96.08345 2.533
96.08751 2.580
96.09158 1.947
96.09565 2.275
96.09972 2.275
96.10379 2.251
96.10786 2.322
96.11192 2.580
96.11599 2.439
96.12006 2.556
96.12413 2.509
96.12820 2.533
96.13227 2.650
96.13634 2.720
96.14040 2.345
96.14447 2.838
96.14854 2.627
96.15261 1.923
96.15668 2.767
96.16075 2.228
96.16482 2.369
96.16888 2.580
96.17295 2.580
96.17702 2.251
96.18109 2.111
96.18516 2.462
96.18923 2.416
96.19329 2.392
96.19736 2.767
96.20143 2.509
96.20550 1.970
96.20957 2.345
96.21364 2.322
96.21771 2.462
96.22177 2.509
96.22584 2.580
96.22991 2.580
96.23398 1.993
96.23805 2.439
96.24212 2.486
96.24618 2.345
96.25025 2.674
96.25432 1.923
96.25839 2.509
96.26246 2.205
96.26653 2.392
96.27060 2.345
96.27466 2.322
96.27873 2.556
96.28280 2.158
96.28687 2.462
96.29094 2.556
96.29501 2.275
96.29908 2.064
96.30314 2.580
96.30721 2.674
96.31128 2.838
96.31535 2.298
96.31942 2.181
96.32349 2.392
96.32755 2.111
96.33162 2.486
96.33569 2.275
96.33976 2.322
96.34383 2.251
96.34790 2.251
96.35197 1.970
96.35603 2.791
96.36010 2.369
96.36417 2.275
96.36824 2.462
96.37231 2.251
96.37638 2.064
96.38045 2.603
96.38451 2.838
96.38858 2.369
96.39265 1.735
96.39672 2.392
96.40079 2.392
96.40486 2.087
96.40892 2.580
96.41299 2.627
96.41706 2.392
96.42113 2.439
96.42520 2.205
96.42927 2.462
96.43334 2.064
96.43740 2.345
96.44147 2.627
96.44554 2.744
96.44961 2.674
96.45368 2.509
96.45775 2.791
96.46181 2.111
96.46588 2.181
96.46995 2.392
96.47402 1.993
96.47809 2.228
96.48216 2.580
96.48623 2.556
96.49029 2.439
96.49436 2.462
96.49843 2.322
96.50250 2.369
96.50657 2.392
96.51064 2.345
96.51471 2.603
96.51877 2.298
96.52284 2.392
96.52691 2.087
96.53098 2.978
96.53505 2.556
96.53912 2.462
96.54318 2.322
96.54725 2.251
96.55132 2.533
96.55539 2.509
96.55946 1.993
96.56353 2.439
96.56760 2.322
96.57166 2.181
96.57573 2.181
96.57980 2.134
96.58387 2.275
96.58794 2.486
96.59201 2.486
96.59608 2.181
96.60014 2.814
96.60421 2.369
96.60828 2.228
96.61235 2.462
96.61642 2.392
96.62049 2.509
96.62455 2.298
96.62862 2.416
96.63269 2.345
96.63676 2.205
96.64083 2.650
96.64490 2.439
96.64897 2.462
96.65303 2.392
96.65710 2.087
96.66117 2.111
96.66524 2.650
96.66931 2.205
96.67338 2.158
96.67744 2.322
96.68151 2.486
96.68558 2.322
96.68965 2.627
96.69372 2.251
96.69779 2.275
96.70186 2.580
96.70592 2.087
96.70999 2.509
96.71406 1.947
96.71813 2.674
96.72220 2.697
96.72627 2.416
96.73034 2.580
96.73440 1.923
96.73847 2.345
96.74254 2.392
96.74661 2.392
96.75068 2.767
96.75475 2.322
96.75881 2.674
96.76288 2.486
96.76695 2.251
96.77102 2.345
96.77509 2.509
96.77916 2.556
96.78323 2.251
96.78729 2.205
96.79136 2.462
96.79543 2.322
96.79950 2.392
96.80357 2.720
96.80764 2.439
96.81170 2.627
96.81577 2.345
96.81984 2.251
96.82391 2.674
96.82798 2.275
96.83205 2.017
96.83612 2.674
96.84018 2.017
96.84425 2.533
96.84832 2.533
96.85239 2.486
96.85646 2.462
96.86053 2.369
96.86460 2.462
96.86866 2.462
96.87273 2.462
96.87680 2.228
96.88087 2.134
96.88494 2.509
96.88901 2.791
96.89307 2.369
96.89714 2.251
96.90121 2.556
96.90528 2.627
96.90935 2.369
96.91342 2.017
96.91749 2.322
96.92155 2.509
96.92562 2.158
96.92969 2.087
96.93376 2.322
96.93783 2.533
96.94190 2.580
96.94597 2.439
96.95003 2.650
96.95410 2.275
96.95817 2.697
96.96224 2.369
96.96631 2.533
96.97038 2.181
96.97444 1.923
96.97851 2.275
96.98258 2.134
96.98665 2.603
96.99072 2.955
96.99479 2.158
96.99886 2.017
97.00292 2.298
97.00699 2.134
97.01106 2.838
97.01513 2.392
97.01920 2.322
97.02327 2.580
97.02733 2.369
97.03140 2.744
97.03547 2.251
97.03954 2.744
97.04361 2.298
97.04768 2.674
97.05175 2.111
97.05581 2.087
97.05988 2.486
97.06395 2.650
97.06802 2.275
97.07209 2.345
97.07616 2.181
97.08023 2.533
97.08429 1.923
97.08836 2.064
97.09243 2.087
97.09650 2.275
97.10057 2.416
97.10464 2.251
97.10870 2.697
97.11277 1.876
97.11684 2.416
97.12091 2.275
97.12498 2.228
97.12905 2.697
97.13312 2.345
97.13718 2.674
97.14125 2.556
97.14532 2.017
97.14939 2.416
97.15346 1.993
97.15753 2.158
97.16160 2.486
97.16566 2.580
97.16973 1.947
97.17380 2.345
97.17787 2.345
97.18194 2.322
97.18601 2.462
97.19007 2.228
97.19414 2.345
97.19821 2.275
97.20228 2.228
97.20635 2.205
97.21042 1.853
97.21449 2.462
97.21855 2.345
97.22262 2.111
97.22669 2.275
97.23076 2.462
97.23483 2.298
97.23890 2.298
97.24296 2.275
97.24703 2.369
97.25110 2.627
97.25517 2.439
97.25924 2.017
97.26331 2.533
97.26738 2.275
97.27144 2.369
97.27551 2.369
97.27958 2.158
97.28365 2.087
97.28772 2.533
97.29179 2.650
97.29586 2.369
97.29992 2.228
97.30399 2.416
97.30806 1.947
97.31213 2.580
97.31620 2.205
97.32027 2.040
97.32433 2.462
97.32840 2.556
97.33247 2.392
97.33654 2.064
97.34061 2.509
97.34468 2.462
97.34875 2.674
97.35281 2.298
97.35688 2.392
97.36095 2.392
97.36502 2.369
97.36909 2.205
97.37316 2.720
97.37723 2.205
97.38129 2.533
97.38536 2.416
97.38943 2.298
97.39350 2.134
97.39757 2.345
97.40164 2.345
97.40570 2.439
97.40977 2.134
97.41384 2.369
97.41791 1.876
97.42198 2.345
97.42605 2.040
97.43012 2.580
97.43418 2.697
97.43825 2.251
97.44232 2.111
97.44639 2.439
97.45046 1.970
97.45453 2.064
97.45859 2.603
97.46266 2.509
97.46673 2.298
97.47080 2.533
97.47487 2.322
97.47894 2.603
97.48301 2.298
97.48707 2.861
97.49114 2.392
97.49521 2.650
97.49928 2.439
97.50335 2.439
97.50742 2.087
97.51149 2.251
97.51555 2.533
97.51962 2.369
97.52369 2.486
97.52776 2.556
97.53183 2.885
97.53590 2.462
97.53996 2.087
97.54403 2.439
97.54810 2.533
97.55217 2.040
97.55624 2.462
97.56031 2.298
97.56438 2.533
97.56844 2.181
97.57251 2.275
97.57658 1.876
97.58065 2.462
97.58472 2.416
97.58879 2.556
97.59285 2.462
97.59692 2.462
97.60099 2.158
97.60506 1.947
97.60913 1.923
97.61320 2.580
97.61727 2.322
97.62133 2.439
97.62540 2.533
97.62947 2.392
97.63354 2.533
97.63761 2.251
97.64168 2.439
97.64575 2.064
97.64981 2.322
97.65388 2.674
97.65795 2.416
97.66202 2.767
97.66609 2.720
97.67016 2.064
97.67422 2.462
97.67829 2.087
97.68236 2.369
97.68643 2.439
97.69050 2.697
97.69457 2.650
97.69864 2.205
97.70270 2.111
97.70677 2.322
97.71084 1.947
97.71491 2.603
97.71898 2.416
97.72305 2.486
97.72712 2.720
97.73118 2.392
97.73525 2.064
97.73932 2.486
97.74339 2.580
97.74746 2.158
97.75153 2.205
97.75559 2.580
97.75966 2.439
97.76373 2.181
97.76780 2.650
97.77187 2.181
97.77594 2.416
97.78001 2.322
97.78407 2.509
97.78814 1.970
97.79221 2.462
97.79628 2.017
97.80035 2.087
97.80442 2.228
97.80848 2.251
97.81255 2.509
97.81662 2.251
97.82069 2.275
97.82476 2.298
97.82883 2.462
97.83290 1.970
97.83696 2.627
97.84103 2.228
97.84510 2.275
97.84917 2.439
97.85324 2.416
97.85731 2.087
97.86138 2.275
97.86544 2.251
97.86951 1.900
97.87358 2.369
97.87765 2.556
97.88172 1.735
97.88579 1.947
97.88985 2.486
97.89392 2.392
97.89799 2.087
97.90206 2.040
97.90613 1.993
97.91020 2.416
97.91427 2.251
97.91833 2.580
97.92240 2.205
97.92647 2.908
97.93054 2.486
97.93461 2.416
97.93868 1.876
97.94275 2.533
97.94681 2.767
97.95088 2.298
97.95495 1.993
97.95902 2.650
97.96309 2.580
97.96716 2.486
97.97122 2.674
97.97529 2.697
97.97936 2.439
97.98343 2.251
97.98750 2.322
97.99157 1.970
97.99564 2.040
97.99970 2.392
98.00377 2.251
98.00784 2.298
98.01191 2.369
98.01598 2.251
98.02005 2.908
98.02411 2.369
98.02818 2.627
98.03225 2.439
98.03632 2.416
98.04039 2.087
98.04446 2.627
98.04853 2.697
98.05259 2.767
98.05666 2.040
98.06073 2.087
98.06480 2.486
98.06887 2.275
98.07294 2.369
98.07701 2.251
98.08107 2.416
98.08514 1.876
98.08921 2.228
98.09328 2.627
98.09735 2.298
98.10142 2.087
98.10548 2.462
98.10955 2.064
98.11362 2.345
98.11769 2.322
98.12176 2.533
98.12583 2.767
98.12990 2.369
98.13396 1.853
98.13803 2.134
98.14210 2.627
98.14617 2.674
98.15024 2.040
98.15431 2.838
98.15838 2.767
98.16244 2.416
98.16651 2.439
98.17058 2.533
98.17465 2.767
98.17872 2.345
98.18279 2.064
98.18685 2.322
98.19092 2.205
98.19499 2.134
98.19906 1.853
98.20313 2.345
98.20720 2.392
98.21127 2.064
98.21533 2.369
98.21940 2.416
98.22347 2.674
98.22754 2.298
98.23161 2.369
98.23568 2.416
98.23974 2.251
98.24381 2.251
98.24788 2.369
98.25195 1.782
98.25602 2.580
98.26009 2.439
98.26416 2.111
98.26822 2.392
98.27229 2.486
98.27636 2.533
98.28043 2.298
98.28450 2.322
98.28857 1.993
98.29264 2.439
98.29670 2.322
98.30077 2.556
98.30484 2.650
98.30891 2.556
98.31298 2.627
98.31705 2.439
98.32111 2.134
98.32518 2.697
98.32925 2.369
98.33332 2.345
98.33739 2.814
98.34146 2.228
98.34553 3.119
98.34959 2.533
98.35366 2.322
98.35773 2.251
98.36180 2.298
98.36587 2.580
98.36994 2.767
98.37401 2.509
98.37807 2.345
98.38214 2.251
98.38621 2.298
98.39028 2.650
98.39435 2.744
98.39842 2.228
98.40248 2.627
98.40655 2.158
98.41062 2.064
98.41469 2.087
98.41876 2.345
98.42283 2.087
98.42690 2.064
98.43096 1.970
98.43503 2.416
98.43910 2.462
98.44317 2.744
98.44724 2.251
98.45131 2.369
98.45537 2.205
98.45944 2.205
98.46351 2.111
98.46758 2.533
98.47165 2.228
98.47572 2.392
98.47979 2.392
98.48385 2.322
98.48792 2.439
98.49199 2.322
98.49606 2.251
98.50013 2.228
98.50420 2.697
98.50827 2.674
98.51233 2.439
98.51640 2.228
98.52047 2.298
98.52454 2.345
98.52861 2.181
98.53268 2.556
98.53674 1.970
98.54081 1.923
98.54488 2.158
98.54895 1.876
98.55302 2.064
98.55709 2.674
98.56116 2.181
98.56522 2.205
98.56929 2.650
98.57336 2.345
98.57743 2.181
98.58150 2.369
98.58557 2.322
98.58963 2.486
98.59370 2.744
98.59777 2.744
98.60184 2.627
98.60591 2.486
98.60998 2.369
98.61405 2.134
98.61811 2.439
98.62218 2.369
98.62625 2.298
98.63032 2.205
98.63439 2.322
98.63846 2.017
98.64253 2.251
98.64659 2.439
98.65066 2.017
98.65473 2.369
98.65880 2.392
98.66287 2.861
98.66694 2.978
98.67100 2.720
98.67507 2.181
98.67914 2.111
98.68321 2.251
98.68728 2.064
98.69135 2.181
98.69542 2.111
98.69948 2.439
98.70355 2.533
98.70762 2.181
98.71169 2.462
98.71576 2.533
98.71983 2.744
98.72390 2.533
98.72796 2.627
98.73203 1.993
98.73610 2.064
98.74017 1.735
98.74424 2.674
98.74831 2.251
98.75237 2.228
98.75644 2.345
98.76051 2.275
98.76458 2.134
98.76865 2.627
98.77272 1.947
98.77679 2.838
98.78085 2.369
98.78492 2.158
98.78899 2.462
98.79306 2.533
98.79713 2.275
98.80120 2.580
98.80526 2.650
98.80933 2.181
98.81340 2.720
98.81747 2.486
98.82154 2.087
98.82561 2.322
98.82968 2.791
98.83374 2.205
98.83781 2.462
98.84188 1.923
98.84595 2.392
98.85002 2.298
98.85409 2.345
98.85816 2.603
98.86222 2.603
98.86629 2.111
98.87036 2.228
98.87443 2.392
98.87850 2.017
98.88257 2.181
98.88663 2.345
98.89070 2.181
98.89477 2.580
98.89884 2.462
98.90291 2.533
98.90698 2.134
98.91105 2.298
98.91511 2.205
98.91918 2.392
98.92325 2.462
98.92732 1.923
98.93139 2.205
98.93546 2.486
98.93953 2.627
98.94359 2.134
98.94766 2.416
98.95173 2.064
98.95580 2.158
98.95987 2.392
98.96394 2.486
98.96800 2.087
98.97207 2.509
98.97614 2.580
98.98021 2.181
98.98428 2.322
98.98835 2.345
98.99242 2.416
98.99648 2.462
99.00055 2.369
99.00462 2.580
99.00869 2.251
99.01276 2.298
99.01683 2.087
99.02089 2.040
99.02496 2.322
99.02903 2.462
99.03310 2.111
99.03717 2.674
99.04124 2.064
99.04531 1.923
99.04937 2.416
99.05344 2.251
99.05751 2.345
99.06158 2.533
99.06565 2.228
99.06972 2.111
99.07379 2.603
99.07785 2.251
99.08192 2.533
99.08599 2.251
99.09006 2.462
99.09413 2.533
99.09820 2.345
99.10226 2.064
99.10633 2.111
99.11040 2.298
99.11447 2.111
99.11854 2.697
99.12261 2.205
99.12668 2.134
99.13074 2.767
99.13481 2.345
99.13888 1.806
99.14295 2.275
99.14702 2.486
99.15109 2.908
99.15516 2.462
99.15922 2.228
99.16329 2.251
99.16736 2.369
99.17143 2.017
99.17550 2.533
99.17957 2.486
99.18363 2.369
99.18770 2.416
99.19177 2.486
99.19584 2.439
99.19991 2.064
99.20398 2.251
99.20805 2.322
99.21211 2.486
99.21618 2.134
99.22025 2.767
99.22432 2.087
99.22839 2.064
99.23246 2.064
99.23652 2.345
99.24059 2.298
99.24466 2.486
99.24873 2.275
99.25280 1.947
99.25687 2.181
99.26094 2.439
99.26500 2.627
99.26907 2.369
99.27314 2.556
99.27721 2.345
99.28128 2.134
99.28535 2.556
99.28942 2.298
99.29348 2.439
99.29755 2.087
99.30162 2.111
99.30569 2.580
99.30976 2.533
99.31383 2.439
99.31789 2.345
99.32196 2.603
99.32603 2.580
99.33010 2.556
99.33417 2.158
99.33824 2.697
99.34231 2.251
99.34637 2.486
99.35044 2.205
99.35451 1.970
99.35858 2.298
99.36265 2.486
99.36672 2.298
99.37078 2.111
99.37485 2.533
99.37892 2.345
99.38299 2.439
99.38706 2.580
99.39113 2.697
99.39520 2.486
99.39926 2.416
99.40333 2.556
99.40740 2.322
99.41147 2.017
99.41554 2.134
99.41961 1.970
99.42368 2.392
99.42774 2.627
99.43181 2.298
99.43588 2.369
99.43995 1.947
99.44402 2.298
99.44809 1.759
99.45215 2.650
99.45622 2.345
99.46029 2.533
99.46436 1.993
99.46843 2.603
99.47250 2.181
99.47657 2.228
99.48063 2.345
99.48470 2.134
99.48877 2.181
99.49284 2.017
99.49691 2.439
99.50098 2.275
99.50505 2.603
99.50911 2.580
99.51318 2.955
99.51725 2.744
99.52132 2.439
99.52539 2.697
99.52946 2.181
99.53352 2.580
99.53759 2.345
99.54166 1.993
99.54573 2.674
99.54980 2.486
99.55387 2.603
99.55794 2.533
99.56200 2.486
99.56607 2.345
99.57014 2.767
99.57421 2.533
99.57828 2.650
99.58235 2.251
99.58641 2.486
99.59048 2.416
99.59455 2.603
99.59862 1.993
99.60269 2.744
99.60676 3.025
99.61083 2.158
99.61489 2.017
99.61896 2.369
99.62303 2.251
99.62710 2.158
99.63117 2.369
99.63524 2.392
99.63931 2.087
99.64337 2.040
99.64744 2.556
99.65151 2.251
99.65558 2.087
99.65965 2.767
99.66372 2.439
99.66778 2.580
99.67185 2.228
99.67592 2.416
99.67999 2.369
99.68406 2.181
99.68813 2.533
99.69220 2.416
99.69626 2.134
99.70033 2.556
99.70440 2.791
99.70847 2.416
99.71254 2.509
99.71661 2.556
99.72068 2.205
99.72474 2.322
99.72881 2.251
99.73288 2.134
99.73695 2.603
99.74102 2.486
99.74509 2.861
99.74915 2.486
99.75322 1.970
99.75729 2.040
99.76136 2.345
99.76543 1.993
99.76950 2.322
99.77357 2.298
99.77763 2.744
99.78170 2.228
99.78577 2.486
99.78984 2.674
99.79391 2.392
99.79798 2.462
99.80204 2.111
99.80611 2.580
99.81018 2.298
99.81425 2.462
99.81832 2.275
99.82239 2.064
99.82646 2.580
99.83052 1.735
99.83459 2.064
99.83866 2.509
99.84273 2.580
99.84680 1.993
99.85087 2.416
99.85494 2.580
99.85900 2.439
99.86307 2.462
99.86714 2.251
99.87121 2.580
99.87528 2.416
99.87935 2.392
99.88341 2.064
99.88748 2.158
99.89155 2.040
99.89562 2.462
99.89969 2.392
99.90376 2.369
99.90783 2.674
99.91189 2.650
99.91596 2.322
99.92003 2.439
99.92410 2.275
99.92817 2.181
99.93224 2.064
99.93631 2.158
99.94037 2.462
99.94444 2.322
99.94851 2.580
99.95258 2.416
99.95665 2.228
99.96072 2.486
99.96478 2.908
99.96885 2.158
99.97292 2.744
99.97699 2.509
99.98106 2.181
99.98513 2.416
99.98920 2.439
99.99326 2.322
99.99733 2.275
100.00140 2.439
100.00547 1.759
100.00954 2.697
100.01361 2.932
100.01767 2.369
100.02174 2.205
100.02581 2.392
100.02988 2.275
100.03395 2.697
100.03802 2.322
100.04209 1.993
100.04615 2.369
100.05022 1.993
100.05429 2.158
100.05836 2.087
100.06243 2.298
100.06650 2.275
100.07057 2.298
100.07463 2.416
100.07870 2.674
100.08277 2.369
100.08684 2.251
100.09091 2.228
100.09498 2.134
100.09904 2.275
100.10311 2.462
100.10718 2.134
100.11125 1.970
100.11532 2.416
100.11939 2.486
100.12346 2.791
100.12752 2.392
100.13159 2.134
100.13566 2.603
100.13973 2.111
100.14380 2.580
100.14787 1.853
100.15193 2.205
100.15600 2.369
100.16007 2.369
100.16414 2.603
100.16821 2.111
100.17228 2.345
100.17635 2.298
100.18041 2.580
100.18448 2.345
100.18855 2.439
100.19262 2.416
100.19669 2.064
100.20076 2.627
100.20483 2.087
100.20889 2.298
100.21296 2.885
100.21703 2.650
100.22110 2.439
100.22517 2.556
100.22924 2.345
100.23330 2.627
100.23737 2.322
100.24144 2.533
100.24551 2.228
100.24958 2.275
100.25365 2.322
100.25772 2.158
100.26178 2.392
100.26585 2.533
100.26992 2.697
100.27399 2.345
100.27806 2.369
100.28213 2.205
100.28620 2.439
100.29026 2.298
100.29433 2.744
100.29840 2.298
100.30247 2.017
100.30654 2.369
100.31061 2.416
100.31467 2.205
100.31874 2.251
100.32281 2.158
100.32688 2.650
100.33095 2.345
100.33502 2.322
100.33909 2.650
100.34315 2.181
100.34722 2.603
100.35129 2.158
100.35536 2.228
100.35943 2.486
100.36350 1.970
100.36756 2.439
100.37163 2.439
100.37570 2.181
100.37977 2.181
100.38384 2.275
100.38791 2.322
100.39198 1.970
100.39604 2.627
100.40011 2.275
100.40418 2.298
100.40825 2.416
100.41232 2.439
100.41639 2.205
100.42046 2.275
100.42452 2.181
100.42859 2.556
100.43266 2.251
100.43673 2.251
100.44080 2.275
100.44487 2.486
100.44893 2.838
100.45300 2.134
100.45707 2.650
100.46114 1.900
100.46521 2.369
100.46928 2.298
100.47335 2.556
100.47741 2.533
100.48148 2.345
100.48555 2.369
100.48962 2.627
100.49369 2.697
100.49776 2.275
100.50183 2.251
100.50589 2.040
100.50996 2.298
100.51403 2.697
100.51810 2.205
100.52217 2.111
100.52624 2.345
100.53030 2.158
100.53437 2.017
100.53844 2.275
100.54251 2.134
100.54658 2.111
100.55065 2.322
100.55472 2.322
100.55878 2.345
100.56285 1.900
100.56692 2.627
100.57099 1.923
100.57506 2.134
100.57913 2.111
100.58319 2.650
100.58726 2.017
100.59133 2.087
100.59540 2.486
100.59947 2.158
100.60354 2.416
100.60761 2.556
100.61167 2.556
100.61574 2.509
100.61981 2.158
100.62388 2.017
100.62795 2.603
100.63202 2.369
100.63609 2.251
100.64015 2.298
100.64422 2.064
100.64829 2.017
100.65236 2.369
100.65643 2.251
100.66050 2.181
100.66456 2.674
100.66863 2.181
100.67270 2.205
100.67677 2.462
100.68084 2.087
100.68491 2.275
100.68898 2.111
100.69304 2.462
100.69711 2.181
100.70118 2.228
100.70525 2.416
100.70932 2.205
100.71339 2.791
100.71746 2.275
100.72152 2.533
100.72559 2.040
100.72966 2.416
100.73373 2.181
100.73780 2.134
100.74187 2.275
100.74593 2.392
100.75000 2.275
100.75407 2.556
100.75814 2.556
100.76221 2.087
100.76628 2.580
100.77035 2.040
100.77441 2.134
100.77848 2.416
100.78255 2.486
100.78662 2.228
100.79069 2.439
100.79476 2.017
100.79882 2.017
100.80289 2.767
100.80696 2.111
100.81103 2.369
100.81510 2.533
100.81917 2.275
100.82324 2.134
100.82730 2.392
100.83137 2.462
100.83544 2.017
100.83951 1.993
100.84358 2.251
100.84765 2.439
100.85172 2.040
100.85578 2.486
100.85985 2.345
100.86392 2.369
100.86799 2.509
100.87206 2.205
100.87613 2.486
100.88019 2.322
100.88426 2.533
100.88833 2.744
100.89240 2.416
100.89647 2.462
100.90054 2.416
100.90461 1.923
100.90867 1.853
100.91274 2.580
100.91681 2.134
100.92088 1.923
100.92495 1.993
100.92902 2.486
100.93308 2.369
100.93715 2.580
100.94122 2.298
100.94529 2.509
100.94936 2.181
100.95343 2.064
100.95750 2.228
100.96156 2.111
100.96563 2.392
100.96970 2.322
100.97377 2.322
100.97784 2.298
100.98191 1.993
100.98598 2.064
100.99004 2.720
100.99411 2.251
100.99818 2.087
101.00225 2.392
101.00632 2.134
101.01039 1.853
101.01445 2.556
101.01852 2.392
101.02259 2.205
101.02666 2.392
101.03073 2.251
101.03480 2.533
101.03887 1.970
101.04293 2.439
101.04700 2.627
101.05107 2.345
101.05514 2.416
101.05921 2.369
101.06328 2.228
101.06735 2.345
101.07141 2.392
101.07548 2.345
101.07955 2.251
101.08362 2.416
101.08769 2.861
101.09176 1.759
101.09582 2.556
101.09989 1.923
101.10396 2.369
101.10803 2.369
101.11210 2.111
101.11617 2.580
101.12024 2.533
101.12430 2.533
101.12837 2.533
101.13244 2.439
101.13651 2.486
101.14058 2.298
101.14465 2.627
101.14871 2.064
101.15278 2.580
101.15685 2.603
101.16092 2.486
101.16499 2.674
101.16906 2.580
101.17313 2.298
101.17719 2.674
101.18126 2.111
101.18533 2.556
101.18940 2.416
101.19347 2.205
101.19754 2.486
101.20161 2.580
101.20567 2.369
101.20974 2.298
101.21381 2.533
101.21788 2.556
101.22195 2.392
101.22602 2.603
101.23008 2.228
101.23415 2.134
101.23822 2.017
101.24229 2.416
101.24636 2.298
101.25043 2.228
101.25450 2.017
101.25856 1.993
101.26263 2.298
101.26670 2.158
101.27077 2.486
101.27484 2.603
101.27891 2.205
101.28298 2.345
101.28704 2.462
101.29111 2.556
101.29518 2.251
101.29925 2.251
101.30332 2.322
101.30739 2.017
101.31145 2.392
101.31552 2.791
101.31959 2.205
101.32366 2.556
101.32773 2.205
101.33180 2.392
101.33587 2.533
101.33993 2.369
101.34400 2.580
101.34807 1.853
101.35214 2.298
101.35621 2.111
101.36028 2.509
101.36434 2.627
101.36841 2.603
101.37248 2.580
101.37655 2.462
101.38062 2.275
101.38469 2.650
101.38876 2.392
101.39282 1.876
101.39689 2.650
101.40096 2.416
101.40503 1.829
101.40910 2.298
101.41317 2.603
101.41724 2.298
101.42130 2.439
101.42537 2.556
101.42944 2.111
101.43351 1.923
101.43758 2.111
101.44165 2.439
101.44571 1.595
101.44978 2.509
101.45385 2.275
101.45792 2.369
101.46199 2.369
101.46606 2.298
101.47013 2.205
101.47419 2.064
101.47826 1.970
101.48233 2.392
101.48640 2.674
101.49047 2.040
101.49454 2.181
101.49861 2.392
101.50267 2.251
101.50674 2.298
101.51081 2.369
101.51488 2.087
101.51895 2.416
101.52302 2.134
101.52708 2.486
101.53115 2.228
101.53522 2.251
101.53929 2.369
101.54336 2.603
101.54743 2.251
101.55150 2.158
101.55556 2.369
101.55963 2.298
101.56370 2.228
101.56777 2.181
101.57184 2.251
101.57591 2.158
101.57997 2.251
101.58404 2.040
101.58811 2.369
101.59218 2.556
101.59625 2.369
101.60032 2.158
101.60439 2.744
101.60845 2.744
101.61252 2.158
101.61659 2.298
101.62066 2.556
101.62473 2.486
101.62880 2.111
101.63287 1.970
101.63693 2.603
101.64100 2.205
101.64507 2.158
101.64914 2.439
101.65321 2.392
101.65728 2.509
101.66134 2.416
101.66541 2.298
101.66948 2.556
101.67355 2.955
101.67762 2.392
101.68169 2.580
101.68576 2.158
101.68982 2.627
101.69389 1.947
101.69796 2.369
101.70203 2.462
101.70610 2.603
101.71017 2.275
101.71424 2.134
101.71830 2.040
101.72237 2.416
101.72644 2.205
101.73051 2.228
101.73458 2.228
101.73865 2.416
101.74271 2.369
101.74678 2.509
101.75085 2.932
101.75492 2.040
101.75899 2.416
101.76306 2.111
101.76713 2.392
101.77119 2.111
101.77526 2.064
101.77933 2.181
101.78340 2.087
101.78747 2.369
101.79154 2.181
101.79560 2.298
101.79967 2.580
101.80374 2.369
101.80781 2.158
101.81188 2.251
101.81595 2.275
101.82002 2.205
101.82408 2.322
101.82815 2.251
101.83222 2.462
101.83629 2.087
101.84036 2.275
101.84443 2.298
101.84850 2.322
101.85256 2.275
101.85663 2.580
101.86070 2.697
101.86477 2.111
101.86884 2.462
101.87291 2.322
101.87697 2.298
101.88104 2.486
101.88511 2.064
101.88918 2.298
101.89325 2.251
101.89732 2.369
101.90139 2.322
101.90545 2.556
101.90952 2.298
101.91359 2.674
101.91766 2.322
101.92173 2.205
101.92580 2.251
101.92986 2.181
101.93393 2.322
101.93800 2.298
101.94207 1.993
101.94614 2.134
101.95021 2.533
101.95428 2.345
101.95834 2.111
101.96241 2.650
101.96648 2.767
101.97055 2.369
101.97462 2.509
101.97869 2.603
101.98276 2.275
101.98682 2.228
101.99089 2.275
101.99496 2.462
101.99903 2.955
102.00310 2.322
102.00717 2.439
102.01123 2.181
102.01530 2.181
102.01937 2.064
102.02344 2.556
102.02751 2.744
102.03158 2.439
102.03565 2.439
102.03971 2.369
102.04378 2.674
102.04785 2.486
102.05192 2.322
102.05599 2.369
102.06006 2.416
102.06413 1.923
102.06819 2.134
102.07226 2.040
102.07633 2.275
102.08040 2.462
102.08447 2.111
102.08854 1.993
102.09260 2.369
102.09667 2.416
102.10074 1.993
102.10481 2.697
102.10888 2.509
102.11295 2.556
102.11702 3.072
102.12108 2.627
102.12515 2.814
102.12922 2.275
102.13329 2.369
102.13736 2.205
102.14143 2.369
102.14549 2.275
102.14956 2.298
102.15363 2.416
102.15770 2.134
102.16177 2.439
102.16584 2.392
102.16991 2.533
102.17397 1.993
102.17804 2.298
102.18211 2.509
102.18618 2.017
102.19025 2.369
102.19432 2.298
102.19839 2.017
102.20245 2.345
102.20652 2.533
102.21059 2.462
102.21466 2.603
102.21873 2.275
102.22280 2.345
102.22686 2.416
102.23093 2.322
102.23500 2.251
102.23907 2.462
102.24314 2.509
102.24721 2.369
102.25128 2.064
102.25534 1.923
102.25941 2.205
102.26348 2.111
102.26755 2.251
102.27162 2.298
102.27569 2.158
102.27976 2.509
102.28382 2.674
102.28789 2.345
102.29196 2.181
102.29603 2.298
102.30010 2.298
102.30417 2.462
102.30823 1.712
102.31230 2.181
102.31637 2.814
102.32044 2.134
102.32451 2.087
102.32858 1.923
102.33265 2.322
102.33671 2.017
102.34078 2.205
102.34485 2.486
102.34892 1.993
102.35299 2.134
102.35706 2.603
102.36112 2.275
102.36519 2.205
102.36926 2.674
102.37333 2.345
102.37740 2.627
102.38147 2.040
102.38554 2.298
102.38960 2.275
102.39367 2.275
102.39774 2.181
102.40181 1.876
102.40588 2.345
102.40995 2.486
102.41402 1.876
102.41808 2.955
102.42215 2.861
102.42622 2.720
102.43029 2.345
102.43436 2.275
102.43843 2.251
102.44249 1.993
102.44656 2.322
102.45063 2.275
102.45470 2.111
102.45877 2.345
102.46284 2.462
102.46691 2.603
102.47097 2.580
102.47504 2.791
102.47911 2.298
102.48318 2.251
102.48725 2.486
102.49132 2.580
102.49539 1.947
102.49945 2.603
102.50352 2.392
102.50759 2.275
102.51166 2.462
102.51573 2.416
102.51980 2.509
102.52386 1.947
102.52793 2.627
102.53200 2.603
102.53607 1.923
102.54014 1.993
102.54421 2.087
102.54828 2.650
102.55234 2.087
102.55641 2.697
102.56048 2.322
102.56455 2.064
102.56862 2.486
102.57269 1.947
102.57675 2.087
102.58082 2.228
102.58489 2.627
102.58896 2.533
102.59303 2.275
102.59710 2.533
102.60117 2.509
102.60523 2.580
102.60930 2.251
102.61337 2.298
102.61744 2.533
102.62151 2.439
102.62558 2.345
102.62965 2.322
102.63371 2.322
102.63778 2.228
102.64185 2.697
102.64592 2.697
102.64999 2.603
102.65406 2.533
102.65812 2.205
102.66219 2.509
102.66626 2.134
102.67033 2.228
102.67440 2.580
102.67847 2.298
102.68254 2.509
102.68660 2.251
102.69067 2.345
102.69474 1.923
102.69881 2.111
102.70288 2.580
102.70695 2.205
102.71101 2.556
102.71508 2.298
102.71915 2.087
102.72322 2.462
102.72729 2.158
102.73136 2.462
102.73543 2.205
102.73949 2.674
102.74356 2.486
102.74763 2.603
102.75170 2.345
102.75577 2.251
102.75984 2.369
102.76391 2.228
102.76797 1.993
102.77204 2.251
102.77611 2.392
102.78018 2.087
102.78425 2.134
102.78832 2.603
102.79238 2.416
102.79645 2.603
102.80052 2.275
102.80459 2.416
102.80866 2.603
102.81273 2.205
102.81680 2.111
102.82086 2.298
102.82493 2.275
102.82900 2.298
102.83307 2.134
102.83714 2.392
102.84121 2.392
102.84528 1.993
102.84934 2.814
102.85341 2.134
102.85748 2.486
102.86155 2.228
102.86562 2.040
102.86969 2.697
102.87375 1.618
102.87782 1.993
102.88189 1.993
102.88596 2.369
102.89003 2.134
102.89410 2.134
102.89817 1.735
102.90223 2.416
102.90630 2.087
102.91037 2.228
102.91444 1.947
102.91851 2.509
102.92258 2.556
102.92664 2.650
102.93071 2.369
102.93478 2.369
102.93885 2.228
102.94292 2.064
102.94699 2.158
102.95106 2.275
102.95512 2.392
102.95919 2.322
102.96326 2.345
102.96733 2.486
102.97140 2.580
102.97547 2.462
102.97954 2.416
102.98360 2.228
102.98767 2.040
102.99174 1.853
102.99581 2.556
102.99988 2.205
103.00395 1.900
103.00801 2.158
103.01208 2.486
103.01615 2.603
103.02022 2.533
103.02429 2.251
103.02836 2.322
103.03243 2.158
103.03649 2.650
103.04056 2.369
103.04463 2.416
103.04870 2.158
103.05277 2.345
103.05684 2.392
103.06091 2.087
103.06497 2.697
103.06904 2.533
103.07311 2.462
103.07718 2.439
103.08125 2.322
103.08532 2.627
103.08938 1.853
103.09345 2.462
103.09752 2.580
103.10159 2.322
103.10566 2.275
103.10973 2.228
103.11380 1.947
103.11786 2.345
103.12193 2.322
103.12600 2.439
103.13007 2.181
103.13414 2.275
103.13821 2.228
103.14227 2.322
103.14634 2.251
103.15041 2.322
103.15448 1.923
103.15855 2.369
103.16262 2.580
103.16669 2.228
103.17075 2.369
103.17482 2.228
103.17889 2.486
103.18296 2.205
103.18703 2.509
103.19110 2.627
103.19517 2.838
103.19923 1.947
103.20330 1.900
103.20737 2.158
103.21144 2.064
103.21551 2.416
103.21958 2.462
103.22364 2.814
103.22771 1.993
103.23178 2.627
103.23585 2.674
103.23992 2.509
103.24399 2.158
103.24806 2.392
103.25212 1.993
103.25619 2.181
103.26026 2.486
103.26433 2.674
103.26840 2.416
103.27247 2.885
103.27654 2.369
103.28060 2.416
103.28467 2.298
103.28874 2.298
103.29281 2.720
103.29688 2.580
103.30095 2.205
103.30501 2.509
103.30908 2.251
103.31315 2.134
103.31722 2.345
103.32129 2.181
103.32536 2.580
103.32943 2.416
103.33349 2.462
103.33756 2.416
103.34163 2.580
103.34570 2.298
103.34977 2.369
103.35384 2.298
103.35790 2.111
103.36197 2.369
103.36604 2.744
103.37011 2.158
103.37418 2.509
103.37825 2.345
103.38232 2.087
103.38638 2.345
103.39045 2.322
103.39452 1.970
103.39859 2.392
103.40266 2.345
103.40673 2.392
103.41080 2.275
103.41486 2.416
103.41893 2.158
103.42300 2.697
103.42707 2.439
103.43114 2.720
103.43521 1.759
103.43927 2.744
103.44334 2.298
103.44741 2.603
103.45148 2.533
103.45555 2.439
103.45962 2.134
103.46369 2.275
103.46775 2.580
103.47182 2.322
103.47589 2.205
103.47996 2.345
103.48403 2.697
103.48810 2.275
103.49216 1.947
103.49623 2.392
103.50030 2.697
103.50437 2.486
103.50844 2.486
103.51251 2.533
103.51658 2.369
103.52064 2.580
103.52471 2.275
103.52878 2.251
103.53285 2.416
103.53692 2.181
103.54099 2.111
103.54506 2.462
103.54912 2.392
103.55319 1.876
103.55726 2.205
103.56133 2.486
103.56540 2.392
103.56947 2.462
103.57353 2.228
103.57760 2.087
103.58167 1.993
103.58574 2.439
103.58981 2.439
103.59388 2.228
103.59795 2.462
103.60201 2.369
103.60608 2.720
103.61015 2.533
103.61422 2.416
103.61829 2.275
103.62236 2.298
103.62643 2.674
103.63049 2.134
103.63456 2.720
103.63863 2.439
103.64270 2.064
103.64677 2.158
103.65084 2.345
103.65490 2.650
103.65897 2.134
103.66304 2.158
103.66711 2.134
103.67118 2.275
103.67525 2.158
103.67932 2.533
103.68338 2.744
103.68745 2.416
103.69152 2.345
103.69559 2.228
103.69966 2.322
103.70373 2.556
103.70779 2.017
103.71186 2.251
103.71593 2.017
103.72000 2.322
103.72407 2.791
103.72814 2.228
103.73221 2.251
103.73627 2.322
103.74034 2.275
103.74441 2.627
103.74848 1.947
103.75255 2.275
103.75662 2.322
103.76069 2.205
103.76475 2.298
103.76882 1.993
103.77289 2.087
103.77696 2.111
103.78103 1.782
103.78510 2.298
103.78916 2.064
103.79323 2.392
103.79730 2.251
103.80137 2.392
103.80544 2.509
103.80951 2.251
103.81358 2.134
103.81764 2.345
103.82171 2.087
103.82578 2.509
103.82985 2.556
103.83392 2.392
103.83799 1.993
103.84206 2.416
103.84612 1.829
103.85019 2.369
103.85426 2.298
103.85833 2.181
103.86240 2.720
103.86647 2.650
103.87053 2.205
103.87460 2.205
103.87867 2.627
103.88274 2.392
103.88681 2.134
103.89088 2.392
103.89495 2.064
103.89901 2.439
103.90308 1.970
103.90715 2.111
103.91122 2.580
103.91529 2.369
103.91936 2.040
103.92342 2.627
103.92749 2.322
103.93156 2.486
103.93563 2.205
103.93970 2.040
103.94377 2.674
103.94784 2.486
103.95190 2.861
103.95597 2.251
103.96004 2.205
103.96411 1.782
103.96818 2.017
103.97225 1.900
103.97632 2.322
103.98038 2.017
103.98445 2.416
103.98852 2.814
103.99259 2.627
103.99666 2.345
104.00073 2.345
104.00479 2.111
104.00886 2.298
104.01293 2.345
104.01700 2.580
104.02107 2.814
104.02514 2.040
104.02921 2.674
104.03327 2.603
104.03734 2.650
104.04141 2.486
104.04548 2.064
104.04955 1.947
104.05362 2.298
104.05769 2.181
104.06175 2.509
104.06582 2.439
104.06989 2.251
104.07396 1.993
104.07803 2.369
104.08210 2.627
104.08616 2.814
104.09023 2.369
104.09430 2.509
104.09837 2.298
104.10244 2.416
104.10651 2.251
104.11058 2.275
104.11464 2.228
104.11871 1.993
104.12278 2.486
104.12685 2.322
104.13092 2.627
104.13499 2.697
104.13905 2.674
104.14312 2.744
104.14719 2.298
104.15126 2.111
104.15533 2.720
104.15940 2.228
104.16347 2.697
104.16753 1.947
104.17160 1.876
104.17567 2.345
104.17974 2.814
104.18381 2.439
104.18788 2.533
104.19195 2.650
104.19601 2.533
104.20008 2.486
104.20415 2.251
104.20822 2.392
104.21229 2.369
104.21636 2.697
104.22042 2.462
104.22449 2.298
104.22856 2.650
104.23263 2.369
104.23670 2.416
104.24077 2.087
104.24484 2.627
104.24890 2.416
104.25297 2.744
104.25704 2.228
104.26111 2.416
104.26518 2.322
104.26925 2.181
104.27331 2.416
104.27738 2.228
104.28145 2.298
104.28552 2.251
104.28959 2.205
104.29366 2.814
104.29773 2.791
104.30179 2.533
104.30586 2.416
104.30993 2.064
104.31400 2.439
104.31807 2.369
104.32214 2.134
104.32621 1.900
104.33027 2.228
104.33434 2.205
104.33841 2.533
104.34248 2.205
104.34655 2.205
104.35062 2.580
104.35468 2.392
104.35875 2.064
104.36282 2.603
104.36689 2.603
104.37096 2.580
104.37503 2.392
104.37910 2.533
104.38316 2.533
104.38723 2.533
104.39130 1.970
104.39537 2.556
104.39944 2.369
104.40351 2.275
104.40758 2.533
104.41164 2.251
104.41571 2.392
104.41978 2.369
104.42385 2.322
104.42792 2.111
104.43199 2.345
104.43605 2.345
104.44012 2.509
104.44419 2.134
104.44826 2.251
104.45233 2.181
104.45640 2.369
104.46047 2.345
104.46453 2.345
104.46860 2.392
104.47267 2.439
104.47674 2.580
104.48081 1.993
104.48488 2.111
104.48894 2.908
104.49301 2.580
104.49708 2.181
104.50115 2.650
104.50522 2.298
104.50929 2.697
104.51336 2.416
104.51742 2.720
104.52149 2.228
104.52556 2.744
104.52963 2.392
104.53370 1.900
104.53777 2.580
104.54184 2.345
104.54590 2.181
104.54997 2.603
104.55404 2.322
104.55811 2.416
104.56218 2.275
104.56625 2.674
104.57031 2.017
104.57438 2.580
104.57845 2.369
104.58252 2.322
104.58659 2.134
104.59066 2.533
104.59473 2.228
104.59879 2.603
104.60286 2.228
104.60693 2.251
104.61100 2.134
104.61507 2.111
104.61914 2.040
104.62321 2.298
104.62727 2.064
104.63134 2.533
104.63541 2.181
104.63948 2.369
104.64355 2.181
104.64762 2.298
104.65168 2.416
104.65575 2.392
104.65982 2.298
104.66389 1.993
104.66796 2.298
104.67203 2.181
104.67610 2.040
104.68016 2.369
104.68423 2.064
104.68830 2.369
104.69237 2.416
104.69644 2.275
104.70051 2.416
104.70457 2.298
104.70864 2.416
104.71271 2.767
104.71678 2.251
104.72085 2.369
104.72492 2.228
104.72899 2.533
104.73305 2.650
104.73712 2.462
104.74119 2.556
104.74526 2.439
104.74933 2.486
104.75340 2.674
104.75747 2.158
104.76153 2.040
104.76560 2.416
104.76967 2.392
104.77374 2.462
104.77781 2.369
104.78188 2.509
104.78594 2.158
104.79001 2.439
104.79408 2.251
104.79815 2.392
104.80222 2.064
104.80629 2.462
104.81036 2.509
104.81442 2.720
104.81849 2.392
104.82256 2.134
104.82663 2.509
104.83070 2.720
104.83477 2.158
104.83884 1.947
104.84290 2.369
104.84697 2.134
104.85104 2.486
104.85511 2.416
104.85918 2.228
104.86325 2.251
104.86731 2.392
104.87138 2.580
104.87545 2.791
104.87952 2.533
104.88359 2.251
104.88766 2.650
104.89173 2.275
104.89579 2.556
104.89986 2.720
104.90393 2.017
104.90800 2.369
104.91207 2.416
104.91614 2.486
104.92020 2.439
104.92427 2.462
104.92834 2.087
104.93241 2.275
104.93648 2.322
104.94055 2.580
104.94462 2.580
104.94868 2.322
104.95275 2.486
104.95682 2.134
104.96089 2.439
104.96496 2.580
104.96903 2.275
104.97310 2.580
104.97716 2.556
104.98123 2.040
104.98530 2.345
104.98937 2.580
104.99344 2.814
104.99751 2.298
105.00157 2.533
105.00564 2.556
105.00971 2.111
105.01378 2.298
105.01785 1.993
105.02192 2.627
105.02599 2.509
105.03005 1.993
105.03412 2.885
105.03819 2.462
105.04226 2.439
105.04633 2.134
105.05040 2.087
105.05447 2.556
105.05853 2.228
105.06260 2.111
105.06667 2.556
105.07074 2.439
105.07481 2.251
105.07888 2.744
105.08294 2.908
105.08701 2.134
105.09108 2.134
105.09515 2.345
105.09922 2.462
105.10329 2.205
105.10736 2.556
105.11142 2.697
105.11549 2.791
105.11956 2.627
105.12363 2.322
105.12770 2.345
105.13177 2.697
105.13583 2.580
105.13990 2.486
105.14397 2.392
105.14804 2.674
105.15211 2.533
105.15618 2.181
105.16025 2.556
105.16431 2.462
105.16838 2.439
105.17245 2.462
105.17652 2.134
105.18059 2.181
105.18466 2.392
105.18873 2.462
105.19279 2.556
105.19686 2.298
105.20093 2.158
105.20500 2.369
105.20907 2.322
105.21314 2.369
105.21720 2.509
105.22127 2.134
105.22534 2.720
105.22941 2.814
105.23348 2.416
105.23755 2.603
105.24162 2.439
105.24568 2.533
105.24975 2.392
105.25382 2.861
105.25789 2.392
105.26196 2.674
105.26603 2.486
105.27009 2.509
105.27416 2.580
105.27823 2.345
105.28230 2.345
105.28637 2.439
105.29044 2.275
105.29451 2.486
105.29857 2.392
105.30264 2.767
105.30671 2.603
105.31078 2.486
105.31485 2.838
105.31892 2.439
105.32299 2.298
105.32705 2.439
105.33112 2.650
105.33519 2.509
105.33926 2.674
105.34333 2.674
105.34740 2.298
105.35146 2.392
105.35553 2.369
105.35960 2.509
105.36367 2.744
105.36774 2.580
105.37181 2.298
105.37588 2.580
105.37994 2.416
105.38401 1.970
105.38808 2.603
105.39215 2.674
105.39622 2.392
105.40029 2.275
105.40436 2.627
105.40842 2.369
105.41249 2.767
105.41656 2.439
105.42063 2.181
105.42470 2.087
105.42877 2.251
105.43283 2.697
105.43690 2.509
105.44097 2.275
105.44504 2.275
105.44911 2.767
105.45318 2.228
105.45725 2.439
105.46131 2.627
105.46538 2.462
105.46945 2.533
105.47352 2.205
105.47759 2.345
105.48166 2.298
105.48572 2.134
105.48979 2.392
105.49386 2.650
105.49793 2.814
105.50200 2.650
105.50607 1.900
105.51014 1.947
105.51420 2.322
105.51827 2.791
105.52234 2.228
105.52641 2.205
105.53048 2.697
105.53455 2.416
105.53862 2.462
105.54268 2.462
105.54675 2.861
105.55082 2.017
105.55489 2.322
105.55896 2.509
105.56303 2.556
105.56709 2.627
105.57116 2.814
105.57523 2.885
105.57930 2.205
105.58337 2.322
105.58744 2.533
105.59151 2.416
105.59557 2.650
105.59964 2.744
105.60371 2.509
105.60778 2.416
105.61185 2.627
105.61592 2.603
105.61999 3.119
105.62405 2.486
105.62812 2.533
105.63219 2.439
105.63626 2.885
105.64033 2.462
105.64440 2.838
105.64846 2.556
105.65253 2.251
105.65660 2.697
105.66067 3.025
105.66474 2.439
105.66881 2.791
105.67288 2.462
105.67694 2.650
105.68101 3.166
105.68508 2.814
105.68915 2.744
105.69322 2.697
105.69729 2.720
105.70135 2.720
105.70542 2.885
105.70949 2.814
105.71356 2.462
105.71763 2.767
105.72170 2.205
105.72577 2.509
105.72983 2.205
105.73390 2.533
105.73797 2.861
105.74204 2.814
105.74611 2.814
105.75018 2.627
105.75425 2.978
105.75831 3.002
105.76238 2.861
105.76645 3.049
105.77052 2.791
105.77459 2.345
105.77866 3.377
105.78272 2.885
105.78679 2.509
105.79086 3.189
105.79493 2.791
105.79900 2.697
105.80307 3.283
105.80714 2.275
105.81120 2.603
105.81527 3.330
105.81934 2.932
105.82341 3.096
105.82748 2.885
105.83155 2.908
105.83562 2.650
105.83968 3.471
105.84375 3.119
105.84782 3.471
105.85189 3.049
105.85596 3.330
105.86003 2.885
105.86409 2.603
105.86816 2.814
105.87223 2.908
105.87630 3.002
105.88037 2.791
105.88444 2.674
105.88851 2.462
105.89257 2.791
105.89664 2.861
105.90071 3.002
105.90478 3.260
105.90885 3.213
105.91292 3.377
105.91698 2.791
105.92105 2.908
105.92512 3.025
105.92919 3.213
105.93326 2.978
105.93733 3.049
105.94140 3.096
105.94546 3.447
105.94953 3.283
105.95360 2.908
105.95767 2.932
105.96174 3.096
105.96581 3.096
105.96988 2.838
105.97394 3.072
105.97801 3.330
105.98208 3.260
105.98615 3.283
105.99022 3.049
105.99429 2.861
105.99835 2.627
106.00242 3.072
106.00649 3.236
106.01056 2.908
106.01463 2.885
106.01870 3.471
106.02277 3.987
106.02683 3.283
106.03090 2.767
106.03497 2.908
106.03904 3.213
106.04311 3.049
106.04718 3.049
106.05124 3.518
106.05531 3.401
106.05938 3.987
106.06345 3.143
106.06752 3.025
106.07159 3.612
106.07566 3.401
106.07972 2.908
106.08379 3.705
106.08786 2.885
106.09193 3.166
106.09600 3.049
106.10007 3.213
106.10414 3.096
106.10820 3.330
106.11227 3.236
106.11634 3.447
106.12041 2.978
106.12448 3.612
106.12855 3.189
106.13261 2.744
106.13668 3.260
106.14075 3.049
106.14482 3.447
106.14889 4.010
106.15296 3.494
106.15703 3.471
106.16109 3.424
106.16516 3.143
106.16923 3.330
106.17330 3.307
106.17737 3.612
106.18144 2.791
106.18551 2.744
106.18957 3.260
106.19364 2.908
106.19771 3.189
106.20178 3.260
106.20585 3.518
106.20992 3.283
106.21398 3.236
106.21805 3.072
106.22212 3.307
106.22619 3.283
106.23026 3.377
106.23433 3.447
106.23840 2.908
106.24246 4.221
106.24653 3.143
106.25060 3.776
106.25467 3.447
106.25874 3.166
106.26281 3.049
106.26687 3.213
106.27094 3.236
106.27501 3.236
106.27908 3.447
106.28315 3.354
106.28722 3.072
106.29129 3.424
106.29535 3.283
106.29942 3.354
106.30349 3.260
106.30756 3.213
106.31163 3.471
106.31570 2.744
106.31977 3.213
106.32383 3.260
106.32790 3.213
106.33197 3.377
106.33604 3.189
106.34011 3.025
106.34418 3.119
106.34824 2.580
106.35231 2.838
106.35638 3.189
106.36045 2.744
106.36452 3.236
106.36859 3.049
106.37266 3.166
106.37672 3.213
106.38079 2.885
106.38486 3.143
106.38893 2.978
106.39300 3.260
106.39707 3.189
106.40114 3.002
106.40520 3.002
106.40927 3.119
106.41334 3.283
106.41741 3.377
106.42148 2.627
106.42555 3.401
106.42961 3.424
106.43368 2.767
106.43775 3.307
106.44182 2.955
106.44589 3.072
106.44996 2.814
106.45403 2.932
106.45809 2.932
106.46216 3.424
106.46623 3.002
106.47030 3.002
106.47437 2.838
106.47844 2.955
106.48250 3.096
106.48657 2.509
106.49064 2.978
106.49471 3.025
106.49878 2.885
106.50285 2.720
106.50692 2.932
106.51098 2.674
106.51505 3.143
106.51912 3.119
106.52319 3.025
106.52726 3.213
106.53133 3.002
106.53540 2.416
106.53946 2.720
106.54353 3.002
106.54760 3.330
106.55167 2.720
106.55574 2.814
106.55981 2.650
106.56387 2.744
106.56794 2.885
106.57201 2.462
106.57608 3.119
106.58015 2.697
106.58422 3.096
106.58829 2.556
106.59235 2.509
106.59642 2.416
106.60049 3.096
106.60456 2.486
106.60863 3.096
106.61270 2.932
106.61677 2.932
106.62083 2.767
106.62490 2.603
106.62897 2.932
106.63304 2.861
106.63711 3.049
106.64118 3.189
106.64524 2.720
106.64931 2.978
106.65338 2.908
106.65745 2.955
106.66152 2.838
106.66559 3.096
106.66966 2.767
106.67372 2.814
106.67779 2.650
106.68186 2.932
106.68593 2.791
106.69000 2.908
106.69407 2.369
106.69813 2.509
106.70220 2.744
106.70627 2.791
106.71034 2.932
106.71441 2.838
106.71848 2.603
106.72255 2.462
106.72661 2.861
106.73068 3.002
106.73475 2.298
106.73882 2.533
106.74289 3.025
106.74696 2.955
106.75103 2.885
106.75509 3.143
106.75916 2.486
106.76323 2.767
106.76730 2.697
106.77137 2.908
106.77544 2.486
106.77950 2.439
106.78357 2.697
106.78764 2.838
106.79171 2.509
106.79578 2.674
106.79985 2.462
106.80392 2.509
106.80798 2.814
106.81205 2.861
106.81612 2.627
106.82019 2.580
106.82426 2.697
106.82833 2.580
106.83239 2.908
106.83646 2.556
106.84053 2.650
106.84460 2.627
106.84867 2.838
106.85274 2.697
106.85681 2.580
106.86087 2.650
106.86494 2.509
106.86901 3.213
106.87308 2.158
106.87715 2.978
106.88122 2.627
106.88529 2.814
106.88935 2.486
106.89342 2.603
106.89749 2.955
106.90156 2.744
106.90563 2.627
106.90970 2.720
106.91376 2.838
106.91783 2.486
106.92190 2.369
106.92597 2.697
106.93004 3.072
106.93411 3.049
106.93818 2.861
106.94224 2.932
106.94631 2.228
106.95038 2.650
106.95445 2.533
106.95852 2.744
106.96259 2.744
106.96666 2.697
106.97072 2.674
106.97479 3.096
106.97886 2.533
106.98293 2.767
106.98700 2.791
106.99107 2.439
106.99513 2.650
106.99920 2.392
107.00327 2.533
107.00734 3.025
107.01141 2.932
107.01548 2.345
107.01955 3.049
107.02361 3.119
107.02768 3.096
107.03175 2.791
107.03582 3.424
107.03989 2.392
107.04396 3.096
107.04802 2.978
107.05209 3.096
107.05616 2.908
107.06023 3.119
107.06430 3.307
107.06837 3.354
107.07244 2.908
107.07650 3.189
107.08057 3.096
107.08464 3.236
107.08871 3.635
107.09278 2.955
107.09685 3.354
107.10092 3.424
107.10498 2.627
107.10905 2.908
107.11312 2.697
107.11719 2.955
107.12126 3.072
107.12533 3.049
107.12939 3.096
107.13346 3.236
107.13753 3.401
107.14160 3.213
107.14567 3.096
107.14974 3.377
107.15381 3.541
107.15787 3.823
107.16194 3.143
107.16601 3.401
107.17008 3.283
107.17415 3.260
107.17822 3.940
107.18229 2.955
107.18635 3.870
107.19042 3.659
107.19449 3.612
107.19856 3.401
107.20263 3.330
107.20670 3.236
107.21076 3.189
107.21483 4.057
107.21890 3.846
107.22297 3.213
107.22704 3.377
107.23111 3.025
107.23518 3.049
107.23924 3.401
107.24331 3.447
107.24738 3.330
107.25145 3.189
107.25552 2.932
107.25959 3.635
107.26365 3.447
107.26772 3.377
107.27179 3.565
107.27586 2.814
107.27993 3.612
107.28400 2.791
107.28807 3.096
107.29213 2.674
107.29620 3.025
107.30027 2.814
107.30434 3.166
107.30841 2.674
107.31248 3.166
107.31655 2.791
107.32061 2.838
107.32468 2.369
107.32875 3.119
107.33282 2.955
107.33689 3.096
107.34096 3.354
107.34502 3.377
107.34909 2.603
107.35316 2.744
107.35723 2.697
107.36130 3.236
107.36537 2.509
107.36944 2.674
107.37350 3.096
107.37757 2.416
107.38164 2.955
107.38571 2.955
107.38978 2.814
107.39385 2.392
107.39792 2.744
107.40198 3.166
107.40605 2.767
107.41012 2.439
107.41419 2.509
107.41826 3.002
107.42233 2.580
107.42639 2.674
107.43046 2.298
107.43453 2.720
107.43860 2.439
107.44267 2.767
107.44674 2.556
107.45081 2.744
107.45487 2.697
107.45894 3.189
107.46301 2.650
107.46708 2.791
107.47115 2.814
107.47522 2.392
107.47928 2.416
107.48335 2.861
107.48742 2.791
107.49149 3.236
107.49556 3.072
107.49963 2.955
107.50370 2.744
107.50776 2.814
107.51183 3.283
107.51590 3.072
107.51997 2.720
107.52404 2.978
107.52811 3.143
107.53218 3.025
107.53624 2.861
107.54031 2.603
107.54438 3.096
107.54845 2.486
107.55252 2.720
107.55659 2.744
107.56065 2.462
107.56472 2.978
107.56879 2.885
107.57286 2.486
107.57693 3.354
107.58100 2.885
107.58507 3.096
107.58913 2.885
107.59320 3.096
107.59727 3.283
107.60134 2.767
107.60541 2.955
107.60948 2.885
107.61355 3.025
107.61761 3.189
107.62168 2.556
107.62575 2.955
107.62982 2.650
107.63389 2.885
107.63796 3.025
107.64202 3.072
107.64609 2.861
107.65016 3.119
107.65423 2.838
107.65830 2.767
107.66237 2.462
107.66644 3.096
107.67050 2.932
107.67457 2.369
107.67864 2.650
107.68271 3.072
107.68678 2.298
107.69085 2.439
107.69491 2.885
107.69898 2.580
107.70305 2.861
107.70712 2.509
107.71119 2.767
107.71526 2.158
107.71933 2.603
107.72339 2.603
107.72746 2.439
107.73153 2.650
107.73560 2.392
107.73967 2.885
107.74374 2.556
107.74781 2.603
107.75187 2.392
107.75594 2.580
107.76001 2.486
107.76408 2.392
107.76815 1.993
107.77222 2.298
107.77628 2.932
107.78035 2.509
107.78442 2.392
107.78849 2.861
107.79256 2.345
107.79663 2.275
107.80070 2.369
107.80476 2.158
107.80883 2.697
107.81290 2.580
107.81697 2.322
107.82104 2.533
107.82511 2.087
107.82917 2.298
107.83324 2.627
107.83731 2.533
107.84138 2.580
107.84545 2.322
107.84952 2.767
107.85359 2.838
107.85765 2.697
107.86172 2.627
107.86579 2.509
107.86986 2.744
107.87393 2.064
107.87800 2.111
107.88207 2.908
107.88613 2.556
107.89020 2.627
107.89427 2.345
107.89834 2.111
107.90241 2.509
107.90648 2.322
107.91054 2.838
107.91461 2.087
107.91868 2.509
107.92275 2.697
107.92682 2.040
107.93089 2.416
107.93496 2.111
107.93902 2.392
107.94309 2.603
107.94716 2.369
107.95123 1.900
107.95530 2.416
107.95937 2.134
107.96344 2.556
107.96750 2.228
107.97157 2.697
107.97564 2.627
107.97971 2.205
107.98378 2.369
107.98785 2.181
107.99191 2.416
107.99598 2.744
108.00005 2.720
108.00412 2.955
108.00819 2.462
108.01226 2.322
108.01633 2.509
108.02039 2.650
108.02446 2.345
108.02853 2.369
108.03260 2.556
108.03667 2.017
108.04074 2.932
108.04480 2.439
108.04887 2.767
108.05294 2.556
108.05701 2.134
108.06108 2.205
108.06515 2.134
108.06922 2.181
108.07328 2.439
108.07735 2.392
108.08142 2.674
108.08549 2.228
108.08956 2.205
108.09363 2.462
108.09770 1.993
108.10176 2.556
108.10583 2.439
108.10990 2.509
108.11397 2.486
108.11804 2.392
108.12211 2.275
108.12617 2.603
108.13024 2.369
108.13431 2.111
108.13838 2.533
108.14245 2.791
108.14652 2.462
108.15059 1.970
108.15465 2.791
108.15872 2.509
108.16279 2.509
108.16686 2.416
108.17093 1.806
108.17500 2.580
108.17907 2.509
108.18313 2.509
108.18720 2.486
108.19127 2.720
108.19534 2.674
108.19941 2.650
108.20348 2.744
108.20754 2.439
108.21161 2.603
108.21568 2.767
108.21975 2.298
108.22382 2.275
108.22789 2.462
108.23196 2.322
108.23602 2.674
108.24009 2.392
108.24416 2.111
108.24823 2.251
108.25230 2.298
108.25637 2.251
108.26043 2.744
108.26450 2.298
108.26857 2.017
108.27264 2.439
108.27671 2.369
108.28078 2.064
108.28485 2.392
108.28891 1.923
108.29298 2.345
108.29705 2.697
108.30112 2.392
108.30519 2.650
108.30926 2.228
108.31333 2.462
108.31739 2.228
108.32146 2.251
108.32553 2.885
108.32960 2.533
108.33367 1.993
108.33774 2.416
108.34180 2.181
108.34587 2.275
108.34994 2.439
108.35401 2.603
108.35808 2.369
108.36215 2.416
108.36622 2.509
108.37028 2.650
108.37435 2.322
108.37842 2.251
108.38249 2.580
108.38656 2.158
108.39063 2.228
108.39470 2.345
108.39876 2.134
108.40283 2.205
108.40690 2.298
108.41097 2.017
108.41504 2.017
108.41911 2.556
108.42317 2.345
108.42724 2.439
108.43131 2.416
108.43538 2.040
108.43945 2.697
108.44352 2.462
108.44759 2.181
108.45165 2.439
108.45572 2.697
108.45979 1.947
108.46386 1.876
108.46793 2.322
108.47200 2.181
108.47606 2.392
108.48013 2.462
108.48420 2.064
108.48827 2.439
108.49234 2.697
108.49641 2.134
108.50048 2.158
108.50454 2.439
108.50861 2.533
108.51268 2.603
108.51675 2.767
108.52082 2.580
108.52489 2.627
108.52896 2.251
108.53302 2.369
108.53709 2.791
108.54116 2.345
108.54523 2.720
108.54930 2.509
108.55337 2.322
108.55743 2.251
108.56150 2.556
108.56557 2.462
108.56964 2.838
108.57371 2.228
108.57778 2.486
108.58185 2.369
108.58591 2.228
108.58998 2.345
108.59405 2.509
108.59812 2.251
108.60219 2.439
108.60626 2.251
108.61032 2.228
108.61439 2.650
108.61846 2.392
108.62253 2.064
108.62660 2.251
108.63067 2.111
108.63474 2.603
108.63880 2.720
108.64287 2.158
108.64694 2.416
108.65101 2.228
108.65508 2.533
108.65915 2.650
108.66322 2.205
108.66728 2.416
108.67135 2.416
108.67542 2.720
108.67949 2.556
108.68356 2.744
108.68763 2.275
108.69169 2.369
108.69576 2.345
108.69983 2.228
108.70390 2.580
108.70797 2.627
108.71204 2.392
108.71611 2.134
108.72017 2.205
108.72424 2.533
108.72831 2.345
108.73238 2.580
108.73645 2.603
108.74052 2.462
108.74459 2.205
108.74865 1.876
108.75272 2.416
108.75679 2.650
108.76086 2.603
108.76493 2.158
108.76900 2.650
108.77306 2.181
108.77713 2.275
108.78120 2.439
108.78527 2.298
108.78934 2.439
108.79341 1.947
108.79748 2.509
108.80154 2.369
108.80561 2.509
108.80968 2.251
108.81375 2.111
108.81782 2.486
108.82189 2.486
108.82595 2.298
108.83002 2.251
108.83409 2.251
108.83816 2.533
108.84223 2.345
108.84630 2.861
108.85037 2.040
108.85443 2.064
108.85850 2.298
108.86257 2.040
108.86664 2.791
108.87071 2.181
108.87478 2.416
108.87885 2.416
108.88291 2.181
108.88698 2.064
108.89105 2.345
108.89512 2.674
108.89919 2.017
108.90326 2.181
108.90732 2.439
108.91139 2.462
108.91546 2.064
108.91953 2.205
108.92360 2.416
108.92767 2.275
108.93174 2.439
108.93580 2.556
108.93987 2.064
108.94394 2.533
108.94801 2.322
108.95208 2.416
108.95615 2.064
108.96022 2.509
108.96428 1.993
108.96835 2.369
108.97242 2.181
108.97649 2.509
108.98056 2.369
108.98463 2.275
108.98869 2.509
108.99276 2.345
108.99683 2.369
109.00090 2.158
109.00497 2.697
109.00904 2.392
109.01311 2.181
109.01717 2.369
109.02124 2.392
109.02531 2.416
109.02938 2.556
109.03345 2.486
109.03752 2.697
109.04158 2.345
109.04565 2.509
109.04972 2.275
109.05379 2.627
109.05786 2.556
109.06193 2.322
109.06600 1.947
109.07006 2.674
109.07413 2.158
109.07820 2.439
109.08227 2.416
109.08634 2.369
109.09041 2.205
109.09448 2.298
109.09854 2.181
109.10261 2.275
109.10668 2.064
109.11075 2.580
109.11482 2.486
109.11889 2.369
109.12295 2.275
109.12702 2.556
109.13109 2.322
109.13516 2.275
109.13923 2.627
109.14330 2.556
109.14737 2.462
109.15143 2.181
109.15550 2.111
109.15957 2.556
109.16364 2.369
109.16771 2.720
109.17178 2.462
109.17585 2.205
109.17991 2.556
109.18398 2.814
109.18805 1.970
109.19212 2.111
109.19619 2.509
109.20026 2.345
109.20432 2.298
109.20839 2.720
109.21246 2.205
109.21653 2.322
109.22060 2.205
109.22467 2.322
109.22874 2.486
109.23280 2.369
109.23687 2.627
109.24094 1.947
109.24501 2.486
109.24908 2.392
109.25315 2.298
109.25721 2.298
109.26128 2.955
109.26535 2.228
109.26942 2.509
109.27349 2.134
109.27756 2.298
109.28163 2.158
109.28569 2.462
109.28976 2.509
109.29383 2.251
109.29790 2.509
109.30197 2.509
109.30604 2.205
109.31011 2.416
109.31417 2.345
109.31824 2.392
109.32231 2.533
109.32638 2.392
109.33045 2.064
109.33452 2.275
109.33858 1.993
109.34265 2.322
109.34672 2.181
109.35079 2.533
109.35486 2.603
109.35893 2.345
109.36300 2.251
109.36706 2.251
109.37113 2.275
109.37520 2.556
109.37927 2.580
109.38334 2.205
109.38741 2.580
109.39147 2.462
109.39554 2.228
109.39961 2.486
109.40368 2.533
109.40775 2.462
109.41182 2.439
109.41589 2.486
109.41995 2.275
109.42402 2.251
109.42809 2.885
109.43216 2.251
109.43623 3.213
109.44030 2.369
109.44437 2.392
109.44843 2.908
109.45250 2.345
109.45657 2.111
109.46064 2.251
109.46471 2.392
109.46878 2.439
109.47284 2.298
109.47691 2.580
109.48098 1.970
109.48505 2.580
109.48912 2.627
109.49319 2.345
109.49726 2.181
109.50132 2.345
109.50539 2.486
109.50946 2.556
109.51353 2.932
109.51760 2.674
109.52167 2.720
109.52574 2.439
109.52980 2.298
109.53387 2.416
109.53794 2.720
109.54201 2.228
109.54608 2.462
109.55015 1.923
109.55421 2.416
109.55828 2.580
109.56235 2.462
109.56642 2.791
109.57049 2.650
109.57456 2.462
109.57863 2.134
109.58269 2.978
109.58676 2.533
109.59083 2.556
109.59490 2.134
109.59897 2.767
109.60304 3.049
109.60710 2.251
109.61117 2.392
109.61524 2.533
109.61931 2.674
109.62338 2.674
109.62745 2.064
109.63152 2.650
109.63558 2.298
109.63965 3.049
109.64372 2.838
109.64779 2.228
109.65186 2.251
109.65593 2.017
109.66000 2.369
109.66406 2.087
109.66813 2.486
109.67220 2.228
109.67627 2.158
109.68034 2.298
109.68441 2.486
109.68847 2.932
109.69254 2.345
109.69661 2.767
109.70068 2.275
109.70475 2.345
109.70882 2.885
109.71289 2.392
109.71695 2.298
109.72102 2.556
109.72509 2.603
109.72916 2.556
109.73323 2.205
109.73730 2.251
109.74137 2.205
109.74543 2.298
109.74950 2.228
109.75357 2.556
109.75764 2.369
109.76171 2.228
109.76578 2.674
109.76984 2.627
109.77391 2.392
109.77798 2.181
109.78205 2.345
109.78612 2.322
109.79019 2.111
109.79426 2.674
109.79832 2.978
109.80239 2.181
109.80646 2.064
109.81053 2.275
109.81460 2.650
109.81867 2.134
109.82273 2.838
109.82680 2.298
109.83087 2.416
109.83494 2.134
109.83901 2.205
109.84308 2.885
109.84715 2.040
109.85121 2.439
109.85528 2.486
109.85935 2.580
109.86342 2.134
109.86749 2.181
109.87156 2.345
109.87563 2.861
109.87969 2.298
109.88376 2.650
109.88783 2.603
109.89190 2.228
109.89597 2.650
109.90004 2.111
109.90410 2.885
109.90817 2.158
109.91224 2.580
109.91631 1.923
109.92038 1.782
109.92445 2.509
109.92852 2.111
109.93258 2.580
109.93665 2.345
109.94072 2.486
109.94479 2.416
109.94886 2.345
109.95293 2.767
109.95700 2.462
109.96106 2.627
109.96513 2.275
109.96920 2.087
109.97327 2.697
109.97734 2.228
109.98141 2.486
