x,y_obs,weight,y_calc,y_bkg,Q
20.0023,0.596875,1,0.629966,0.629966,1.41667
20.0226,0.576042,1,0.627201,0.627201,1.41809
20.0428,0.580208,1,0.624464,0.624464,1.41951
20.063,0.529167,1,0.621754,0.621754,1.42092
20.0832,0.540625,1,0.61907,0.61907,1.42234
20.1035,0.573958,1,0.616414,0.616414,1.42376
20.1237,0.607292,1,0.613784,0.613784,1.42518
20.1439,0.540625,1,0.611181,0.611181,1.42659
20.1642,0.55625,1,0.608604,0.608604,1.42801
20.1844,0.545833,1,0.606053,0.606053,1.42943
20.2046,0.520833,1,0.603528,0.603528,1.43085
20.2248,0.576042,1,0.60103,0.601029,1.43226
20.2451,0.555208,1,0.598556,0.598556,1.43368
20.2653,0.532292,1,0.596109,0.596109,1.4351
20.2855,0.527083,1,0.593687,0.593686,1.43652
20.3057,0.557292,1,0.59129,0.591289,1.43793
20.326,0.55,1,0.588918,0.588918,1.43935
20.3462,0.563542,1,0.586571,0.586571,1.44077
20.3664,0.561458,1,0.584249,0.584249,1.44219
20.3866,0.53125,1,0.581951,0.581951,1.4436
20.4069,0.557292,1,0.579678,0.579678,1.44502
20.4271,0.552083,1,0.57743,0.577429,1.44644
20.4473,0.526042,1,0.575205,0.575205,1.44785
20.4675,0.559375,1,0.573005,0.573005,1.44927
20.4878,0.584375,1,0.570828,0.570828,1.45069
20.508,0.54375,1,0.568676,0.568675,1.4521
20.5282,0.532292,1,0.566547,0.566546,1.45352
20.5484,0.5375,1,0.564441,0.564441,1.45494
20.5687,0.530208,1,0.562359,0.562358,1.45635
20.5889,0.532292,1,0.5603,0.560299,1.45777
20.6091,0.541667,1,0.558263,0.558263,1.45919
20.6294,0.55,1,0.55625,0.55625,1.4606
20.6496,0.502083,1,0.55426,0.55426,1.46202
20.6698,0.514583,1,0.552292,0.552292,1.46344
20.69,0.533333,1,0.550347,0.550347,1.46485
20.7103,0.5375,1,0.548424,0.548423,1.46627
20.7305,0.504167,1,0.546523,0.546523,1.46769
20.7507,0.519792,1,0.544644,0.544644,1.4691
20.7709,0.544792,1,0.542787,0.542787,1.47052
20.7912,0.544792,1,0.540952,0.540952,1.47194
20.8114,0.521875,1,0.539139,0.539138,1.47335
20.8316,0.55,1,0.537347,0.537346,1.47477
20.8518,0.497917,1,0.535576,0.535576,1.47618
20.8721,0.508333,1,0.533827,0.533826,1.4776
20.8923,0.534375,1,0.532098,0.532098,1.47902
20.9125,0.55,1,0.530391,0.530391,1.48043
20.9327,0.53125,1,0.528704,0.528704,1.48185
20.953,0.540625,1,0.527038,0.527038,1.48326
20.9732,0.509375,1,0.525393,0.525393,1.48468
20.9934,0.501042,1,0.523768,0.523768,1.4861
21.0136,0.485417,1,0.522164,0.522163,1.48751
21.0339,0.498958,1,0.520579,0.520579,1.48893
21.0541,0.514583,1,0.519015,0.519014,1.49034
21.0743,0.544792,1,0.51747,0.51747,1.49176
21.0945,0.527083,1,0.515945,0.515945,1.49317
21.1148,0.548958,1,0.51444,0.51444,1.49459
21.135,0.523958,1,0.512954,0.512954,1.496
21.1552,0.523958,1,0.511488,0.511488,1.49742
21.1755,0.540625,1,0.510041,0.510041,1.49883
21.1957,0.564583,1,0.508613,0.508613,1.50025
21.2159,0.536458,1,0.507204,0.507204,1.50167
21.2361,0.501042,1,0.505814,0.505814,1.50308
21.2564,0.56875,1,0.504443,0.504442,1.5045
21.2766,0.528125,1,0.50309,0.50309,1.50591
21.2968,0.523958,1,0.501756,0.501755,1.50733
21.317,0.529167,1,0.50044,0.500439,1.50874
21.3373,0.476042,1,0.499142,0.499142,1.51016
21.3575,0.5125,1,0.497862,0.497862,1.51157
21.3777,0.535417,1,0.496601,0.496601,1.51299
21.3979,0.523958,1,0.495357,0.495357,1.5144
21.4182,0.470833,1,0.494131,0.494131,1.51582
21.4384,0.504167,1,0.492923,0.492923,1.51723
21.4586,0.505208,1,0.491732,0.491732,1.51864
21.4788,0.494792,1,0.490558,0.490558,1.52006
21.4991,0.564583,1,0.489402,0.489402,1.52147
21.5193,0.479167,1,0.488263,0.488263,1.52289
21.5395,0.516667,1,0.487141,0.487141,1.5243
21.5597,0.511458,1,0.486036,0.486036,1.52572
21.58,0.516667,1,0.484948,0.484947,1.52713
21.6002,0.530208,1,0.483876,0.483876,1.52855
21.6204,0.536458,1,0.482821,0.482821,1.52996
21.6407,0.514583,1,0.481782,0.481782,1.53137
21.6609,0.502083,1,0.48076,0.48076,1.53279
21.6811,0.532292,1,0.479754,0.479753,1.5342
21.7013,0.466667,1,0.478764,0.478763,1.53562
21.7216,0.525,1,0.477789,0.477789,1.53703
21.7418,0.542708,1,0.476831,0.476831,1.53844
21.762,0.519792,1,0.475889,0.475889,1.53986
21.7822,0.49375,1,0.474962,0.474962,1.54127
21.8025,0.505208,1,0.474051,0.47405,1.54269
21.8227,0.509375,1,0.473155,0.473154,1.5441
21.8429,0.50625,1,0.472274,0.472274,1.54551
21.8631,0.46875,1,0.471409,0.471408,1.54693
21.8834,0.479167,1,0.470558,0.470558,1.54834
21.9036,0.464583,1,0.469723,0.469723,1.54976
21.9238,0.495833,1,0.468902,0.468902,1.55117
21.944,0.504167,1,0.468097,0.468096,1.55258
21.9643,0.465625,1,0.467305,0.467305,1.554
21.9845,0.452083,1,0.466529,0.466529,1.55541
22.0047,0.522917,1,0.465767,0.465767,1.55682
22.0249,0.486458,1,0.465019,0.465019,1.55824
22.0452,0.479167,1,0.464285,0.464285,1.55965
22.0654,0.527083,1,0.463566,0.463566,1.56106
22.0856,0.497917,1,0.46286,0.46286,1.56248
22.1059,0.464583,1,0.462168,0.462168,1.56389
22.1261,0.509375,1,0.461491,0.46149,1.5653
22.1463,0.519792,1,0.460826,0.460826,1.56671
22.1665,0.525,1,0.460176,0.460176,1.56813
22.1868,0.463542,1,0.459539,0.459539,1.56954
22.207,0.4625,1,0.458915,0.458915,1.57095
22.2272,0.480208,1,0.458305,0.458304,1.57237
22.2474,0.484375,1,0.457707,0.457707,1.57378
22.2677,0.5125,1,0.457123,0.457123,1.57519
22.2879,0.513542,1,0.456552,0.456552,1.5766
22.3081,0.51875,1,0.455993,0.455993,1.57802
22.3283,0.5125,1,0.455448,0.455448,1.57943
22.3486,0.515625,1,0.454915,0.454915,1.58084
22.3688,0.488542,1,0.454394,0.454394,1.58225
22.389,0.486458,1,0.453886,0.453886,1.58367
22.4092,0.496875,1,0.453391,0.453391,1.58508
22.4295,0.464583,1,0.452908,0.452907,1.58649
22.4497,0.435417,1,0.452436,0.452436,1.5879
22.4699,0.473958,1,0.451977,0.451977,1.58932
22.4901,0.488542,1,0.45153,0.45153,1.59073
22.5104,0.465625,1,0.451095,0.451095,1.59214
22.5306,0.503125,1,0.450672,0.450672,1.59355
22.5508,0.502083,1,0.45026,0.45026,1.59497
22.5711,0.476042,1,0.44986,0.44986,1.59638
22.5913,0.511458,1,0.449471,0.449471,1.59779
22.6115,0.483333,1,0.449094,0.449094,1.5992
22.6317,0.558333,1,0.448728,0.448728,1.60061
22.652,0.50625,1,0.448374,0.448373,1.60202
22.6722,0.504167,1,0.44803,0.44803,1.60344
22.6924,0.454167,1,0.447698,0.447697,1.60485
22.7126,0.519792,1,0.447376,0.447376,1.60626
22.7329,0.485417,1,0.447065,0.447065,1.60767
22.7531,0.46875,1,0.446765,0.446765,1.60908
22.7733,0.490625,1,0.446476,0.446476,1.61049
22.7935,0.482292,1,0.446197,0.446197,1.61191
22.8138,0.477083,1,0.445929,0.445929,1.61332
22.834,0.503125,1,0.445672,0.445671,1.61473
22.8542,0.495833,1,0.445424,0.445424,1.61614
22.8744,0.495833,1,0.445187,0.445187,1.61755
22.8947,0.469792,1,0.44496,0.444959,1.61896
22.9149,0.441667,1,0.444743,0.444742,1.62037
22.9351,0.476042,1,0.444535,0.444535,1.62178
22.9553,0.451042,1,0.444338,0.444338,1.6232
22.9756,0.451042,1,0.444151,0.444151,1.62461
22.9958,0.495833,1,0.443973,0.443973,1.62602
23.016,0.476042,1,0.443805,0.443805,1.62743
23.0363,0.507292,1,0.443646,0.443646,1.62884
23.0565,0.463542,1,0.443497,0.443497,1.63025
23.0767,0.497917,1,0.443357,0.443357,1.63166
23.0969,0.50625,1,0.443227,0.443227,1.63307
23.1172,0.507292,1,0.443106,0.443105,1.63448
23.1374,0.491667,1,0.442993,0.442993,1.63589
23.1576,0.455208,1,0.44289,0.44289,1.6373
23.1778,0.46875,1,0.442796,0.442796,1.63871
23.1981,0.49375,1,0.44271,0.44271,1.64012
23.2183,0.446875,1,0.442634,0.442634,1.64153
23.2385,0.430208,1,0.442566,0.442566,1.64294
23.2587,0.482292,1,0.442507,0.442506,1.64436
23.279,0.485417,1,0.442456,0.442456,1.64577
23.2992,0.464583,1,0.442414,0.442413,1.64718
23.3194,0.445833,1,0.44238,0.44238,1.64859
23.3396,0.486458,1,0.442354,0.442354,1.65
23.3599,0.440625,1,0.442337,0.442337,1.65141
23.3801,0.426042,1,0.442327,0.442327,1.65282
23.4003,0.432292,1,0.442326,0.442326,1.65423
23.4205,0.465625,1,0.442333,0.442333,1.65564
23.4408,0.458333,1,0.442348,0.442348,1.65705
23.461,0.488542,1,0.44237,0.44237,1.65846
23.4812,0.495833,1,0.442401,0.4424,1.65986
23.5015,0.482292,1,0.442439,0.442438,1.66127
23.5217,0.48125,1,0.442484,0.442484,1.66268
23.5419,0.473958,1,0.442537,0.442537,1.66409
23.5621,0.444792,1,0.442598,0.442598,1.6655
23.5824,0.452083,1,0.442666,0.442665,1.66691
23.6026,0.475,1,0.442741,0.442741,1.66832
23.6228,0.46875,1,0.442823,0.442823,1.66973
23.643,0.453125,1,0.442913,0.442913,1.67114
23.6633,0.428125,1,0.44301,0.443009,1.67255
23.6835,0.447917,1,0.443113,0.443113,1.67396
23.7037,0.5,1,0.443224,0.443224,1.67537
23.7239,0.465625,1,0.443342,0.443341,1.67678
23.7442,0.453125,1,0.443466,0.443466,1.67819
23.7644,0.471875,1,0.443597,0.443597,1.6796
23.7846,0.419792,1,0.443734,0.443734,1.681
23.8048,0.433333,1,0.443879,0.443878,1.68241
23.8251,0.479167,1,0.444029,0.444029,1.68382
23.8453,0.509375,1,0.444187,0.444186,1.68523
23.8655,0.4375,1,0.44435,0.44435,1.68664
23.8857,0.429167,1,0.44452,0.44452,1.68805
23.906,0.480208,1,0.444696,0.444696,1.68946
23.9262,0.459375,1,0.444878,0.444878,1.69087
23.9464,0.501042,1,0.445067,0.445067,1.69227
23.9667,0.466667,1,0.445261,0.445261,1.69368
23.9869,0.460417,1,0.445461,0.445461,1.69509
24.0071,0.470833,1,0.445668,0.445667,1.6965
24.0273,0.495833,1,0.44588,0.445879,1.69791
24.0476,0.461458,1,0.446097,0.446097,1.69932
24.0678,0.488542,1,0.446321,0.446321,1.70072
24.088,0.480208,1,0.44655,0.44655,1.70213
24.1082,0.459375,1,0.446785,0.446785,1.70354
24.1285,0.483333,1,0.447025,0.447025,1.70495
24.1487,0.489583,1,0.447271,0.44727,1.70636
24.1689,0.438542,1,0.447522,0.447521,1.70776
24.1891,0.472917,1,0.447778,0.447778,1.70917
24.2094,0.482292,1,0.448039,0.448039,1.71058
24.2296,0.430208,1,0.448306,0.448306,1.71199
24.2498,0.459375,1,0.448578,0.448578,1.7134
24.27,0.444792,1,0.448855,0.448854,1.7148
24.2903,0.461458,1,0.449137,0.449136,1.71621
24.3105,0.422917,1,0.449423,0.449423,1.71762
24.3307,0.464583,1,0.449715,0.449715,1.71903
24.3509,0.486458,1,0.450011,0.450011,1.72043
24.3712,0.464583,1,0.450313,0.450312,1.72184
24.3914,0.49375,1,0.450618,0.450618,1.72325
24.4116,0.483333,1,0.450929,0.450929,1.72466
24.4319,0.453125,1,0.451244,0.451244,1.72606
24.4521,0.436458,1,0.451563,0.451563,1.72747
24.4723,0.508333,1,0.451887,0.451887,1.72888
24.4925,0.45625,1,0.452216,0.452216,1.73028
24.5128,0.454167,1,0.452548,0.452548,1.73169
24.533,0.50625,1,0.452885,0.452885,1.7331
24.5532,0.460417,1,0.453227,0.453226,1.7345
24.5734,0.463542,1,0.453572,0.453572,1.73591
24.5937,0.461458,1,0.453921,0.453921,1.73732
24.6139,0.432292,1,0.454275,0.454274,1.73873
24.6341,0.466667,1,0.454632,0.454632,1.74013
24.6543,0.478125,1,0.454993,0.454993,1.74154
24.6746,0.482292,1,0.455359,0.455358,1.74295
24.6948,0.4625,1,0.455728,0.455727,1.74435
24.715,0.498958,1,0.4561,0.4561,1.74576
24.7352,0.490625,1,0.456477,0.456477,1.74716
24.7555,0.460417,1,0.456857,0.456857,1.74857
24.7757,0.442708,1,0.457241,0.45724,1.74998
24.7959,0.46875,1,0.457628,0.457628,1.75138
24.8161,0.48125,1,0.458019,0.458018,1.75279
24.8364,0.445833,1,0.458413,0.458413,1.7542
24.8566,0.504167,1,0.45881,0.45881,1.7556
24.8768,0.505208,1,0.459211,0.459211,1.75701
24.897,0.435417,1,0.459615,0.459615,1.75841
24.9173,0.471875,1,0.460023,0.460022,1.75982
24.9375,0.472917,1,0.460433,0.460433,1.76123
24.9577,0.503125,1,0.460847,0.460846,1.76263
24.978,0.446875,1,0.461263,0.461263,1.76404
24.9982,0.46875,1,0.461683,0.461683,1.76544
25.0184,0.45,1,0.462106,0.462105,1.76685
25.0386,0.465625,1,0.462531,0.462531,1.76825
25.0589,0.436458,1,0.462959,0.462959,1.76966
25.0791,0.477083,1,0.463391,0.46339,1.77107
25.0993,0.467708,1,0.463825,0.463824,1.77247
25.1195,0.458333,1,0.464261,0.464261,1.77388
25.1398,0.44375,1,0.464701,0.4647,1.77528
25.16,0.440625,1,0.465142,0.465142,1.77669
25.1802,0.440625,1,0.465587,0.465587,1.77809
25.2004,0.467708,1,0.466034,0.466034,1.7795
25.2207,0.489583,1,0.466483,0.466483,1.7809
25.2409,0.445833,1,0.466935,0.466935,1.78231
25.2611,0.48125,1,0.467389,0.467389,1.78371
25.2813,0.45625,1,0.467846,0.467846,1.78512
25.3016,0.45,1,0.468305,0.468305,1.78652
25.3218,0.451042,1,0.468766,0.468766,1.78793
25.342,0.460417,1,0.469229,0.469229,1.78933
25.3622,0.43125,1,0.469695,0.469694,1.79074
25.3825,0.478125,1,0.470162,0.470162,1.79214
25.4027,0.438542,1,0.470632,0.470631,1.79355
25.4229,0.510417,1,0.471103,0.471103,1.79495
25.4432,0.454167,1,0.471577,0.471576,1.79636
25.4634,0.43125,1,0.472052,0.472052,1.79776
25.4836,0.473958,1,0.472529,0.472529,1.79916
25.5038,0.438542,1,0.473008,0.473008,1.80057
25.5241,0.470833,1,0.473489,0.473489,1.80197
25.5443,0.495833,1,0.473972,0.473971,1.80338
25.5645,0.480208,1,0.474456,0.474456,1.80478
25.5847,0.436458,1,0.474942,0.474941,1.80619
25.605,0.461458,1,0.475429,0.475429,1.80759
25.6252,0.455208,1,0.475918,0.475918,1.80899
25.6454,0.451042,1,0.476409,0.476409,1.8104
25.6656,0.457292,1,0.476901,0.476901,1.8118
25.6859,0.461458,1,0.477395,0.477394,1.8132
25.7061,0.498958,1,0.477889,0.477889,1.81461
25.7263,0.45625,1,0.478386,0.478385,1.81601
25.7465,0.457292,1,0.478883,0.478883,1.81742
25.7668,0.451042,1,0.479382,0.479382,1.81882
25.787,0.4375,1,0.479882,0.479882,1.82022
25.8072,0.428125,1,0.480383,0.480383,1.82163
25.8274,0.455208,1,0.480886,0.480886,1.82303
25.8477,0.459375,1,0.481389,0.481389,1.82443
25.8679,0.479167,1,0.481894,0.481894,1.82584
25.8881,0.478125,1,0.4824,0.482399,1.82724
25.9084,0.458333,1,0.482906,0.482906,1.82864
25.9286,0.471875,1,0.483414,0.483414,1.83005
25.9488,0.453125,1,0.483922,0.483922,1.83145
25.969,0.469792,1,0.484432,0.484431,1.83285
25.9893,0.476042,1,0.484942,0.484942,1.83426
26.0095,0.4625,1,0.485453,0.485453,1.83566
26.0297,0.469792,1,0.485965,0.485964,1.83706
26.0499,0.469792,1,0.486477,0.486477,1.83846
26.0702,0.463542,1,0.486991,0.48699,1.83987
26.0904,0.422917,1,0.487504,0.487504,1.84127
26.1106,0.4875,1,0.488019,0.488019,1.84267
26.1308,0.455208,1,0.488534,0.488534,1.84407
26.1511,0.421875,1,0.48905,0.489049,1.84548
26.1713,0.50625,1,0.489566,0.489565,1.84688
26.1915,0.419792,1,0.490082,0.490082,1.84828
26.2117,0.453125,1,0.4906,0.490599,1.84968
26.232,0.472917,1,0.491117,0.491117,1.85109
26.2522,0.411458,1,0.491635,0.491634,1.85249
26.2724,0.496875,1,0.492153,0.492153,1.85389
26.2926,0.452083,1,0.492672,0.492671,1.85529
26.3129,0.484375,1,0.49319,0.49319,1.8567
26.3331,0.446875,1,0.493709,0.493709,1.8581
26.3533,0.476042,1,0.494229,0.494228,1.8595
26.3736,0.440625,1,0.494748,0.494747,1.8609
26.3938,0.440625,1,0.495267,0.495267,1.8623
26.414,0.445833,1,0.495787,0.495787,1.8637
26.4342,0.479167,1,0.496307,0.496306,1.86511
26.4545,0.444792,1,0.496826,0.496826,1.86651
26.4747,0.433333,1,0.497346,0.497346,1.86791
26.4949,0.401042,1,0.497866,0.497865,1.86931
26.5151,0.414583,1,0.498386,0.498385,1.87071
26.5354,0.447917,1,0.498905,0.498905,1.87211
26.5556,0.41875,1,0.499425,0.499424,1.87352
26.5758,0.395833,1,0.499944,0.499943,1.87492
26.596,0.436458,1,0.500463,0.500462,1.87632
26.6163,0.429167,1,0.500982,0.500981,1.87772
26.6365,0.459375,1,0.501501,0.5015,1.87912
26.6567,0.429167,1,0.502019,0.502018,1.88052
26.6769,0.389583,1,0.502537,0.502536,1.88192
26.6972,0.45,1,0.503055,0.503054,1.88332
26.7174,0.425,1,0.503572,0.503572,1.88472
26.7376,0.396875,1,0.504089,0.504089,1.88612
26.7578,0.448958,1,0.504606,0.504605,1.88753
26.7781,0.491667,1,0.505122,0.505121,1.88893
26.7983,0.445833,1,0.505638,0.505637,1.89033
26.8185,0.478125,1,0.506153,0.506152,1.89173
26.8388,0.477083,1,0.506667,0.506667,1.89313
26.859,0.447917,1,0.507182,0.507181,1.89453
26.8792,0.442708,1,0.507695,0.507694,1.89593
26.8994,0.402083,1,0.508208,0.508207,1.89733
26.9197,0.440625,1,0.50872,0.50872,1.89873
26.9399,0.421875,1,0.509232,0.509231,1.90013
26.9601,0.414583,1,0.509743,0.509742,1.90153
26.9803,0.441667,1,0.510253,0.510252,1.90293
27.0006,0.432292,1,0.510762,0.510762,1.90433
27.0208,0.448958,1,0.511271,0.51127,1.90573
27.041,0.427083,1,0.511779,0.511778,1.90713
27.0612,0.405208,1,0.512286,0.512285,1.90853
27.0815,0.420833,1,0.512792,0.512791,1.90993
27.1017,0.442708,1,0.513297,0.513296,1.91133
27.1219,0.4625,1,0.513802,0.513801,1.91273
27.1421,0.428125,1,0.514305,0.514304,1.91413
27.1624,0.433333,1,0.514808,0.514807,1.91553
27.1826,0.415625,1,0.515309,0.515308,1.91693
27.2028,0.407292,1,0.51581,0.515809,1.91833
27.223,0.45,1,0.516309,0.516308,1.91973
27.2433,0.452083,1,0.516808,0.516807,1.92113
27.2635,0.4375,1,0.517305,0.517304,1.92253
27.2837,0.464583,1,0.517801,0.517801,1.92392
27.304,0.43125,1,0.518296,0.518296,1.92532
27.3242,0.461458,1,0.518791,0.51879,1.92672
27.3444,0.415625,1,0.519283,0.519283,1.92812
27.3646,0.483333,1,0.519775,0.519774,1.92952
27.3849,0.436458,1,0.520266,0.520265,1.93092
27.4051,0.453125,1,0.520755,0.520754,1.93232
27.4253,0.436458,1,0.521243,0.521242,1.93372
27.4455,0.436458,1,0.52173,0.521729,1.93512
27.4658,0.40625,1,0.522215,0.522214,1.93652
27.486,0.454167,1,0.522699,0.522698,1.93791
27.5062,0.45,1,0.523182,0.523181,1.93931
27.5264,0.428125,1,0.523663,0.523663,1.94071
27.5467,0.470833,1,0.524143,0.524143,1.94211
27.5669,0.465625,1,0.524622,0.524621,1.94351
27.5871,0.441667,1,0.525099,0.525098,1.94491
27.6073,0.417708,1,0.525575,0.525574,1.9463
27.6276,0.451042,1,0.526049,0.526048,1.9477
27.6478,0.488542,1,0.526522,0.526521,1.9491
27.668,0.46875,1,0.526993,0.526993,1.9505
27.6882,0.460417,1,0.527463,0.527462,1.9519
27.7085,0.427083,1,0.527931,0.527931,1.95329
27.7287,0.435417,1,0.528398,0.528397,1.95469
27.7489,0.448958,1,0.528863,0.528862,1.95609
27.7692,0.435417,1,0.529327,0.529326,1.95749
27.7894,0.491667,1,0.529789,0.529788,1.95889
27.8096,0.471875,1,0.530249,0.530248,1.96028
27.8298,0.44375,1,0.530707,0.530706,1.96168
27.8501,0.444792,1,0.531164,0.531163,1.96308
27.8703,0.459375,1,0.531619,0.531619,1.96448
27.8905,0.44375,1,0.532073,0.532072,1.96587
27.9107,0.455208,1,0.532525,0.532524,1.96727
27.931,0.464583,1,0.532975,0.532974,1.96867
27.9512,0.488542,1,0.533423,0.533422,1.97007
27.9714,0.465625,1,0.533869,0.533869,1.97146
27.9916,0.416667,1,0.534314,0.534313,1.97286
28.0119,0.439583,1,0.534757,0.534756,1.97426
28.0321,0.459375,1,0.535198,0.535197,1.97565
28.0523,0.46875,1,0.535637,0.535636,1.97705
28.0725,0.461458,1,0.536075,0.536074,1.97845
28.0928,0.477083,1,0.53651,0.536509,1.97984
28.113,0.476042,1,0.536944,0.536943,1.98124
28.1332,0.476042,1,0.537375,0.537374,1.98264
28.1534,0.501042,1,0.537805,0.537804,1.98403
28.1737,0.486458,1,0.538233,0.538232,1.98543
28.1939,0.525,1,0.538658,0.538657,1.98683
28.2141,0.50625,1,0.539082,0.539081,1.98822
28.2343,0.492708,1,0.539504,0.539503,1.98962
28.2546,0.496875,1,0.539924,0.539923,1.99102
28.2748,0.536458,1,0.540342,0.540341,1.99241
28.295,0.5,1,0.540758,0.540756,1.99381
28.3153,0.521875,1,0.541171,0.54117,1.9952
28.3355,0.519792,1,0.541583,0.541582,1.9966
28.3557,0.548958,1,0.541993,0.541991,1.998
28.3759,0.514583,1,0.5424,0.542399,1.99939
28.3962,0.528125,1,0.542806,0.542804,2.00079
28.4164,0.539583,1,0.543209,0.543208,2.00218
28.4366,0.548958,1,0.54361,0.543609,2.00358
28.4568,0.54375,1,0.544009,0.544008,2.00498
28.4771,0.59375,1,0.544406,0.544405,2.00637
28.4973,0.580208,1,0.544801,0.544799,2.00777
28.5175,0.552083,1,0.545193,0.545192,2.00916
28.5377,0.579167,1,0.545583,0.545582,2.01056
28.558,0.567708,1,0.545971,0.54597,2.01195
28.5782,0.5375,1,0.546357,0.546356,2.01335
28.5984,0.522917,1,0.546741,0.54674,2.01474
28.6186,0.496875,1,0.547122,0.547121,2.01614
28.6389,0.534375,1,0.547501,0.5475,2.01753
28.6591,0.496875,1,0.547878,0.547877,2.01893
28.6793,0.5375,1,0.548253,0.548252,2.02032
28.6995,0.472917,1,0.548625,0.548624,2.02172
28.7198,0.508333,1,0.548995,0.548994,2.02311
28.74,0.508333,1,0.549363,0.549361,2.02451
28.7602,0.503125,1,0.549728,0.549727,2.0259
28.7805,0.471875,1,0.550091,0.55009,2.0273
28.8007,0.494792,1,0.550452,0.55045,2.02869
28.8209,0.4875,1,0.55081,0.550809,2.03009
28.8411,0.494792,1,0.551166,0.551165,2.03148
28.8614,0.492708,1,0.55152,0.551518,2.03288
28.8816,0.507292,1,0.551871,0.551869,2.03427
28.9018,0.503125,1,0.55222,0.552218,2.03567
28.922,0.560417,1,0.552566,0.552564,2.03706
28.9423,0.520833,1,0.55291,0.552908,2.03845
28.9625,0.530208,1,0.553252,0.55325,2.03985
28.9827,0.466667,1,0.553591,0.553589,2.04124
29.0029,0.514583,1,0.553927,0.553926,2.04264
29.0232,0.509375,1,0.554261,0.55426,2.04403
29.0434,0.509375,1,0.554593,0.554591,2.04542
29.0636,0.527083,1,0.554922,0.554921,2.04682
29.0838,0.491667,1,0.555249,0.555247,2.04821
29.1041,0.470833,1,0.555573,0.555572,2.0496
29.1243,0.511458,1,0.555895,0.555893,2.051
29.1445,0.485417,1,0.556215,0.556213,2.05239
29.1647,0.515625,1,0.556531,0.556529,2.05379
29.185,0.489583,1,0.556845,0.556844,2.05518
29.2052,0.482292,1,0.557157,0.557155,2.05657
29.2254,0.530208,1,0.557466,0.557464,2.05797
29.2457,0.523958,1,0.557773,0.557771,2.05936
29.2659,0.51875,1,0.558077,0.558075,2.06075
29.2861,0.507292,1,0.558378,0.558376,2.06214
29.3063,0.472917,1,0.558677,0.558675,2.06354
29.3266,0.505208,1,0.558974,0.558971,2.06493
29.3468,0.496875,1,0.559267,0.559265,2.06632
29.367,0.480208,1,0.559559,0.559556,2.06772
29.3872,0.460417,1,0.559847,0.559845,2.06911
29.4075,0.521875,1,0.560133,0.560131,2.0705
29.4277,0.430208,1,0.560416,0.560414,2.07189
29.4479,0.505208,1,0.560697,0.560695,2.07329
29.4681,0.498958,1,0.560975,0.560973,2.07468
29.4884,0.5125,1,0.561251,0.561248,2.07607
29.5086,0.501042,1,0.561524,0.561521,2.07746
29.5288,0.46875,1,0.561794,0.561791,2.07886
29.549,0.516667,1,0.562061,0.562059,2.08025
29.5693,0.503125,1,0.562326,0.562323,2.08164
29.5895,0.507292,1,0.562588,0.562586,2.08303
29.6097,0.491667,1,0.562848,0.562845,2.08443
29.6299,0.471875,1,0.563105,0.563102,2.08582
29.6502,0.4875,1,0.563359,0.563356,2.08721
29.6704,0.465625,1,0.563611,0.563608,2.0886
29.6906,0.497917,1,0.563859,0.563856,2.08999
29.7109,0.466667,1,0.564105,0.564102,2.09138
29.7311,0.470833,1,0.564349,0.564346,2.09278
29.7513,0.46875,1,0.56459,0.564586,2.09417
29.7715,0.464583,1,0.564828,0.564824,2.09556
29.7918,0.489583,1,0.565063,0.56506,2.09695
29.812,0.480208,1,0.565296,0.565292,2.09834
29.8322,0.488542,1,0.565526,0.565522,2.09973
29.8524,0.438542,1,0.565753,0.565749,2.10112
29.8727,0.44375,1,0.565977,0.565974,2.10252
29.8929,0.458333,1,0.566199,0.566195,2.10391
29.9131,0.455208,1,0.566418,0.566414,2.1053
29.9333,0.448958,1,0.566634,0.56663,2.10669
29.9536,0.479167,1,0.566848,0.566844,2.10808
29.9738,0.483333,1,0.567058,0.567054,2.10947
29.994,0.467708,1,0.567266,0.567262,2.11086
30.0142,0.470833,1,0.567472,0.567467,2.11225
30.0345,0.503125,1,0.567674,0.56767,2.11364
30.0547,0.497917,1,0.567874,0.56787,2.11503
30.0749,0.490625,1,0.568071,0.568066,2.11642
30.0951,0.535417,1,0.568265,0.568261,2.11781
30.1154,0.479167,1,0.568457,0.568452,2.11921
30.1356,0.466667,1,0.568645,0.568641,2.1206
30.1558,0.452083,1,0.568831,0.568826,2.12199
30.1761,0.472917,1,0.569015,0.569009,2.12338
30.1963,0.436458,1,0.569195,0.56919,2.12477
30.2165,0.471875,1,0.569373,0.569367,2.12616
30.2367,0.455208,1,0.569547,0.569542,2.12755
30.257,0.53125,1,0.56972,0.569714,2.12894
30.2772,0.492708,1,0.569889,0.569883,2.13033
30.2974,0.429167,1,0.570055,0.570049,2.13172
30.3176,0.483333,1,0.570219,0.570213,2.13311
30.3379,0.534375,1,0.57038,0.570373,2.1345
30.3581,0.520833,1,0.570538,0.570531,2.13588
30.3783,0.508333,1,0.570694,0.570687,2.13727
30.3985,0.509375,1,0.570846,0.570839,2.13866
30.4188,0.519792,1,0.570996,0.570989,2.14005
30.439,0.513542,1,0.571143,0.571135,2.14144
30.4592,0.544792,1,0.571287,0.571279,2.14283
30.4794,0.566667,1,0.571429,0.57142,2.14422
30.4997,0.542708,1,0.571567,0.571559,2.14561
30.5199,0.59375,1,0.571703,0.571694,2.147
30.5401,0.597917,1,0.571836,0.571827,2.14839
30.5603,0.619792,1,0.571967,0.571957,2.14978
30.5806,0.603125,1,0.572094,0.572084,2.15117
30.6008,0.604167,1,0.572219,0.572209,2.15256
30.621,0.5875,1,0.572341,0.57233,2.15394
30.6413,0.563542,1,0.57246,0.572449,2.15533
30.6615,0.6125,1,0.572576,0.572565,2.15672
30.6817,0.602083,1,0.57269,0.572678,2.15811
30.7019,0.629167,1,0.572801,0.572788,2.1595
30.7222,0.664583,1,0.572909,0.572896,2.16089
30.7424,0.61875,1,0.573014,0.573001,2.16227
30.7626,0.715625,1,0.573117,0.573103,2.16366
30.7828,0.673958,1,0.573217,0.573202,2.16505
30.8031,0.682292,1,0.573314,0.573298,2.16644
30.8233,0.7125,1,0.573408,0.573391,2.16783
30.8435,0.702083,1,0.573499,0.573482,2.16922
30.8637,0.70625,1,0.573588,0.57357,2.1706
30.884,0.7125,1,0.573674,0.573655,2.17199
30.9042,0.7625,1,0.573758,0.573738,2.17338
30.9244,0.771875,1,0.573839,0.573817,2.17477
30.9446,0.786458,1,0.573918,0.573894,2.17615
30.9649,0.803125,1,0.573995,0.573968,2.17754
30.9851,0.817708,1,0.574074,0.574039,2.17893
31.0053,0.852083,1,0.574159,0.574107,2.18032
31.0255,0.859375,1,0.574262,0.574173,2.1817
31.0458,0.923958,1,0.574406,0.574235,2.18309
31.066,0.960417,1,0.574645,0.574295,2.18448
31.0862,0.984375,1,0.575082,0.574353,2.18587
31.1065,1.10833,0.902256,0.57592,0.574407,2.18725
31.1267,1.11979,0.893023,0.577542,0.574459,2.18864
31.1469,1.20729,0.8283,0.580642,0.574507,2.19003
31.1671,1.32812,0.752941,0.586431,0.574553,2.19141
31.1874,1.41146,0.708487,0.596951,0.574597,2.1928
31.2076,1.44271,0.693141,0.615506,0.574637,2.19419
31.2278,1.58125,0.632411,0.647223,0.574675,2.19557
31.248,1.72604,0.57936,0.699758,0.57471,2.19696
31.2683,1.86563,0.536013,0.784003,0.574742,2.19835
31.2885,2.02083,0.494845,0.914796,0.574771,2.19973
31.3087,2.17292,0.460211,1.11126,0.574798,2.20112
31.3289,2.36458,0.422907,1.39667,0.574822,2.20251
31.3492,2.54688,0.392638,1.7976,0.574843,2.20389
31.3694,2.93125,0.341151,2.34171,0.574862,2.20528
31.3896,3.41146,0.29313,3.05483,0.574877,2.20667
31.4098,3.81771,0.261937,3.95636,0.57489,2.20805
31.4301,4.39271,0.22765,5.05447,0.5749,2.20944
31.4503,5.30208,0.188605,6.34144,0.574908,2.21082
31.4705,6.37604,0.156837,7.78908,0.574912,2.21221
31.4907,7.54271,0.132578,9.34764,0.574914,2.2136
31.511,9.12083,0.109639,10.9458,0.574913,2.21498
31.5312,11.4385,0.0874237,12.4955,0.57491,2.21637
31.5514,14.1146,0.0708487,13.8997,0.574903,2.21775
31.5717,17.0094,0.0587911,15.0618,0.574894,2.21914
31.5919,19.5604,0.0511237,15.8966,0.574883,2.22052
31.6121,19.974,0.0500652,16.3411,0.574868,2.22191
31.6323,19.2354,0.0519874,16.3619,0.574851,2.22329
31.6526,17.6927,0.0565205,15.9594,0.574831,2.22468
31.6728,16.1552,0.0618995,15.1677,0.574809,2.22607
31.693,14.3844,0.0695199,14.049,0.574783,2.22745
31.7132,11.9458,0.0837112,12.6868,0.574755,2.22884
31.7335,9.74375,0.10263,11.1749,0.574725,2.23022
31.7537,8.19479,0.122029,9.60704,0.574691,2.23161
31.7739,6.53125,0.15311,8.0683,0.574655,2.23299
31.7941,5.42083,0.184473,6.62776,0.574617,2.23438
31.8144,4.71667,0.212014,5.33499,0.574575,2.23576
31.8346,3.93646,0.254035,4.2193,0.574531,2.23714
31.8548,3.48438,0.286996,3.29102,0.574484,2.23853
31.875,2.96146,0.337671,2.5452,0.574435,2.23991
31.8953,2.61042,0.383081,1.96587,0.574383,2.2413
31.9155,2.46563,0.405577,1.53039,0.574328,2.24268
31.9357,2.06458,0.484359,1.2134,0.574271,2.24407
31.9559,1.92604,0.5192,0.989872,0.574211,2.24545
31.9762,1.84688,0.541455,0.837087,0.574148,2.24683
31.9964,1.63125,0.613027,0.735851,0.574083,2.24822
32.0166,1.42396,0.702268,0.670792,0.574015,2.2496
32.0368,1.38021,0.724528,0.630237,0.573944,2.25099
32.0571,1.2875,0.776699,0.605709,0.573871,2.25237
32.0773,1.17188,0.853333,0.591304,0.573795,2.25375
32.0975,1.14062,0.876712,0.583082,0.573717,2.25514
32.1178,1.14167,0.875912,0.578511,0.573636,2.25652
32.138,0.967708,1,0.576026,0.573552,2.25791
32.1582,0.992708,1,0.574694,0.573466,2.25929
32.1784,0.928125,1,0.573977,0.573377,2.26067
32.1987,0.853125,1,0.573579,0.573286,2.26206
32.2189,0.822917,1,0.573338,0.573192,2.26344
32.2391,0.790625,1,0.573174,0.573095,2.26482
32.2593,0.76875,1,0.573044,0.572996,2.26621
32.2796,0.769792,1,0.572928,0.572895,2.26759
32.2998,0.688542,1,0.572817,0.57279,2.26897
32.32,0.715625,1,0.572707,0.572684,2.27035
32.3402,0.677083,1,0.572595,0.572574,2.27174
32.3605,0.704167,1,0.572482,0.572463,2.27312
32.3807,0.65,1,0.572367,0.572348,2.2745
32.4009,0.644792,1,0.572249,0.572231,2.27589
32.4211,0.598958,1,0.572129,0.572112,2.27727
32.4414,0.638542,1,0.572006,0.57199,2.27865
32.4616,0.611458,1,0.571881,0.571865,2.28003
32.4818,0.616667,1,0.571753,0.571738,2.28142
32.502,0.607292,1,0.571623,0.571609,2.2828
32.5223,0.602083,1,0.57149,0.571477,2.28418
32.5425,0.609375,1,0.571355,0.571342,2.28556
32.5627,0.615625,1,0.571218,0.571205,2.28694
32.583,0.545833,1,0.571078,0.571066,2.28833
32.6032,0.5875,1,0.570936,0.570924,2.28971
32.6234,0.602083,1,0.570791,0.57078,2.29109
32.6436,0.579167,1,0.570644,0.570633,2.29247
32.6639,0.55,1,0.570494,0.570484,2.29385
32.6841,0.595833,1,0.570342,0.570332,2.29524
32.7043,0.573958,1,0.570188,0.570178,2.29662
32.7245,0.536458,1,0.570031,0.570021,2.298
32.7448,0.540625,1,0.569871,0.569863,2.29938
32.765,0.525,1,0.56971,0.569701,2.30076
32.7852,0.560417,1,0.569546,0.569537,2.30214
32.8054,0.545833,1,0.569379,0.569371,2.30352
32.8257,0.573958,1,0.56921,0.569203,2.30491
32.8459,0.515625,1,0.569039,0.569032,2.30629
32.8661,0.54375,1,0.568866,0.568858,2.30767
32.8863,0.525,1,0.56869,0.568683,2.30905
32.9066,0.530208,1,0.568512,0.568505,2.31043
32.9268,0.533333,1,0.568331,0.568324,2.31181
32.947,0.542708,1,0.568148,0.568141,2.31319
32.9672,0.559375,1,0.567963,0.567956,2.31457
32.9875,0.603125,1,0.567775,0.567769,2.31595
33.0077,0.552083,1,0.567585,0.567579,2.31733
33.0279,0.572917,1,0.567393,0.567387,2.31871
33.0482,0.545833,1,0.567198,0.567192,2.32009
33.0684,0.575,1,0.567001,0.566996,2.32147
33.0886,0.514583,1,0.566802,0.566797,2.32285
33.1088,0.526042,1,0.566601,0.566595,2.32423
33.1291,0.509375,1,0.566397,0.566392,2.32561
33.1493,0.46875,1,0.566191,0.566186,2.32699
33.1695,0.476042,1,0.565983,0.565978,2.32837
33.1897,0.471875,1,0.565772,0.565767,2.32975
33.21,0.464583,1,0.565559,0.565554,2.33113
33.2302,0.491667,1,0.565344,0.56534,2.33251
33.2504,0.488542,1,0.565127,0.565122,2.33389
33.2706,0.498958,1,0.564908,0.564903,2.33527
33.2909,0.495833,1,0.564686,0.564681,2.33665
33.3111,0.486458,1,0.564462,0.564457,2.33803
33.3313,0.480208,1,0.564236,0.564231,2.33941
33.3515,0.483333,1,0.564008,0.564003,2.34079
33.3718,0.464583,1,0.563777,0.563773,2.34217
33.392,0.472917,1,0.563544,0.56354,2.34355
33.4122,0.43125,1,0.563309,0.563305,2.34493
33.4324,0.477083,1,0.563072,0.563068,2.34631
33.4527,0.470833,1,0.562833,0.562829,2.34769
33.4729,0.504167,1,0.562592,0.562588,2.34907
33.4931,0.503125,1,0.562348,0.562345,2.35044
33.5134,0.496875,1,0.562103,0.562099,2.35182
33.5336,0.486458,1,0.561855,0.561851,2.3532
33.5538,0.476042,1,0.561605,0.561602,2.35458
33.574,0.461458,1,0.561353,0.56135,2.35596
33.5943,0.444792,1,0.561099,0.561096,2.35734
33.6145,0.45625,1,0.560843,0.560839,2.35872
33.6347,0.467708,1,0.560585,0.560581,2.36009
33.6549,0.48125,1,0.560325,0.560321,2.36147
33.6752,0.440625,1,0.560062,0.560059,2.36285
33.6954,0.408333,1,0.559798,0.559794,2.36423
33.7156,0.428125,1,0.559531,0.559528,2.36561
33.7358,0.436458,1,0.559263,0.559259,2.36698
33.7561,0.461458,1,0.558992,0.558989,2.36836
33.7763,0.432292,1,0.55872,0.558716,2.36974
33.7965,0.483333,1,0.558445,0.558442,2.37112
33.8167,0.467708,1,0.558168,0.558165,2.37249
33.837,0.411458,1,0.55789,0.557886,2.37387
33.8572,0.46875,1,0.557609,0.557606,2.37525
33.8774,0.44375,1,0.557327,0.557323,2.37663
33.8976,0.442708,1,0.557042,0.557039,2.378
33.9179,0.4375,1,0.556755,0.556752,2.37938
33.9381,0.455208,1,0.556467,0.556464,2.38076
33.9583,0.446875,1,0.556177,0.556173,2.38214
33.9786,0.435417,1,0.555884,0.555881,2.38351
33.9988,0.484375,1,0.55559,0.555587,2.38489
34.019,0.417708,1,0.555294,0.555291,2.38627
34.0392,0.4125,1,0.554996,0.554992,2.38764
34.0595,0.428125,1,0.554695,0.554692,2.38902
34.0797,0.427083,1,0.554394,0.554391,2.3904
34.0999,0.427083,1,0.55409,0.554087,2.39177
34.1201,0.419792,1,0.553784,0.553781,2.39315
34.1404,0.479167,1,0.553476,0.553473,2.39453
34.1606,0.410417,1,0.553167,0.553164,2.3959
34.1808,0.445833,1,0.552856,0.552853,2.39728
34.201,0.451042,1,0.552543,0.55254,2.39866
34.2213,0.444792,1,0.552228,0.552225,2.40003
34.2415,0.4375,1,0.551911,0.551908,2.40141
34.2617,0.415625,1,0.551592,0.551589,2.40278
34.2819,0.411458,1,0.551272,0.551269,2.40416
34.3022,0.445833,1,0.55095,0.550947,2.40554
34.3224,0.426042,1,0.550626,0.550623,2.40691
34.3426,0.458333,1,0.5503,0.550297,2.40829
34.3628,0.4375,1,0.549973,0.54997,2.40966
34.3831,0.417708,1,0.549643,0.54964,2.41104
34.4033,0.421875,1,0.549312,0.549309,2.41241
34.4235,0.419792,1,0.54898,0.548977,2.41379
34.4438,0.442708,1,0.548645,0.548642,2.41516
34.464,0.4,1,0.548309,0.548306,2.41654
34.4842,0.445833,1,0.547971,0.547968,2.41791
34.5044,0.442708,1,0.547632,0.547628,2.41929
34.5247,0.451042,1,0.54729,0.547287,2.42066
34.5449,0.457292,1,0.546947,0.546944,2.42204
34.5651,0.438542,1,0.546603,0.5466,2.42341
34.5853,0.403125,1,0.546256,0.546253,2.42479
34.6056,0.441667,1,0.545908,0.545905,2.42616
34.6258,0.404167,1,0.545559,0.545556,2.42754
34.646,0.409375,1,0.545207,0.545204,2.42891
34.6662,0.459375,1,0.544855,0.544851,2.43029
34.6865,0.413542,1,0.5445,0.544497,2.43166
34.7067,0.422917,1,0.544144,0.544141,2.43304
34.7269,0.458333,1,0.543786,0.543783,2.43441
34.7471,0.417708,1,0.543427,0.543424,2.43578
34.7674,0.425,1,0.543066,0.543063,2.43716
34.7876,0.394792,1,0.542704,0.5427,2.43853
34.8078,0.421875,1,0.54234,0.542336,2.43991
34.828,0.448958,1,0.541974,0.541971,2.44128
34.8483,0.454167,1,0.541607,0.541603,2.44265
34.8685,0.414583,1,0.541238,0.541235,2.44403
34.8887,0.416667,1,0.540868,0.540865,2.4454
34.909,0.413542,1,0.540497,0.540493,2.44677
34.9292,0.439583,1,0.540123,0.54012,2.44815
34.9494,0.409375,1,0.539749,0.539745,2.44952
34.9696,0.398958,1,0.539373,0.539369,2.4509
34.9899,0.417708,1,0.538995,0.538991,2.45227
35.0101,0.38125,1,0.538616,0.538612,2.45364
35.0303,0.422917,1,0.538235,0.538231,2.45501
35.0505,0.432292,1,0.537853,0.537849,2.45639
35.0708,0.403125,1,0.53747,0.537466,2.45776
35.091,0.438542,1,0.537085,0.537081,2.45913
35.1112,0.44375,1,0.536699,0.536695,2.46051
35.1314,0.461458,1,0.536311,0.536307,2.46188
35.1517,0.44375,1,0.535922,0.535918,2.46325
35.1719,0.438542,1,0.535532,0.535527,2.46462
35.1921,0.454167,1,0.53514,0.535136,2.466
35.2123,0.432292,1,0.534747,0.534742,2.46737
35.2326,0.445833,1,0.534352,0.534348,2.46874
35.2528,0.404167,1,0.533957,0.533952,2.47011
35.273,0.464583,1,0.533559,0.533554,2.47149
35.2932,0.453125,1,0.533161,0.533156,2.47286
35.3135,0.429167,1,0.532761,0.532756,2.47423
35.3337,0.43125,1,0.53236,0.532355,2.4756
35.3539,0.440625,1,0.531957,0.531952,2.47697
35.3742,0.482292,1,0.531554,0.531548,2.47835
35.3944,0.502083,1,0.531149,0.531143,2.47972
35.4146,0.476042,1,0.530743,0.530737,2.48109
35.4348,0.486458,1,0.530335,0.530329,2.48246
35.4551,0.482292,1,0.529926,0.52992,2.48383
35.4753,0.507292,1,0.529516,0.52951,2.4852
35.4955,0.489583,1,0.529105,0.529099,2.48657
35.5157,0.559375,1,0.528693,0.528686,2.48795
35.536,0.494792,1,0.528279,0.528272,2.48932
35.5562,0.49375,1,0.527864,0.527857,2.49069
35.5764,0.503125,1,0.527448,0.527441,2.49206
35.5966,0.496875,1,0.527031,0.527024,2.49343
35.6169,0.471875,1,0.526613,0.526605,2.4948
35.6371,0.528125,1,0.526193,0.526185,2.49617
35.6573,0.559375,1,0.525773,0.525765,2.49754
35.6775,0.526042,1,0.525351,0.525343,2.49891
35.6978,0.491667,1,0.524928,0.524919,2.50028
35.718,0.49375,1,0.524504,0.524495,2.50165
35.7382,0.473958,1,0.524079,0.52407,2.50302
35.7584,0.547917,1,0.523653,0.523643,2.5044
35.7787,0.5375,1,0.523226,0.523216,2.50577
35.7989,0.49375,1,0.522798,0.522787,2.50714
35.8191,0.470833,1,0.522369,0.522357,2.50851
35.8393,0.559375,1,0.521938,0.521927,2.50988
35.8596,0.492708,1,0.521507,0.521495,2.51125
35.8798,0.544792,1,0.521075,0.521062,2.51262
35.9,0.50625,1,0.520641,0.520628,2.51399
35.9203,0.553125,1,0.520207,0.520193,2.51535
35.9405,0.567708,1,0.519772,0.519757,2.51672
35.9607,0.559375,1,0.519336,0.51932,2.51809
35.9809,0.58125,1,0.518899,0.518882,2.51946
36.0012,0.597917,1,0.518461,0.518443,2.52083
36.0214,0.589583,1,0.518022,0.518003,2.5222
36.0416,0.610417,1,0.517582,0.517562,2.52357
36.0618,0.605208,1,0.517141,0.517121,2.52494
36.0821,0.642708,1,0.5167,0.516678,2.52631
36.1023,0.652083,1,0.516258,0.516234,2.52768
36.1225,0.677083,1,0.515815,0.51579,2.52905
36.1427,0.752083,1,0.515371,0.515344,2.53042
36.163,0.821875,1,0.514928,0.514897,2.53178
36.1832,0.744792,1,0.514486,0.51445,2.53315
36.2034,0.875,1,0.51405,0.514002,2.53452
36.2236,0.915625,1,0.513635,0.513553,2.53589
36.2439,0.964583,1,0.513284,0.513103,2.53726
36.2641,0.991667,1,0.513107,0.512652,2.53863
36.2843,1.04167,0.96,0.51339,0.5122,2.54
36.3045,1.1125,0.898876,0.514799,0.511748,2.54136
36.3248,1.24687,0.802005,0.518823,0.511294,2.54273
36.345,1.2625,0.792079,0.528551,0.51084,2.5441
36.3652,1.37187,0.728929,0.549983,0.510385,2.54547
36.3855,1.54896,0.645595,0.593982,0.50993,2.54684
36.4057,1.66042,0.602258,0.678775,0.509473,2.5482
36.4259,1.75729,0.569057,0.83257,0.509016,2.54957
36.4461,1.99687,0.500782,1.09539,0.508558,2.55094
36.4664,2.41979,0.413259,1.51827,0.508099,2.55231
36.4866,2.7875,0.358744,2.15873,0.507639,2.55367
36.5068,3.18125,0.314342,3.07043,0.507179,2.55504
36.527,3.83125,0.261011,4.28808,0.506718,2.55641
36.5473,4.81042,0.207882,5.81078,0.506256,2.55778
36.5675,5.93021,0.168628,7.58654,0.505793,2.55914
36.5877,7.90937,0.126432,9.50766,0.50533,2.56051
36.6079,11.0042,0.0908747,11.4172,0.504866,2.56188
36.6282,14.525,0.0688468,13.1309,0.504402,2.56324
36.6484,17.7052,0.0564806,14.4686,0.503937,2.56461
36.6686,18.3406,0.0545238,15.287,0.503471,2.56598
36.6888,16.5052,0.0605869,15.505,0.503004,2.56734
36.7091,14.4625,0.0691443,15.1158,0.502537,2.56871
36.7293,13.6875,0.0730594,14.1825,0.502069,2.57008
36.7495,12.8313,0.0779347,12.8211,0.501601,2.57144
36.7697,11.2854,0.0886099,11.1786,0.501132,2.57281
36.79,8.75833,0.114177,9.40792,0.500662,2.57418
36.8102,6.55417,0.152575,7.64952,0.500192,2.57554
36.8304,5.18438,0.192887,6.01664,0.499721,2.57691
36.8507,4.1,0.243902,4.58761,0.49925,2.57828
36.8709,3.425,0.291971,3.40442,0.498778,2.57964
36.8911,2.81354,0.355424,2.47602,0.498305,2.58101
36.9113,2.41771,0.413615,1.78509,0.497832,2.58237
36.9316,2.15729,0.463544,1.29753,0.497359,2.58374
36.9518,1.79062,0.558464,0.971331,0.496884,2.5851
36.972,1.63958,0.609911,0.764436,0.49641,2.58647
36.9922,1.44479,0.692141,0.640083,0.495935,2.58784
37.0125,1.39062,0.719101,0.569204,0.495459,2.5892
37.0327,1.30417,0.766773,0.530859,0.494983,2.59057
37.0529,1.13646,0.879927,0.5111,0.494506,2.59193
37.0731,1.08854,0.91866,0.501332,0.494029,2.5933
37.0934,0.927083,1,0.496618,0.493552,2.59466
37.1136,0.883333,1,0.49431,0.493074,2.59603
37.1338,0.846875,1,0.493082,0.492595,2.59739
37.154,0.809375,1,0.492313,0.492117,2.59876
37.1743,0.820833,1,0.491725,0.491637,2.60012
37.1945,0.741667,1,0.491206,0.491158,2.60149
37.2147,0.720833,1,0.490712,0.490678,2.60285
37.2349,0.714583,1,0.490226,0.490197,2.60421
37.2552,0.669792,1,0.489742,0.489716,2.60558
37.2754,0.6,1,0.489259,0.489235,2.60694
37.2956,0.561458,1,0.488776,0.488754,2.60831
37.3159,0.641667,1,0.488293,0.488272,2.60967
37.3361,0.597917,1,0.487809,0.487789,2.61104
37.3563,0.510417,1,0.487325,0.487307,2.6124
37.3765,0.542708,1,0.486841,0.486824,2.61376
37.3968,0.50625,1,0.486357,0.486341,2.61513
37.417,0.542708,1,0.485873,0.485857,2.61649
37.4372,0.514583,1,0.485388,0.485373,2.61786
37.4574,0.461458,1,0.484903,0.484889,2.61922
37.4777,0.48125,1,0.484418,0.484405,2.62058
37.4979,0.466667,1,0.483933,0.48392,2.62195
37.5181,0.466667,1,0.483447,0.483435,2.62331
37.5383,0.467708,1,0.482962,0.48295,2.62467
37.5586,0.501042,1,0.482476,0.482465,2.62604
37.5788,0.45625,1,0.48199,0.481979,2.6274
37.599,0.483333,1,0.481503,0.481493,2.62876
37.6192,0.45625,1,0.481017,0.481007,2.63013
37.6395,0.491667,1,0.48053,0.480521,2.63149
37.6597,0.423958,1,0.480043,0.480034,2.63285
37.6799,0.444792,1,0.479556,0.479548,2.63421
37.7001,0.416667,1,0.479069,0.479061,2.63558
37.7204,0.410417,1,0.478582,0.478574,2.63694
37.7406,0.440625,1,0.478094,0.478086,2.6383
37.7608,0.432292,1,0.477607,0.477599,2.63966
37.7811,0.436458,1,0.477119,0.477112,2.64103
37.8013,0.45625,1,0.476631,0.476624,2.64239
37.8215,0.433333,1,0.476143,0.476136,2.64375
37.8417,0.420833,1,0.475655,0.475649,2.64511
37.862,0.40625,1,0.475167,0.475161,2.64647
37.8822,0.441667,1,0.474679,0.474673,2.64784
37.9024,0.398958,1,0.47419,0.474185,2.6492
37.9226,0.442708,1,0.473702,0.473696,2.65056
37.9429,0.373958,1,0.473214,0.473208,2.65192
37.9631,0.390625,1,0.472725,0.47272,2.65328
37.9833,0.373958,1,0.472237,0.472231,2.65464
38.0035,0.433333,1,0.471748,0.471743,2.65601
38.0238,0.435417,1,0.47126,0.471255,2.65737
38.044,0.384375,1,0.470771,0.470766,2.65873
38.0642,0.404167,1,0.470282,0.470278,2.66009
38.0844,0.422917,1,0.469794,0.469789,2.66145
38.1047,0.388542,1,0.469305,0.469301,2.66281
38.1249,0.408333,1,0.468817,0.468812,2.66417
38.1451,0.391667,1,0.468328,0.468324,2.66553
38.1653,0.411458,1,0.46784,0.467835,2.66689
38.1856,0.385417,1,0.467351,0.467347,2.66825
38.2058,0.354167,1,0.466863,0.466859,2.66962
38.226,0.469792,1,0.466374,0.46637,2.67098
38.2463,0.388542,1,0.465886,0.465882,2.67234
38.2665,0.401042,1,0.465398,0.465394,2.6737
38.2867,0.408333,1,0.46491,0.464906,2.67506
38.3069,0.372917,1,0.464422,0.464418,2.67642
38.3272,0.40625,1,0.463934,0.46393,2.67778
38.3474,0.413542,1,0.463446,0.463443,2.67914
38.3676,0.392708,1,0.462958,0.462955,2.6805
38.3878,0.35625,1,0.462471,0.462467,2.68186
38.4081,0.35625,1,0.461983,0.46198,2.68322
38.4283,0.382292,1,0.461496,0.461493,2.68458
38.4485,0.403125,1,0.461009,0.461006,2.68594
38.4687,0.386458,1,0.460522,0.460519,2.6873
38.489,0.419792,1,0.460035,0.460032,2.68865
38.5092,0.389583,1,0.459548,0.459546,2.69001
38.5294,0.417708,1,0.459062,0.459059,2.69137
38.5496,0.36875,1,0.458576,0.458573,2.69273
38.5699,0.383333,1,0.45809,0.458087,2.69409
38.5901,0.416667,1,0.457604,0.457601,2.69545
38.6103,0.373958,1,0.457118,0.457116,2.69681
38.6305,0.389583,1,0.456633,0.45663,2.69817
38.6508,0.384375,1,0.456148,0.456145,2.69953
38.671,0.372917,1,0.455663,0.45566,2.70089
38.6912,0.403125,1,0.455178,0.455176,2.70224
38.7115,0.407292,1,0.454694,0.454692,2.7036
38.7317,0.367708,1,0.45421,0.454207,2.70496
38.7519,0.370833,1,0.453726,0.453724,2.70632
38.7721,0.369792,1,0.453242,0.45324,2.70768
38.7924,0.34375,1,0.452759,0.452757,2.70904
38.8126,0.378125,1,0.452276,0.452274,2.71039
38.8328,0.379167,1,0.451794,0.451791,2.71175
38.853,0.4125,1,0.451311,0.451309,2.71311
38.8733,0.372917,1,0.450829,0.450827,2.71447
38.8935,0.345833,1,0.450348,0.450346,2.71582
38.9137,0.405208,1,0.449866,0.449864,2.71718
38.9339,0.40625,1,0.449385,0.449383,2.71854
38.9542,0.389583,1,0.448905,0.448903,2.7199
38.9744,0.380208,1,0.448424,0.448423,2.72125
38.9946,0.396875,1,0.447945,0.447943,2.72261
39.0148,0.4,1,0.447465,0.447463,2.72397
39.0351,0.365625,1,0.446986,0.446984,2.72533
39.0553,0.373958,1,0.446507,0.446506,2.72668
39.0755,0.394792,1,0.446029,0.446027,2.72804
39.0957,0.371875,1,0.445551,0.44555,2.7294
39.116,0.376042,1,0.445074,0.445072,2.73075
39.1362,0.363542,1,0.444597,0.444595,2.73211
39.1564,0.322917,1,0.44412,0.444119,2.73347
39.1767,0.339583,1,0.443644,0.443642,2.73482
39.1969,0.344792,1,0.443168,0.443167,2.73618
39.2171,0.359375,1,0.442693,0.442692,2.73754
39.2373,0.377083,1,0.442218,0.442217,2.73889
39.2576,0.370833,1,0.441744,0.441743,2.74025
39.2778,0.348958,1,0.44127,0.441269,2.74161
39.298,0.36875,1,0.440797,0.440796,2.74296
39.3182,0.353125,1,0.440324,0.440323,2.74432
39.3385,0.4,1,0.439852,0.439851,2.74567
39.3587,0.369792,1,0.43938,0.439379,2.74703
39.3789,0.369792,1,0.438909,0.438908,2.74838
39.3991,0.354167,1,0.438438,0.438437,2.74974
39.4194,0.357292,1,0.437968,0.437967,2.7511
39.4396,0.384375,1,0.437498,0.437497,2.75245
39.4598,0.346875,1,0.437029,0.437028,2.75381
39.48,0.3375,1,0.436561,0.436559,2.75516
39.5003,0.36875,1,0.436093,0.436091,2.75652
39.5205,0.363542,1,0.435625,0.435624,2.75787
39.5407,0.370833,1,0.435159,0.435157,2.75923
39.5609,0.35,1,0.434692,0.434691,2.76058
39.5812,0.348958,1,0.434227,0.434225,2.76194
39.6014,0.361458,1,0.433762,0.43376,2.76329
39.6216,0.382292,1,0.433297,0.433296,2.76465
39.6418,0.344792,1,0.432833,0.432832,2.766
39.6621,0.384375,1,0.43237,0.432369,2.76736
39.6823,0.354167,1,0.431908,0.431907,2.76871
39.7025,0.361458,1,0.431446,0.431445,2.77006
39.7228,0.351042,1,0.430985,0.430983,2.77142
39.743,0.359375,1,0.430524,0.430523,2.77277
39.7632,0.342708,1,0.430064,0.430063,2.77413
39.7834,0.34375,1,0.429605,0.429604,2.77548
39.8037,0.382292,1,0.429146,0.429145,2.77683
39.8239,0.336458,1,0.428688,0.428687,2.77819
39.8441,0.336458,1,0.428231,0.42823,2.77954
39.8643,0.3625,1,0.427774,0.427773,2.7809
39.8846,0.342708,1,0.427319,0.427317,2.78225
39.9048,0.325,1,0.426863,0.426862,2.7836
39.925,0.346875,1,0.426409,0.426408,2.78496
39.9452,0.376042,1,0.425955,0.425954,2.78631
39.9655,0.326042,1,0.425502,0.425501,2.78766
39.9857,0.359375,1,0.42505,0.425049,2.78901
40.0059,0.323958,1,0.424599,0.424598,2.79037
40.0261,0.344792,1,0.424148,0.424147,2.79172
40.0464,0.340625,1,0.423698,0.423697,2.79307
40.0666,0.34375,1,0.423249,0.423248,2.79443
40.0868,0.33125,1,0.4228,0.422799,2.79578
40.107,0.33125,1,0.422353,0.422352,2.79713
40.1273,0.340625,1,0.421906,0.421905,2.79848
40.1475,0.348958,1,0.42146,0.421459,2.79984
40.1677,0.333333,1,0.421014,0.421013,2.80119
40.188,0.332292,1,0.42057,0.420569,2.80254
40.2082,0.370833,1,0.420126,0.420125,2.80389
40.2284,0.338542,1,0.419683,0.419682,2.80525
40.2486,0.355208,1,0.419241,0.41924,2.8066
40.2689,0.342708,1,0.4188,0.418799,2.80795
40.2891,0.338542,1,0.41836,0.418359,2.8093
40.3093,0.341667,1,0.41792,0.417919,2.81065
40.3295,0.38125,1,0.417481,0.417481,2.812
40.3498,0.311458,1,0.417044,0.417043,2.81336
40.37,0.359375,1,0.416607,0.416606,2.81471
40.3902,0.328125,1,0.416171,0.41617,2.81606
40.4104,0.311458,1,0.415735,0.415734,2.81741
40.4307,0.354167,1,0.415301,0.4153,2.81876
40.4509,0.333333,1,0.414867,0.414867,2.82011
40.4711,0.330208,1,0.414435,0.414434,2.82146
40.4913,0.363542,1,0.414003,0.414002,2.82281
40.5116,0.347917,1,0.413572,0.413572,2.82416
40.5318,0.320833,1,0.413143,0.413142,2.82552
40.552,0.326042,1,0.412714,0.412713,2.82687
40.5722,0.323958,1,0.412286,0.412285,2.82822
40.5925,0.285417,1,0.411858,0.411858,2.82957
40.6127,0.354167,1,0.411432,0.411432,2.83092
40.6329,0.2875,1,0.411007,0.411006,2.83227
40.6532,0.378125,1,0.410583,0.410582,2.83362
40.6734,0.3625,1,0.41016,0.410159,2.83497
40.6936,0.378125,1,0.409737,0.409736,2.83632
40.7138,0.344792,1,0.409316,0.409315,2.83767
40.7341,0.347917,1,0.408895,0.408895,2.83902
40.7543,0.3625,1,0.408476,0.408475,2.84037
40.7745,0.33125,1,0.408057,0.408057,2.84172
40.7947,0.336458,1,0.40764,0.407639,2.84307
40.815,0.369792,1,0.407223,0.407223,2.84442
40.8352,0.347917,1,0.406808,0.406807,2.84577
40.8554,0.307292,1,0.406393,0.406393,2.84711
40.8756,0.361458,1,0.40598,0.405979,2.84846
40.8959,0.335417,1,0.405567,0.405567,2.84981
40.9161,0.3375,1,0.405156,0.405155,2.85116
40.9363,0.341667,1,0.404746,0.404745,2.85251
40.9565,0.342708,1,0.404336,0.404335,2.85386
40.9768,0.363542,1,0.403928,0.403927,2.85521
40.997,0.372917,1,0.403521,0.40352,2.85656
41.0172,0.360417,1,0.403114,0.403114,2.85791
41.0374,0.341667,1,0.402709,0.402708,2.85925
41.0577,0.370833,1,0.402305,0.402304,2.8606
41.0779,0.3625,1,0.401902,0.401901,2.86195
41.0981,0.333333,1,0.4015,0.401499,2.8633
41.1184,0.363542,1,0.401099,0.401098,2.86465
41.1386,0.328125,1,0.400699,0.400698,2.866
41.1588,0.342708,1,0.4003,0.4003,2.86734
41.179,0.352083,1,0.399903,0.399902,2.86869
41.1993,0.328125,1,0.399506,0.399505,2.87004
41.2195,0.315625,1,0.399111,0.39911,2.87139
41.2397,0.326042,1,0.398716,0.398715,2.87274
41.2599,0.380208,1,0.398323,0.398322,2.87408
41.2802,0.394792,1,0.397931,0.39793,2.87543
41.3004,0.334375,1,0.39754,0.397539,2.87678
41.3206,0.336458,1,0.39715,0.397149,2.87812
41.3408,0.322917,1,0.396761,0.39676,2.87947
41.3611,0.354167,1,0.396373,0.396373,2.88082
41.3813,0.332292,1,0.395987,0.395986,2.88217
41.4015,0.33125,1,0.395602,0.395601,2.88351
41.4217,0.329167,1,0.395217,0.395217,2.88486
41.442,0.327083,1,0.394834,0.394834,2.88621
41.4622,0.333333,1,0.394452,0.394452,2.88755
41.4824,0.341667,1,0.394072,0.394071,2.8889
41.5026,0.363542,1,0.393692,0.393692,2.89025
41.5229,0.354167,1,0.393314,0.393313,2.89159
41.5431,0.321875,1,0.392937,0.392936,2.89294
41.5633,0.35625,1,0.392561,0.39256,2.89428
41.5836,0.366667,1,0.392186,0.392185,2.89563
41.6038,0.3625,1,0.391812,0.391812,2.89698
41.624,0.311458,1,0.39144,0.391439,2.89832
41.6442,0.340625,1,0.391069,0.391068,2.89967
41.6645,0.352083,1,0.390699,0.390698,2.90101
41.6847,0.345833,1,0.39033,0.390329,2.90236
41.7049,0.357292,1,0.389962,0.389962,2.90371
41.7251,0.353125,1,0.389596,0.389595,2.90505
41.7454,0.330208,1,0.389231,0.38923,2.9064
41.7656,0.363542,1,0.388867,0.388866,2.90774
41.7858,0.354167,1,0.388504,0.388504,2.90909
41.806,0.345833,1,0.388143,0.388142,2.91043
41.8263,0.322917,1,0.387783,0.387782,2.91178
41.8465,0.325,1,0.387424,0.387423,2.91312
41.8667,0.348958,1,0.387066,0.387066,2.91447
41.8869,0.35,1,0.38671,0.386709,2.91581
41.9072,0.326042,1,0.386354,0.386354,2.91716
41.9274,0.35625,1,0.386001,0.386,2.9185
41.9476,0.357292,1,0.385648,0.385647,2.91985
41.9678,0.308333,1,0.385297,0.385296,2.92119
41.9881,0.336458,1,0.384947,0.384946,2.92253
42.0083,0.35625,1,0.384598,0.384597,2.92388
42.0285,0.379167,1,0.38425,0.38425,2.92522
42.0488,0.330208,1,0.383904,0.383903,2.92657
42.069,0.34375,1,0.383559,0.383559,2.92791
42.0892,0.327083,1,0.383215,0.383215,2.92925
42.1094,0.328125,1,0.382873,0.382873,2.9306
42.1297,0.304167,1,0.382532,0.382532,2.93194
42.1499,0.359375,1,0.382192,0.382192,2.93328
42.1701,0.365625,1,0.381854,0.381853,2.93463
42.1903,0.341667,1,0.381517,0.381516,2.93597
42.2106,0.326042,1,0.381181,0.381181,2.93731
42.2308,0.327083,1,0.380847,0.380846,2.93866
42.251,0.327083,1,0.380514,0.380513,2.94
42.2712,0.335417,1,0.380182,0.380181,2.94134
42.2915,0.36875,1,0.379851,0.379851,2.94269
42.3117,0.372917,1,0.379522,0.379522,2.94403
42.3319,0.345833,1,0.379194,0.379194,2.94537
42.3521,0.346875,1,0.378868,0.378867,2.94672
42.3724,0.344792,1,0.378543,0.378542,2.94806
42.3926,0.346875,1,0.378219,0.378219,2.9494
42.4128,0.332292,1,0.377897,0.377896,2.95074
42.433,0.310417,1,0.377576,0.377575,2.95208
42.4533,0.338542,1,0.377256,0.377256,2.95343
42.4735,0.35,1,0.376938,0.376937,2.95477
42.4937,0.321875,1,0.376621,0.37662,2.95611
42.514,0.321875,1,0.376305,0.376305,2.95745
42.5342,0.330208,1,0.375991,0.375991,2.95879
42.5544,0.307292,1,0.375678,0.375678,2.96014
42.5746,0.320833,1,0.375367,0.375367,2.96148
42.5949,0.303125,1,0.375057,0.375057,2.96282
42.6151,0.3125,1,0.374748,0.374748,2.96416
42.6353,0.341667,1,0.374441,0.374441,2.9655
42.6555,0.319792,1,0.374135,0.374135,2.96684
42.6758,0.345833,1,0.373831,0.37383,2.96819
42.696,0.3625,1,0.373528,0.373527,2.96953
42.7162,0.346875,1,0.373226,0.373226,2.97087
42.7364,0.31875,1,0.372926,0.372926,2.97221
42.7567,0.34375,1,0.372627,0.372627,2.97355
42.7769,0.342708,1,0.37233,0.372329,2.97489
42.7971,0.340625,1,0.372034,0.372033,2.97623
42.8173,0.377083,1,0.371739,0.371739,2.97757
42.8376,0.351042,1,0.371446,0.371446,2.97891
42.8578,0.376042,1,0.371155,0.371154,2.98025
42.878,0.3375,1,0.370864,0.370864,2.98159
42.8982,0.361458,1,0.370575,0.370575,2.98293
42.9185,0.321875,1,0.370288,0.370288,2.98427
42.9387,0.322917,1,0.370002,0.370002,2.98561
42.9589,0.309375,1,0.369718,0.369717,2.98695
42.9792,0.336458,1,0.369434,0.369434,2.98829
42.9994,0.317708,1,0.369153,0.369152,2.98963
43.0196,0.344792,1,0.368873,0.368872,2.99097
43.0398,0.371875,1,0.368594,0.368593,2.99231
43.0601,0.36875,1,0.368317,0.368316,2.99365
43.0803,0.367708,1,0.368041,0.36804,2.99499
43.1005,0.34375,1,0.367766,0.367766,2.99633
43.1207,0.379167,1,0.367493,0.367493,2.99767
43.141,0.3625,1,0.367222,0.367222,2.99901
43.1612,0.313542,1,0.366952,0.366952,3.00035
43.1814,0.323958,1,0.366684,0.366683,3.00168
43.2016,0.346875,1,0.366416,0.366416,3.00302
43.2219,0.33125,1,0.366151,0.36615,3.00436
43.2421,0.33125,1,0.365887,0.365886,3.0057
43.2623,0.305208,1,0.365624,0.365624,3.00704
43.2825,0.314583,1,0.365363,0.365363,3.00838
43.3028,0.378125,1,0.365103,0.365103,3.00972
43.323,0.379167,1,0.364845,0.364845,3.01105
43.3432,0.380208,1,0.364589,0.364588,3.01239
43.3634,0.341667,1,0.364333,0.364333,3.01373
43.3837,0.370833,1,0.36408,0.364079,3.01507
43.4039,0.336458,1,0.363827,0.363827,3.0164
43.4241,0.35625,1,0.363577,0.363576,3.01774
43.4443,0.328125,1,0.363327,0.363327,3.01908
43.4646,0.34375,1,0.36308,0.363079,3.02042
43.4848,0.310417,1,0.362833,0.362833,3.02176
43.505,0.375,1,0.362589,0.362588,3.02309
43.5253,0.363542,1,0.362346,0.362345,3.02443
43.5455,0.366667,1,0.362104,0.362103,3.02577
43.5657,0.336458,1,0.361864,0.361863,3.0271
43.5859,0.316667,1,0.361625,0.361625,3.02844
43.6062,0.35625,1,0.361388,0.361387,3.02978
43.6264,0.347917,1,0.361152,0.361152,3.03111
43.6466,0.341667,1,0.360918,0.360918,3.03245
43.6668,0.329167,1,0.360685,0.360685,3.03379
43.6871,0.359375,1,0.360454,0.360454,3.03512
43.7073,0.34375,1,0.360225,0.360224,3.03646
43.7275,0.325,1,0.359997,0.359996,3.0378
43.7477,0.33125,1,0.35977,0.35977,3.03913
43.768,0.315625,1,0.359545,0.359545,3.04047
43.7882,0.296875,1,0.359322,0.359321,3.04181
43.8084,0.325,1,0.3591,0.359099,3.04314
43.8286,0.30625,1,0.358879,0.358879,3.04448
43.8489,0.3625,1,0.35866,0.35866,3.04581
43.8691,0.357292,1,0.358443,0.358443,3.04715
43.8893,0.334375,1,0.358227,0.358227,3.04848
43.9095,0.302083,1,0.358013,0.358012,3.04982
43.9298,0.320833,1,0.3578,0.3578,3.05115
43.95,0.341667,1,0.357589,0.357588,3.05249
43.9702,0.322917,1,0.357379,0.357379,3.05383
43.9905,0.323958,1,0.357171,0.357171,3.05516
44.0107,0.33125,1,0.356964,0.356964,3.0565
44.0309,0.364583,1,0.356759,0.356759,3.05783
44.0511,0.355208,1,0.356556,0.356556,3.05917
44.0714,0.351042,1,0.356354,0.356354,3.0605
44.0916,0.317708,1,0.356154,0.356153,3.06183
44.1118,0.339583,1,0.355955,0.355954,3.06317
44.132,0.320833,1,0.355757,0.355757,3.0645
44.1523,0.333333,1,0.355562,0.355561,3.06584
44.1725,0.359375,1,0.355367,0.355367,3.06717
44.1927,0.314583,1,0.355175,0.355174,3.06851
44.2129,0.327083,1,0.354984,0.354983,3.06984
44.2332,0.365625,1,0.354794,0.354794,3.07117
44.2534,0.33125,1,0.354606,0.354606,3.07251
44.2736,0.351042,1,0.35442,0.354419,3.07384
44.2938,0.320833,1,0.354235,0.354235,3.07517
44.3141,0.3375,1,0.354052,0.354051,3.07651
44.3343,0.327083,1,0.35387,0.35387,3.07784
44.3545,0.346875,1,0.35369,0.353689,3.07918
44.3747,0.321875,1,0.353511,0.353511,3.08051
44.395,0.336458,1,0.353334,0.353334,3.08184
44.4152,0.326042,1,0.353159,0.353158,3.08317
44.4354,0.326042,1,0.352985,0.352984,3.08451
44.4557,0.338542,1,0.352812,0.352812,3.08584
44.4759,0.35625,1,0.352642,0.352641,3.08717
44.4961,0.328125,1,0.352472,0.352472,3.08851
44.5163,0.35625,1,0.352305,0.352304,3.08984
44.5366,0.370833,1,0.352139,0.352138,3.09117
44.5568,0.334375,1,0.351974,0.351974,3.0925
44.577,0.333333,1,0.351811,0.351811,3.09384
44.5972,0.339583,1,0.35165,0.351649,3.09517
44.6175,0.334375,1,0.35149,0.35149,3.0965
44.6377,0.325,1,0.351332,0.351331,3.09783
44.6579,0.378125,1,0.351175,0.351175,3.09916
44.6781,0.315625,1,0.35102,0.351019,3.1005
44.6984,0.380208,1,0.350866,0.350866,3.10183
44.7186,0.305208,1,0.350714,0.350714,3.10316
44.7388,0.354167,1,0.350564,0.350564,3.10449
44.759,0.361458,1,0.350415,0.350415,3.10582
44.7793,0.355208,1,0.350268,0.350268,3.10715
44.7995,0.360417,1,0.350122,0.350122,3.10848
44.8197,0.316667,1,0.349978,0.349978,3.10982
44.8399,0.35625,1,0.349836,0.349835,3.11115
44.8602,0.338542,1,0.349695,0.349694,3.11248
44.8804,0.357292,1,0.349555,0.349555,3.11381
44.9006,0.33125,1,0.349417,0.349417,3.11514
44.9209,0.309375,1,0.349281,0.349281,3.11647
44.9411,0.34375,1,0.349147,0.349146,3.1178
44.9613,0.322917,1,0.349013,0.349013,3.11913
44.9815,0.373958,1,0.348882,0.348882,3.12046
45.0018,0.352083,1,0.348752,0.348752,3.12179
45.022,0.359375,1,0.348624,0.348623,3.12312
45.0422,0.359375,1,0.348497,0.348497,3.12445
45.0624,0.339583,1,0.348372,0.348371,3.12578
45.0827,0.35,1,0.348248,0.348248,3.12711
45.1029,0.336458,1,0.348126,0.348126,3.12844
45.1231,0.307292,1,0.348005,0.348005,3.12977
45.1433,0.355208,1,0.347887,0.347886,3.1311
45.1636,0.352083,1,0.347769,0.347769,3.13243
45.1838,0.35625,1,0.347653,0.347653,3.13376
45.204,0.334375,1,0.347539,0.347539,3.13509
45.2242,0.347917,1,0.347427,0.347426,3.13642
45.2445,0.340625,1,0.347315,0.347315,3.13775
45.2647,0.351042,1,0.347206,0.347206,3.13908
45.2849,0.326042,1,0.347098,0.347098,3.1404
45.3051,0.382292,1,0.346992,0.346991,3.14173
45.3254,0.36875,1,0.346887,0.346887,3.14306
45.3456,0.332292,1,0.346784,0.346783,3.14439
45.3658,0.325,1,0.346682,0.346682,3.14572
45.3861,0.315625,1,0.346582,0.346582,3.14705
45.4063,0.36875,1,0.346483,0.346483,3.14838
45.4265,0.353125,1,0.346387,0.346386,3.1497
45.4467,0.364583,1,0.346291,0.346291,3.15103
45.467,0.316667,1,0.346197,0.346197,3.15236
45.4872,0.352083,1,0.346105,0.346105,3.15369
45.5074,0.315625,1,0.346014,0.346014,3.15502
45.5276,0.364583,1,0.345925,0.345925,3.15634
45.5479,0.33125,1,0.345838,0.345838,3.15767
45.5681,0.329167,1,0.345752,0.345752,3.159
45.5883,0.344792,1,0.345667,0.345667,3.16033
45.6085,0.35625,1,0.345585,0.345584,3.16165
45.6288,0.347917,1,0.345503,0.345503,3.16298
45.649,0.334375,1,0.345424,0.345423,3.16431
45.6692,0.320833,1,0.345345,0.345345,3.16564
45.6894,0.338542,1,0.345269,0.345269,3.16696
45.7097,0.332292,1,0.345194,0.345193,3.16829
45.7299,0.341667,1,0.34512,0.34512,3.16962
45.7501,0.353125,1,0.345048,0.345048,3.17094
45.7703,0.344792,1,0.344978,0.344978,3.17227
45.7906,0.361458,1,0.344909,0.344909,3.1736
45.8108,0.330208,1,0.344842,0.344842,3.17492
45.831,0.345833,1,0.344776,0.344776,3.17625
45.8513,0.340625,1,0.344712,0.344712,3.17757
45.8715,0.340625,1,0.344649,0.344649,3.1789
45.8917,0.402083,1,0.344588,0.344588,3.18023
45.9119,0.386458,1,0.344529,0.344528,3.18155
45.9322,0.351042,1,0.344471,0.344471,3.18288
45.9524,0.359375,1,0.344414,0.344414,3.1842
45.9726,0.363542,1,0.344359,0.344359,3.18553
45.9928,0.34375,1,0.344306,0.344306,3.18685
46.0131,0.365625,1,0.344254,0.344254,3.18818
46.0333,0.355208,1,0.344204,0.344204,3.1895
46.0535,0.359375,1,0.344155,0.344155,3.19083
46.0737,0.385417,1,0.344108,0.344108,3.19215
46.094,0.329167,1,0.344063,0.344062,3.19348
46.1142,0.370833,1,0.344018,0.344018,3.1948
46.1344,0.327083,1,0.343976,0.343976,3.19613
46.1546,0.377083,1,0.343935,0.343935,3.19745
46.1749,0.351042,1,0.343895,0.343895,3.19878
46.1951,0.38125,1,0.343857,0.343857,3.2001
46.2153,0.348958,1,0.343821,0.343821,3.20143
46.2355,0.361458,1,0.343786,0.343786,3.20275
46.2558,0.383333,1,0.343753,0.343752,3.20408
46.276,0.3625,1,0.343721,0.343721,3.2054
46.2962,0.354167,1,0.34369,0.34369,3.20672
46.3165,0.344792,1,0.343662,0.343661,3.20805
46.3367,0.364583,1,0.343634,0.343634,3.20937
46.3569,0.403125,1,0.343609,0.343608,3.2107
46.3771,0.354167,1,0.343584,0.343584,3.21202
46.3974,0.373958,1,0.343562,0.343561,3.21334
46.4176,0.390625,1,0.34354,0.34354,3.21467
46.4378,0.353125,1,0.343521,0.34352,3.21599
46.458,0.36875,1,0.343502,0.343502,3.21731
46.4783,0.352083,1,0.343486,0.343485,3.21863
46.4985,0.336458,1,0.343471,0.34347,3.21996
46.5187,0.359375,1,0.343457,0.343457,3.22128
46.5389,0.333333,1,0.343445,0.343444,3.2226
46.5592,0.397917,1,0.343434,0.343434,3.22393
46.5794,0.341667,1,0.343425,0.343425,3.22525
46.5996,0.367708,1,0.343417,0.343417,3.22657
46.6198,0.380208,1,0.343411,0.343411,3.22789
46.6401,0.35625,1,0.343406,0.343406,3.22922
46.6603,0.363542,1,0.343403,0.343403,3.23054
46.6805,0.336458,1,0.343401,0.343401,3.23186
46.7007,0.369792,1,0.343401,0.343401,3.23318
46.721,0.361458,1,0.343402,0.343402,3.2345
46.7412,0.364583,1,0.343405,0.343405,3.23583
46.7614,0.365625,1,0.343409,0.343409,3.23715
46.7816,0.351042,1,0.343415,0.343415,3.23847
46.8019,0.371875,1,0.343422,0.343422,3.23979
46.8221,0.364583,1,0.343431,0.343431,3.24111
46.8423,0.392708,1,0.343441,0.343441,3.24243
46.8626,0.342708,1,0.343453,0.343452,3.24375
46.8828,0.3625,1,0.343466,0.343465,3.24507
46.903,0.357292,1,0.34348,0.34348,3.2464
46.9232,0.363542,1,0.343496,0.343496,3.24772
46.9435,0.364583,1,0.343514,0.343513,3.24904
46.9637,0.333333,1,0.343533,0.343532,3.25036
46.9839,0.360417,1,0.343553,0.343553,3.25168
47.0041,0.38125,1,0.343575,0.343575,3.253
47.0244,0.388542,1,0.343598,0.343598,3.25432
47.0446,0.363542,1,0.343623,0.343623,3.25564
47.0648,0.384375,1,0.343649,0.343649,3.25696
47.085,0.35,1,0.343677,0.343677,3.25828
47.1053,0.364583,1,0.343706,0.343706,3.2596
47.1255,0.390625,1,0.343737,0.343736,3.26092
47.1457,0.364583,1,0.343768,0.343768,3.26224
47.1659,0.347917,1,0.343802,0.343802,3.26356
47.1862,0.361458,1,0.343837,0.343837,3.26488
47.2064,0.3375,1,0.343873,0.343873,3.2662
47.2266,0.369792,1,0.343911,0.343911,3.26752
47.2468,0.414583,1,0.34395,0.34395,3.26884
47.2671,0.384375,1,0.343991,0.34399,3.27016
47.2873,0.4,1,0.344033,0.344032,3.27147
47.3075,0.395833,1,0.344076,0.344076,3.27279
47.3278,0.3625,1,0.344121,0.344121,3.27411
47.348,0.426042,1,0.344167,0.344167,3.27543
47.3682,0.389583,1,0.344215,0.344215,3.27675
47.3884,0.386458,1,0.344264,0.344264,3.27807
47.4087,0.384375,1,0.344314,0.344314,3.27939
47.4289,0.429167,1,0.344366,0.344366,3.2807
47.4491,0.407292,1,0.344419,0.344419,3.28202
47.4693,0.416667,1,0.344474,0.344474,3.28334
47.4896,0.366667,1,0.34453,0.34453,3.28466
47.5098,0.351042,1,0.344588,0.344588,3.28598
47.53,0.392708,1,0.344647,0.344646,3.28729
47.5502,0.389583,1,0.344707,0.344707,3.28861
47.5705,0.359375,1,0.344769,0.344768,3.28993
47.5907,0.390625,1,0.344832,0.344831,3.29125
47.6109,0.389583,1,0.344896,0.344896,3.29256
47.6311,0.375,1,0.344962,0.344962,3.29388
47.6514,0.384375,1,0.345029,0.345029,3.2952
47.6716,0.351042,1,0.345098,0.345097,3.29652
47.6918,0.372917,1,0.345167,0.345167,3.29783
47.712,0.378125,1,0.345239,0.345238,3.29915
47.7323,0.402083,1,0.345311,0.345311,3.30047
47.7525,0.378125,1,0.345385,0.345385,3.30178
47.7727,0.359375,1,0.345461,0.34546,3.3031
47.793,0.377083,1,0.345537,0.345537,3.30442
47.8132,0.405208,1,0.345615,0.345615,3.30573
47.8334,0.36875,1,0.345695,0.345695,3.30705
47.8536,0.361458,1,0.345776,0.345775,3.30836
47.8739,0.373958,1,0.345858,0.345857,3.30968
47.8941,0.39375,1,0.345941,0.345941,3.311
47.9143,0.419792,1,0.346026,0.346026,3.31231
47.9345,0.401042,1,0.346112,0.346112,3.31363
47.9548,0.364583,1,0.346199,0.346199,3.31494
47.975,0.380208,1,0.346288,0.346288,3.31626
47.9952,0.385417,1,0.346378,0.346378,3.31757
48.0154,0.38125,1,0.34647,0.346469,3.31889
48.0357,0.35625,1,0.346562,0.346562,3.32021
48.0559,0.380208,1,0.346656,0.346656,3.32152
48.0761,0.36875,1,0.346752,0.346752,3.32284
48.0963,0.384375,1,0.346848,0.346848,3.32415
48.1166,0.378125,1,0.346946,0.346946,3.32547
48.1368,0.358333,1,0.347046,0.347045,3.32678
48.157,0.4,1,0.347146,0.347146,3.32809
48.1772,0.385417,1,0.347248,0.347248,3.32941
48.1975,0.386458,1,0.347351,0.347351,3.33072
48.2177,0.370833,1,0.347456,0.347455,3.33204
48.2379,0.369792,1,0.347561,0.347561,3.33335
48.2582,0.375,1,0.347668,0.347668,3.33467
48.2784,0.351042,1,0.347777,0.347776,3.33598
48.2986,0.39375,1,0.347886,0.347886,3.33729
48.3188,0.371875,1,0.347997,0.347997,3.33861
48.3391,0.372917,1,0.348109,0.348109,3.33992
48.3593,0.371875,1,0.348222,0.348222,3.34123
48.3795,0.35,1,0.348337,0.348337,3.34255
48.3997,0.341667,1,0.348453,0.348453,3.34386
48.42,0.369792,1,0.34857,0.34857,3.34517
48.4402,0.363542,1,0.348688,0.348688,3.34649
48.4604,0.359375,1,0.348808,0.348808,3.3478
48.4806,0.385417,1,0.348929,0.348929,3.34911
48.5009,0.3875,1,0.349051,0.349051,3.35043
48.5211,0.390625,1,0.349174,0.349174,3.35174
48.5413,0.398958,1,0.349299,0.349299,3.35305
48.5615,0.385417,1,0.349425,0.349424,3.35436
48.5818,0.358333,1,0.349552,0.349551,3.35568
48.602,0.342708,1,0.34968,0.34968,3.35699
48.6222,0.377083,1,0.349809,0.349809,3.3583
48.6424,0.373958,1,0.34994,0.34994,3.35961
48.6627,0.403125,1,0.350072,0.350072,3.36093
48.6829,0.397917,1,0.350205,0.350205,3.36224
48.7031,0.357292,1,0.350339,0.350339,3.36355
48.7234,0.382292,1,0.350475,0.350475,3.36486
48.7436,0.376042,1,0.350612,0.350611,3.36617
48.7638,0.378125,1,0.350749,0.350749,3.36748
48.784,0.370833,1,0.350889,0.350888,3.36879
48.8043,0.386458,1,0.351029,0.351028,3.37011
48.8245,0.375,1,0.35117,0.35117,3.37142
48.8447,0.354167,1,0.351313,0.351313,3.37273
48.8649,0.3875,1,0.351457,0.351456,3.37404
48.8852,0.365625,1,0.351602,0.351601,3.37535
48.9054,0.353125,1,0.351748,0.351747,3.37666
48.9256,0.365625,1,0.351895,0.351895,3.37797
48.9458,0.38125,1,0.352043,0.352043,3.37928
48.9661,0.372917,1,0.352193,0.352193,3.38059
48.9863,0.404167,1,0.352344,0.352343,3.3819
49.0065,0.361458,1,0.352496,0.352495,3.38321
49.0267,0.40625,1,0.352649,0.352648,3.38452
49.047,0.375,1,0.352803,0.352803,3.38583
49.0672,0.365625,1,0.352958,0.352958,3.38714
49.0874,0.357292,1,0.353115,0.353114,3.38845
49.1076,0.375,1,0.353272,0.353272,3.38976
49.1279,0.365625,1,0.353431,0.353431,3.39107
49.1481,0.367708,1,0.353591,0.35359,3.39238
49.1683,0.361458,1,0.353752,0.353751,3.39369
49.1886,0.365625,1,0.353914,0.353913,3.395
49.2088,0.391667,1,0.354077,0.354077,3.39631
49.229,0.398958,1,0.354241,0.354241,3.39762
49.2492,0.353125,1,0.354407,0.354406,3.39893
49.2695,0.352083,1,0.354573,0.354573,3.40024
49.2897,0.3375,1,0.354741,0.35474,3.40154
49.3099,0.376042,1,0.354909,0.354909,3.40285
49.3301,0.336458,1,0.355079,0.355078,3.40416
49.3504,0.3625,1,0.35525,0.355249,3.40547
49.3706,0.346875,1,0.355421,0.355421,3.40678
49.3908,0.338542,1,0.355594,0.355594,3.40809
49.411,0.354167,1,0.355768,0.355768,3.40939
49.4313,0.332292,1,0.355943,0.355943,3.4107
49.4515,0.357292,1,0.35612,0.356119,3.41201
49.4717,0.383333,1,0.356297,0.356296,3.41332
49.4919,0.360417,1,0.356475,0.356474,3.41463
49.5122,0.370833,1,0.356654,0.356654,3.41593
49.5324,0.359375,1,0.356835,0.356834,3.41724
49.5526,0.359375,1,0.357016,0.357015,3.41855
49.5728,0.348958,1,0.357198,0.357198,3.41986
49.5931,0.364583,1,0.357382,0.357381,3.42116
49.6133,0.376042,1,0.357566,0.357566,3.42247
49.6335,0.345833,1,0.357752,0.357751,3.42378
49.6538,0.365625,1,0.357938,0.357937,3.42508
49.674,0.384375,1,0.358125,0.358125,3.42639
49.6942,0.360417,1,0.358314,0.358313,3.4277
49.7144,0.354167,1,0.358503,0.358503,3.429
49.7347,0.351042,1,0.358694,0.358693,3.43031
49.7549,0.364583,1,0.358885,0.358885,3.43162
49.7751,0.346875,1,0.359078,0.359077,3.43292
49.7953,0.352083,1,0.359271,0.359271,3.43423
49.8156,0.364583,1,0.359466,0.359465,3.43553
49.8358,0.375,1,0.359661,0.359661,3.43684
49.856,0.358333,1,0.359858,0.359857,3.43815
49.8762,0.365625,1,0.360055,0.360054,3.43945
49.8965,0.367708,1,0.360253,0.360253,3.44076
49.9167,0.335417,1,0.360453,0.360452,3.44206
49.9369,0.367708,1,0.360653,0.360652,3.44337
49.9571,0.351042,1,0.360854,0.360853,3.44467
49.9774,0.342708,1,0.361056,0.361055,3.44598
49.9976,0.357292,1,0.361259,0.361258,3.44728
50.0178,0.370833,1,0.361463,0.361462,3.44859
50.038,0.34375,1,0.361668,0.361667,3.44989
50.0583,0.33125,1,0.361874,0.361873,3.4512
50.0785,0.367708,1,0.362081,0.36208,3.4525
50.0987,0.371875,1,0.362288,0.362288,3.45381
50.119,0.380208,1,0.362497,0.362496,3.45511
50.1392,0.35,1,0.362707,0.362706,3.45641
50.1594,0.357292,1,0.362917,0.362916,3.45772
50.1796,0.369792,1,0.363128,0.363128,3.45902
50.1999,0.346875,1,0.363341,0.36334,3.46033
50.2201,0.369792,1,0.363554,0.363553,3.46163
50.2403,0.3625,1,0.363768,0.363767,3.46293
50.2605,0.344792,1,0.363983,0.363982,3.46424
50.2808,0.364583,1,0.364198,0.364198,3.46554
50.301,0.358333,1,0.364415,0.364414,3.46684
50.3212,0.342708,1,0.364633,0.364632,3.46815
50.3414,0.372917,1,0.364851,0.36485,3.46945
50.3617,0.35625,1,0.36507,0.365069,3.47075
50.3819,0.340625,1,0.36529,0.36529,3.47206
50.4021,0.3625,1,0.365511,0.36551,3.47336
50.4223,0.361458,1,0.365733,0.365732,3.47466
50.4426,0.34375,1,0.365956,0.365955,3.47596
50.4628,0.363542,1,0.366179,0.366178,3.47727
50.483,0.35625,1,0.366404,0.366403,3.47857
50.5032,0.3875,1,0.366629,0.366628,3.47987
50.5235,0.34375,1,0.366855,0.366854,3.48117
50.5437,0.380208,1,0.367082,0.367081,3.48248
50.5639,0.372917,1,0.367309,0.367308,3.48378
50.5841,0.338542,1,0.367538,0.367537,3.48508
50.6044,0.353125,1,0.367767,0.367766,3.48638
50.6246,0.378125,1,0.367997,0.367996,3.48768
50.6448,0.36875,1,0.368228,0.368227,3.48898
50.6651,0.39375,1,0.368459,0.368458,3.49029
50.6853,0.334375,1,0.368692,0.36869,3.49159
50.7055,0.380208,1,0.368925,0.368924,3.49289
50.7257,0.35,1,0.369159,0.369158,3.49419
50.746,0.34375,1,0.369393,0.369392,3.49549
50.7662,0.376042,1,0.369629,0.369628,3.49679
50.7864,0.352083,1,0.369865,0.369864,3.49809
50.8066,0.396875,1,0.370102,0.370101,3.49939
50.8269,0.369792,1,0.37034,0.370339,3.50069
50.8471,0.366667,1,0.370578,0.370577,3.50199
50.8673,0.389583,1,0.370818,0.370816,3.50329
50.8875,0.404167,1,0.371058,0.371056,3.50459
50.9078,0.379167,1,0.371298,0.371297,3.50589
50.928,0.385417,1,0.37154,0.371538,3.50719
50.9482,0.44375,1,0.371782,0.371781,3.50849
50.9684,0.383333,1,0.372025,0.372023,3.50979
50.9887,0.392708,1,0.372269,0.372267,3.51109
51.0089,0.371875,1,0.372513,0.372511,3.51239
51.0291,0.395833,1,0.372758,0.372756,3.51369
51.0493,0.376042,1,0.373004,0.373002,3.51499
51.0696,0.4,1,0.37325,0.373248,3.51629
51.0898,0.426042,1,0.373497,0.373496,3.51759
51.11,0.4125,1,0.373745,0.373743,3.51889
51.1303,0.390625,1,0.373993,0.373992,3.52019
51.1505,0.385417,1,0.374243,0.374241,3.52149
51.1707,0.385417,1,0.374492,0.374491,3.52279
51.1909,0.392708,1,0.374743,0.374741,3.52408
51.2112,0.401042,1,0.374994,0.374992,3.52538
51.2314,0.416667,1,0.375246,0.375244,3.52668
51.2516,0.395833,1,0.375498,0.375496,3.52798
51.2718,0.383333,1,0.375751,0.375749,3.52928
51.2921,0.405208,1,0.376005,0.376003,3.53058
51.3123,0.41875,1,0.37626,0.376258,3.53187
51.3325,0.396875,1,0.376515,0.376513,3.53317
51.3527,0.40625,1,0.37677,0.376768,3.53447
51.373,0.4375,1,0.377027,0.377024,3.53577
51.3932,0.404167,1,0.377284,0.377281,3.53706
51.4134,0.384375,1,0.377541,0.377539,3.53836
51.4336,0.395833,1,0.377799,0.377797,3.53966
51.4539,0.407292,1,0.378058,0.378055,3.54096
51.4741,0.440625,1,0.378317,0.378315,3.54225
51.4943,0.434375,1,0.378577,0.378575,3.54355
51.5145,0.432292,1,0.378838,0.378835,3.54485
51.5348,0.434375,1,0.379099,0.379096,3.54614
51.555,0.442708,1,0.37936,0.379358,3.54744
51.5752,0.404167,1,0.379623,0.37962,3.54874
51.5955,0.4,1,0.379886,0.379882,3.55003
51.6157,0.4,1,0.380149,0.380146,3.55133
51.6359,0.447917,1,0.380413,0.38041,3.55263
51.6561,0.423958,1,0.380677,0.380674,3.55392
51.6764,0.421875,1,0.380943,0.380939,3.55522
51.6966,0.396875,1,0.381208,0.381205,3.55651
51.7168,0.444792,1,0.381474,0.381471,3.55781
51.737,0.434375,1,0.381741,0.381737,3.5591
51.7573,0.440625,1,0.382008,0.382004,3.5604
51.7775,0.453125,1,0.382276,0.382272,3.5617
51.7977,0.417708,1,0.382544,0.38254,3.56299
51.8179,0.489583,1,0.382813,0.382809,3.56429
51.8382,0.417708,1,0.383083,0.383078,3.56558
51.8584,0.479167,1,0.383353,0.383347,3.56688
51.8786,0.463542,1,0.383623,0.383618,3.56817
51.8988,0.442708,1,0.383895,0.383888,3.56947
51.9191,0.505208,1,0.384167,0.384159,3.57076
51.9393,0.4875,1,0.384442,0.384431,3.57205
51.9595,0.5,1,0.384718,0.384703,3.57335
51.9797,0.505208,1,0.384998,0.384976,3.57464
52,0.501042,1,0.385284,0.385249,3.57594
52.0202,0.501042,1,0.38558,0.385522,3.57723
52.0404,0.535417,1,0.385893,0.385796,3.57853
52.0607,0.504167,1,0.386232,0.386071,3.57982
52.0809,0.534375,1,0.386615,0.386346,3.58111
52.1011,0.621875,1,0.387066,0.386621,3.58241
52.1213,0.585417,1,0.387625,0.386897,3.5837
52.1416,0.5625,1,0.388351,0.387173,3.58499
52.1618,0.595833,1,0.389333,0.387449,3.58629
52.182,0.632292,1,0.390697,0.387726,3.58758
52.2022,0.652083,1,0.392626,0.388004,3.58887
52.2225,0.678125,1,0.395378,0.388282,3.59017
52.2427,0.661458,1,0.399306,0.38856,3.59146
52.2629,0.690625,1,0.404888,0.388839,3.59275
52.2831,0.667708,1,0.412758,0.389118,3.59404
52.3034,0.765625,1,0.423743,0.389397,3.59534
52.3236,0.701042,1,0.438887,0.389677,3.59663
52.3438,0.854167,1,0.459495,0.389957,3.59792
52.364,0.815625,1,0.487161,0.390238,3.59921
52.3843,0.915625,1,0.523752,0.390519,3.60051
52.4045,0.932292,1,0.571443,0.3908,3.6018
52.4247,1.04896,0.953327,0.632683,0.391082,3.60309
52.4449,1.11042,0.900563,0.710077,0.391364,3.60438
52.4652,1.18542,0.843585,0.806383,0.391646,3.60567
52.4854,1.19479,0.836966,0.924325,0.391929,3.60696
52.5056,1.22188,0.818414,1.06648,0.392212,3.60826
52.5259,1.39271,0.718025,1.23493,0.392496,3.60955
52.5461,1.4875,0.672269,1.43127,0.392779,3.61084
52.5663,1.60833,0.621762,1.65625,0.393063,3.61213
52.5865,1.71771,0.582171,1.90942,0.393348,3.61342
52.6068,1.92083,0.520607,2.18924,0.393633,3.61471
52.627,2.10104,0.475954,2.49273,0.393918,3.616
52.6472,2.32812,0.42953,2.8155,0.394203,3.61729
52.6674,2.56042,0.390561,3.15153,0.394489,3.61858
52.6877,2.90417,0.344333,3.49368,0.394775,3.61987
52.7079,3.29375,0.303605,3.83374,0.395061,3.62116
52.7281,3.7875,0.264026,4.16245,0.395347,3.62245
52.7483,4.28542,0.23335,4.47042,0.395634,3.62374
52.7686,5.06979,0.197247,4.74835,0.395921,3.62503
52.7888,5.725,0.174672,4.98726,0.396209,3.62632
52.809,6.14896,0.162629,5.17942,0.396496,3.62761
52.8292,6.29583,0.158835,5.31851,0.396784,3.6289
52.8495,6.425,0.155642,5.39988,0.397072,3.63019
52.8697,6.21979,0.160777,5.42109,0.397361,3.63148
52.8899,5.70208,0.175374,5.38176,0.397649,3.63277
52.9101,5.575,0.179372,5.28364,0.397938,3.63406
52.9304,5.225,0.191388,5.13061,0.398227,3.63535
52.9506,5.06771,0.197328,4.92821,0.398517,3.63664
52.9708,4.84063,0.206585,4.68342,0.398806,3.63793
52.9911,4.54583,0.219982,4.40441,0.399096,3.63921
53.0113,3.98229,0.251112,4.09982,0.399386,3.6405
53.0315,3.57917,0.279395,3.77851,0.399676,3.64179
53.0517,3.01667,0.331492,3.44911,0.399967,3.64308
53.072,2.67396,0.373977,3.11982,0.400257,3.64437
53.0922,2.33021,0.429146,2.79781,0.400548,3.64566
53.1124,2.11042,0.47384,2.48919,0.400839,3.64694
53.1326,1.82396,0.548258,2.19907,0.40113,3.64823
53.1529,1.72188,0.580762,1.93108,0.401422,3.64952
53.1731,1.625,0.615385,1.68766,0.401713,3.65081
53.1933,1.41979,0.704329,1.47023,0.402005,3.65209
53.2135,1.30729,0.76494,1.27904,0.402297,3.65338
53.2338,1.26979,0.787531,1.11348,0.402589,3.65467
53.254,1.10729,0.903104,0.9723,0.402881,3.65596
53.2742,1.03229,0.968718,0.853711,0.403173,3.65724
53.2944,1.09062,0.916905,0.755556,0.403466,3.65853
53.3147,0.963542,1,0.675484,0.403759,3.65982
53.3349,0.940625,1,0.611151,0.404051,3.6611
53.3551,0.861458,1,0.560204,0.404344,3.66239
53.3753,0.860417,1,0.520443,0.404637,3.66368
53.3956,0.81875,1,0.489883,0.40493,3.66496
53.4158,0.816667,1,0.466744,0.405224,3.66625
53.436,0.720833,1,0.449495,0.405517,3.66754
53.4563,0.694792,1,0.436837,0.405811,3.66882
53.4765,0.663542,1,0.42771,0.406104,3.67011
53.4967,0.627083,1,0.421247,0.406398,3.67139
53.5169,0.671875,1,0.416762,0.406692,3.67268
53.5372,0.680208,1,0.413726,0.406985,3.67396
53.5574,0.579167,1,0.411732,0.407279,3.67525
53.5776,0.584375,1,0.410476,0.407573,3.67654
53.5978,0.59375,1,0.409735,0.407868,3.67782
53.6181,0.539583,1,0.409349,0.408162,3.67911
53.6383,0.583333,1,0.409201,0.408456,3.68039
53.6585,0.579167,1,0.409212,0.40875,3.68168
53.6787,0.5375,1,0.409328,0.409044,3.68296
53.699,0.541667,1,0.409512,0.409339,3.68424
53.7192,0.527083,1,0.409738,0.409633,3.68553
53.7394,0.51875,1,0.409991,0.409928,3.68681
53.7596,0.539583,1,0.410261,0.410222,3.6881
53.7799,0.483333,1,0.410541,0.410517,3.68938
53.8001,0.485417,1,0.410827,0.410811,3.69067
53.8203,0.452083,1,0.411117,0.411106,3.69195
53.8405,0.453125,1,0.411409,0.4114,3.69323
53.8608,0.4625,1,0.411702,0.411695,3.69452
53.881,0.430208,1,0.411995,0.411989,3.6958
53.9012,0.458333,1,0.412289,0.412284,3.69708
53.9215,0.447917,1,0.412583,0.412578,3.69837
53.9417,0.461458,1,0.412877,0.412873,3.69965
53.9619,0.408333,1,0.413172,0.413168,3.70093
53.9821,0.433333,1,0.413466,0.413462,3.70222
54.0024,0.43125,1,0.41376,0.413756,3.7035
54.0226,0.41875,1,0.414055,0.414051,3.70478
54.0428,0.445833,1,0.414349,0.414345,3.70607
54.063,0.432292,1,0.414643,0.41464,3.70735
54.0833,0.413542,1,0.414937,0.414934,3.70863
54.1035,0.396875,1,0.415232,0.415228,3.70991
54.1237,0.438542,1,0.415526,0.415522,3.7112
54.1439,0.419792,1,0.41582,0.415817,3.71248
54.1642,0.4125,1,0.416114,0.416111,3.71376
54.1844,0.427083,1,0.416408,0.416405,3.71504
54.2046,0.410417,1,0.416701,0.416698,3.71632
54.2248,0.426042,1,0.416995,0.416992,3.71761
54.2451,0.408333,1,0.417289,0.417286,3.71889
54.2653,0.4125,1,0.417582,0.41758,3.72017
54.2855,0.429167,1,0.417876,0.417873,3.72145
54.3057,0.404167,1,0.418169,0.418167,3.72273
54.326,0.427083,1,0.418463,0.41846,3.72401
54.3462,0.40625,1,0.418756,0.418753,3.72529
54.3664,0.397917,1,0.419049,0.419046,3.72657
54.3866,0.434375,1,0.419342,0.41934,3.72785
54.4069,0.4,1,0.419635,0.419632,3.72914
54.4271,0.40625,1,0.419927,0.419925,3.73042
54.4473,0.385417,1,0.42022,0.420218,3.7317
54.4676,0.402083,1,0.420512,0.42051,3.73298
54.4878,0.360417,1,0.420805,0.420803,3.73426
54.508,0.435417,1,0.421097,0.421095,3.73554
54.5282,0.363542,1,0.421389,0.421387,3.73682
54.5485,0.392708,1,0.421681,0.421679,3.7381
54.5687,0.407292,1,0.421972,0.42197,3.73938
54.5889,0.405208,1,0.422264,0.422262,3.74066
54.6091,0.420833,1,0.422555,0.422553,3.74193
54.6294,0.389583,1,0.422846,0.422845,3.74321
54.6496,0.420833,1,0.423137,0.423136,3.74449
54.6698,0.413542,1,0.423428,0.423426,3.74577
54.69,0.394792,1,0.423719,0.423717,3.74705
54.7103,0.338542,1,0.424009,0.424008,3.74833
54.7305,0.379167,1,0.424299,0.424298,3.74961
54.7507,0.33125,1,0.424589,0.424588,3.75089
54.7709,0.36875,1,0.424879,0.424878,3.75217
54.7912,0.377083,1,0.425169,0.425167,3.75344
54.8114,0.377083,1,0.425458,0.425457,3.75472
54.8316,0.386458,1,0.425747,0.425746,3.756
54.8518,0.391667,1,0.426036,0.426035,3.75728
54.8721,0.36875,1,0.426325,0.426324,3.75856
54.8923,0.409375,1,0.426613,0.426612,3.75983
54.9125,0.394792,1,0.426902,0.4269,3.76111
54.9328,0.404167,1,0.427189,0.427188,3.76239
54.953,0.329167,1,0.427477,0.427476,3.76367
54.9732,0.385417,1,0.427765,0.427763,3.76494
54.9934,0.373958,1,0.428052,0.428051,3.76622
55.0137,0.383333,1,0.428339,0.428338,3.7675
55.0339,0.436458,1,0.428625,0.428624,3.76878
55.0541,0.388542,1,0.428912,0.428911,3.77005
55.0743,0.408333,1,0.429198,0.429197,3.77133
55.0946,0.384375,1,0.429484,0.429483,3.77261
55.1148,0.4125,1,0.429769,0.429768,3.77388
55.135,0.395833,1,0.430055,0.430053,3.77516
55.1552,0.357292,1,0.43034,0.430338,3.77644
55.1755,0.382292,1,0.430624,0.430623,3.77771
55.1957,0.38125,1,0.430909,0.430907,3.77899
55.2159,0.366667,1,0.431193,0.431192,3.78026
55.2361,0.375,1,0.431476,0.431475,3.78154
55.2564,0.378125,1,0.43176,0.431759,3.78282
55.2766,0.369792,1,0.432043,0.432042,3.78409
55.2968,0.365625,1,0.432325,0.432325,3.78537
55.317,0.367708,1,0.432608,0.432607,3.78664
55.3373,0.365625,1,0.43289,0.432889,3.78792
55.3575,0.40625,1,0.433172,0.433171,3.78919
55.3777,0.378125,1,0.433453,0.433452,3.79047
55.398,0.411458,1,0.433734,0.433733,3.79174
55.4182,0.384375,1,0.434015,0.434014,3.79302
55.4384,0.380208,1,0.434295,0.434294,3.79429
55.4586,0.38125,1,0.434575,0.434574,3.79557
55.4789,0.361458,1,0.434855,0.434854,3.79684
55.4991,0.386458,1,0.435134,0.435133,3.79811
55.5193,0.379167,1,0.435413,0.435412,3.79939
55.5395,0.4,1,0.435691,0.43569,3.80066
55.5598,0.375,1,0.435969,0.435968,3.80194
55.58,0.40625,1,0.436247,0.436246,3.80321
55.6002,0.398958,1,0.436524,0.436523,3.80448
55.6204,0.394792,1,0.436801,0.4368,3.80576
55.6407,0.377083,1,0.437078,0.437077,3.80703
55.6609,0.369792,1,0.437354,0.437353,3.8083
55.6811,0.403125,1,0.437629,0.437629,3.80958
55.7013,0.413542,1,0.437905,0.437904,3.81085
55.7216,0.441667,1,0.438179,0.438179,3.81212
55.7418,0.38125,1,0.438454,0.438453,3.8134
55.762,0.401042,1,0.438728,0.438727,3.81467
55.7822,0.373958,1,0.439001,0.439001,3.81594
55.8025,0.415625,1,0.439274,0.439274,3.81721
55.8227,0.384375,1,0.439547,0.439546,3.81849
55.8429,0.39375,1,0.439819,0.439819,3.81976
55.8632,0.398958,1,0.440091,0.44009,3.82103
55.8834,0.397917,1,0.440362,0.440362,3.8223
55.9036,0.410417,1,0.440633,0.440633,3.82358
55.9238,0.394792,1,0.440904,0.440903,3.82485
55.9441,0.426042,1,0.441174,0.441173,3.82612
55.9643,0.394792,1,0.441443,0.441442,3.82739
55.9845,0.404167,1,0.441712,0.441711,3.82866
56.0047,0.4,1,0.44198,0.44198,3.82993
56.025,0.370833,1,0.442248,0.442248,3.8312
56.0452,0.397917,1,0.442516,0.442515,3.83248
56.0654,0.397917,1,0.442783,0.442782,3.83375
56.0856,0.392708,1,0.44305,0.443049,3.83502
56.1059,0.377083,1,0.443316,0.443315,3.83629
56.1261,0.422917,1,0.443581,0.443581,3.83756
56.1463,0.391667,1,0.443846,0.443846,3.83883
56.1665,0.423958,1,0.444111,0.44411,3.8401
56.1868,0.442708,1,0.444375,0.444374,3.84137
56.207,0.408333,1,0.444638,0.444638,3.84264
56.2272,0.375,1,0.444901,0.4449,3.84391
56.2474,0.392708,1,0.445163,0.445163,3.84518
56.2677,0.432292,1,0.445425,0.445425,3.84645
56.2879,0.397917,1,0.445687,0.445686,3.84772
56.3081,0.39375,1,0.445947,0.445947,3.84899
56.3284,0.41875,1,0.446208,0.446207,3.85026
56.3486,0.388542,1,0.446467,0.446467,3.85153
56.3688,0.421875,1,0.446727,0.446726,3.8528
56.389,0.401042,1,0.446985,0.446985,3.85407
56.4093,0.390625,1,0.447243,0.447243,3.85533
56.4295,0.392708,1,0.447501,0.4475,3.8566
56.4497,0.370833,1,0.447758,0.447757,3.85787
56.4699,0.388542,1,0.448014,0.448013,3.85914
56.4902,0.417708,1,0.44827,0.448269,3.86041
56.5104,0.380208,1,0.448525,0.448524,3.86168
56.5306,0.401042,1,0.448779,0.448779,3.86295
56.5508,0.40625,1,0.449033,0.449033,3.86421
56.5711,0.396875,1,0.449287,0.449286,3.86548
56.5913,0.390625,1,0.44954,0.449539,3.86675
56.6115,0.413542,1,0.449792,0.449791,3.86802
56.6317,0.403125,1,0.450043,0.450043,3.86928
56.652,0.397917,1,0.450294,0.450294,3.87055
56.6722,0.405208,1,0.450545,0.450544,3.87182
56.6924,0.36875,1,0.450795,0.450794,3.87309
56.7126,0.392708,1,0.451044,0.451043,3.87435
56.7329,0.372917,1,0.451292,0.451292,3.87562
56.7531,0.383333,1,0.45154,0.45154,3.87689
56.7733,0.388542,1,0.451787,0.451787,3.87815
56.7936,0.379167,1,0.452034,0.452033,3.87942
56.8138,0.39375,1,0.45228,0.452279,3.88069
56.834,0.398958,1,0.452525,0.452525,3.88195
56.8542,0.417708,1,0.45277,0.45277,3.88322
56.8745,0.392708,1,0.453014,0.453014,3.88449
56.8947,0.382292,1,0.453257,0.453257,3.88575
56.9149,0.442708,1,0.4535,0.4535,3.88702
56.9351,0.370833,1,0.453742,0.453742,3.88828
56.9554,0.389583,1,0.453984,0.453983,3.88955
56.9756,0.398958,1,0.454224,0.454224,3.89082
56.9958,0.385417,1,0.454465,0.454464,3.89208
57.016,0.398958,1,0.454704,0.454704,3.89335
57.0363,0.408333,1,0.454943,0.454942,3.89461
57.0565,0.414583,1,0.455181,0.45518,3.89588
57.0767,0.372917,1,0.455418,0.455418,3.89714
57.0969,0.380208,1,0.455655,0.455654,3.89841
57.1172,0.386458,1,0.455891,0.45589,3.89967
57.1374,0.414583,1,0.456126,0.456126,3.90094
57.1576,0.396875,1,0.456361,0.45636,3.9022
57.1778,0.40625,1,0.456595,0.456594,3.90346
57.1981,0.392708,1,0.456828,0.456827,3.90473
57.2183,0.383333,1,0.45706,0.45706,3.90599
57.2385,0.398958,1,0.457292,0.457292,3.90726
57.2588,0.39375,1,0.457523,0.457523,3.90852
57.279,0.405208,1,0.457753,0.457753,3.90978
57.2992,0.408333,1,0.457983,0.457982,3.91105
57.3194,0.348958,1,0.458212,0.458211,3.91231
57.3397,0.4125,1,0.45844,0.458439,3.91357
57.3599,0.407292,1,0.458667,0.458667,3.91484
57.3801,0.377083,1,0.458894,0.458894,3.9161
57.4003,0.383333,1,0.45912,0.459119,3.91736
57.4206,0.410417,1,0.459345,0.459345,3.91863
57.4408,0.359375,1,0.45957,0.459569,3.91989
57.461,0.432292,1,0.459793,0.459793,3.92115
57.4812,0.420833,1,0.460016,0.460016,3.92241
57.5015,0.369792,1,0.460238,0.460238,3.92368
57.5217,0.413542,1,0.46046,0.460459,3.92494
57.5419,0.367708,1,0.46068,0.46068,3.9262
57.5621,0.390625,1,0.4609,0.4609,3.92746
57.5824,0.4,1,0.461119,0.461119,3.92872
57.6026,0.39375,1,0.461338,0.461337,3.92999
57.6228,0.407292,1,0.461555,0.461555,3.93125
57.643,0.409375,1,0.461772,0.461772,3.93251
57.6633,0.38125,1,0.461988,0.461988,3.93377
57.6835,0.388542,1,0.462203,0.462203,3.93503
57.7037,0.403125,1,0.462418,0.462417,3.93629
57.724,0.392708,1,0.462631,0.462631,3.93755
57.7442,0.382292,1,0.462844,0.462844,3.93882
57.7644,0.364583,1,0.463056,0.463056,3.94008
57.7846,0.39375,1,0.463267,0.463267,3.94134
57.8049,0.370833,1,0.463478,0.463477,3.9426
57.8251,0.41875,1,0.463687,0.463687,3.94386
57.8453,0.394792,1,0.463896,0.463896,3.94512
57.8655,0.380208,1,0.464104,0.464104,3.94638
57.8858,0.373958,1,0.464311,0.464311,3.94764
57.906,0.390625,1,0.464518,0.464517,3.9489
57.9262,0.4,1,0.464723,0.464723,3.95016
57.9464,0.35,1,0.464928,0.464927,3.95142
57.9667,0.376042,1,0.465132,0.465131,3.95268
57.9869,0.4,1,0.465335,0.465334,3.95394
58.0071,0.384375,1,0.465537,0.465536,3.9552
58.0273,0.411458,1,0.465738,0.465738,3.95646
58.0476,0.430208,1,0.465939,0.465938,3.95771
58.0678,0.405208,1,0.466138,0.466138,3.95897
58.088,0.398958,1,0.466337,0.466337,3.96023
58.1082,0.396875,1,0.466535,0.466535,3.96149
58.1285,0.39375,1,0.466732,0.466732,3.96275
58.1487,0.395833,1,0.466929,0.466928,3.96401
58.1689,0.378125,1,0.467124,0.467124,3.96527
58.1891,0.389583,1,0.467319,0.467318,3.96652
58.2094,0.392708,1,0.467512,0.467512,3.96778
58.2296,0.371875,1,0.467705,0.467705,3.96904
58.2498,0.352083,1,0.467897,0.467896,3.9703
58.2701,0.4125,1,0.468088,0.468088,3.97156
58.2903,0.334375,1,0.468278,0.468278,3.97281
58.3105,0.414583,1,0.468467,0.468467,3.97407
58.3307,0.3625,1,0.468656,0.468655,3.97533
58.351,0.388542,1,0.468843,0.468843,3.97659
58.3712,0.386458,1,0.46903,0.46903,3.97784
58.3914,0.363542,1,0.469216,0.469215,3.9791
58.4116,0.373958,1,0.469401,0.4694,3.98036
58.4319,0.354167,1,0.469585,0.469584,3.98161
58.4521,0.388542,1,0.469768,0.469767,3.98287
58.4723,0.347917,1,0.46995,0.46995,3.98413
58.4925,0.397917,1,0.470131,0.470131,3.98538
58.5128,0.4125,1,0.470312,0.470311,3.98664
58.533,0.380208,1,0.470491,0.470491,3.98789
58.5532,0.384375,1,0.47067,0.470669,3.98915
58.5734,0.388542,1,0.470847,0.470847,3.99041
58.5937,0.36875,1,0.471024,0.471024,3.99166
58.6139,0.365625,1,0.4712,0.471199,3.99292
58.6341,0.40625,1,0.471375,0.471374,3.99417
58.6543,0.366667,1,0.471549,0.471548,3.99543
58.6746,0.365625,1,0.471722,0.471721,3.99668
58.6948,0.389583,1,0.471894,0.471893,3.99794
58.715,0.403125,1,0.472065,0.472064,3.99919
58.7353,0.348958,1,0.472235,0.472235,4.00045
58.7555,0.369792,1,0.472404,0.472404,4.0017
58.7757,0.396875,1,0.472573,0.472572,4.00296
58.7959,0.382292,1,0.47274,0.47274,4.00421
58.8162,0.423958,1,0.472907,0.472906,4.00547
58.8364,0.427083,1,0.473072,0.473072,4.00672
58.8566,0.4125,1,0.473237,0.473236,4.00798
58.8768,0.40625,1,0.4734,0.4734,4.00923
58.8971,0.390625,1,0.473563,0.473563,4.01048
58.9173,0.366667,1,0.473725,0.473724,4.01174
58.9375,0.385417,1,0.473886,0.473885,4.01299
58.9577,0.4,1,0.474045,0.474045,4.01424
58.978,0.359375,1,0.474204,0.474204,4.0155
58.9982,0.382292,1,0.474362,0.474362,4.01675
59.0184,0.395833,1,0.474519,0.474519,4.018
59.0386,0.383333,1,0.474675,0.474675,4.01926
59.0589,0.375,1,0.47483,0.47483,4.02051
59.0791,0.395833,1,0.474984,0.474984,4.02176
59.0993,0.375,1,0.475137,0.475137,4.02301
59.1195,0.410417,1,0.475289,0.475289,4.02427
59.1398,0.384375,1,0.47544,0.47544,4.02552
59.16,0.348958,1,0.47559,0.47559,4.02677
59.1802,0.373958,1,0.475739,0.475739,4.02802
59.2005,0.41875,1,0.475888,0.475887,4.02928
59.2207,0.415625,1,0.476035,0.476034,4.03053
59.2409,0.373958,1,0.476181,0.47618,4.03178
59.2611,0.413542,1,0.476326,0.476326,4.03303
59.2814,0.3625,1,0.47647,0.47647,4.03428
59.3016,0.39375,1,0.476613,0.476613,4.03553
59.3218,0.411458,1,0.476756,0.476755,4.03679
59.342,0.390625,1,0.476897,0.476896,4.03804
59.3623,0.358333,1,0.477037,0.477036,4.03929
59.3825,0.401042,1,0.477176,0.477176,4.04054
59.4027,0.392708,1,0.477314,0.477314,4.04179
59.4229,0.370833,1,0.477451,0.477451,4.04304
59.4432,0.359375,1,0.477588,0.477587,4.04429
59.4634,0.409375,1,0.477723,0.477722,4.04554
59.4836,0.397917,1,0.477857,0.477856,4.04679
59.5038,0.413542,1,0.47799,0.477989,4.04804
59.5241,0.4,1,0.478122,0.478121,4.04929
59.5443,0.436458,1,0.478253,0.478252,4.05054
59.5645,0.404167,1,0.478383,0.478382,4.05179
59.5847,0.382292,1,0.478512,0.478511,4.05304
59.605,0.36875,1,0.47864,0.478639,4.05429
59.6252,0.383333,1,0.478767,0.478766,4.05554
59.6454,0.39375,1,0.478893,0.478892,4.05679
59.6657,0.3875,1,0.479018,0.479017,4.05804
59.6859,0.35,1,0.479142,0.479141,4.05929
59.7061,0.367708,1,0.479265,0.479264,4.06053
59.7263,0.394792,1,0.479386,0.479386,4.06178
59.7466,0.41875,1,0.479507,0.479507,4.06303
59.7668,0.382292,1,0.479627,0.479626,4.06428
59.787,0.415625,1,0.479746,0.479745,4.06553
59.8072,0.427083,1,0.479863,0.479863,4.06678
59.8275,0.414583,1,0.47998,0.479979,4.06802
59.8477,0.4,1,0.480095,0.480095,4.06927
59.8679,0.397917,1,0.48021,0.480209,4.07052
59.8881,0.416667,1,0.480323,0.480323,4.07177
59.9084,0.429167,1,0.480436,0.480435,4.07302
59.9286,0.404167,1,0.480547,0.480547,4.07426
59.9488,0.384375,1,0.480658,0.480657,4.07551
59.969,0.378125,1,0.480767,0.480766,4.07676
59.9893,0.364583,1,0.480875,0.480874,4.078
60.0095,0.38125,1,0.480982,0.480982,4.07925
60.0297,0.407292,1,0.481088,0.481088,4.0805
60.0499,0.416667,1,0.481193,0.481193,4.08175
60.0702,0.380208,1,0.481297,0.481297,4.08299
60.0904,0.404167,1,0.4814,0.481399,4.08424
60.1106,0.417708,1,0.481502,0.481501,4.08548
60.1309,0.373958,1,0.481603,0.481602,4.08673
60.1511,0.4,1,0.481703,0.481702,4.08798
60.1713,0.414583,1,0.481801,0.4818,4.08922
60.1915,0.427083,1,0.481899,0.481898,4.09047
60.2118,0.417708,1,0.481995,0.481995,4.09171
60.232,0.404167,1,0.482091,0.48209,4.09296
60.2522,0.384375,1,0.482185,0.482184,4.0942
60.2724,0.411458,1,0.482278,0.482278,4.09545
60.2927,0.384375,1,0.482371,0.48237,4.0967
60.3129,0.434375,1,0.482462,0.482461,4.09794
60.3331,0.4125,1,0.482552,0.482551,4.09918
60.3533,0.394792,1,0.482641,0.48264,4.10043
60.3736,0.45,1,0.482729,0.482728,4.10167
60.3938,0.4375,1,0.482815,0.482815,4.10292
60.414,0.376042,1,0.482901,0.4829,4.10416
60.4342,0.402083,1,0.482986,0.482985,4.10541
60.4545,0.391667,1,0.483069,0.483068,4.10665
60.4747,0.4125,1,0.483152,0.483151,4.1079
60.4949,0.411458,1,0.483233,0.483232,4.10914
60.5151,0.440625,1,0.483314,0.483313,4.11038
60.5354,0.411458,1,0.483393,0.483392,4.11163
60.5556,0.413542,1,0.483471,0.48347,4.11287
60.5758,0.428125,1,0.483548,0.483547,4.11411
60.5961,0.451042,1,0.483624,0.483623,4.11536
60.6163,0.384375,1,0.483699,0.483698,4.1166
60.6365,0.438542,1,0.483772,0.483771,4.11784
60.6567,0.470833,1,0.483845,0.483844,4.11909
60.677,0.407292,1,0.483917,0.483916,4.12033
60.6972,0.430208,1,0.483987,0.483986,4.12157
60.7174,0.441667,1,0.484056,0.484055,4.12281
60.7376,0.403125,1,0.484125,0.484124,4.12406
60.7579,0.427083,1,0.484192,0.484191,4.1253
60.7781,0.421875,1,0.484258,0.484257,4.12654
60.7983,0.414583,1,0.484323,0.484322,4.12778
60.8185,0.439583,1,0.484387,0.484385,4.12902
60.8388,0.432292,1,0.484449,0.484448,4.13027
60.859,0.416667,1,0.484511,0.48451,4.13151
60.8792,0.448958,1,0.484572,0.48457,4.13275
60.8994,0.461458,1,0.484631,0.48463,4.13399
60.9197,0.457292,1,0.484689,0.484688,4.13523
60.9399,0.419792,1,0.484747,0.484745,4.13647
60.9601,0.478125,1,0.484803,0.484801,4.13771
60.9803,0.457292,1,0.484858,0.484856,4.13895
61.0006,0.444792,1,0.484912,0.48491,4.14019
61.0208,0.43125,1,0.484964,0.484963,4.14143
61.041,0.483333,1,0.485016,0.485015,4.14268
61.0613,0.45625,1,0.485067,0.485065,4.14392
61.0815,0.457292,1,0.485116,0.485114,4.14516
61.1017,0.445833,1,0.485164,0.485163,4.1464
61.1219,0.446875,1,0.485212,0.48521,4.14764
61.1422,0.48125,1,0.485258,0.485256,4.14888
61.1624,0.429167,1,0.485303,0.485301,4.15011
61.1826,0.46875,1,0.485347,0.485345,4.15135
61.2028,0.485417,1,0.485389,0.485388,4.15259
61.2231,0.447917,1,0.485431,0.485429,4.15383
61.2433,0.472917,1,0.485471,0.48547,4.15507
61.2635,0.477083,1,0.485511,0.485509,4.15631
61.2837,0.436458,1,0.485549,0.485547,4.15755
61.304,0.485417,1,0.485586,0.485585,4.15879
61.3242,0.473958,1,0.485622,0.485621,4.16003
61.3444,0.459375,1,0.485657,0.485655,4.16127
61.3646,0.475,1,0.485691,0.485689,4.1625
61.3849,0.420833,1,0.485724,0.485722,4.16374
61.4051,0.446875,1,0.485756,0.485753,4.16498
61.4253,0.440625,1,0.485786,0.485784,4.16622
61.4455,0.458333,1,0.485815,0.485813,4.16746
61.4658,0.473958,1,0.485844,0.485841,4.16869
61.486,0.479167,1,0.485871,0.485868,4.16993
61.5062,0.454167,1,0.485897,0.485894,4.17117
61.5264,0.490625,1,0.485922,0.485919,4.17241
61.5467,0.444792,1,0.485945,0.485943,4.17364
61.5669,0.467708,1,0.485968,0.485965,4.17488
61.5871,0.504167,1,0.48599,0.485987,4.17612
61.6074,0.473958,1,0.48601,0.486007,4.17735
61.6276,0.461458,1,0.486029,0.486026,4.17859
61.6478,0.491667,1,0.486047,0.486045,4.17983
61.668,0.48125,1,0.486064,0.486061,4.18106
61.6883,0.464583,1,0.48608,0.486077,4.1823
61.7085,0.476042,1,0.486095,0.486092,4.18354
61.7287,0.4875,1,0.486109,0.486106,4.18477
61.7489,0.488542,1,0.486121,0.486118,4.18601
61.7692,0.45625,1,0.486133,0.486129,4.18724
61.7894,0.515625,1,0.486143,0.48614,4.18848
61.8096,0.540625,1,0.486153,0.486149,4.18971
61.8298,0.494792,1,0.486161,0.486157,4.19095
61.8501,0.526042,1,0.486168,0.486164,4.19218
61.8703,0.514583,1,0.486174,0.486169,4.19342
61.8905,0.536458,1,0.486179,0.486174,4.19465
61.9107,0.507292,1,0.486184,0.486177,4.19589
61.931,0.536458,1,0.486188,0.48618,4.19712
61.9512,0.559375,1,0.486193,0.486181,4.19836
61.9714,0.572917,1,0.486199,0.486181,4.19959
61.9916,0.564583,1,0.486208,0.48618,4.20083
62.0119,0.532292,1,0.486221,0.486178,4.20206
62.0321,0.578125,1,0.486244,0.486175,4.2033
62.0523,0.564583,1,0.486282,0.48617,4.20453
62.0726,0.575,1,0.486344,0.486165,4.20576
62.0928,0.588542,1,0.486445,0.486158,4.207
62.113,0.615625,1,0.486606,0.48615,4.20823
62.1332,0.614583,1,0.486858,0.486141,4.20946
62.1535,0.661458,1,0.487247,0.486131,4.2107
62.1737,0.607292,1,0.487837,0.48612,4.21193
62.1939,0.6625,1,0.48872,0.486108,4.21316
62.2141,0.627083,1,0.490025,0.486095,4.2144
62.2344,0.652083,1,0.491924,0.48608,4.21563
62.2546,0.661458,1,0.494651,0.486064,4.21686
62.2748,0.705208,1,0.498517,0.486048,4.21809
62.295,0.802083,1,0.503923,0.48603,4.21933
62.3153,0.740625,1,0.511382,0.486011,4.22056
62.3355,0.776042,1,0.521545,0.485991,4.22179
62.3557,0.720833,1,0.5352,0.48597,4.22302
62.3759,0.857292,1,0.553312,0.485947,4.22425
62.3962,0.8875,1,0.577015,0.485924,4.22549
62.4164,0.871875,1,0.607633,0.485899,4.22672
62.4366,0.90625,1,0.646637,0.485874,4.22795
62.4568,0.96875,1,0.695668,0.485847,4.22918
62.4771,1.04688,0.955224,0.756486,0.485819,4.23041
62.4973,1.08542,0.921305,0.83086,0.48579,4.23164
62.5175,1.16667,0.857143,0.92058,0.48576,4.23287
62.5378,1.18125,0.846561,1.02733,0.485728,4.2341
62.558,1.30208,0.768,1.1525,0.485696,4.23533
62.5782,1.39375,0.717489,1.2972,0.485662,4.23656
62.5984,1.43437,0.697168,1.46203,0.485628,4.23779
62.6187,1.56146,0.640427,1.64706,0.485592,4.23902
62.6389,1.73646,0.575885,1.8515,0.485555,4.24025
62.6591,1.78542,0.560093,2.0739,0.485517,4.24148
62.6793,2.04479,0.489047,2.31198,0.485478,4.24271
62.6996,2.16667,0.461538,2.56242,0.485438,4.24394
62.7198,2.44375,0.409207,2.82122,0.485397,4.24517
62.74,2.53854,0.393927,3.08369,0.485354,4.2464
62.7602,2.93333,0.340909,3.3443,0.485311,4.24763
62.7805,3.26042,0.306709,3.59731,0.485266,4.24886
62.8007,3.66354,0.27296,3.83674,0.485221,4.25009
62.8209,4.26771,0.234318,4.0566,0.485174,4.25132
62.8411,4.8125,0.207792,4.25118,0.485126,4.25255
62.8614,5.15,0.194175,4.41538,0.485077,4.25378
62.8816,5.61875,0.177976,4.54488,0.485027,4.25501
62.9018,5.4375,0.183908,4.63621,0.484976,4.25623
62.922,5.17604,0.193198,4.68712,0.484923,4.25746
62.9423,5.04896,0.198061,4.69652,0.48487,4.25869
62.9625,4.67812,0.213761,4.66451,0.484815,4.25992
62.9827,4.52083,0.221198,4.5924,0.48476,4.26115
63.003,4.46563,0.223933,4.48263,0.484703,4.26237
63.0232,4.26458,0.234489,4.33849,0.484645,4.2636
63.0434,4.27083,0.234146,4.16425,0.484586,4.26483
63.0636,4.11562,0.242976,3.96464,0.484526,4.26606
63.0839,3.76979,0.265267,3.74479,0.484465,4.26728
63.1041,3.39896,0.294208,3.51016,0.484403,4.26851
63.1243,3.17083,0.315375,3.26604,0.48434,4.26974
63.1445,2.7875,0.358744,3.01756,0.484275,4.27096
63.1648,2.45417,0.40747,2.76952,0.48421,4.27219
63.185,2.19792,0.454976,2.52632,0.484143,4.27342
63.2052,1.96146,0.509825,2.29167,0.484076,4.27464
63.2254,1.88229,0.531267,2.06864,0.484007,4.27587
63.2457,1.65625,0.603774,1.85979,0.483937,4.2771
63.2659,1.58542,0.630749,1.66687,0.483866,4.27832
63.2861,1.4375,0.695652,1.491,0.483794,4.27955
63.3063,1.31354,0.761301,1.33281,0.483721,4.28077
63.3266,1.26146,0.792733,1.19231,0.483647,4.282
63.3468,1.18854,0.841367,1.06906,0.483572,4.28322
63.367,1.1,0.909091,0.962303,0.483495,4.28445
63.3872,1.06771,0.936585,0.870963,0.483418,4.28567
63.4075,1.05521,0.94768,0.79376,0.48334,4.2869
63.4277,0.93125,1,0.729282,0.48326,4.28812
63.4479,0.972917,1,0.676109,0.483179,4.28935
63.4682,0.896875,1,0.632775,0.483098,4.29057
63.4884,0.847917,1,0.597877,0.483015,4.2918
63.5086,0.779167,1,0.570124,0.482931,4.29302
63.5288,0.761458,1,0.548309,0.482846,4.29425
63.5491,0.765625,1,0.531363,0.48276,4.29547
63.5693,0.7375,1,0.51836,0.482673,4.2967
63.5895,0.715625,1,0.508495,0.482585,4.29792
63.6097,0.71875,1,0.501096,0.482496,4.29914
63.63,0.683333,1,0.495607,0.482406,4.30037
63.6502,0.701042,1,0.491578,0.482314,4.30159
63.6704,0.735417,1,0.488649,0.482222,4.30281
63.6906,0.655208,1,0.486537,0.482129,4.30404
63.7109,0.633333,1,0.485023,0.482034,4.30526
63.7311,0.635417,1,0.483943,0.481939,4.30648
63.7513,0.601042,1,0.483171,0.481842,4.3077
63.7715,0.635417,1,0.482616,0.481744,4.30893
63.7918,0.621875,1,0.482211,0.481646,4.31015
63.812,0.579167,1,0.48191,0.481546,4.31137
63.8322,0.592708,1,0.481677,0.481445,4.31259
63.8524,0.597917,1,0.48149,0.481343,4.31382
63.8727,0.534375,1,0.481333,0.48124,4.31504
63.8929,0.585417,1,0.481195,0.481137,4.31626
63.9131,0.555208,1,0.481069,0.481032,4.31748
63.9334,0.5625,1,0.48095,0.480926,4.3187
63.9536,0.50625,1,0.480834,0.480819,4.31992
63.9738,0.55,1,0.480722,0.48071,4.32115
63.994,0.551042,1,0.48061,0.480601,4.32237
64.0143,0.530208,1,0.480498,0.480491,4.32359
64.0345,0.525,1,0.480385,0.48038,4.32481
64.0547,0.507292,1,0.480273,0.480268,4.32603
64.0749,0.526042,1,0.480159,0.480155,4.32725
64.0952,0.519792,1,0.480044,0.48004,4.32847
64.1154,0.485417,1,0.479929,0.479925,4.32969
64.1356,0.565625,1,0.479812,0.479809,4.33091
64.1558,0.538542,1,0.479695,0.479691,4.33213
64.1761,0.494792,1,0.479577,0.479573,4.33335
64.1963,0.509375,1,0.479457,0.479454,4.33457
64.2165,0.48125,1,0.479337,0.479333,4.33579
64.2367,0.459375,1,0.479215,0.479212,4.33701
64.257,0.495833,1,0.479093,0.479089,4.33823
64.2772,0.46875,1,0.478969,0.478966,4.33945
64.2974,0.532292,1,0.478845,0.478842,4.34067
64.3176,0.522917,1,0.478719,0.478716,4.34189
64.3379,0.483333,1,0.478593,0.47859,4.34311
64.3581,0.502083,1,0.478465,0.478462,4.34432
64.3783,0.507292,1,0.478337,0.478334,4.34554
64.3986,0.451042,1,0.478207,0.478204,4.34676
64.4188,0.458333,1,0.478077,0.478074,4.34798
64.439,0.469792,1,0.477945,0.477942,4.3492
64.4592,0.472917,1,0.477813,0.47781,4.35042
64.4795,0.504167,1,0.477679,0.477677,4.35163
64.4997,0.446875,1,0.477545,0.477542,4.35285
64.5199,0.48125,1,0.477409,0.477407,4.35407
64.5401,0.48125,1,0.477273,0.47727,4.35529
64.5604,0.501042,1,0.477135,0.477133,4.3565
64.5806,0.485417,1,0.476997,0.476994,4.35772
64.6008,0.4375,1,0.476858,0.476855,4.35894
64.621,0.495833,1,0.476717,0.476715,4.36016
64.6413,0.466667,1,0.476576,0.476574,4.36137
64.6615,0.538542,1,0.476434,0.476431,4.36259
64.6817,0.50625,1,0.47629,0.476288,4.36381
64.7019,0.520833,1,0.476146,0.476144,4.36502
64.7222,0.494792,1,0.476001,0.475999,4.36624
64.7424,0.488542,1,0.475855,0.475852,4.36745
64.7626,0.504167,1,0.475708,0.475705,4.36867
64.7828,0.466667,1,0.475559,0.475557,4.36989
64.8031,0.482292,1,0.47541,0.475408,4.3711
64.8233,0.478125,1,0.47526,0.475258,4.37232
64.8435,0.484375,1,0.47511,0.475107,4.37353
64.8638,0.502083,1,0.474958,0.474955,4.37475
64.884,0.480208,1,0.474805,0.474802,4.37596
64.9042,0.495833,1,0.474651,0.474649,4.37718
64.9244,0.50625,1,0.474497,0.474494,4.37839
64.9447,0.513542,1,0.474341,0.474338,4.37961
64.9649,0.511458,1,0.474185,0.474182,4.38082
64.9851,0.498958,1,0.474029,0.474024,4.38204
65.0053,0.492708,1,0.473872,0.473866,4.38325
65.0256,0.463542,1,0.473715,0.473706,4.38447
65.0458,0.488542,1,0.473558,0.473546,4.38568
65.066,0.515625,1,0.473403,0.473384,4.38689
65.0862,0.50625,1,0.47325,0.473222,4.38811
65.1065,0.50625,1,0.473101,0.473059,4.38932
65.1267,0.497917,1,0.472958,0.472895,4.39053
65.1469,0.511458,1,0.472825,0.47273,4.39175
65.1671,0.521875,1,0.472707,0.472564,4.39296
65.1874,0.519792,1,0.472611,0.472397,4.39417
65.2076,0.51875,1,0.472546,0.472229,4.39539
65.2278,0.50625,1,0.472525,0.472061,4.3966
65.248,0.5,1,0.472567,0.471891,4.39781
65.2683,0.546875,1,0.472697,0.471721,4.39903
65.2885,0.4875,1,0.472945,0.471549,4.40024
65.3087,0.544792,1,0.473354,0.471377,4.40145
65.3289,0.544792,1,0.473978,0.471204,4.40266
65.3492,0.553125,1,0.474886,0.47103,4.40387
65.3694,0.56875,1,0.476165,0.470855,4.40509
65.3896,0.51875,1,0.47792,0.470679,4.4063
65.4099,0.572917,1,0.480285,0.470502,4.40751
65.4301,0.547917,1,0.483415,0.470325,4.40872
65.4503,0.597917,1,0.487497,0.470146,4.40993
65.4705,0.607292,1,0.492748,0.469967,4.41114
65.4908,0.59375,1,0.499413,0.469787,4.41236
65.511,0.591667,1,0.507772,0.469605,4.41357
65.5312,0.608333,1,0.518129,0.469423,4.41478
65.5514,0.629167,1,0.530815,0.469241,4.41599
65.5717,0.673958,1,0.546167,0.469057,4.4172
65.5919,0.654167,1,0.564536,0.468872,4.41841
65.6121,0.6625,1,0.586269,0.468687,4.41962
65.6323,0.642708,1,0.611675,0.4685,4.42083
65.6526,0.746875,1,0.641037,0.468313,4.42204
65.6728,0.709375,1,0.674577,0.468125,4.42325
65.693,0.707292,1,0.712445,0.467936,4.42446
65.7132,0.747917,1,0.754669,0.467747,4.42567
65.7335,0.832292,1,0.801185,0.467556,4.42688
65.7537,0.88125,1,0.851801,0.467365,4.42809
65.7739,0.847917,1,0.906145,0.467172,4.4293
65.7941,0.9375,1,0.963732,0.466979,4.4305
65.8144,0.916667,1,1.02393,0.466785,4.43171
65.8346,0.945833,1,1.08591,0.46659,4.43292
65.8548,1.04167,0.96,1.14876,0.466395,4.43413
65.8751,1.15104,0.868778,1.21146,0.466198,4.43534
65.8953,1.20208,0.831889,1.2729,0.466001,4.43655
65.9155,1.24271,0.804694,1.33189,0.465803,4.43776
65.9357,1.30833,0.764331,1.38725,0.465604,4.43896
65.956,1.48542,0.673212,1.43785,0.465405,4.44017
65.9762,1.55,0.645161,1.48258,0.465204,4.44138
65.9964,1.66875,0.599251,1.52049,0.465003,4.44259
66.0166,1.76042,0.568047,1.55073,0.464801,4.44379
66.0369,1.76979,0.565038,1.57264,0.464598,4.445
66.0571,1.68437,0.593692,1.58576,0.464394,4.44621
66.0773,1.7125,0.583942,1.58983,0.464189,4.44742
66.0975,1.58229,0.631995,1.58481,0.463984,4.44862
66.1178,1.58542,0.630749,1.57088,0.463778,4.44983
66.138,1.51875,0.658436,1.54844,0.463571,4.45104
66.1582,1.38958,0.71964,1.51803,0.463363,4.45224
66.1784,1.50729,0.663442,1.48041,0.463155,4.45345
66.1987,1.43333,0.697674,1.43644,0.462946,4.45466
66.2189,1.3875,0.720721,1.38709,0.462736,4.45586
66.2391,1.40729,0.710585,1.3334,0.462525,4.45707
66.2593,1.23438,0.810127,1.27645,0.462313,4.45827
66.2796,1.22604,0.815633,1.2173,0.462101,4.45948
66.2998,1.10312,0.906516,1.15698,0.461888,4.46069
66.32,1.00729,0.992761,1.09649,0.461674,4.46189
66.3403,1.00208,0.997921,1.03673,0.461459,4.4631
66.3605,0.934375,1,0.978484,0.461244,4.4643
66.3807,0.85625,1,0.922469,0.461028,4.46551
66.4009,0.84375,1,0.869242,0.460811,4.46671
66.4212,0.792708,1,0.819254,0.460593,4.46792
66.4414,0.788542,1,0.772821,0.460375,4.46912
66.4616,0.701042,1,0.730179,0.460156,4.47032
66.4818,0.69375,1,0.69142,0.459936,4.47153
66.5021,0.68125,1,0.656547,0.459715,4.47273
66.5223,0.657292,1,0.625503,0.459494,4.47394
66.5425,0.614583,1,0.598133,0.459272,4.47514
66.5627,0.652083,1,0.574236,0.459049,4.47634
66.583,0.583333,1,0.55358,0.458826,4.47755
66.6032,0.613542,1,0.535893,0.458602,4.47875
66.6234,0.583333,1,0.520889,0.458377,4.47995
66.6436,0.561458,1,0.508275,0.458151,4.48116
66.6639,0.566667,1,0.497772,0.457925,4.48236
66.6841,0.546875,1,0.489101,0.457698,4.48356
66.7043,0.561458,1,0.482001,0.45747,4.48477
66.7245,0.551042,1,0.476237,0.457242,4.48597
66.7448,0.539583,1,0.471592,0.457012,4.48717
66.765,0.521875,1,0.467872,0.456783,4.48837
66.7852,0.522917,1,0.464913,0.456552,4.48958
66.8055,0.5125,1,0.462567,0.456321,4.49078
66.8257,0.476042,1,0.460714,0.456089,4.49198
66.8459,0.529167,1,0.459249,0.455857,4.49318
66.8661,0.498958,1,0.45809,0.455623,4.49438
66.8864,0.486458,1,0.457167,0.455389,4.49559
66.9066,0.498958,1,0.456423,0.455155,4.49679
66.9268,0.5125,1,0.455817,0.45492,4.49799
66.947,0.510417,1,0.455313,0.454684,4.49919
66.9673,0.486458,1,0.454884,0.454447,4.50039
66.9875,0.469792,1,0.454511,0.45421,4.50159
67.0077,0.5,1,0.454178,0.453972,4.50279
67.0279,0.517708,1,0.453873,0.453734,4.50399
67.0482,0.471875,1,0.453588,0.453494,4.50519
67.0684,0.457292,1,0.453317,0.453255,4.50639
67.0886,0.475,1,0.453056,0.453014,4.50759
67.1088,0.491667,1,0.452801,0.452773,4.50879
67.1291,0.427083,1,0.45255,0.452531,4.50999
67.1493,0.453125,1,0.452301,0.452289,4.51119
67.1695,0.447917,1,0.452054,0.452046,4.51239
67.1897,0.482292,1,0.451808,0.451802,4.51359
67.21,0.45625,1,0.451562,0.451558,4.51479
67.2302,0.45,1,0.451316,0.451313,4.51599
67.2504,0.438542,1,0.45107,0.451068,4.51719
67.2707,0.45,1,0.450824,0.450822,4.51839
67.2909,0.446875,1,0.450577,0.450575,4.51959
67.3111,0.419792,1,0.45033,0.450328,4.52078
67.3313,0.43125,1,0.450082,0.45008,4.52198
67.3516,0.457292,1,0.449833,0.449832,4.52318
67.3718,0.459375,1,0.449584,0.449583,4.52438
67.392,0.417708,1,0.449334,0.449333,4.52558
67.4122,0.440625,1,0.449084,0.449083,4.52677
67.4325,0.410417,1,0.448833,0.448832,4.52797
67.4527,0.435417,1,0.448582,0.448581,4.52917
67.4729,0.465625,1,0.44833,0.448329,4.53037
67.4931,0.452083,1,0.448077,0.448077,4.53156
67.5134,0.433333,1,0.447824,0.447823,4.53276
67.5336,0.43125,1,0.447571,0.44757,4.53396
67.5538,0.427083,1,0.447317,0.447316,4.53516
67.574,0.435417,1,0.447062,0.447061,4.53635
67.5943,0.441667,1,0.446807,0.446806,4.53755
67.6145,0.410417,1,0.446551,0.44655,4.53875
67.6347,0.420833,1,0.446294,0.446293,4.53994
67.6549,0.425,1,0.446037,0.446037,4.54114
67.6752,0.423958,1,0.44578,0.445779,4.54233
67.6954,0.423958,1,0.445522,0.445521,4.54353
67.7156,0.426042,1,0.445263,0.445263,4.54473
67.7359,0.427083,1,0.445004,0.445004,4.54592
67.7561,0.429167,1,0.444745,0.444744,4.54712
67.7763,0.463542,1,0.444485,0.444484,4.54831
67.7965,0.419792,1,0.444224,0.444223,4.54951
67.8168,0.427083,1,0.443963,0.443962,4.5507
67.837,0.458333,1,0.443701,0.443701,4.5519
67.8572,0.479167,1,0.443439,0.443439,4.55309
67.8774,0.430208,1,0.443177,0.443176,4.55429
67.8977,0.392708,1,0.442913,0.442913,4.55548
67.9179,0.44375,1,0.44265,0.442649,4.55668
67.9381,0.455208,1,0.442386,0.442385,4.55787
67.9583,0.419792,1,0.442121,0.44212,4.55906
67.9786,0.395833,1,0.441856,0.441855,4.56026
67.9988,0.444792,1,0.44159,0.44159,4.56145
68.019,0.436458,1,0.441324,0.441324,4.56264
68.0392,0.4375,1,0.441058,0.441057,4.56384
68.0595,0.466667,1,0.440791,0.44079,4.56503
68.0797,0.423958,1,0.440524,0.440523,4.56622
68.0999,0.417708,1,0.440256,0.440255,4.56742
68.1201,0.4625,1,0.439987,0.439987,4.56861
68.1404,0.455208,1,0.439719,0.439718,4.5698
68.1606,0.43125,1,0.439449,0.439449,4.571
68.1808,0.417708,1,0.43918,0.439179,4.57219
68.2011,0.436458,1,0.43891,0.438909,4.57338
68.2213,0.440625,1,0.438639,0.438638,4.57457
68.2415,0.442708,1,0.438368,0.438367,4.57576
68.2617,0.417708,1,0.438097,0.438096,4.57696
68.282,0.4125,1,0.437825,0.437824,4.57815
68.3022,0.4,1,0.437552,0.437552,4.57934
68.3224,0.425,1,0.43728,0.437279,4.58053
68.3426,0.38125,1,0.437007,0.437006,4.58172
68.3629,0.417708,1,0.436733,0.436733,4.58291
68.3831,0.460417,1,0.436459,0.436459,4.58411
68.4033,0.40625,1,0.436185,0.436184,4.5853
68.4235,0.442708,1,0.43591,0.43591,4.58649
68.4438,0.422917,1,0.435635,0.435635,4.58768
68.464,0.388542,1,0.435359,0.435359,4.58887
68.4842,0.409375,1,0.435084,0.435083,4.59006
68.5044,0.402083,1,0.434807,0.434807,4.59125
68.5247,0.416667,1,0.434531,0.43453,4.59244
68.5449,0.395833,1,0.434254,0.434253,4.59363
68.5651,0.441667,1,0.433976,0.433976,4.59482
68.5853,0.4,1,0.433698,0.433698,4.59601
68.6056,0.426042,1,0.43342,0.43342,4.5972
68.6258,0.419792,1,0.433142,0.433141,4.59839
68.646,0.401042,1,0.432863,0.432862,4.59958
68.6663,0.4,1,0.432584,0.432583,4.60076
68.6865,0.442708,1,0.432304,0.432304,4.60195
68.7067,0.417708,1,0.432024,0.432024,4.60314
68.7269,0.429167,1,0.431744,0.431744,4.60433
68.7472,0.417708,1,0.431463,0.431463,4.60552
68.7674,0.405208,1,0.431182,0.431182,4.60671
68.7876,0.385417,1,0.430901,0.430901,4.6079
68.8078,0.415625,1,0.43062,0.430619,4.60908
68.8281,0.385417,1,0.430338,0.430337,4.61027
68.8483,0.411458,1,0.430055,0.430055,4.61146
68.8685,0.380208,1,0.429773,0.429773,4.61265
68.8887,0.416667,1,0.42949,0.42949,4.61383
68.909,0.407292,1,0.429207,0.429207,4.61502
68.9292,0.352083,1,0.428923,0.428923,4.61621
68.9494,0.411458,1,0.42864,0.428639,4.6174
68.9696,0.417708,1,0.428356,0.428355,4.61858
68.9899,0.430208,1,0.428071,0.428071,4.61977
69.0101,0.397917,1,0.427787,0.427786,4.62096
69.0303,0.377083,1,0.427502,0.427501,4.62214
69.0505,0.414583,1,0.427217,0.427216,4.62333
69.0708,0.433333,1,0.426931,0.426931,4.62451
69.091,0.425,1,0.426645,0.426645,4.6257
69.1112,0.40625,1,0.426359,0.426359,4.62689
69.1314,0.397917,1,0.426073,0.426073,4.62807
69.1517,0.38125,1,0.425787,0.425786,4.62926
69.1719,0.390625,1,0.4255,0.425499,4.63044
69.1921,0.411458,1,0.425213,0.425212,4.63163
69.2124,0.417708,1,0.424926,0.424925,4.63281
69.2326,0.410417,1,0.424638,0.424638,4.634
69.2528,0.408333,1,0.42435,0.42435,4.63518
69.273,0.407292,1,0.424062,0.424062,4.63637
69.2933,0.413542,1,0.423774,0.423774,4.63755
69.3135,0.404167,1,0.423486,0.423485,4.63874
69.3337,0.413542,1,0.423197,0.423197,4.63992
69.3539,0.429167,1,0.422908,0.422908,4.64111
69.3742,0.409375,1,0.422619,0.422619,4.64229
69.3944,0.410417,1,0.42233,0.422329,4.64347
69.4146,0.452083,1,0.42204,0.42204,4.64466
69.4348,0.446875,1,0.42175,0.42175,4.64584
69.4551,0.454167,1,0.42146,0.42146,4.64702
69.4753,0.382292,1,0.42117,0.42117,4.64821
69.4955,0.39375,1,0.42088,0.42088,4.64939
69.5157,0.389583,1,0.420589,0.420589,4.65057
69.536,0.401042,1,0.420299,0.420298,4.65176
69.5562,0.389583,1,0.420008,0.420007,4.65294
69.5764,0.419792,1,0.419717,0.419716,4.65412
69.5966,0.358333,1,0.419425,0.419425,4.6553
69.6169,0.407292,1,0.419134,0.419134,4.65649
69.6371,0.379167,1,0.418842,0.418842,4.65767
69.6573,0.38125,1,0.418551,0.41855,4.65885
69.6776,0.427083,1,0.418259,0.418259,4.66003
69.6978,0.389583,1,0.417967,0.417967,4.66121
69.718,0.4,1,0.417675,0.417674,4.6624
69.7382,0.35625,1,0.417382,0.417382,4.66358
69.7585,0.376042,1,0.41709,0.41709,4.66476
69.7787,0.389583,1,0.416797,0.416797,4.66594
69.7989,0.385417,1,0.416504,0.416504,4.66712
69.8191,0.384375,1,0.416212,0.416211,4.6683
69.8394,0.394792,1,0.415919,0.415918,4.66948
69.8596,0.370833,1,0.415625,0.415625,4.67066
69.8798,0.395833,1,0.415332,0.415332,4.67184
69.9,0.408333,1,0.415039,0.415039,4.67302
69.9203,0.421875,1,0.414745,0.414745,4.6742
69.9405,0.4,1,0.414452,0.414452,4.67538
69.9607,0.401042,1,0.414158,0.414158,4.67656
69.9809,0.375,1,0.413864,0.413864,4.67774
70.0012,0.388542,1,0.413571,0.41357,4.67892
70.0214,0.396875,1,0.413277,0.413276,4.6801
70.0416,0.3875,1,0.412983,0.412982,4.68128
70.0618,0.380208,1,0.412689,0.412688,4.68246
70.0821,0.414583,1,0.412394,0.412394,4.68364
70.1023,0.392708,1,0.4121,0.4121,4.68482
70.1225,0.410417,1,0.411806,0.411806,4.686
70.1428,0.390625,1,0.411511,0.411511,4.68717
70.163,0.364583,1,0.411217,0.411217,4.68835
70.1832,0.372917,1,0.410922,0.410922,4.68953
70.2034,0.357292,1,0.410628,0.410628,4.69071
70.2237,0.417708,1,0.410333,0.410333,4.69189
70.2439,0.3625,1,0.410039,0.410038,4.69306
70.2641,0.385417,1,0.409744,0.409744,4.69424
70.2843,0.405208,1,0.409449,0.409449,4.69542
70.3046,0.402083,1,0.409154,0.409154,4.6966
70.3248,0.382292,1,0.40886,0.408859,4.69777
70.345,0.384375,1,0.408565,0.408565,4.69895
70.3652,0.382292,1,0.40827,0.40827,4.70013
70.3855,0.394792,1,0.407975,0.407975,4.7013
70.4057,0.369792,1,0.40768,0.40768,4.70248
70.4259,0.414583,1,0.407385,0.407385,4.70366
70.4461,0.386458,1,0.407091,0.40709,4.70483
70.4664,0.402083,1,0.406796,0.406795,4.70601
70.4866,0.375,1,0.406501,0.406501,4.70719
70.5068,0.414583,1,0.406206,0.406206,4.70836
70.527,0.396875,1,0.405911,0.405911,4.70954
70.5473,0.426042,1,0.405616,0.405616,4.71071
70.5675,0.357292,1,0.405321,0.405321,4.71189
70.5877,0.390625,1,0.405026,0.405026,4.71306
70.608,0.413542,1,0.404732,0.404731,4.71424
70.6282,0.394792,1,0.404437,0.404437,4.71541
70.6484,0.390625,1,0.404142,0.404142,4.71659
70.6686,0.364583,1,0.403847,0.403847,4.71776
70.6889,0.3875,1,0.403553,0.403553,4.71894
70.7091,0.383333,1,0.403258,0.403258,4.72011
70.7293,0.354167,1,0.402964,0.402963,4.72129
70.7495,0.338542,1,0.402669,0.402669,4.72246
70.7698,0.413542,1,0.402375,0.402375,4.72363
70.79,0.423958,1,0.40208,0.40208,4.72481
70.8102,0.38125,1,0.401786,0.401786,4.72598
70.8304,0.35625,1,0.401492,0.401492,4.72716
70.8507,0.360417,1,0.401198,0.401197,4.72833
70.8709,0.369792,1,0.400903,0.400903,4.7295
70.8911,0.38125,1,0.400609,0.400609,4.73067
70.9113,0.390625,1,0.400316,0.400315,4.73185
70.9316,0.394792,1,0.400022,0.400021,4.73302
70.9518,0.394792,1,0.399728,0.399728,4.73419
70.972,0.377083,1,0.399434,0.399434,4.73537
70.9922,0.332292,1,0.399141,0.399141,4.73654
71.0125,0.364583,1,0.398847,0.398847,4.73771
71.0327,0.380208,1,0.398554,0.398554,4.73888
71.0529,0.35,1,0.398261,0.39826,4.74005
71.0732,0.398958,1,0.397968,0.397967,4.74123
71.0934,0.380208,1,0.397675,0.397674,4.7424
71.1136,0.366667,1,0.397382,0.397381,4.74357
71.1338,0.375,1,0.397089,0.397089,4.74474
71.1541,0.364583,1,0.396796,0.396796,4.74591
71.1743,0.384375,1,0.396504,0.396504,4.74708
71.1945,0.354167,1,0.396211,0.396211,4.74825
71.2147,0.366667,1,0.395919,0.395919,4.74942
71.235,0.357292,1,0.395627,0.395627,4.75059
71.2552,0.361458,1,0.395335,0.395335,4.75176
71.2754,0.348958,1,0.395044,0.395043,4.75293
71.2956,0.322917,1,0.394752,0.394752,4.7541
71.3159,0.358333,1,0.394461,0.39446,4.75527
71.3361,0.344792,1,0.394169,0.394169,4.75644
71.3563,0.357292,1,0.393878,0.393878,4.75761
71.3765,0.340625,1,0.393587,0.393587,4.75878
71.3968,0.377083,1,0.393297,0.393296,4.75995
71.417,0.352083,1,0.393006,0.393006,4.76112
71.4372,0.359375,1,0.392716,0.392715,4.76229
71.4574,0.366667,1,0.392425,0.392425,4.76346
71.4777,0.361458,1,0.392135,0.392135,4.76463
71.4979,0.378125,1,0.391846,0.391845,4.7658
71.5181,0.3625,1,0.391556,0.391556,4.76697
71.5384,0.38125,1,0.391267,0.391266,4.76813
71.5586,0.376042,1,0.390977,0.390977,4.7693
71.5788,0.385417,1,0.390688,0.390688,4.77047
71.599,0.382292,1,0.3904,0.390399,4.77164
71.6193,0.359375,1,0.390111,0.390111,4.77281
71.6395,0.353125,1,0.389823,0.389823,4.77397
71.6597,0.358333,1,0.389535,0.389534,4.77514
71.6799,0.347917,1,0.389247,0.389247,4.77631
71.7002,0.351042,1,0.388959,0.388959,4.77748
71.7204,0.372917,1,0.388672,0.388671,4.77864
71.7406,0.377083,1,0.388384,0.388384,4.77981
71.7608,0.344792,1,0.388098,0.388097,4.78098
71.7811,0.334375,1,0.387811,0.387811,4.78214
71.8013,0.329167,1,0.387524,0.387524,4.78331
71.8215,0.380208,1,0.387238,0.387238,4.78447
71.8417,0.379167,1,0.386952,0.386952,4.78564
71.862,0.359375,1,0.386667,0.386667,4.78681
71.8822,0.390625,1,0.386381,0.386381,4.78797
71.9024,0.353125,1,0.386096,0.386096,4.78914
71.9226,0.327083,1,0.385811,0.385811,4.7903
71.9429,0.369792,1,0.385527,0.385527,4.79147
71.9631,0.354167,1,0.385243,0.385242,4.79263
71.9833,0.352083,1,0.384959,0.384958,4.7938
72.0036,0.351042,1,0.384675,0.384675,4.79496
72.0238,0.360417,1,0.384391,0.384391,4.79613
72.044,0.372917,1,0.384108,0.384108,4.79729
72.0642,0.36875,1,0.383826,0.383825,4.79846
72.0845,0.367708,1,0.383543,0.383543,4.79962
72.1047,0.385417,1,0.383261,0.383261,4.80079
72.1249,0.323958,1,0.382979,0.382979,4.80195
72.1451,0.323958,1,0.382697,0.382697,4.80311
72.1654,0.36875,1,0.382416,0.382416,4.80428
72.1856,0.369792,1,0.382135,0.382135,4.80544
72.2058,0.326042,1,0.381854,0.381854,4.8066
72.226,0.34375,1,0.381574,0.381574,4.80777
72.2463,0.366667,1,0.381294,0.381294,4.80893
72.2665,0.3625,1,0.381015,0.381014,4.81009
72.2867,0.360417,1,0.380735,0.380735,4.81126
72.3069,0.35625,1,0.380456,0.380456,4.81242
72.3272,0.364583,1,0.380178,0.380178,4.81358
72.3474,0.327083,1,0.379899,0.379899,4.81474
72.3676,0.373958,1,0.379622,0.379621,4.81591
72.3878,0.351042,1,0.379344,0.379344,4.81707
72.4081,0.363542,1,0.379067,0.379067,4.81823
72.4283,0.35625,1,0.37879,0.37879,4.81939
72.4485,0.323958,1,0.378513,0.378513,4.82055
72.4688,0.335417,1,0.378237,0.378237,4.82172
72.489,0.377083,1,0.377962,0.377961,4.82288
72.5092,0.353125,1,0.377686,0.377686,4.82404
72.5294,0.376042,1,0.377411,0.377411,4.8252
72.5497,0.355208,1,0.377137,0.377137,4.82636
72.5699,0.357292,1,0.376863,0.376862,4.82752
72.5901,0.35,1,0.376589,0.376589,4.82868
72.6103,0.370833,1,0.376315,0.376315,4.82984
72.6306,0.390625,1,0.376042,0.376042,4.831
72.6508,0.334375,1,0.37577,0.37577,4.83216
72.671,0.35625,1,0.375497,0.375497,4.83332
72.6912,0.353125,1,0.375226,0.375225,4.83448
72.7115,0.361458,1,0.374954,0.374954,4.83564
72.7317,0.367708,1,0.374683,0.374683,4.8368
72.7519,0.365625,1,0.374413,0.374413,4.83796
72.7721,0.360417,1,0.374143,0.374142,4.83912
72.7924,0.342708,1,0.373873,0.373873,4.84028
72.8126,0.338542,1,0.373603,0.373603,4.84144
72.8328,0.332292,1,0.373335,0.373334,4.8426
72.853,0.35,1,0.373066,0.373066,4.84375
72.8733,0.328125,1,0.372798,0.372798,4.84491
72.8935,0.347917,1,0.372531,0.37253,4.84607
72.9137,0.373958,1,0.372263,0.372263,4.84723
72.9339,0.385417,1,0.371997,0.371997,4.84839
72.9542,0.322917,1,0.371731,0.37173,4.84954
72.9744,0.372917,1,0.371465,0.371465,4.8507
72.9946,0.355208,1,0.371199,0.371199,4.85186
73.0149,0.373958,1,0.370935,0.370934,4.85302
73.0351,0.310417,1,0.37067,0.37067,4.85417
73.0553,0.383333,1,0.370406,0.370406,4.85533
73.0755,0.345833,1,0.370143,0.370143,4.85649
73.0958,0.384375,1,0.36988,0.36988,4.85765
73.116,0.342708,1,0.369617,0.369617,4.8588
73.1362,0.3625,1,0.369355,0.369355,4.85996
73.1564,0.323958,1,0.369094,0.369094,4.86111
73.1767,0.333333,1,0.368833,0.368833,4.86227
73.1969,0.342708,1,0.368572,0.368572,4.86343
73.2171,0.351042,1,0.368312,0.368312,4.86458
73.2373,0.31875,1,0.368052,0.368052,4.86574
73.2576,0.35,1,0.367793,0.367793,4.86689
73.2778,0.321875,1,0.367535,0.367534,4.86805
73.298,0.352083,1,0.367277,0.367276,4.8692
73.3182,0.326042,1,0.367019,0.367019,4.87036
73.3385,0.345833,1,0.366762,0.366762,4.87151
73.3587,0.341667,1,0.366505,0.366505,4.87267
73.3789,0.354167,1,0.366249,0.366249,4.87382
73.3991,0.361458,1,0.365994,0.365994,4.87498
73.4194,0.335417,1,0.365739,0.365738,4.87613
73.4396,0.354167,1,0.365484,0.365484,4.87729
73.4598,0.369792,1,0.36523,0.36523,4.87844
73.4801,0.340625,1,0.364977,0.364977,4.87959
73.5003,0.357292,1,0.364724,0.364724,4.88075
73.5205,0.377083,1,0.364471,0.364471,4.8819
73.5407,0.388542,1,0.36422,0.364219,4.88306
73.561,0.30625,1,0.363968,0.363968,4.88421
73.5812,0.321875,1,0.363717,0.363717,4.88536
73.6014,0.322917,1,0.363467,0.363467,4.88651
73.6216,0.31875,1,0.363218,0.363217,4.88767
73.6419,0.361458,1,0.362969,0.362968,4.88882
73.6621,0.332292,1,0.36272,0.36272,4.88997
73.6823,0.345833,1,0.362472,0.362472,4.89113
73.7025,0.326042,1,0.362225,0.362224,4.89228
73.7228,0.309375,1,0.361978,0.361978,4.89343
73.743,0.367708,1,0.361731,0.361731,4.89458
73.7632,0.340625,1,0.361486,0.361485,4.89573
73.7834,0.34375,1,0.36124,0.36124,4.89688
73.8037,0.332292,1,0.360996,0.360996,4.89804
73.8239,0.310417,1,0.360752,0.360752,4.89919
73.8441,0.364583,1,0.360508,0.360508,4.90034
73.8643,0.323958,1,0.360266,0.360265,4.90149
73.8846,0.344792,1,0.360023,0.360023,4.90264
73.9048,0.2875,1,0.359782,0.359782,4.90379
73.925,0.333333,1,0.359541,0.35954,4.90494
73.9453,0.34375,1,0.3593,0.3593,4.90609
73.9655,0.345833,1,0.35906,0.35906,4.90724
73.9857,0.334375,1,0.358821,0.358821,4.90839
74.0059,0.336458,1,0.358582,0.358582,4.90954
74.0262,0.357292,1,0.358344,0.358344,4.91069
74.0464,0.341667,1,0.358107,0.358107,4.91184
74.0666,0.364583,1,0.35787,0.35787,4.91299
74.0868,0.330208,1,0.357634,0.357633,4.91414
74.1071,0.364583,1,0.357398,0.357398,4.91529
74.1273,0.36875,1,0.357163,0.357163,4.91644
74.1475,0.34375,1,0.356928,0.356928,4.91759
74.1677,0.3625,1,0.356695,0.356695,4.91874
74.188,0.330208,1,0.356462,0.356461,4.91988
74.2082,0.365625,1,0.356229,0.356229,4.92103
74.2284,0.346875,1,0.355997,0.355997,4.92218
74.2486,0.335417,1,0.355766,0.355766,4.92333
74.2689,0.342708,1,0.355535,0.355535,4.92448
74.2891,0.34375,1,0.355305,0.355305,4.92563
74.3093,0.344792,1,0.355076,0.355076,4.92677
74.3295,0.317708,1,0.354847,0.354847,4.92792
74.3498,0.329167,1,0.354619,0.354619,4.92907
74.37,0.375,1,0.354392,0.354391,4.93021
74.3902,0.360417,1,0.354165,0.354165,4.93136
74.4105,0.352083,1,0.353939,0.353939,4.93251
74.4307,0.345833,1,0.353713,0.353713,4.93366
74.4509,0.38125,1,0.353488,0.353488,4.9348
74.4711,0.352083,1,0.353264,0.353264,4.93595
74.4914,0.367708,1,0.353041,0.353041,4.93709
74.5116,0.388542,1,0.352818,0.352818,4.93824
74.5318,0.376042,1,0.352596,0.352596,4.93939
74.552,0.365625,1,0.352374,0.352374,4.94053
74.5723,0.4125,1,0.352153,0.352153,4.94168
74.5925,0.371875,1,0.351933,0.351933,4.94282
74.6127,0.35,1,0.351714,0.351714,4.94397
74.6329,0.339583,1,0.351495,0.351495,4.94511
74.6532,0.405208,1,0.351277,0.351277,4.94626
74.6734,0.3625,1,0.351059,0.351059,4.9474
74.6936,0.388542,1,0.350843,0.350843,4.94855
74.7138,0.4,1,0.350627,0.350626,4.94969
74.7341,0.392708,1,0.350411,0.350411,4.95084
74.7543,0.334375,1,0.350197,0.350196,4.95198
74.7745,0.394792,1,0.349983,0.349982,4.95313
74.7947,0.383333,1,0.349769,0.349769,4.95427
74.815,0.407292,1,0.349557,0.349556,4.95541
74.8352,0.335417,1,0.349345,0.349344,4.95656
74.8554,0.376042,1,0.349133,0.349133,4.9577
74.8757,0.35625,1,0.348923,0.348923,4.95884
74.8959,0.380208,1,0.348713,0.348713,4.95999
74.9161,0.364583,1,0.348504,0.348504,4.96113
74.9363,0.369792,1,0.348296,0.348295,4.96227
74.9566,0.38125,1,0.348088,0.348088,4.96342
74.9768,0.344792,1,0.347881,0.347881,4.96456
74.997,0.361458,1,0.347675,0.347674,4.9657
75.0172,0.351042,1,0.347469,0.347469,4.96684
75.0375,0.370833,1,0.347264,0.347264,4.96798
75.0577,0.345833,1,0.34706,0.34706,4.96913
75.0779,0.359375,1,0.346857,0.346857,4.97027
75.0981,0.336458,1,0.346654,0.346654,4.97141
75.1184,0.3625,1,0.346452,0.346452,4.97255
75.1386,0.376042,1,0.346251,0.346251,4.97369
75.1588,0.340625,1,0.34605,0.34605,4.97483
75.179,0.341667,1,0.345851,0.34585,4.97597
75.1993,0.365625,1,0.345652,0.345651,4.97712
75.2195,0.365625,1,0.345453,0.345453,4.97826
75.2397,0.383333,1,0.345256,0.345255,4.9794
75.2599,0.36875,1,0.345059,0.345059,4.98054
75.2802,0.353125,1,0.344863,0.344863,4.98168
75.3004,0.363542,1,0.344667,0.344667,4.98282
75.3206,0.370833,1,0.344473,0.344473,4.98396
75.3409,0.386458,1,0.344279,0.344279,4.9851
75.3611,0.3625,1,0.344086,0.344086,4.98624
75.3813,0.369792,1,0.343893,0.343893,4.98738
75.4015,0.341667,1,0.343702,0.343702,4.98852
75.4218,0.353125,1,0.343511,0.343511,4.98965
75.442,0.330208,1,0.343321,0.343321,4.99079
75.4622,0.358333,1,0.343131,0.343131,4.99193
75.4824,0.351042,1,0.342943,0.342943,4.99307
75.5027,0.375,1,0.342755,0.342755,4.99421
75.5229,0.370833,1,0.342568,0.342568,4.99535
75.5431,0.364583,1,0.342381,0.342381,4.99649
75.5633,0.398958,1,0.342196,0.342196,4.99762
75.5836,0.358333,1,0.342011,0.342011,4.99876
75.6038,0.355208,1,0.341827,0.341827,4.9999
75.624,0.410417,1,0.341644,0.341643,5.00104
75.6442,0.378125,1,0.341461,0.341461,5.00217
75.6645,0.366667,1,0.341279,0.341279,5.00331
75.6847,0.366667,1,0.341098,0.341098,5.00445
75.7049,0.363542,1,0.340918,0.340918,5.00559
75.7251,0.377083,1,0.340739,0.340738,5.00672
75.7454,0.385417,1,0.34056,0.34056,5.00786
75.7656,0.377083,1,0.340382,0.340382,5.009
75.7858,0.359375,1,0.340205,0.340205,5.01013
75.8061,0.363542,1,0.340029,0.340028,5.01127
75.8263,0.365625,1,0.339853,0.339853,5.0124
75.8465,0.348958,1,0.339678,0.339678,5.01354
75.8667,0.345833,1,0.339504,0.339504,5.01468
75.887,0.354167,1,0.339331,0.339331,5.01581
75.9072,0.329167,1,0.339159,0.339158,5.01695
75.9274,0.378125,1,0.338987,0.338987,5.01808
75.9476,0.375,1,0.338816,0.338816,5.01922
75.9679,0.369792,1,0.338646,0.338646,5.02035
75.9881,0.315625,1,0.338477,0.338476,5.02149
76.0083,0.335417,1,0.338308,0.338308,5.02262
76.0285,0.333333,1,0.33814,0.33814,5.02376
76.0488,0.342708,1,0.337973,0.337973,5.02489
76.069,0.375,1,0.337807,0.337807,5.02602
76.0892,0.347917,1,0.337642,0.337642,5.02716
76.1094,0.379167,1,0.337477,0.337477,5.02829
76.1297,0.33125,1,0.337314,0.337313,5.02943
76.1499,0.357292,1,0.337151,0.33715,5.03056
76.1701,0.371875,1,0.336988,0.336988,5.03169
76.1903,0.347917,1,0.336827,0.336827,5.03283
76.2106,0.326042,1,0.336666,0.336666,5.03396
76.2308,0.352083,1,0.336507,0.336506,5.03509
76.251,0.364583,1,0.336348,0.336347,5.03622
76.2713,0.351042,1,0.336189,0.336189,5.03736
76.2915,0.370833,1,0.336032,0.336032,5.03849
76.3117,0.360417,1,0.335876,0.335875,5.03962
76.3319,0.383333,1,0.33572,0.335719,5.04075
76.3522,0.351042,1,0.335565,0.335564,5.04189
76.3724,0.344792,1,0.335411,0.33541,5.04302
76.3926,0.36875,1,0.335257,0.335257,5.04415
76.4128,0.359375,1,0.335105,0.335104,5.04528
76.4331,0.365625,1,0.334953,0.334953,5.04641
76.4533,0.3625,1,0.334802,0.334802,5.04754
76.4735,0.35625,1,0.334652,0.334651,5.04867
76.4937,0.366667,1,0.334502,0.334502,5.04981
76.514,0.371875,1,0.334354,0.334354,5.05094
76.5342,0.361458,1,0.334206,0.334206,5.05207
76.5544,0.31875,1,0.334059,0.334059,5.0532
76.5746,0.336458,1,0.333913,0.333913,5.05433
76.5949,0.392708,1,0.333768,0.333768,5.05546
76.6151,0.389583,1,0.333624,0.333623,5.05659
76.6353,0.377083,1,0.33348,0.333479,5.05772
76.6555,0.375,1,0.333337,0.333337,5.05885
76.6758,0.379167,1,0.333195,0.333194,5.05998
76.696,0.345833,1,0.333054,0.333053,5.0611
76.7162,0.35625,1,0.332913,0.332913,5.06223
76.7364,0.354167,1,0.332774,0.332773,5.06336
76.7567,0.366667,1,0.332635,0.332634,5.06449
76.7769,0.354167,1,0.332497,0.332496,5.06562
76.7971,0.357292,1,0.33236,0.332359,5.06675
76.8174,0.33125,1,0.332224,0.332223,5.06788
76.8376,0.376042,1,0.332088,0.332087,5.06901
76.8578,0.379167,1,0.331953,0.331953,5.07013
76.878,0.378125,1,0.33182,0.331819,5.07126
76.8983,0.380208,1,0.331686,0.331686,5.07239
76.9185,0.361458,1,0.331554,0.331554,5.07352
76.9387,0.3625,1,0.331423,0.331422,5.07464
76.9589,0.376042,1,0.331292,0.331291,5.07577
76.9792,0.360417,1,0.331162,0.331162,5.0769
76.9994,0.389583,1,0.331034,0.331033,5.07802
77.0196,0.355208,1,0.330905,0.330905,5.07915
77.0398,0.376042,1,0.330778,0.330777,5.08028
77.0601,0.323958,1,0.330652,0.330651,5.0814
77.0803,0.346875,1,0.330527,0.330525,5.08253
77.1005,0.35625,1,0.330402,0.3304,5.08366
77.1207,0.347917,1,0.33028,0.330276,5.08478
77.141,0.370833,1,0.330159,0.330153,5.08591
77.1612,0.34375,1,0.33004,0.33003,5.08703
77.1814,0.375,1,0.329924,0.329909,5.08816
77.2016,0.394792,1,0.329814,0.329788,5.08929
77.2219,0.389583,1,0.329711,0.329668,5.09041
77.2421,0.390625,1,0.329619,0.329549,5.09154
77.2623,0.379167,1,0.329545,0.32943,5.09266
77.2826,0.385417,1,0.329498,0.329313,5.09378
77.3028,0.403125,1,0.32949,0.329196,5.09491
77.323,0.389583,1,0.32954,0.32908,5.09603
77.3432,0.403125,1,0.329677,0.328965,5.09716
77.3635,0.446875,1,0.329937,0.328851,5.09828
77.3837,0.383333,1,0.330372,0.328737,5.09941
77.4039,0.41875,1,0.331052,0.328625,5.10053
77.4241,0.410417,1,0.332069,0.328513,5.10165
77.4444,0.414583,1,0.333539,0.328402,5.10278
77.4646,0.413542,1,0.335612,0.328292,5.1039
77.4848,0.434375,1,0.338472,0.328182,5.10502
77.505,0.428125,1,0.34234,0.328074,5.10615
77.5253,0.407292,1,0.347477,0.327966,5.10727
77.5455,0.416667,1,0.354181,0.327859,5.10839
77.5657,0.453125,1,0.36278,0.327753,5.10951
77.5859,0.442708,1,0.373627,0.327648,5.11064
77.6062,0.44375,1,0.387089,0.327543,5.11176
77.6264,0.453125,1,0.403512,0.327439,5.11288
77.6466,0.457292,1,0.423219,0.327337,5.114
77.6668,0.4625,1,0.446472,0.327234,5.11512
77.6871,0.454167,1,0.473448,0.327133,5.11624
77.7073,0.486458,1,0.504193,0.327033,5.11737
77.7275,0.5125,1,0.538623,0.326933,5.11849
77.7478,0.520833,1,0.576495,0.326834,5.11961
77.768,0.508333,1,0.617362,0.326736,5.12073
77.7882,0.611458,1,0.660621,0.326639,5.12185
77.8084,0.697917,1,0.705503,0.326543,5.12297
77.8287,0.678125,1,0.751062,0.326447,5.12409
77.8489,0.701042,1,0.796274,0.326352,5.12521
77.8691,0.792708,1,0.840032,0.326258,5.12633
77.8893,0.882292,1,0.881231,0.326165,5.12745
77.9096,0.977083,1,0.918791,0.326073,5.12857
77.9298,1.04479,0.957129,0.951743,0.325981,5.12969
77.95,1.10208,0.907372,0.97927,0.32589,5.13081
77.9702,1.07292,0.932039,1.00073,0.3258,5.13193
77.9905,1.13854,0.878317,1.0157,0.325711,5.13305
78.0107,1.12708,0.887246,1.02397,0.325623,5.13417
78.0309,0.989583,1,1.02555,0.325535,5.13529
78.0511,0.965625,1,1.02066,0.325448,5.1364
78.0714,0.927083,1,1.00965,0.325363,5.13752
78.0916,0.88125,1,0.99304,0.325277,5.13864
78.1118,0.927083,1,0.971443,0.325193,5.13976
78.132,0.853125,1,0.945508,0.325109,5.14088
78.1523,0.867708,1,0.915921,0.325026,5.142
78.1725,0.8625,1,0.883395,0.324944,5.14311
78.1927,0.865625,1,0.848589,0.324863,5.14423
78.213,0.840625,1,0.812153,0.324783,5.14535
78.2332,0.84375,1,0.774688,0.324703,5.14646
78.2534,0.784375,1,0.736777,0.324624,5.14758
78.2736,0.759375,1,0.698948,0.324546,5.1487
78.2939,0.66875,1,0.661683,0.324469,5.14982
78.3141,0.60625,1,0.625436,0.324392,5.15093
78.3343,0.535417,1,0.590612,0.324317,5.15205
78.3545,0.56875,1,0.557554,0.324242,5.15316
78.3748,0.535417,1,0.526561,0.324167,5.15428
78.395,0.513542,1,0.497871,0.324094,5.1554
78.4152,0.530208,1,0.471647,0.324021,5.15651
78.4354,0.513542,1,0.447988,0.32395,5.15763
78.4557,0.4625,1,0.426924,0.323879,5.15874
78.4759,0.451042,1,0.40843,0.323808,5.15986
78.4961,0.43125,1,0.392411,0.323739,5.16097
78.5163,0.422917,1,0.378726,0.32367,5.16209
78.5366,0.442708,1,0.367203,0.323602,5.1632
78.5568,0.40625,1,0.357635,0.323535,5.16432
78.577,0.434375,1,0.3498,0.323468,5.16543
78.5972,0.439583,1,0.343477,0.323403,5.16655
78.6175,0.439583,1,0.338445,0.323338,5.16766
78.6377,0.384375,1,0.334494,0.323273,5.16877
78.6579,0.416667,1,0.331435,0.32321,5.16989
78.6782,0.366667,1,0.329097,0.323147,5.171
78.6984,0.382292,1,0.327332,0.323085,5.17212
78.7186,0.366667,1,0.326015,0.323024,5.17323
78.7388,0.39375,1,0.325042,0.322964,5.17434
78.7591,0.360417,1,0.324329,0.322904,5.17546
78.7793,0.378125,1,0.323809,0.322845,5.17657
78.7995,0.378125,1,0.32343,0.322787,5.17768
78.8197,0.355208,1,0.323153,0.32273,5.17879
78.84,0.347917,1,0.322949,0.322673,5.17991
78.8602,0.394792,1,0.322794,0.322617,5.18102
78.8804,0.35625,1,0.322674,0.322562,5.18213
78.9006,0.38125,1,0.322578,0.322508,5.18324
78.9209,0.397917,1,0.322497,0.322454,5.18435
78.9411,0.392708,1,0.322428,0.322401,5.18546
78.9613,0.365625,1,0.322365,0.322349,5.18658
78.9815,0.366667,1,0.322307,0.322297,5.18769
79.0018,0.371875,1,0.322253,0.322246,5.1888
79.022,0.351042,1,0.3222,0.322196,5.18991
79.0422,0.370833,1,0.32215,0.322147,5.19102
79.0624,0.336458,1,0.3221,0.322099,5.19213
79.0827,0.354167,1,0.322052,0.322051,5.19324
79.1029,0.342708,1,0.322005,0.322004,5.19435
79.1231,0.322917,1,0.321958,0.321957,5.19546
79.1434,0.344792,1,0.321912,0.321911,5.19657
79.1636,0.341667,1,0.321867,0.321866,5.19768
79.1838,0.354167,1,0.321823,0.321822,5.19879
79.204,0.383333,1,0.321779,0.321779,5.1999
79.2243,0.361458,1,0.321736,0.321736,5.20101
79.2445,0.33125,1,0.321694,0.321693,5.20212
79.2647,0.372917,1,0.321653,0.321652,5.20323
79.2849,0.333333,1,0.321612,0.321611,5.20434
79.3052,0.33125,1,0.321572,0.321571,5.20545
79.3254,0.348958,1,0.321532,0.321532,5.20655
79.3456,0.320833,1,0.321494,0.321493,5.20766
79.3658,0.35,1,0.321456,0.321455,5.20877
79.3861,0.348958,1,0.321418,0.321418,5.20988
79.4063,0.339583,1,0.321382,0.321381,5.21099
79.4265,0.339583,1,0.321346,0.321345,5.21209
79.4467,0.328125,1,0.321311,0.32131,5.2132
79.467,0.329167,1,0.321276,0.321275,5.21431
79.4872,0.305208,1,0.321242,0.321242,5.21542
79.5074,0.323958,1,0.321209,0.321208,5.21652
79.5276,0.346875,1,0.321176,0.321176,5.21763
79.5479,0.302083,1,0.321144,0.321144,5.21874
79.5681,0.363542,1,0.321113,0.321113,5.21984
79.5883,0.3375,1,0.321083,0.321082,5.22095
79.6086,0.323958,1,0.321053,0.321052,5.22206
79.6288,0.329167,1,0.321023,0.321023,5.22316
79.649,0.332292,1,0.320995,0.320995,5.22427
79.6692,0.330208,1,0.320967,0.320967,5.22537
79.6895,0.363542,1,0.32094,0.320939,5.22648
79.7097,0.332292,1,0.320913,0.320913,5.22758
79.7299,0.353125,1,0.320887,0.320887,5.22869
79.7501,0.332292,1,0.320862,0.320861,5.22979
79.7704,0.333333,1,0.320837,0.320837,5.2309
79.7906,0.323958,1,0.320813,0.320813,5.232
79.8108,0.328125,1,0.32079,0.320789,5.23311
79.831,0.297917,1,0.320767,0.320767,5.23421
79.8513,0.341667,1,0.320745,0.320744,5.23532
79.8715,0.311458,1,0.320723,0.320723,5.23642
79.8917,0.310417,1,0.320702,0.320702,5.23752
79.9119,0.329167,1,0.320682,0.320682,5.23863
79.9322,0.328125,1,0.320662,0.320662,5.23973
79.9524,0.308333,1,0.320643,0.320643,5.24084
79.9726,0.322917,1,0.320625,0.320625,5.24194
79.9928,0.329167,1,0.320607,0.320607,5.24304
80.0131,0.351042,1,0.32059,0.32059,5.24415
80.0333,0.319792,1,0.320573,0.320573,5.24525
80.0535,0.311458,1,0.320557,0.320557,5.24635
80.0737,0.291667,1,0.320542,0.320542,5.24745
80.094,0.341667,1,0.320527,0.320527,5.24856
80.1142,0.298958,1,0.320513,0.320513,5.24966
80.1344,0.326042,1,0.320499,0.320499,5.25076
80.1547,0.282292,1,0.320486,0.320486,5.25186
80.1749,0.329167,1,0.320474,0.320474,5.25296
80.1951,0.313542,1,0.320462,0.320462,5.25406
80.2153,0.323958,1,0.320451,0.32045,5.25517
80.2356,0.338542,1,0.32044,0.32044,5.25627
80.2558,0.317708,1,0.32043,0.320429,5.25737
80.276,0.30625,1,0.32042,0.32042,5.25847
80.2962,0.35,1,0.320411,0.320411,5.25957
80.3165,0.328125,1,0.320403,0.320402,5.26067
80.3367,0.319792,1,0.320395,0.320394,5.26177
80.3569,0.330208,1,0.320387,0.320387,5.26287
80.3771,0.316667,1,0.320381,0.32038,5.26397
80.3974,0.326042,1,0.320374,0.320374,5.26507
80.4176,0.323958,1,0.320369,0.320368,5.26617
80.4378,0.321875,1,0.320363,0.320363,5.26727
80.458,0.31875,1,0.320359,0.320358,5.26837
80.4783,0.297917,1,0.320355,0.320354,5.26947
80.4985,0.326042,1,0.320351,0.320351,5.27057
80.5187,0.294792,1,0.320348,0.320348,5.27167
80.5389,0.335417,1,0.320345,0.320345,5.27276
80.5592,0.320833,1,0.320343,0.320343,5.27386
80.5794,0.3125,1,0.320342,0.320342,5.27496
80.5996,0.3,1,0.320341,0.320341,5.27606
80.6199,0.303125,1,0.32034,0.32034,5.27716
80.6401,0.309375,1,0.32034,0.32034,5.27825
80.6603,0.303125,1,0.320341,0.320341,5.27935
80.6805,0.3375,1,0.320342,0.320342,5.28045
80.7008,0.319792,1,0.320344,0.320343,5.28155
80.721,0.295833,1,0.320346,0.320345,5.28264
80.7412,0.309375,1,0.320348,0.320348,5.28374
80.7614,0.280208,1,0.320351,0.320351,5.28484
80.7817,0.301042,1,0.320354,0.320354,5.28594
80.8019,0.315625,1,0.320358,0.320358,5.28703
80.8221,0.320833,1,0.320363,0.320363,5.28813
80.8423,0.308333,1,0.320368,0.320367,5.28922
80.8626,0.292708,1,0.320373,0.320373,5.29032
80.8828,0.304167,1,0.320379,0.320379,5.29142
80.903,0.322917,1,0.320385,0.320385,5.29251
80.9232,0.314583,1,0.320392,0.320392,5.29361
80.9435,0.313542,1,0.320399,0.320399,5.2947
80.9637,0.33125,1,0.320407,0.320406,5.2958
80.9839,0.290625,1,0.320415,0.320414,5.29689
81.0041,0.319792,1,0.320423,0.320423,5.29799
81.0244,0.322917,1,0.320432,0.320432,5.29908
81.0446,0.31875,1,0.320441,0.320441,5.30018
81.0648,0.301042,1,0.320451,0.320451,5.30127
81.0851,0.339583,1,0.320461,0.320461,5.30237
81.1053,0.297917,1,0.320472,0.320472,5.30346
81.1255,0.284375,1,0.320483,0.320483,5.30455
81.1457,0.3125,1,0.320494,0.320494,5.30565
81.166,0.314583,1,0.320506,0.320506,5.30674
81.1862,0.3,1,0.320518,0.320518,5.30783
81.2064,0.333333,1,0.320531,0.320531,5.30893
81.2266,0.290625,1,0.320544,0.320544,5.31002
81.2469,0.305208,1,0.320558,0.320557,5.31111
81.2671,0.315625,1,0.320571,0.320571,5.31221
81.2873,0.307292,1,0.320586,0.320585,5.3133
81.3075,0.33125,1,0.3206,0.3206,5.31439
81.3278,0.28125,1,0.320615,0.320615,5.31548
81.348,0.289583,1,0.32063,0.32063,5.31658
81.3682,0.295833,1,0.320646,0.320646,5.31767
81.3884,0.304167,1,0.320662,0.320662,5.31876
81.4087,0.3125,1,0.320678,0.320678,5.31985
81.4289,0.276042,1,0.320695,0.320695,5.32094
81.4491,0.338542,1,0.320712,0.320712,5.32203
81.4693,0.323958,1,0.32073,0.320729,5.32313
81.4896,0.320833,1,0.320747,0.320747,5.32422
81.5098,0.3,1,0.320766,0.320765,5.32531
81.53,0.289583,1,0.320784,0.320784,5.3264
81.5503,0.305208,1,0.320803,0.320802,5.32749
81.5705,0.285417,1,0.320822,0.320822,5.32858
81.5907,0.283333,1,0.320841,0.320841,5.32967
81.6109,0.290625,1,0.320861,0.320861,5.33076
81.6312,0.309375,1,0.320881,0.320881,5.33185
81.6514,0.34375,1,0.320901,0.320901,5.33294
81.6716,0.311458,1,0.320922,0.320922,5.33403
81.6918,0.310417,1,0.320943,0.320942,5.33512
81.7121,0.298958,1,0.320964,0.320964,5.33621
81.7323,0.313542,1,0.320985,0.320985,5.33729
81.7525,0.288542,1,0.321007,0.321007,5.33838
81.7727,0.303125,1,0.321029,0.321029,5.33947
81.793,0.310417,1,0.321051,0.321051,5.34056
81.8132,0.342708,1,0.321074,0.321074,5.34165
81.8334,0.279167,1,0.321097,0.321097,5.34274
81.8536,0.315625,1,0.32112,0.32112,5.34382
81.8739,0.289583,1,0.321143,0.321143,5.34491
81.8941,0.291667,1,0.321167,0.321166,5.346
81.9143,0.319792,1,0.32119,0.32119,5.34709
81.9345,0.288542,1,0.321215,0.321214,5.34817
81.9548,0.319792,1,0.321239,0.321239,5.34926
81.975,0.301042,1,0.321263,0.321263,5.35035
81.9952,0.283333,1,0.321288,0.321288,5.35144
82.0155,0.303125,1,0.321313,0.321313,5.35252
82.0357,0.289583,1,0.321338,0.321338,5.35361
82.0559,0.30625,1,0.321364,0.321363,5.35469
82.0761,0.308333,1,0.321389,0.321389,5.35578
82.0964,0.269792,1,0.321415,0.321415,5.35687
82.1166,0.303125,1,0.321441,0.321441,5.35795
82.1368,0.291667,1,0.321467,0.321467,5.35904
82.157,0.309375,1,0.321494,0.321493,5.36012
82.1773,0.289583,1,0.32152,0.32152,5.36121
82.1975,0.308333,1,0.321547,0.321547,5.36229
82.2177,0.307292,1,0.321574,0.321573,5.36338
82.2379,0.295833,1,0.321601,0.321601,5.36446
82.2582,0.266667,1,0.321628,0.321628,5.36555
82.2784,0.315625,1,0.321655,0.321655,5.36663
82.2986,0.295833,1,0.321683,0.321683,5.36772
82.3188,0.329167,1,0.32171,0.32171,5.3688
82.3391,0.289583,1,0.321738,0.321738,5.36988
82.3593,0.320833,1,0.321766,0.321766,5.37097
82.3795,0.296875,1,0.321794,0.321794,5.37205
82.3997,0.320833,1,0.321822,0.321822,5.37314
82.42,0.29375,1,0.321851,0.321851,5.37422
82.4402,0.315625,1,0.321879,0.321879,5.3753
82.4604,0.336458,1,0.321908,0.321908,5.37638
82.4807,0.31875,1,0.321936,0.321936,5.37747
82.5009,0.315625,1,0.321965,0.321965,5.37855
82.5211,0.307292,1,0.321994,0.321994,5.37963
82.5413,0.310417,1,0.322023,0.322023,5.38071
82.5616,0.28125,1,0.322052,0.322052,5.3818
82.5818,0.2625,1,0.322081,0.322081,5.38288
82.602,0.2875,1,0.32211,0.32211,5.38396
82.6222,0.2875,1,0.322139,0.322139,5.38504
82.6425,0.30625,1,0.322169,0.322169,5.38612
82.6627,0.307292,1,0.322198,0.322198,5.3872
82.6829,0.290625,1,0.322228,0.322227,5.38829
82.7031,0.283333,1,0.322257,0.322257,5.38937
82.7234,0.28125,1,0.322287,0.322286,5.39045
82.7436,0.288542,1,0.322316,0.322316,5.39153
82.7638,0.267708,1,0.322346,0.322345,5.39261
82.784,0.258333,1,0.322375,0.322375,5.39369
82.8043,0.307292,1,0.322405,0.322405,5.39477
82.8245,0.296875,1,0.322435,0.322434,5.39585
82.8447,0.30625,1,0.322464,0.322464,5.39693
82.8649,0.283333,1,0.322494,0.322494,5.39801
82.8852,0.303125,1,0.322524,0.322523,5.39909
82.9054,0.284375,1,0.322553,0.322553,5.40017
82.9256,0.276042,1,0.322583,0.322583,5.40125
82.9459,0.286458,1,0.322612,0.322612,5.40232
82.9661,0.275,1,0.322642,0.322642,5.4034
82.9863,0.301042,1,0.322672,0.322671,5.40448
83.0065,0.327083,1,0.322701,0.322701,5.40556
83.0268,0.298958,1,0.322731,0.322731,5.40664
83.047,0.283333,1,0.32276,0.32276,5.40772
83.0672,0.280208,1,0.32279,0.322789,5.40879
83.0874,0.269792,1,0.322819,0.322819,5.40987
83.1077,0.288542,1,0.322848,0.322848,5.41095
83.1279,0.272917,1,0.322878,0.322877,5.41203
83.1481,0.266667,1,0.322907,0.322907,5.4131
83.1683,0.3,1,0.322936,0.322936,5.41418
83.1886,0.3375,1,0.322965,0.322965,5.41526
83.2088,0.296875,1,0.322994,0.322994,5.41633
83.229,0.309375,1,0.323023,0.323022,5.41741
83.2492,0.310417,1,0.323051,0.323051,5.41849
83.2695,0.297917,1,0.32308,0.32308,5.41956
83.2897,0.297917,1,0.323109,0.323108,5.42064
83.3099,0.26875,1,0.323137,0.323137,5.42172
83.3301,0.320833,1,0.323165,0.323165,5.42279
83.3504,0.301042,1,0.323194,0.323193,5.42387
83.3706,0.29375,1,0.323222,0.323221,5.42494
83.3908,0.275,1,0.32325,0.323249,5.42602
83.4111,0.277083,1,0.323277,0.323277,5.42709
83.4313,0.297917,1,0.323305,0.323305,5.42817
83.4515,0.265625,1,0.323332,0.323332,5.42924
83.4717,0.283333,1,0.32336,0.32336,5.43032
83.492,0.319792,1,0.323387,0.323387,5.43139
83.5122,0.291667,1,0.323414,0.323414,5.43246
83.5324,0.296875,1,0.323441,0.32344,5.43354
83.5526,0.271875,1,0.323467,0.323467,5.43461
83.5729,0.290625,1,0.323494,0.323494,5.43569
83.5931,0.279167,1,0.32352,0.32352,5.43676
83.6133,0.315625,1,0.323546,0.323546,5.43783
83.6335,0.302083,1,0.323572,0.323572,5.43891
83.6538,0.290625,1,0.323598,0.323597,5.43998
83.674,0.298958,1,0.323623,0.323623,5.44105
83.6942,0.275,1,0.323648,0.323648,5.44212
83.7144,0.302083,1,0.323673,0.323673,5.4432
83.7347,0.283333,1,0.323698,0.323698,5.44427
83.7549,0.25625,1,0.323722,0.323722,5.44534
83.7751,0.314583,1,0.323747,0.323746,5.44641
83.7953,0.311458,1,0.323771,0.32377,5.44749
83.8156,0.335417,1,0.323794,0.323794,5.44856
83.8358,0.294792,1,0.323818,0.323818,5.44963
83.856,0.290625,1,0.323841,0.323841,5.4507
83.8762,0.305208,1,0.323864,0.323864,5.45177
83.8965,0.294792,1,0.323887,0.323887,5.45284
83.9167,0.29375,1,0.323909,0.323909,5.45391
83.9369,0.302083,1,0.323931,0.323931,5.45498
83.9572,0.282292,1,0.323953,0.323953,5.45605
83.9774,0.271875,1,0.323975,0.323974,5.45712
83.9976,0.282292,1,0.323996,0.323996,5.45819
84.0178,0.2875,1,0.324017,0.324016,5.45926
84.0381,0.269792,1,0.324037,0.324037,5.46033
84.0583,0.269792,1,0.324058,0.324057,5.4614
84.0785,0.283333,1,0.324077,0.324077,5.46247
84.0987,0.267708,1,0.324097,0.324097,5.46354
84.119,0.304167,1,0.324116,0.324116,5.46461
84.1392,0.278125,1,0.324135,0.324135,5.46568
84.1594,0.288542,1,0.324154,0.324153,5.46675
84.1796,0.295833,1,0.324172,0.324172,5.46782
84.1999,0.286458,1,0.32419,0.324189,5.46889
84.2201,0.2625,1,0.324207,0.324207,5.46995
84.2403,0.278125,1,0.324224,0.324224,5.47102
84.2605,0.272917,1,0.324241,0.324241,5.47209
84.2808,0.280208,1,0.324257,0.324257,5.47316
84.301,0.289583,1,0.324273,0.324273,5.47423
84.3212,0.292708,1,0.324289,0.324288,5.47529
84.3414,0.288542,1,0.324304,0.324303,5.47636
84.3617,0.297917,1,0.324319,0.324318,5.47743
84.3819,0.284375,1,0.324333,0.324332,5.47849
84.4021,0.271875,1,0.324347,0.324346,5.47956
84.4224,0.285417,1,0.32436,0.32436,5.48063
84.4426,0.28125,1,0.324373,0.324373,5.48169
84.4628,0.28125,1,0.324386,0.324385,5.48276
84.483,0.298958,1,0.324398,0.324397,5.48383
84.5033,0.2875,1,0.324409,0.324409,5.48489
84.5235,0.269792,1,0.324421,0.32442,5.48596
84.5437,0.285417,1,0.324431,0.324431,5.48702
84.5639,0.316667,1,0.324442,0.324441,5.48809
84.5842,0.280208,1,0.324451,0.324451,5.48915
84.6044,0.276042,1,0.324461,0.32446,5.49022
84.6246,0.284375,1,0.32447,0.324469,5.49128
84.6448,0.291667,1,0.324478,0.324477,5.49235
84.6651,0.263542,1,0.324486,0.324485,5.49341
84.6853,0.254167,1,0.324493,0.324493,5.49448
84.7055,0.283333,1,0.3245,0.324499,5.49554
84.7257,0.302083,1,0.324506,0.324506,5.4966
84.746,0.307292,1,0.324512,0.324511,5.49767
84.7662,0.263542,1,0.324517,0.324517,5.49873
84.7864,0.264583,1,0.324522,0.324521,5.49979
84.8066,0.29375,1,0.324526,0.324526,5.50086
84.8269,0.28125,1,0.32453,0.324529,5.50192
84.8471,0.31875,1,0.324533,0.324532,5.50298
84.8673,0.276042,1,0.324535,0.324535,5.50405
84.8876,0.289583,1,0.324537,0.324537,5.50511
84.9078,0.278125,1,0.324539,0.324538,5.50617
84.928,0.301042,1,0.32454,0.324539,5.50723
84.9482,0.302083,1,0.32454,0.324539,5.5083
84.9685,0.267708,1,0.324539,0.324539,5.50936
84.9887,0.292708,1,0.324538,0.324538,5.51042
85.0089,0.258333,1,0.324537,0.324536,5.51148
85.0291,0.322917,1,0.324535,0.324534,5.51254
85.0494,0.288542,1,0.324532,0.324531,5.5136
85.0696,0.284375,1,0.324529,0.324528,5.51467
85.0898,0.26875,1,0.324525,0.324524,5.51573
85.11,0.286458,1,0.32452,0.324519,5.51679
85.1303,0.26875,1,0.324515,0.324514,5.51785
85.1505,0.284375,1,0.324509,0.324508,5.51891
85.1707,0.258333,1,0.324503,0.324502,5.51997
85.1909,0.263542,1,0.324496,0.324495,5.52103
85.2112,0.267708,1,0.324488,0.324487,5.52209
85.2314,0.303125,1,0.324479,0.324478,5.52315
85.2516,0.29375,1,0.32447,0.324469,5.52421
85.2718,0.261458,1,0.32446,0.324459,5.52527
85.2921,0.2875,1,0.32445,0.324449,5.52633
85.3123,0.3,1,0.324439,0.324438,5.52738
85.3325,0.294792,1,0.324427,0.324426,5.52844
85.3528,0.304167,1,0.324415,0.324413,5.5295
85.373,0.3,1,0.324403,0.3244,5.53056
85.3932,0.33125,1,0.32439,0.324386,5.53162
85.4134,0.302083,1,0.324376,0.324371,5.53268
85.4337,0.317708,1,0.324363,0.324356,5.53373
85.4539,0.330208,1,0.32435,0.32434,5.53479
85.4741,0.292708,1,0.324338,0.324323,5.53585
85.4943,0.296875,1,0.324328,0.324305,5.53691
85.5146,0.327083,1,0.32432,0.324287,5.53796
85.5348,0.309375,1,0.324316,0.324268,5.53902
85.555,0.348958,1,0.324317,0.324248,5.54008
85.5752,0.347917,1,0.324327,0.324228,5.54114
85.5955,0.376042,1,0.324349,0.324206,5.54219
85.6157,0.348958,1,0.324388,0.324184,5.54325
85.6359,0.311458,1,0.32445,0.324161,5.5443
85.6561,0.317708,1,0.324544,0.324138,5.54536
85.6764,0.347917,1,0.32468,0.324113,5.54642
85.6966,0.336458,1,0.324874,0.324088,5.54747
85.7168,0.345833,1,0.325144,0.324062,5.54853
85.737,0.330208,1,0.325513,0.324035,5.54958
85.7573,0.365625,1,0.326011,0.324008,5.55064
85.7775,0.378125,1,0.326676,0.323979,5.55169
85.7977,0.352083,1,0.327552,0.32395,5.55275
85.818,0.367708,1,0.328696,0.32392,5.5538
85.8382,0.367708,1,0.330173,0.323889,5.55486
85.8584,0.392708,1,0.332065,0.323857,5.55591
85.8786,0.372917,1,0.334465,0.323825,5.55697
85.8989,0.35,1,0.337482,0.323791,5.55802
85.9191,0.378125,1,0.341242,0.323757,5.55907
85.9393,0.440625,1,0.345888,0.323722,5.56013
85.9595,0.419792,1,0.351576,0.323686,5.56118
85.9798,0.428125,1,0.358479,0.323649,5.56223
86,0.447917,1,0.366787,0.323611,5.56329
86.0202,0.440625,1,0.376699,0.323573,5.56434
86.0404,0.455208,1,0.38842,0.323533,5.56539
86.0607,0.5,1,0.402167,0.323493,5.56644
86.0809,0.452083,1,0.418135,0.323452,5.5675
86.1011,0.496875,1,0.436525,0.32341,5.56855
86.1213,0.476042,1,0.457516,0.323367,5.5696
86.1416,0.522917,1,0.481261,0.323323,5.57065
86.1618,0.571875,1,0.507876,0.323278,5.57171
86.182,0.571875,1,0.537435,0.323232,5.57276
86.2022,0.557292,1,0.569971,0.323185,5.57381
86.2225,0.596875,1,0.60541,0.323138,5.57486
86.2427,0.610417,1,0.643656,0.323089,5.57591
86.2629,0.689583,1,0.684525,0.32304,5.57696
86.2832,0.734375,1,0.727752,0.322989,5.57801
86.3034,0.7125,1,0.773,0.322938,5.57906
86.3236,0.75625,1,0.819857,0.322885,5.58011
86.3438,0.801042,1,0.86785,0.322832,5.58116
86.3641,0.840625,1,0.916398,0.322778,5.58221
86.3843,0.878125,1,0.964921,0.322723,5.58326
86.4045,0.89375,1,1.01278,0.322666,5.58431
86.4247,0.965625,1,1.05933,0.322609,5.58536
86.445,1.06354,0.940255,1.10388,0.322551,5.58641
86.4652,1.12917,0.885609,1.14581,0.322492,5.58746
86.4854,1.18437,0.844327,1.18448,0.322432,5.58851
86.5056,1.36146,0.734507,1.2193,0.322371,5.58956
86.5259,1.38646,0.721262,1.24976,0.322309,5.59061
86.5461,1.51771,0.658888,1.27541,0.322245,5.59165
86.5663,1.46146,0.684248,1.29591,0.322181,5.5927
86.5865,1.43854,0.695148,1.31099,0.322116,5.59375
86.6068,1.40104,0.713755,1.32046,0.32205,5.5948
86.627,1.40729,0.710585,1.32426,0.321983,5.59585
86.6472,1.33125,0.751174,1.32242,0.321914,5.59689
86.6674,1.2875,0.776699,1.31506,0.321845,5.59794
86.6877,1.16146,0.860987,1.30238,0.321775,5.59899
86.7079,1.22188,0.818414,1.28466,0.321703,5.60004
86.7281,1.19583,0.836237,1.26225,0.321631,5.60108
86.7484,1.14688,0.871935,1.23552,0.321557,5.60213
86.7686,1.14583,0.872727,1.20496,0.321483,5.60318
86.7888,1.07917,0.926641,1.17102,0.321407,5.60422
86.809,1.20104,0.832611,1.13421,0.321331,5.60527
86.8293,1.13125,0.883978,1.09503,0.321253,5.60631
86.8495,1.01875,0.981595,1.05398,0.321174,5.60736
86.8697,1.07187,0.932945,1.01157,0.321094,5.60841
86.8899,0.945833,1,0.968271,0.321013,5.60945
86.9102,0.929167,1,0.92458,0.320931,5.6105
86.9304,0.860417,1,0.880915,0.320848,5.61154
86.9506,0.865625,1,0.837684,0.320764,5.61259
86.9708,0.780208,1,0.795257,0.320678,5.61363
86.9911,0.722917,1,0.753959,0.320592,5.61468
87.0113,0.725,1,0.7141,0.320504,5.61572
87.0315,0.680208,1,0.675913,0.320416,5.61676
87.0517,0.609375,1,0.639625,0.320326,5.61781
87.072,0.591667,1,0.605392,0.320235,5.61885
87.0922,0.585417,1,0.573338,0.320143,5.6199
87.1124,0.519792,1,0.543546,0.32005,5.62094
87.1326,0.567708,1,0.516051,0.319955,5.62198
87.1529,0.552083,1,0.490875,0.31986,5.62303
87.1731,0.5,1,0.467992,0.319763,5.62407
87.1933,0.495833,1,0.447341,0.319665,5.62511
87.2136,0.489583,1,0.428843,0.319566,5.62615
87.2338,0.45,1,0.412396,0.319466,5.6272
87.254,0.433333,1,0.397879,0.319365,5.62824
87.2742,0.439583,1,0.385156,0.319263,5.62928
87.2945,0.440625,1,0.374097,0.319159,5.63032
87.3147,0.41875,1,0.36455,0.319054,5.63136
87.3349,0.415625,1,0.35637,0.318949,5.63241
87.3551,0.392708,1,0.349411,0.318841,5.63345
87.3754,0.380208,1,0.343533,0.318733,5.63449
87.3956,0.379167,1,0.338603,0.318624,5.63553
87.4158,0.388542,1,0.334494,0.318513,5.63657
87.436,0.354167,1,0.331096,0.318401,5.63761
87.4563,0.39375,1,0.3283,0.318288,5.63865
87.4765,0.364583,1,0.326014,0.318174,5.63969
87.4967,0.379167,1,0.324154,0.318058,5.64073
87.5169,0.358333,1,0.322647,0.317942,5.64177
87.5372,0.402083,1,0.32143,0.317824,5.64281
87.5574,0.345833,1,0.320448,0.317705,5.64385
87.5776,0.31875,1,0.319656,0.317585,5.64489
87.5978,0.355208,1,0.319017,0.317463,5.64593
87.6181,0.384375,1,0.318497,0.31734,5.64697
87.6383,0.338542,1,0.318071,0.317216,5.64801
87.6585,0.344792,1,0.317718,0.317091,5.64905
87.6787,0.3125,1,0.317421,0.316965,5.65009
87.699,0.315625,1,0.317167,0.316837,5.65113
87.7192,0.358333,1,0.316946,0.316708,5.65216
87.7394,0.348958,1,0.316747,0.316578,5.6532
87.7597,0.326042,1,0.316567,0.316447,5.65424
87.7799,0.339583,1,0.316399,0.316314,5.65528
87.8001,0.325,1,0.316239,0.31618,5.65631
87.8203,0.3375,1,0.316086,0.316045,5.65735
87.8406,0.290625,1,0.315937,0.315908,5.65839
87.8608,0.311458,1,0.315791,0.315771,5.65943
87.881,0.309375,1,0.315646,0.315632,5.66046
87.9012,0.323958,1,0.315502,0.315492,5.6615
87.9215,0.3125,1,0.315357,0.31535,5.66254
87.9417,0.297917,1,0.315213,0.315207,5.66357
87.9619,0.307292,1,0.315067,0.315063,5.66461
87.9821,0.297917,1,0.314921,0.314918,5.66564
88.0024,0.308333,1,0.314774,0.314771,5.66668
88.0226,0.319792,1,0.314626,0.314624,5.66772
88.0428,0.314583,1,0.314476,0.314474,5.66875
88.063,0.335417,1,0.314326,0.314324,5.66979
88.0833,0.339583,1,0.314174,0.314172,5.67082
88.1035,0.309375,1,0.314021,0.314019,5.67186
88.1237,0.290625,1,0.313867,0.313865,5.67289
88.1439,0.317708,1,0.313711,0.313709,5.67393
88.1642,0.321875,1,0.313554,0.313553,5.67496
88.1844,0.298958,1,0.313396,0.313394,5.67599
88.2046,0.28125,1,0.313237,0.313235,5.67703
88.2249,0.307292,1,0.313076,0.313074,5.67806
88.2451,0.321875,1,0.312915,0.312912,5.6791
88.2653,0.311458,1,0.312752,0.312749,5.68013
88.2855,0.3125,1,0.312589,0.312584,5.68116
88.3058,0.330208,1,0.312424,0.312418,5.6822
88.326,0.257292,1,0.31226,0.31225,5.68323
88.3462,0.309375,1,0.312095,0.312082,5.68426
88.3664,0.29375,1,0.311931,0.311912,5.68529
88.3867,0.333333,1,0.31177,0.31174,5.68633
88.4069,0.297917,1,0.311611,0.311568,5.68736
88.4271,0.30625,1,0.311457,0.311394,5.68839
88.4473,0.320833,1,0.311312,0.311219,5.68942
88.4676,0.355208,1,0.311178,0.311042,5.69045
88.4878,0.345833,1,0.311062,0.310864,5.69149
88.508,0.2875,1,0.310971,0.310685,5.69252
88.5282,0.322917,1,0.310914,0.310504,5.69355
88.5485,0.360417,1,0.310905,0.310322,5.69458
88.5687,0.341667,1,0.310961,0.310139,5.69561
88.5889,0.355208,1,0.311104,0.309955,5.69664
88.6091,0.348958,1,0.311365,0.309769,5.69767
88.6294,0.35,1,0.31178,0.309582,5.6987
88.6496,0.380208,1,0.312396,0.309393,5.69973
88.6698,0.367708,1,0.313272,0.309203,5.70076
88.6901,0.345833,1,0.31448,0.309012,5.70179
88.7103,0.383333,1,0.316109,0.308819,5.70282
88.7305,0.361458,1,0.318263,0.308625,5.70385
88.7507,0.4,1,0.321068,0.30843,5.70488
88.771,0.422917,1,0.324671,0.308233,5.70591
88.7912,0.438542,1,0.329242,0.308036,5.70694
88.8114,0.405208,1,0.334971,0.307836,5.70797
88.8316,0.430208,1,0.342074,0.307636,5.709
88.8519,0.433333,1,0.350792,0.307434,5.71002
88.8721,0.45,1,0.36137,0.30723,5.71105
88.8923,0.478125,1,0.374081,0.307026,5.71208
88.9125,0.471875,1,0.389202,0.30682,5.71311
88.9328,0.490625,1,0.407009,0.306612,5.71414
88.953,0.5125,1,0.427771,0.306404,5.71516
88.9732,0.486458,1,0.451748,0.306194,5.71619
88.9934,0.511458,1,0.479136,0.305982,5.71722
89.0137,0.542708,1,0.510117,0.30577,5.71824
89.0339,0.567708,1,0.544804,0.305556,5.71927
89.0541,0.579167,1,0.583243,0.30534,5.7203
89.0743,0.615625,1,0.625391,0.305124,5.72132
89.0946,0.64375,1,0.671115,0.304906,5.72235
89.1148,0.664583,1,0.720202,0.304686,5.72338
89.135,0.752083,1,0.772267,0.304465,5.7244
89.1553,0.7875,1,0.826882,0.304243,5.72543
89.1755,0.779167,1,0.883497,0.30402,5.72645
89.1957,0.798958,1,0.94147,0.303795,5.72748
89.2159,0.927083,1,1.00006,0.303569,5.7285
89.2362,0.989583,1,1.05849,0.303342,5.72953
89.2564,1.03229,0.968718,1.11592,0.303113,5.73055
89.2766,1.10312,0.906516,1.17146,0.302883,5.73158
89.2968,1.17604,0.85031,1.22427,0.302651,5.7326
89.3171,1.30625,0.76555,1.27352,0.302419,5.73363
89.3373,1.43021,0.699199,1.31843,0.302184,5.73465
89.3575,1.54062,0.649087,1.3583,0.301949,5.73567
89.3777,1.61354,0.619755,1.39252,0.301712,5.7367
89.398,1.5875,0.629921,1.4206,0.301474,5.73772
89.4182,1.64062,0.609524,1.44217,0.301235,5.73874
89.4384,1.59896,0.625407,1.45699,0.300994,5.73977
89.4586,1.56563,0.638723,1.46495,0.300752,5.74079
89.4789,1.45104,0.68916,1.46609,0.300508,5.74181
89.4991,1.44583,0.691643,1.46051,0.300264,5.74284
89.5193,1.37708,0.726172,1.44846,0.300018,5.74386
89.5395,1.27292,0.785597,1.43032,0.29977,5.74488
89.5598,1.28125,0.780488,1.40648,0.299522,5.7459
89.58,1.28438,0.778589,1.37744,0.299272,5.74693
89.6002,1.24687,0.802005,1.34373,0.29902,5.74795
89.6205,1.23021,0.81287,1.30589,0.298768,5.74897
89.6407,1.25,0.8,1.26451,0.298514,5.74999
89.6609,1.17708,0.849558,1.22015,0.298259,5.75101
89.6811,1.21146,0.825451,1.17343,0.298002,5.75203
89.7014,1.16771,0.856378,1.1249,0.297744,5.75305
89.7216,1.09896,0.909953,1.07511,0.297485,5.75407
89.7418,1.02396,0.976602,1.02457,0.297225,5.75509
89.762,1.01354,0.986639,0.97378,0.296963,5.75611
89.7823,0.955208,1,0.923214,0.2967,5.75713
89.8025,0.921875,1,0.873284,0.296436,5.75815
89.8227,0.810417,1,0.824416,0.29617,5.75917
89.8429,0.776042,1,0.776952,0.295903,5.76019
89.8632,0.704167,1,0.73121,0.295635,5.76121
89.8834,0.651042,1,0.687454,0.295366,5.76223
89.9036,0.677083,1,0.64594,0.295095,5.76325
89.9238,0.603125,1,0.606838,0.294823,5.76427
89.9441,0.555208,1,0.570301,0.29455,5.76529
89.9643,0.548958,1,0.536419,0.294276,5.76631
89.9845,0.548958,1,0.505242,0.294,5.76733
90.0047,0.488542,1,0.476769,0.293723,5.76834
90.025,0.482292,1,0.450989,0.293445,5.76936
90.0452,0.498958,1,0.427824,0.293165,5.77038
90.0654,0.470833,1,0.407172,0.292885,5.7714
90.0857,0.464583,1,0.38891,0.292603,5.77241
90.1059,0.446875,1,0.372889,0.29232,5.77343
90.1261,0.432292,1,0.358945,0.292035,5.77445
90.1463,0.402083,1,0.3469,0.291749,5.77547
90.1666,0.388542,1,0.336583,0.291463,5.77648
90.1868,0.382292,1,0.327811,0.291175,5.7775
90.207,0.391667,1,0.320405,0.290885,5.77852
90.2272,0.413542,1,0.314198,0.290595,5.77953
90.2475,0.35625,1,0.30903,0.290303,5.78055
90.2677,0.392708,1,0.304753,0.29001,5.78156
90.2879,0.352083,1,0.30123,0.289716,5.78258
90.3081,0.329167,1,0.298343,0.289421,5.78359
90.3284,0.327083,1,0.295984,0.289124,5.78461
90.3486,0.31875,1,0.294058,0.288827,5.78563
90.3688,0.315625,1,0.292486,0.288528,5.78664
90.389,0.317708,1,0.291199,0.288228,5.78765
90.4093,0.321875,1,0.290139,0.287927,5.78867
90.4295,0.330208,1,0.289258,0.287624,5.78968
90.4497,0.310417,1,0.288518,0.287321,5.7907
90.4699,0.304167,1,0.287887,0.287016,5.79171
90.4902,0.3,1,0.287338,0.28671,5.79273
90.5104,0.3,1,0.286853,0.286404,5.79374
90.5306,0.304167,1,0.286414,0.286095,5.79475
90.5509,0.316667,1,0.286011,0.285786,5.79577
90.5711,0.328125,1,0.285633,0.285476,5.79678
90.5913,0.265625,1,0.285274,0.285165,5.79779
90.6115,0.278125,1,0.284928,0.284852,5.7988
90.6318,0.295833,1,0.28459,0.284539,5.79982
90.652,0.301042,1,0.284259,0.284224,5.80083
90.6722,0.289583,1,0.283932,0.283908,5.80184
90.6924,0.269792,1,0.283608,0.283591,5.80285
90.7127,0.290625,1,0.283285,0.283273,5.80387
90.7329,0.247917,1,0.282962,0.282954,5.80488
90.7531,0.279167,1,0.28264,0.282634,5.80589
90.7733,0.252083,1,0.282317,0.282313,5.8069
90.7936,0.288542,1,0.281994,0.281991,5.80791
90.8138,0.245833,1,0.28167,0.281668,5.80892
90.834,0.270833,1,0.281346,0.281344,5.80993
90.8542,0.29375,1,0.28102,0.281019,5.81094
90.8745,0.254167,1,0.280694,0.280692,5.81195
90.8947,0.259375,1,0.280366,0.280365,5.81296
90.9149,0.275,1,0.280038,0.280037,5.81397
90.9351,0.275,1,0.279709,0.279708,5.81498
90.9554,0.266667,1,0.279378,0.279378,5.81599
90.9756,0.253125,1,0.279047,0.279046,5.817
90.9958,0.272917,1,0.278715,0.278714,5.81801
91.0161,0.28125,1,0.278382,0.278381,5.81902
91.0363,0.267708,1,0.278048,0.278047,5.82003
91.0565,0.305208,1,0.277713,0.277712,5.82104
91.0767,0.291667,1,0.277377,0.277376,5.82205
91.097,0.25,1,0.27704,0.277039,5.82306
91.1172,0.244792,1,0.276702,0.276702,5.82406
91.1374,0.254167,1,0.276364,0.276363,5.82507
91.1576,0.253125,1,0.276024,0.276023,5.82608
91.1779,0.225,1,0.275684,0.275683,5.82709
91.1981,0.244792,1,0.275342,0.275342,5.8281
91.2183,0.24375,1,0.275,0.274999,5.8291
91.2385,0.23125,1,0.274657,0.274656,5.83011
91.2588,0.25,1,0.274313,0.274312,5.83112
91.279,0.254167,1,0.273968,0.273968,5.83212
91.2992,0.276042,1,0.273623,0.273622,5.83313
91.3194,0.275,1,0.273276,0.273276,5.83414
91.3397,0.236458,1,0.272929,0.272928,5.83514
91.3599,0.245833,1,0.272581,0.27258,5.83615
91.3801,0.2375,1,0.272232,0.272232,5.83716
91.4003,0.241667,1,0.271883,0.271882,5.83816
91.4206,0.25625,1,0.271532,0.271532,5.83917
91.4408,0.242708,1,0.271181,0.271181,5.84017
91.461,0.234375,1,0.270829,0.270829,5.84118
91.4812,0.25625,1,0.270477,0.270476,5.84218
91.5015,0.244792,1,0.270124,0.270123,5.84319
91.5217,0.254167,1,0.26977,0.269769,5.84419
91.5419,0.211458,1,0.269415,0.269414,5.8452
91.5622,0.214583,1,0.269059,0.269059,5.8462
91.5824,0.220833,1,0.268703,0.268703,5.8472
91.6026,0.257292,1,0.268347,0.268346,5.84821
91.6228,0.234375,1,0.267989,0.267989,5.84921
91.6431,0.2375,1,0.267631,0.267631,5.85021
91.6633,0.252083,1,0.267273,0.267272,5.85122
91.6835,0.233333,1,0.266913,0.266913,5.85222
91.7037,0.228125,1,0.266553,0.266553,5.85322
91.724,0.226042,1,0.266193,0.266193,5.85423
91.7442,0.245833,1,0.265832,0.265831,5.85523
91.7644,0.210417,1,0.26547,0.26547,5.85623
91.7846,0.219792,1,0.265108,0.265108,5.85723
91.8049,0.23125,1,0.264745,0.264745,5.85824
91.8251,0.226042,1,0.264382,0.264382,5.85924
91.8453,0.23125,1,0.264018,0.264018,5.86024
91.8655,0.239583,1,0.263654,0.263654,5.86124
91.8858,0.25,1,0.263289,0.263289,5.86224
91.906,0.229167,1,0.262924,0.262924,5.86324
91.9262,0.254167,1,0.262558,0.262558,5.86424
91.9464,0.230208,1,0.262192,0.262192,5.86525
91.9667,0.232292,1,0.261826,0.261825,5.86625
91.9869,0.24375,1,0.261459,0.261458,5.86725
92.0071,0.225,1,0.261091,0.261091,5.86825
