'Id: "35-p-24-093" Comment: "" Operator: "Lab Manager" Anode: Cu Scantype: "Coupled TwoTheta/Theta" 
20.0023422241211 0.488541666666667
20.0225682873279 0.497916666666667
20.0427943505347 0.472916666666667
20.0630204137415 0.496875
20.0832464769483 0.510416666666667
20.1034725401551 0.501041666666667
20.1236986033618 0.489583333333333
20.1439246665686 0.464583333333333
20.1641507297754 0.475
20.1843767929822 0.478125
20.204602856189 0.494791666666667
20.2248289193958 0.483333333333333
20.2450549826026 0.475
20.2652810458094 0.48125
20.2855071090162 0.46875
20.305733172223 0.465625
20.3259592354298 0.503125
20.3461852986366 0.476041666666667
20.3664113618433 0.505208333333333
20.3866374250501 0.476041666666667
20.4068634882569 0.485416666666667
20.4270895514637 0.475
20.4473156146705 0.495833333333333
20.4675416778773 0.516666666666667
20.4877677410841 0.482291666666667
20.5079938042909 0.48125
20.5282198674977 0.478125
20.5484459307045 0.484375
20.5686719939113 0.451041666666667
20.5888980571181 0.448958333333333
20.6091241203249 0.455208333333333
20.6293501835316 0.530208333333333
20.6495762467384 0.470833333333333
20.6698023099452 0.497916666666667
20.690028373152 0.444791666666667
20.7102544363588 0.465625
20.7304804995656 0.483333333333333
20.7507065627724 0.538541666666667
20.7709326259792 0.457291666666667
20.791158689186 0.49375
20.8113847523928 0.45625
20.8316108155996 0.485416666666667
20.8518368788064 0.490625
20.8720629420131 0.480208333333333
20.8922890052199 0.479166666666667
20.9125150684267 0.49375
20.9327411316335 0.485416666666667
20.9529671948403 0.458333333333333
20.9731932580471 0.458333333333333
20.9934193212539 0.469791666666667
21.0136453844607 0.508333333333333
21.0338714476675 0.480208333333333
21.0540975108743 0.497916666666667
21.0743235740811 0.455208333333333
21.0945496372879 0.448958333333333
21.1147757004946 0.4875
21.1350017637014 0.498958333333333
21.1552278269082 0.454166666666667
21.175453890115 0.46875
21.1956799533218 0.446875
21.2159060165286 0.461458333333333
21.2361320797354 0.409375
21.2563581429422 0.444791666666667
21.276584206149 0.446875
21.2968102693558 0.469791666666667
21.3170363325626 0.457291666666667
21.3372623957694 0.492708333333333
21.3574884589762 0.508333333333333
21.3777145221829 0.496875
21.3979405853897 0.463541666666667
21.4181666485965 0.457291666666667
21.4383927118033 0.461458333333333
21.4586187750101 0.497916666666667
21.4788448382169 0.476041666666667
21.4990709014237 0.461458333333333
21.5192969646305 0.485416666666667
21.5395230278373 0.455208333333333
21.5597490910441 0.451041666666667
21.5799751542509 0.477083333333333
21.6002012174577 0.49375
21.6204272806644 0.480208333333333
21.6406533438712 0.461458333333333
21.660879407078 0.458333333333333
21.6811054702848 0.398958333333333
21.7013315334916 0.408333333333333
21.7215575966984 0.453125
21.7417836599052 0.40625
21.762009723112 0.446875
21.7822357863188 0.484375
21.8024618495256 0.480208333333333
21.8226879127324 0.45
21.8429139759392 0.509375
21.8631400391459 0.43125
21.8833661023527 0.442708333333333
21.9035921655595 0.473958333333333
21.9238182287663 0.451041666666667
21.9440442919731 0.460416666666667
21.9642703551799 0.476041666666667
21.9844964183867 0.392708333333333
22.0047224815935 0.448958333333333
22.0249485448003 0.39375
22.0451746080071 0.461458333333333
22.0654006712139 0.397916666666667
22.0856267344207 0.422916666666667
22.1058527976274 0.408333333333333
22.1260788608342 0.4375
22.146304924041 0.494791666666667
22.1665309872478 0.442708333333333
22.1867570504546 0.461458333333333
22.2069831136614 0.414583333333333
22.2272091768682 0.429166666666667
22.247435240075 0.420833333333333
22.2676613032818 0.441666666666667
22.2878873664886 0.408333333333333
22.3081134296954 0.484375
22.3283394929022 0.477083333333333
22.348565556109 0.484375
22.3687916193157 0.398958333333333
22.3890176825225 0.4625
22.4092437457293 0.404166666666667
22.4294698089361 0.436458333333333
22.4496958721429 0.459375
22.4699219353497 0.433333333333333
22.4901479985565 0.411458333333333
22.5103740617633 0.4375
22.5306001249701 0.409375
22.5508261881769 0.447916666666667
22.5710522513837 0.447916666666667
22.5912783145905 0.421875
22.6115043777972 0.480208333333333
22.631730441004 0.439583333333333
22.6519565042108 0.452083333333333
22.6721825674176 0.464583333333333
22.6924086306244 0.466666666666667
22.7126346938312 0.422916666666667
22.732860757038 0.458333333333333
22.7530868202448 0.466666666666667
22.7733128834516 0.451041666666667
22.7935389466584 0.4375
22.8137650098652 0.417708333333333
22.833991073072 0.454166666666667
22.8542171362787 0.436458333333333
22.8744431994855 0.466666666666667
22.8946692626923 0.435416666666667
22.9148953258991 0.421875
22.9351213891059 0.420833333333333
22.9553474523127 0.420833333333333
22.9755735155195 0.420833333333333
22.9957995787263 0.41875
23.0160256419331 0.413541666666667
23.0362517051399 0.413541666666667
23.0564777683467 0.44375
23.0767038315535 0.405208333333333
23.0969298947603 0.38125
23.117155957967 0.432291666666667
23.1373820211738 0.420833333333333
23.1576080843806 0.45625
23.1778341475874 0.43125
23.1980602107942 0.447916666666667
23.218286274001 0.436458333333333
23.2385123372078 0.407291666666667
23.2587384004146 0.4375
23.2789644636214 0.439583333333333
23.2991905268282 0.413541666666667
23.319416590035 0.388541666666667
23.3396426532418 0.457291666666667
23.3598687164485 0.461458333333333
23.3800947796553 0.461458333333333
23.4003208428621 0.448958333333333
23.4205469060689 0.40625
23.4407729692757 0.43125
23.4609990324825 0.448958333333333
23.4812250956893 0.441666666666667
23.5014511588961 0.436458333333333
23.5216772221029 0.459375
23.5419032853097 0.416666666666667
23.5621293485165 0.427083333333333
23.5823554117233 0.453125
23.60258147493 0.395833333333333
23.6228075381368 0.392708333333333
23.6430336013436 0.435416666666667
23.6632596645504 0.415625
23.6834857277572 0.434375
23.703711790964 0.483333333333333
23.7239378541708 0.430208333333333
23.7441639173776 0.396875
23.7643899805844 0.414583333333333
23.7846160437912 0.44375
23.804842106998 0.391666666666667
23.8250681702048 0.40625
23.8452942334116 0.395833333333333
23.8655202966183 0.39375
23.8857463598251 0.427083333333333
23.9059724230319 0.429166666666667
23.9261984862387 0.44375
23.9464245494455 0.405208333333333
23.9666506126523 0.420833333333333
23.9868766758591 0.432291666666667
24.0071027390659 0.444791666666667
24.0273288022727 0.409375
24.0475548654795 0.390625
24.0677809286863 0.402083333333333
24.0880069918931 0.436458333333333
24.1082330550998 0.455208333333333
24.1284591183066 0.407291666666667
24.1486851815134 0.408333333333333
24.1689112447202 0.460416666666667
24.189137307927 0.44375
24.2093633711338 0.429166666666667
24.2295894343406 0.428125
24.2498154975474 0.470833333333333
24.2700415607542 0.441666666666667
24.290267623961 0.442708333333333
24.3104936871678 0.435416666666667
24.3307197503746 0.428125
24.3509458135813 0.45
24.3711718767881 0.484375
24.3913979399949 0.45625
24.4116240032017 0.454166666666667
24.4318500664085 0.439583333333333
24.4520761296153 0.436458333333333
24.4723021928221 0.435416666666667
24.4925282560289 0.433333333333333
24.5127543192357 0.417708333333333
24.5329803824425 0.4625
24.5532064456493 0.49375
24.5734325088561 0.483333333333333
24.5936585720629 0.453125
24.6138846352696 0.420833333333333
24.6341106984764 0.469791666666667
24.6543367616832 0.452083333333333
24.67456282489 0.461458333333333
24.6947888880968 0.4625
24.7150149513036 0.43125
24.7352410145104 0.483333333333333
24.7554670777172 0.44375
24.775693140924 0.45
24.7959192041308 0.417708333333333
24.8161452673376 0.408333333333333
24.8363713305444 0.413541666666667
24.8565973937511 0.394791666666667
24.8768234569579 0.428125
24.8970495201647 0.436458333333333
24.9172755833715 0.460416666666667
24.9375016465783 0.425
24.9577277097851 0.460416666666667
24.9779537729919 0.371875
24.9981798361987 0.423958333333333
25.0184058994055 0.439583333333333
25.0386319626123 0.40625
25.0588580258191 0.484375
25.0790840890259 0.46875
25.0993101522326 0.45
25.1195362154394 0.427083333333333
25.1397622786462 0.41875
25.159988341853 0.429166666666667
25.1802144050598 0.433333333333333
25.2004404682666 0.478125
25.2206665314734 0.430208333333333
25.2408925946802 0.441666666666667
25.261118657887 0.45
25.2813447210938 0.41875
25.3015707843006 0.442708333333333
25.3217968475074 0.434375
25.3420229107141 0.422916666666667
25.3622489739209 0.455208333333333
25.3824750371277 0.413541666666667
25.4027011003345 0.428125
25.4229271635413 0.466666666666667
25.4431532267481 0.405208333333333
25.4633792899549 0.417708333333333
25.4836053531617 0.433333333333333
25.5038314163685 0.427083333333333
25.5240574795753 0.433333333333333
25.5442835427821 0.471875
25.5645096059889 0.452083333333333
25.5847356691957 0.413541666666667
25.6049617324024 0.416666666666667
25.6251877956092 0.471875
25.645413858816 0.447916666666667
25.6656399220228 0.408333333333333
25.6858659852296 0.44375
25.7060920484364 0.422916666666667
25.7263181116432 0.4375
25.74654417485 0.419791666666667
25.7667702380568 0.41875
25.7869963012636 0.386458333333333
25.8072223644704 0.445833333333333
25.8274484276772 0.4
25.8476744908839 0.411458333333333
25.8679005540907 0.389583333333333
25.8881266172975 0.4375
25.9083526805043 0.426041666666667
25.9285787437111 0.398958333333333
25.9488048069179 0.41875
25.9690308701247 0.44375
25.9892569333315 0.44375
26.0094829965383 0.445833333333333
26.0297090597451 0.436458333333333
26.0499351229519 0.417708333333333
26.0701611861587 0.441666666666667
26.0903872493654 0.415625
26.1106133125722 0.414583333333333
26.130839375779 0.417708333333333
26.1510654389858 0.432291666666667
26.1712915021926 0.3875
26.1915175653994 0.435416666666667
26.2117436286062 0.391666666666667
26.231969691813 0.415625
26.2521957550198 0.417708333333333
26.2724218182266 0.384375
26.2926478814334 0.392708333333333
26.3128739446402 0.439583333333333
26.333100007847 0.411458333333333
26.3533260710537 0.445833333333333
26.3735521342605 0.409375
26.3937781974673 0.427083333333333
26.4140042606741 0.41875
26.4342303238809 0.438541666666667
26.4544563870877 0.435416666666667
26.4746824502945 0.41875
26.4949085135013 0.394791666666667
26.5151345767081 0.420833333333333
26.5353606399149 0.385416666666667
26.5555867031217 0.426041666666667
26.5758127663285 0.404166666666667
26.5960388295352 0.442708333333333
26.616264892742 0.421875
26.6364909559488 0.405208333333333
26.6567170191556 0.404166666666667
26.6769430823624 0.419791666666667
26.6971691455692 0.45
26.717395208776 0.410416666666667
26.7376212719828 0.43125
26.7578473351896 0.433333333333333
26.7780733983964 0.432291666666667
26.7982994616032 0.439583333333333
26.81852552481 0.415625
26.8387515880167 0.421875
26.8589776512235 0.4375
26.8792037144303 0.432291666666667
26.8994297776371 0.396875
26.9196558408439 0.426041666666667
26.9398819040507 0.405208333333333
26.9601079672575 0.466666666666667
26.9803340304643 0.41875
27.0005600936711 0.377083333333333
27.0207861568779 0.385416666666667
27.0410122200847 0.396875
27.0612382832915 0.375
27.0814643464983 0.428125
27.101690409705 0.35625
27.1219164729118 0.404166666666667
27.1421425361186 0.377083333333333
27.1623685993254 0.394791666666667
27.1825946625322 0.4125
27.202820725739 0.422916666666667
27.2230467889458 0.367708333333333
27.2432728521526 0.367708333333333
27.2634989153594 0.415625
27.2837249785662 0.411458333333333
27.303951041773 0.433333333333333
27.3241771049798 0.411458333333333
27.3444031681865 0.371875
27.3646292313933 0.375
27.3848552946001 0.3875
27.4050813578069 0.407291666666667
27.4253074210137 0.408333333333333
27.4455334842205 0.375
27.4657595474273 0.373958333333333
27.4859856106341 0.40625
27.5062116738409 0.404166666666667
27.5264377370477 0.39375
27.5466638002545 0.419791666666667
27.5668898634613 0.425
27.587115926668 0.40625
27.6073419898748 0.390625
27.6275680530816 0.414583333333333
27.6477941162884 0.389583333333333
27.6680201794952 0.377083333333333
27.688246242702 0.391666666666667
27.7084723059088 0.378125
27.7286983691156 0.401041666666667
27.7489244323224 0.4
27.7691504955292 0.429166666666667
27.789376558736 0.38125
27.8096026219428 0.421875
27.8298286851496 0.411458333333333
27.8500547483563 0.392708333333333
27.8702808115631 0.428125
27.8905068747699 0.417708333333333
27.9107329379767 0.411458333333333
27.9309590011835 0.4125
27.9511850643903 0.428125
27.9714111275971 0.442708333333333
27.9916371908039 0.427083333333333
28.0118632540107 0.429166666666667
28.0320893172175 0.422916666666667
28.0523153804243 0.442708333333333
28.0725414436311 0.436458333333333
28.0927675068378 0.4375
28.1129935700446 0.3875
28.1332196332514 0.447916666666667
28.1534456964582 0.413541666666667
28.173671759665 0.448958333333333
28.1938978228718 0.438541666666667
28.2141238860786 0.41875
28.2343499492854 0.470833333333333
28.2545760124922 0.427083333333333
28.274802075699 0.465625
28.2950281389058 0.463541666666667
28.3152542021126 0.485416666666667
28.3354802653193 0.479166666666667
28.3557063285261 0.455208333333333
28.3759323917329 0.50625
28.3961584549397 0.448958333333333
28.4163845181465 0.472916666666667
28.4366105813533 0.470833333333333
28.4568366445601 0.489583333333333
28.4770627077669 0.480208333333333
28.4972887709737 0.494791666666667
28.5175148341805 0.542708333333333
28.5377408973873 0.55625
28.5579669605941 0.503125
28.5781930238009 0.502083333333333
28.5984190870076 0.480208333333333
28.6186451502144 0.488541666666667
28.6388712134212 0.44375
28.659097276628 0.441666666666667
28.6793233398348 0.446875
28.6995494030416 0.435416666666667
28.7197754662484 0.448958333333333
28.7400015294552 0.447916666666667
28.760227592662 0.442708333333333
28.7804536558688 0.411458333333333
28.8006797190756 0.460416666666667
28.8209057822824 0.452083333333333
28.8411318454891 0.4625
28.8613579086959 0.429166666666667
28.8815839719027 0.461458333333333
28.9018100351095 0.452083333333333
28.9220360983163 0.438541666666667
28.9422621615231 0.428125
28.9624882247299 0.453125
28.9827142879367 0.445833333333333
29.0029403511435 0.489583333333333
29.0231664143503 0.470833333333333
29.0433924775571 0.476041666666667
29.0636185407639 0.495833333333333
29.0838446039706 0.451041666666667
29.1040706671774 0.461458333333333
29.1242967303842 0.433333333333333
29.144522793591 0.439583333333333
29.1647488567978 0.4
29.1849749200046 0.428125
29.2052009832114 0.486458333333333
29.2254270464182 0.427083333333333
29.245653109625 0.428125
29.2658791728318 0.439583333333333
29.2861052360386 0.452083333333333
29.3063312992454 0.425
29.3265573624521 0.464583333333333
29.3467834256589 0.430208333333333
29.3670094888657 0.415625
29.3872355520725 0.446875
29.4074616152793 0.460416666666667
29.4276876784861 0.479166666666667
29.4479137416929 0.4125
29.4681398048997 0.460416666666667
29.4883658681065 0.427083333333333
29.5085919313133 0.390625
29.5288179945201 0.4
29.5490440577269 0.460416666666667
29.5692701209337 0.451041666666667
29.5894961841404 0.452083333333333
29.6097222473472 0.428125
29.629948310554 0.405208333333333
29.6501743737608 0.421875
29.6704004369676 0.402083333333333
29.6906265001744 0.410416666666667
29.7108525633812 0.485416666666667
29.731078626588 0.416666666666667
29.7513046897948 0.445833333333333
29.7715307530016 0.436458333333333
29.7917568162084 0.409375
29.8119828794152 0.409375
29.8322089426219 0.458333333333333
29.8524350058287 0.461458333333333
29.8726610690355 0.460416666666667
29.8928871322423 0.454166666666667
29.9131131954491 0.4375
29.9333392586559 0.422916666666667
29.9535653218627 0.439583333333333
29.9737913850695 0.390625
29.9940174482763 0.440625
30.0142435114831 0.422916666666667
30.0344695746899 0.429166666666667
30.0546956378967 0.402083333333333
30.0749217011034 0.385416666666667
30.0951477643102 0.39375
30.115373827517 0.407291666666667
30.1355998907238 0.44375
30.1558259539306 0.390625
30.1760520171374 0.417708333333333
30.1962780803442 0.427083333333333
30.216504143551 0.442708333333333
30.2367302067578 0.40625
30.2569562699646 0.471875
30.2771823331714 0.448958333333333
30.2974083963782 0.457291666666667
30.317634459585 0.4375
30.3378605227917 0.429166666666667
30.3580865859985 0.414583333333333
30.3783126492053 0.40625
30.3985387124121 0.461458333333333
30.4187647756189 0.432291666666667
30.4389908388257 0.414583333333333
30.4592169020325 0.434375
30.4794429652393 0.410416666666667
30.4996690284461 0.465625
30.5198950916529 0.475
30.5401211548597 0.504166666666667
30.5603472180665 0.491666666666667
30.5805732812732 0.539583333333333
30.60079934448 0.564583333333333
30.6210254076868 0.534375
30.6412514708936 0.535416666666667
30.6614775341004 0.55
30.6817035973072 0.53125
30.701929660514 0.561458333333333
30.7221557237208 0.55
30.7423817869276 0.61875
30.7626078501344 0.571875
30.7828339133412 0.602083333333333
30.803059976548 0.576041666666667
30.8232860397547 0.604166666666667
30.8435121029615 0.570833333333333
30.8637381661683 0.594791666666667
30.8839642293751 0.571875
30.9041902925819 0.5875
30.9244163557887 0.617708333333333
30.9446424189955 0.576041666666667
30.9648684822023 0.5625
30.9850945454091 0.610416666666667
31.0053206086159 0.607291666666667
31.0255466718227 0.585416666666667
31.0457727350295 0.683333333333333
31.0659987982363 0.689583333333333
31.086224861443 0.664583333333333
31.1064509246498 0.65625
31.1266769878566 0.666666666666667
31.1469030510634 0.755208333333333
31.1671291142702 0.747916666666667
31.187355177477 0.759375
31.2075812406838 0.852083333333333
31.2278073038906 0.855208333333333
31.2480333670974 0.914583333333333
31.2682594303042 0.96875
31.288485493511 1.053125
31.3087115567178 1.07395833333333
31.3289376199245 1.096875
31.3491636831313 1.221875
31.3693897463381 1.42916666666667
31.3896158095449 1.44583333333333
31.4098418727517 1.621875
31.4300679359585 1.8125
31.4502939991653 2.06041666666667
31.4705200623721 2.378125
31.4907461255789 2.784375
31.5109721887857 3.340625
31.5311982519925 4.22083333333333
31.5514243151993 5.278125
31.571650378406 6.88020833333333
31.5918764416128 9.321875
31.6121025048196 13.2083333333333
31.6323285680264 18.8114583333333
31.6525546312332 24.3291666666667
31.67278069444 26.7020833333333
31.6930067576468 23.1625
31.7132328208536 18.9989583333333
31.7334588840604 17.9145833333333
31.7536849472672 15.9135416666667
31.773911010474 12.34375
31.7941370736808 8.42708333333333
31.8143631368876 5.88125
31.8345892000943 4.41770833333333
31.8548152633011 3.59270833333333
31.8750413265079 2.94375
31.8952673897147 2.51875
31.9154934529215 2.14583333333333
31.9357195161283 1.859375
31.9559455793351 1.68645833333333
31.9761716425419 1.44583333333333
31.9963977057487 1.37708333333333
32.0166237689555 1.21979166666667
32.0368498321623 1.13229166666667
32.0570758953691 1.01041666666667
32.0773019585758 0.978125
32.0975280217826 0.907291666666667
32.1177540849894 0.771875
32.1379801481962 0.765625
32.158206211403 0.715625
32.1784322746098 0.65625
32.1986583378166 0.622916666666667
32.2188844010234 0.672916666666667
32.2391104642302 0.635416666666667
32.259336527437 0.605208333333333
32.2795625906438 0.596875
32.2997886538506 0.579166666666667
32.3200147170573 0.573958333333333
32.3402407802641 0.572916666666667
32.3604668434709 0.561458333333333
32.3806929066777 0.571875
32.4009189698845 0.522916666666667
32.4211450330913 0.511458333333333
32.4413710962981 0.51875
32.4615971595049 0.511458333333333
32.4818232227117 0.504166666666667
32.5020492859185 0.515625
32.5222753491253 0.527083333333333
32.5425014123321 0.53125
32.5627274755389 0.480208333333333
32.5829535387456 0.473958333333333
32.6031796019524 0.509375
32.6234056651592 0.473958333333333
32.643631728366 0.519791666666667
32.6638577915728 0.480208333333333
32.6840838547796 0.505208333333333
32.7043099179864 0.490625
32.7245359811932 0.532291666666667
32.7447620444 0.494791666666667
32.7649881076068 0.496875
32.7852141708136 0.477083333333333
32.8054402340204 0.513541666666667
32.8256662972271 0.492708333333333
32.8458923604339 0.491666666666667
32.8661184236407 0.44375
32.8863444868475 0.433333333333333
32.9065705500543 0.457291666666667
32.9267966132611 0.454166666666667
32.9470226764679 0.46875
32.9672487396747 0.428125
32.9874748028815 0.470833333333333
33.0077008660883 0.525
33.0279269292951 0.479166666666667
33.0481529925019 0.528125
33.0683790557086 0.551041666666667
33.0886051189154 0.528125
33.1088311821222 0.477083333333333
33.129057245329 0.445833333333333
33.1492833085358 0.448958333333333
33.1695093717426 0.444791666666667
33.1897354349494 0.457291666666667
33.2099614981562 0.45625
33.230187561363 0.433333333333333
33.2504136245698 0.445833333333333
33.2706396877766 0.439583333333333
33.2908657509834 0.397916666666667
33.3110918141901 0.41875
33.3313178773969 0.419791666666667
33.3515439406037 0.4125
33.3717700038105 0.416666666666667
33.3919960670173 0.416666666666667
33.4122221302241 0.390625
33.4324481934309 0.414583333333333
33.4526742566377 0.404166666666667
33.4729003198445 0.457291666666667
33.4931263830513 0.447916666666667
33.5133524462581 0.413541666666667
33.5335785094649 0.40625
33.5538045726717 0.426041666666667
33.5740306358784 0.415625
33.5942566990852 0.408333333333333
33.614482762292 0.435416666666667
33.6347088254988 0.383333333333333
33.6549348887056 0.409375
33.6751609519124 0.419791666666667
33.6953870151192 0.429166666666667
33.715613078326 0.48125
33.7358391415328 0.447916666666667
33.7560652047396 0.415625
33.7762912679464 0.439583333333333
33.7965173311532 0.430208333333333
33.8167433943599 0.421875
33.8369694575667 0.40625
33.8571955207735 0.440625
33.8774215839803 0.420833333333333
33.8976476471871 0.410416666666667
33.9178737103939 0.426041666666667
33.9380997736007 0.411458333333333
33.9583258368075 0.447916666666667
33.9785519000143 0.394791666666667
33.9987779632211 0.422916666666667
34.0190040264279 0.411458333333333
34.0392300896347 0.385416666666667
34.0594561528414 0.427083333333333
34.0796822160482 0.444791666666667
34.099908279255 0.427083333333333
34.1201343424618 0.380208333333333
34.1403604056686 0.41875
34.1605864688754 0.382291666666667
34.1808125320822 0.380208333333333
34.201038595289 0.397916666666667
34.2212646584958 0.402083333333333
34.2414907217026 0.398958333333333
34.2617167849094 0.391666666666667
34.2819428481162 0.419791666666667
34.302168911323 0.359375
34.3223949745297 0.409375
34.3426210377365 0.405208333333333
34.3628471009433 0.403125
34.3830731641501 0.35625
34.4032992273569 0.403125
34.4235252905637 0.434375
34.4437513537705 0.403125
34.4639774169773 0.403125
34.4842034801841 0.380208333333333
34.5044295433909 0.358333333333333
34.5246556065977 0.3875
34.5448816698045 0.366666666666667
34.5651077330112 0.407291666666667
34.585333796218 0.388541666666667
34.6055598594248 0.401041666666667
34.6257859226316 0.39375
34.6460119858384 0.402083333333333
34.6662380490452 0.413541666666667
34.686464112252 0.345833333333333
34.7066901754588 0.382291666666667
34.7269162386656 0.408333333333333
34.7471423018724 0.384375
34.7673683650792 0.366666666666667
34.787594428286 0.38125
34.8078204914927 0.365625
34.8280465546995 0.383333333333333
34.8482726179063 0.3875
34.8684986811131 0.4
34.8887247443199 0.36875
34.9089508075267 0.416666666666667
34.9291768707335 0.403125
34.9494029339403 0.419791666666667
34.9696289971471 0.351041666666667
34.9898550603539 0.379166666666667
35.0100811235607 0.394791666666667
35.0303071867675 0.396875
35.0505332499743 0.388541666666667
35.070759313181 0.3875
35.0909853763878 0.389583333333333
35.1112114395946 0.357291666666667
35.1314375028014 0.425
35.1516635660082 0.379166666666667
35.171889629215 0.365625
35.1921156924218 0.365625
35.2123417556286 0.38125
35.2325678188354 0.409375
35.2527938820422 0.341666666666667
35.273019945249 0.376041666666667
35.2932460084558 0.359375
35.3134720716625 0.376041666666667
35.3336981348693 0.379166666666667
35.3539241980761 0.398958333333333
35.3741502612829 0.416666666666667
35.3943763244897 0.372916666666667
35.4146023876965 0.366666666666667
35.4348284509033 0.432291666666667
35.4550545141101 0.466666666666667
35.4752805773169 0.44375
35.4955066405237 0.427083333333333
35.5157327037305 0.438541666666667
35.5359587669373 0.465625
35.556184830144 0.479166666666667
35.5764108933508 0.413541666666667
35.5966369565576 0.45
35.6168630197644 0.478125
35.6370890829712 0.488541666666667
35.657315146178 0.452083333333333
35.6775412093848 0.445833333333333
35.6977672725916 0.413541666666667
35.7179933357984 0.438541666666667
35.7382193990052 0.5
35.758445462212 0.435416666666667
35.7786715254188 0.453125
35.7988975886256 0.44375
35.8191236518323 0.451041666666667
35.8393497150391 0.45625
35.8595757782459 0.441666666666667
35.8798018414527 0.422916666666667
35.9000279046595 0.41875
35.9202539678663 0.433333333333333
35.9404800310731 0.492708333333333
35.9607060942799 0.452083333333333
35.9809321574867 0.472916666666667
36.0011582206935 0.44375
36.0213842839003 0.460416666666667
36.0416103471071 0.498958333333333
36.0618364103138 0.489583333333333
36.0820624735206 0.458333333333333
36.1022885367274 0.432291666666667
36.1225145999342 0.479166666666667
36.142740663141 0.513541666666667
36.1629667263478 0.505208333333333
36.1831927895546 0.5375
36.2034188527614 0.480208333333333
36.2236449159682 0.552083333333333
36.243870979175 0.570833333333333
36.2640970423818 0.603125
36.2843231055886 0.627083333333333
36.3045491687953 0.679166666666667
36.3247752320021 0.667708333333333
36.3450012952089 0.759375
36.3652273584157 0.780208333333333
36.3854534216225 0.813541666666667
36.4056794848293 0.845833333333333
36.4259055480361 0.926041666666667
36.4461316112429 0.94375
36.4663576744497 0.9875
36.4865837376565 1.0875
36.5068098008633 1.253125
36.5270358640701 1.39583333333333
36.5472619272769 1.6
36.5674879904836 1.91041666666667
36.5877140536904 2.34270833333333
36.6079401168972 2.83125
36.628166180104 3.578125
36.6483922433108 5.1125
36.6686183065176 7.65625
36.6888443697244 11.91875
36.7090704329312 16.925
36.729296496138 19.378125
36.7495225593448 17.1572916666667
36.7697486225516 13.259375
36.7899746857584 11.6989583333333
36.8102007489651 11.7072916666667
36.8304268121719 11.0270833333333
36.8506528753787 8.41875
36.8708789385855 5.48854166666667
36.8911050017923 3.775
36.9113310649991 2.78854166666667
36.9315571282059 2.16979166666667
36.9517831914127 1.88854166666667
36.9720092546195 1.62395833333333
36.9922353178263 1.346875
37.0124613810331 1.234375
37.0326874442399 1.06354166666667
37.0529135074466 0.951041666666667
37.0731395706534 0.963541666666667
37.0933656338602 0.846875
37.113591697067 0.757291666666667
37.1338177602738 0.685416666666667
37.1540438234806 0.6625
37.1742698866874 0.602083333333333
37.1944959498942 0.605208333333333
37.214722013101 0.559375
37.2349480763078 0.542708333333333
37.2551741395146 0.53125
37.2754002027214 0.460416666666667
37.2956262659281 0.561458333333333
37.3158523291349 0.485416666666667
37.3360783923417 0.488541666666667
37.3563044555485 0.484375
37.3765305187553 0.452083333333333
37.3967565819621 0.45625
37.4169826451689 0.435416666666667
37.4372087083757 0.435416666666667
37.4574347715825 0.442708333333333
37.4776608347893 0.397916666666667
37.4978868979961 0.44375
37.5181129612029 0.376041666666667
37.5383390244097 0.415625
37.5585650876164 0.404166666666667
37.5787911508232 0.425
37.59901721403 0.447916666666667
37.6192432772368 0.395833333333333
37.6394693404436 0.375
37.6596954036504 0.415625
37.6799214668572 0.389583333333333
37.700147530064 0.359375
37.7203735932708 0.391666666666667
37.7405996564776 0.390625
37.7608257196844 0.411458333333333
37.7810517828912 0.409375
37.8012778460979 0.425
37.8215039093047 0.445833333333333
37.8417299725115 0.322916666666667
37.8619560357183 0.397916666666667
37.8821820989251 0.38125
37.9024081621319 0.396875
37.9226342253387 0.413541666666667
37.9428602885455 0.360416666666667
37.9630863517523 0.345833333333333
37.9833124149591 0.403125
38.0035384781659 0.367708333333333
38.0237645413727 0.3625
38.0439906045794 0.36875
38.0642166677862 0.366666666666667
38.084442730993 0.388541666666667
38.1046687941998 0.372916666666667
38.1248948574066 0.376041666666667
38.1451209206134 0.391666666666667
38.1653469838202 0.375
38.185573047027 0.386458333333333
38.2057991102338 0.384375
38.2260251734406 0.39375
38.2462512366474 0.386458333333333
38.2664772998542 0.365625
38.286703363061 0.378125
38.3069294262677 0.360416666666667
38.3271554894745 0.340625
38.3473815526813 0.357291666666667
38.3676076158881 0.352083333333333
38.3878336790949 0.363541666666667
38.4080597423017 0.364583333333333
38.4282858055085 0.40625
38.4485118687153 0.376041666666667
38.4687379319221 0.378125
38.4889639951289 0.359375
38.5091900583357 0.33125
38.5294161215425 0.35
38.5496421847492 0.354166666666667
38.569868247956 0.366666666666667
38.5900943111628 0.351041666666667
38.6103203743696 0.35
38.6305464375764 0.383333333333333
38.6507725007832 0.370833333333333
38.67099856399 0.336458333333333
38.6912246271968 0.361458333333333
38.7114506904036 0.346875
38.7316767536104 0.363541666666667
38.7519028168172 0.357291666666667
38.772128880024 0.335416666666667
38.7923549432307 0.357291666666667
38.8125810064375 0.389583333333333
38.8328070696443 0.340625
38.8530331328511 0.370833333333333
38.8732591960579 0.347916666666667
38.8934852592647 0.346875
38.9137113224715 0.327083333333333
38.9339373856783 0.325
38.9541634488851 0.36875
38.9743895120919 0.339583333333333
38.9946155752987 0.367708333333333
39.0148416385055 0.336458333333333
39.0350677017123 0.352083333333333
39.055293764919 0.354166666666667
39.0755198281258 0.342708333333333
39.0957458913326 0.363541666666667
39.1159719545394 0.323958333333333
39.1361980177462 0.33125
39.156424080953 0.316666666666667
39.1766501441598 0.332291666666667
39.1968762073666 0.334375
39.2171022705734 0.333333333333333
39.2373283337802 0.357291666666667
39.257554396987 0.364583333333333
39.2777804601938 0.3625
39.2980065234005 0.380208333333333
39.3182325866073 0.376041666666667
39.3384586498141 0.353125
39.3586847130209 0.351041666666667
39.3789107762277 0.340625
39.3991368394345 0.328125
39.4193629026413 0.346875
39.4395889658481 0.357291666666667
39.4598150290549 0.336458333333333
39.4800410922617 0.320833333333333
39.5002671554685 0.322916666666667
39.5204932186753 0.370833333333333
39.540719281882 0.35
39.5609453450888 0.358333333333333
39.5811714082956 0.363541666666667
39.6013974715024 0.355208333333333
39.6216235347092 0.341666666666667
39.641849597916 0.339583333333333
39.6620756611228 0.322916666666667
39.6823017243296 0.329166666666667
39.7025277875364 0.344791666666667
39.7227538507432 0.35625
39.74297991395 0.347916666666667
39.7632059771568 0.357291666666667
39.7834320403636 0.330208333333333
39.8036581035703 0.333333333333333
39.8238841667771 0.31875
39.8441102299839 0.34375
39.8643362931907 0.316666666666667
39.8845623563975 0.340625
39.9047884196043 0.319791666666667
39.9250144828111 0.319791666666667
39.9452405460179 0.336458333333333
39.9654666092247 0.354166666666667
39.9856926724315 0.348958333333333
40.0059187356383 0.351041666666667
40.0261447988451 0.365625
40.0463708620518 0.355208333333333
40.0665969252586 0.354166666666667
40.0868229884654 0.341666666666667
40.1070490516722 0.315625
40.127275114879 0.326041666666667
40.1475011780858 0.34375
40.1677272412926 0.382291666666667
40.1879533044994 0.366666666666667
40.2081793677062 0.358333333333333
40.228405430913 0.361458333333333
40.2486314941198 0.375
40.2688575573266 0.382291666666667
40.2890836205333 0.378125
40.3093096837401 0.357291666666667
40.3295357469469 0.364583333333333
40.3497618101537 0.392708333333333
40.3699878733605 0.33125
40.3902139365673 0.370833333333333
40.4104399997741 0.379166666666667
40.4306660629809 0.33125
40.4508921261877 0.351041666666667
40.4711181893945 0.370833333333333
40.4913442526013 0.344791666666667
40.5115703158081 0.330208333333333
40.5317963790149 0.333333333333333
40.5520224422216 0.346875
40.5722485054284 0.332291666666667
40.5924745686352 0.347916666666667
40.612700631842 0.322916666666667
40.6329266950488 0.334375
40.6531527582556 0.290625
40.6733788214624 0.326041666666667
40.6936048846692 0.330208333333333
40.713830947876 0.342708333333333
40.7340570110828 0.314583333333333
40.7542830742896 0.35
40.7745091374964 0.305208333333333
40.7947352007031 0.315625
40.8149612639099 0.311458333333333
40.8351873271167 0.309375
40.8554133903235 0.297916666666667
40.8756394535303 0.353125
40.8958655167371 0.308333333333333
40.9160915799439 0.3375
40.9363176431507 0.357291666666667
40.9565437063575 0.339583333333333
40.9767697695643 0.357291666666667
40.9969958327711 0.297916666666667
41.0172218959779 0.342708333333333
41.0374479591846 0.332291666666667
41.0576740223914 0.333333333333333
41.0779000855982 0.348958333333333
41.098126148805 0.344791666666667
41.1183522120118 0.3375
41.1385782752186 0.314583333333333
41.1588043384254 0.34375
41.1790304016322 0.320833333333333
41.199256464839 0.33125
41.2194825280458 0.313541666666667
41.2397085912526 0.305208333333333
41.2599346544594 0.314583333333333
41.2801607176661 0.314583333333333
41.3003867808729 0.332291666666667
41.3206128440797 0.316666666666667
41.3408389072865 0.298958333333333
41.3610649704933 0.315625
41.3812910337001 0.327083333333333
41.4015170969069 0.353125
41.4217431601137 0.332291666666667
41.4419692233205 0.322916666666667
41.4621952865273 0.332291666666667
41.4824213497341 0.317708333333333
41.5026474129409 0.310416666666667
41.5228734761477 0.314583333333333
41.5430995393544 0.304166666666667
41.5633256025612 0.319791666666667
41.583551665768 0.329166666666667
41.6037777289748 0.347916666666667
41.6240037921816 0.285416666666667
41.6442298553884 0.329166666666667
41.6644559185952 0.310416666666667
41.684681981802 0.366666666666667
41.7049080450088 0.338541666666667
41.7251341082156 0.311458333333333
41.7453601714224 0.342708333333333
41.7655862346292 0.301041666666667
41.7858122978359 0.311458333333333
41.8060383610427 0.322916666666667
41.8262644242495 0.342708333333333
41.8464904874563 0.292708333333333
41.8667165506631 0.298958333333333
41.8869426138699 0.313541666666667
41.9071686770767 0.307291666666667
41.9273947402835 0.321875
41.9476208034903 0.336458333333333
41.9678468666971 0.351041666666667
41.9880729299039 0.338541666666667
42.0082989931107 0.328125
42.0285250563174 0.33125
42.0487511195242 0.346875
42.068977182731 0.338541666666667
42.0892032459378 0.3375
42.1094293091446 0.333333333333333
42.1296553723514 0.290625
42.1498814355582 0.313541666666667
42.170107498765 0.31875
42.1903335619718 0.327083333333333
42.2105596251786 0.339583333333333
42.2307856883854 0.344791666666667
42.2510117515922 0.339583333333333
42.271237814799 0.311458333333333
42.2914638780057 0.336458333333333
42.3116899412125 0.3375
42.3319160044193 0.341666666666667
42.3521420676261 0.31875
42.3723681308329 0.319791666666667
42.3925941940397 0.315625
42.4128202572465 0.310416666666667
42.4330463204533 0.33125
42.4532723836601 0.319791666666667
42.4734984468669 0.341666666666667
42.4937245100737 0.333333333333333
42.5139505732805 0.296875
42.5341766364872 0.285416666666667
42.554402699694 0.311458333333333
42.5746287629008 0.3125
42.5948548261076 0.34375
42.6150808893144 0.311458333333333
42.6353069525212 0.297916666666667
42.655533015728 0.296875
42.6757590789348 0.314583333333333
42.6959851421416 0.326041666666667
42.7162112053484 0.310416666666667
42.7364372685552 0.321875
42.756663331762 0.330208333333333
42.7768893949687 0.29375
42.7971154581755 0.294791666666667
42.8173415213823 0.295833333333333
42.8375675845891 0.340625
42.8577936477959 0.309375
42.8780197110027 0.321875
42.8982457742095 0.3125
42.9184718374163 0.286458333333333
42.9386979006231 0.336458333333333
42.9589239638299 0.33125
42.9791500270367 0.354166666666667
42.9993760902435 0.3125
43.0196021534503 0.334375
43.039828216657 0.313541666666667
43.0600542798638 0.333333333333333
43.0802803430706 0.323958333333333
43.1005064062774 0.297916666666667
43.1207324694842 0.298958333333333
43.140958532691 0.332291666666667
43.1611845958978 0.339583333333333
43.1814106591046 0.319791666666667
43.2016367223114 0.307291666666667
43.2218627855182 0.335416666666667
43.242088848725 0.339583333333333
43.2623149119318 0.304166666666667
43.2825409751385 0.291666666666667
43.3027670383453 0.334375
43.3229931015521 0.341666666666667
43.3432191647589 0.313541666666667
43.3634452279657 0.313541666666667
43.3836712911725 0.317708333333333
43.4038973543793 0.30625
43.4241234175861 0.328125
43.4443494807929 0.309375
43.4645755439997 0.316666666666667
43.4848016072065 0.308333333333333
43.5050276704133 0.338541666666667
43.52525373362 0.335416666666667
43.5454797968268 0.317708333333333
43.5657058600336 0.297916666666667
43.5859319232404 0.292708333333333
43.6061579864472 0.297916666666667
43.626384049654 0.313541666666667
43.6466101128608 0.346875
43.6668361760676 0.329166666666667
43.6870622392744 0.336458333333333
43.7072883024812 0.333333333333333
43.727514365688 0.304166666666667
43.7477404288948 0.316666666666667
43.7679664921016 0.319791666666667
43.7881925553083 0.3
43.8084186185151 0.322916666666667
43.8286446817219 0.3125
43.8488707449287 0.309375
43.8690968081355 0.327083333333333
43.8893228713423 0.332291666666667
43.9095489345491 0.328125
43.9297749977559 0.3
43.9500010609627 0.334375
43.9702271241695 0.344791666666667
43.9904531873763 0.301041666666667
44.0106792505831 0.329166666666667
44.0309053137898 0.313541666666667
44.0511313769966 0.310416666666667
44.0713574402034 0.29375
44.0915835034102 0.307291666666667
44.111809566617 0.311458333333333
44.1320356298238 0.283333333333333
44.1522616930306 0.297916666666667
44.1724877562374 0.310416666666667
44.1927138194442 0.310416666666667
44.212939882651 0.330208333333333
44.2331659458578 0.298958333333333
44.2533920090646 0.277083333333333
44.2736180722713 0.317708333333333
44.2938441354781 0.304166666666667
44.3140701986849 0.316666666666667
44.3342962618917 0.272916666666667
44.3545223250985 0.283333333333333
44.3747483883053 0.284375
44.3949744515121 0.2875
44.4152005147189 0.328125
44.4354265779257 0.294791666666667
44.4556526411325 0.28125
44.4758787043393 0.298958333333333
44.4961047675461 0.315625
44.5163308307529 0.305208333333333
44.5365568939596 0.296875
44.5567829571664 0.286458333333333
44.5770090203732 0.340625
44.59723508358 0.292708333333333
44.6174611467868 0.313541666666667
44.6376872099936 0.273958333333333
44.6579132732004 0.303125
44.6781393364072 0.296875
44.698365399614 0.279166666666667
44.7185914628208 0.310416666666667
44.7388175260276 0.307291666666667
44.7590435892344 0.288541666666667
44.7792696524411 0.288541666666667
44.7994957156479 0.284375
44.8197217788547 0.286458333333333
44.8399478420615 0.280208333333333
44.8601739052683 0.353125
44.8803999684751 0.303125
44.9006260316819 0.3125
44.9208520948887 0.280208333333333
44.9410781580955 0.321875
44.9613042213023 0.30625
44.9815302845091 0.316666666666667
45.0017563477159 0.295833333333333
45.0219824109226 0.282291666666667
45.0422084741294 0.282291666666667
45.0624345373362 0.272916666666667
45.082660600543 0.339583333333333
45.1028866637498 0.298958333333333
45.1231127269566 0.320833333333333
45.1433387901634 0.284375
45.1635648533702 0.304166666666667
45.183790916577 0.310416666666667
45.2040169797838 0.3
45.2242430429906 0.301041666666667
45.2444691061974 0.305208333333333
45.2646951694041 0.30625
45.2849212326109 0.329166666666667
45.3051472958177 0.295833333333333
45.3253733590245 0.298958333333333
45.3455994222313 0.373958333333333
45.3658254854381 0.322916666666667
45.3860515486449 0.315625
45.4062776118517 0.31875
45.4265036750585 0.286458333333333
45.4467297382653 0.309375
45.4669558014721 0.307291666666667
45.4871818646789 0.326041666666667
45.5074079278857 0.294791666666667
45.5276339910924 0.309375
45.5478600542992 0.311458333333333
45.568086117506 0.333333333333333
45.5883121807128 0.308333333333333
45.6085382439196 0.29375
45.6287643071264 0.311458333333333
45.6489903703332 0.328125
45.66921643354 0.284375
45.6894424967468 0.311458333333333
45.7096685599536 0.265625
45.7298946231604 0.296875
45.7501206863672 0.304166666666667
45.7703467495739 0.319791666666667
45.7905728127807 0.330208333333333
45.8107988759875 0.322916666666667
45.8310249391943 0.309375
45.8512510024011 0.313541666666667
45.8714770656079 0.288541666666667
45.8917031288147 0.30625
45.9119291920215 0.294791666666667
45.9321552552283 0.284375
45.9523813184351 0.31875
45.9726073816419 0.305208333333333
45.9928334448487 0.298958333333333
46.0130595080554 0.304166666666667
46.0332855712622 0.294791666666667
46.053511634469 0.31875
46.0737376976758 0.319791666666667
46.0939637608826 0.277083333333333
46.1141898240894 0.298958333333333
46.1344158872962 0.276041666666667
46.154641950503 0.330208333333333
46.1748680137098 0.307291666666667
46.1950940769166 0.258333333333333
46.2153201401234 0.31875
46.2355462033302 0.292708333333333
46.255772266537 0.283333333333333
46.2759983297437 0.341666666666667
46.2962243929505 0.298958333333333
46.3164504561573 0.313541666666667
46.3366765193641 0.302083333333333
46.3569025825709 0.325
46.3771286457777 0.316666666666667
46.3973547089845 0.307291666666667
46.4175807721913 0.310416666666667
46.4378068353981 0.330208333333333
46.4580328986049 0.304166666666667
46.4782589618117 0.286458333333333
46.4984850250185 0.283333333333333
46.5187110882252 0.307291666666667
46.538937151432 0.311458333333333
46.5591632146388 0.304166666666667
46.5793892778456 0.269791666666667
46.5996153410524 0.275
46.6198414042592 0.3
46.640067467466 0.314583333333333
46.6602935306728 0.34375
46.6805195938796 0.335416666666667
46.7007456570864 0.322916666666667
46.7209717202932 0.289583333333333
46.7411977835 0.328125
46.7614238467067 0.304166666666667
46.7816499099135 0.335416666666667
46.8018759731203 0.319791666666667
46.8221020363271 0.314583333333333
46.8423280995339 0.325
46.8625541627407 0.320833333333333
46.8827802259475 0.335416666666667
46.9030062891543 0.34375
46.9232323523611 0.340625
46.9434584155679 0.342708333333333
46.9636844787747 0.31875
46.9839105419815 0.353125
47.0041366051883 0.34375
47.024362668395 0.308333333333333
47.0445887316018 0.329166666666667
47.0648147948086 0.290625
47.0850408580154 0.333333333333333
47.1052669212222 0.33125
47.125492984429 0.330208333333333
47.1457190476358 0.354166666666667
47.1659451108426 0.360416666666667
47.1861711740494 0.355208333333333
47.2063972372562 0.316666666666667
47.226623300463 0.292708333333333
47.2468493636698 0.338541666666667
47.2670754268765 0.321875
47.2873014900833 0.314583333333333
47.3075275532901 0.308333333333333
47.3277536164969 0.3
47.3479796797037 0.330208333333333
47.3682057429105 0.315625
47.3884318061173 0.348958333333333
47.4086578693241 0.357291666666667
47.4288839325309 0.325
47.4491099957377 0.329166666666667
47.4693360589445 0.382291666666667
47.4895621221513 0.386458333333333
47.509788185358 0.354166666666667
47.5300142485648 0.342708333333333
47.5502403117716 0.365625
47.5704663749784 0.297916666666667
47.5906924381852 0.332291666666667
47.610918501392 0.323958333333333
47.6311445645988 0.341666666666667
47.6513706278056 0.329166666666667
47.6715966910124 0.353125
47.6918227542192 0.322916666666667
47.712048817426 0.333333333333333
47.7322748806328 0.313541666666667
47.7525009438396 0.307291666666667
47.7727270070463 0.329166666666667
47.7929530702531 0.317708333333333
47.8131791334599 0.326041666666667
47.8334051966667 0.326041666666667
47.8536312598735 0.29375
47.8738573230803 0.294791666666667
47.8940833862871 0.315625
47.9143094494939 0.327083333333333
47.9345355127007 0.298958333333333
47.9547615759075 0.3375
47.9749876391143 0.316666666666667
47.9952137023211 0.302083333333333
48.0154397655278 0.315625
48.0356658287346 0.334375
48.0558918919414 0.326041666666667
48.0761179551482 0.31875
48.096344018355 0.326041666666667
48.1165700815618 0.329166666666667
48.1367961447686 0.307291666666667
48.1570222079754 0.347916666666667
48.1772482711822 0.302083333333333
48.197474334389 0.282291666666667
48.2177003975958 0.277083333333333
48.2379264608026 0.298958333333333
48.2581525240093 0.292708333333333
48.2783785872161 0.3125
48.2986046504229 0.315625
48.3188307136297 0.325
48.3390567768365 0.31875
48.3592828400433 0.298958333333333
48.3795089032501 0.284375
48.3997349664569 0.315625
48.4199610296637 0.329166666666667
48.4401870928705 0.316666666666667
48.4604131560773 0.30625
48.4806392192841 0.319791666666667
48.5008652824908 0.315625
48.5210913456976 0.329166666666667
48.5413174089044 0.308333333333333
48.5615434721112 0.301041666666667
48.581769535318 0.284375
48.6019955985248 0.304166666666667
48.6222216617316 0.325
48.6424477249384 0.322916666666667
48.6626737881452 0.309375
48.682899851352 0.320833333333333
48.7031259145588 0.314583333333333
48.7233519777656 0.342708333333333
48.7435780409724 0.285416666666667
48.7638041041791 0.3125
48.7840301673859 0.298958333333333
48.8042562305927 0.295833333333333
48.8244822937995 0.284375
48.8447083570063 0.345833333333333
48.8649344202131 0.286458333333333
48.8851604834199 0.326041666666667
48.9053865466267 0.313541666666667
48.9256126098335 0.341666666666667
48.9458386730403 0.311458333333333
48.9660647362471 0.328125
48.9862907994539 0.328125
49.0065168626606 0.327083333333333
49.0267429258674 0.26875
49.0469689890742 0.304166666666667
49.067195052281 0.297916666666667
49.0874211154878 0.284375
49.1076471786946 0.301041666666667
49.1278732419014 0.314583333333333
49.1480993051082 0.30625
49.168325368315 0.31875
49.1885514315218 0.264583333333333
49.2087774947286 0.313541666666667
49.2290035579354 0.311458333333333
49.2492296211421 0.276041666666667
49.2694556843489 0.282291666666667
49.2896817475557 0.260416666666667
49.3099078107625 0.317708333333333
49.3301338739693 0.335416666666667
49.3503599371761 0.302083333333333
49.3705860003829 0.272916666666667
49.3908120635897 0.294791666666667
49.4110381267965 0.29375
49.4312641900033 0.323958333333333
49.4514902532101 0.316666666666667
49.4717163164169 0.282291666666667
49.4919423796237 0.296875
49.5121684428304 0.2875
49.5323945060372 0.290625
49.552620569244 0.323958333333333
49.5728466324508 0.3
49.5930726956576 0.319791666666667
49.6132987588644 0.307291666666667
49.6335248220712 0.30625
49.653750885278 0.333333333333333
49.6739769484848 0.286458333333333
49.6942030116916 0.325
49.7144290748984 0.286458333333333
49.7346551381052 0.332291666666667
49.7548812013119 0.2875
49.7751072645187 0.329166666666667
49.7953333277255 0.303125
49.8155593909323 0.295833333333333
49.8357854541391 0.322916666666667
49.8560115173459 0.319791666666667
49.8762375805527 0.294791666666667
49.8964636437595 0.308333333333333
49.9166897069663 0.325
49.9369157701731 0.326041666666667
49.9571418333799 0.290625
49.9773678965867 0.286458333333333
49.9975939597934 0.289583333333333
50.0178200230002 0.327083333333333
50.038046086207 0.254166666666667
50.0582721494138 0.305208333333333
50.0784982126206 0.28125
50.0987242758274 0.291666666666667
50.1189503390342 0.291666666666667
50.139176402241 0.291666666666667
50.1594024654478 0.305208333333333
50.1796285286546 0.3
50.1998545918614 0.303125
50.2200806550682 0.289583333333333
50.240306718275 0.279166666666667
50.2605327814817 0.302083333333333
50.2807588446885 0.290625
50.3009849078953 0.328125
50.3212109711021 0.327083333333333
50.3414370343089 0.295833333333333
50.3616630975157 0.269791666666667
50.3818891607225 0.297916666666667
50.4021152239293 0.29375
50.4223412871361 0.321875
50.4425673503429 0.327083333333333
50.4627934135497 0.296875
50.4830194767565 0.309375
50.5032455399632 0.305208333333333
50.52347160317 0.310416666666667
50.5436976663768 0.308333333333333
50.5639237295836 0.302083333333333
50.5841497927904 0.289583333333333
50.6043758559972 0.272916666666667
50.624601919204 0.310416666666667
50.6448279824108 0.291666666666667
50.6650540456176 0.317708333333333
50.6852801088244 0.321875
50.7055061720312 0.319791666666667
50.725732235238 0.30625
50.7459582984447 0.291666666666667
50.7661843616515 0.292708333333333
50.7864104248583 0.284375
50.8066364880651 0.3125
50.8268625512719 0.29375
50.8470886144787 0.291666666666667
50.8673146776855 0.303125
50.8875407408923 0.302083333333333
50.9077668040991 0.321875
50.9279928673059 0.305208333333333
50.9482189305127 0.307291666666667
50.9684449937195 0.313541666666667
50.9886710569263 0.292708333333333
51.008897120133 0.327083333333333
51.0291231833398 0.325
51.0493492465466 0.341666666666667
51.0695753097534 0.346875
51.0898013729602 0.322916666666667
51.110027436167 0.313541666666667
51.1302534993738 0.319791666666667
51.1504795625806 0.335416666666667
51.1707056257874 0.336458333333333
51.1909316889942 0.3375
51.211157752201 0.332291666666667
51.2313838154078 0.344791666666667
51.2516098786145 0.332291666666667
51.2718359418213 0.347916666666667
51.2920620050281 0.33125
51.3122880682349 0.333333333333333
51.3325141314417 0.316666666666667
51.3527401946485 0.317708333333333
51.3729662578553 0.320833333333333
51.3931923210621 0.321875
51.4134183842689 0.327083333333333
51.4336444474757 0.338541666666667
51.4538705106825 0.313541666666667
51.4740965738893 0.310416666666667
51.494322637096 0.31875
51.5145487003028 0.309375
51.5347747635096 0.326041666666667
51.5550008267164 0.380208333333333
51.5752268899232 0.315625
51.59545295313 0.325
51.6156790163368 0.3375
51.6359050795436 0.345833333333333
51.6561311427504 0.3625
51.6763572059572 0.365625
51.696583269164 0.328125
51.7168093323708 0.304166666666667
51.7370353955776 0.342708333333333
51.7572614587843 0.334375
51.7774875219911 0.307291666666667
51.7977135851979 0.329166666666667
51.8179396484047 0.3625
51.8381657116115 0.35
51.8583917748183 0.321875
51.8786178380251 0.345833333333333
51.8988439012319 0.35
51.9190699644387 0.329166666666667
51.9392960276455 0.352083333333333
51.9595220908523 0.36875
51.9797481540591 0.338541666666667
51.9999742172658 0.365625
52.0202002804726 0.364583333333333
52.0404263436794 0.3625
52.0606524068862 0.345833333333333
52.080878470093 0.355208333333333
52.1011045332998 0.370833333333333
52.1213305965066 0.396875
52.1415566597134 0.364583333333333
52.1617827229202 0.39375
52.182008786127 0.396875
52.2022348493338 0.396875
52.2224609125406 0.378125
52.2426869757473 0.425
52.2629130389541 0.404166666666667
52.2831391021609 0.414583333333333
52.3033651653677 0.433333333333333
52.3235912285745 0.442708333333333
52.3438172917813 0.483333333333333
52.3640433549881 0.482291666666667
52.3842694181949 0.482291666666667
52.4044954814017 0.496875
52.4247215446085 0.541666666666667
52.4449476078153 0.547916666666667
52.4651736710221 0.579166666666667
52.4853997342288 0.592708333333333
52.5056257974356 0.6125
52.5258518606424 0.686458333333333
52.5460779238492 0.704166666666667
52.566303987056 0.754166666666667
52.5865300502628 0.8375
52.6067561134696 0.867708333333333
52.6269821766764 0.922916666666667
52.6472082398832 1.03958333333333
52.66743430309 1.20833333333333
52.6876603662968 1.31666666666667
52.7078864295036 1.37083333333333
52.7281124927104 1.60416666666667
52.7483385559171 1.86145833333333
52.7685646191239 2.15
52.7887906823307 2.41458333333333
52.8090167455375 3.025
52.8292428087443 3.61041666666667
52.8494688719511 4.54583333333333
52.8696949351579 5.821875
52.8899209983647 7.38020833333333
52.9101470615715 8.60729166666667
52.9303731247783 8.86041666666667
52.9505991879851 7.72395833333333
52.9708252511919 6.396875
52.9910513143986 5.55
53.0112773776054 5.33125
53.0315034408122 5.43958333333333
53.051729504019 5.640625
53.0719555672258 5.290625
53.0921816304326 4.52708333333333
53.1124076936394 3.56666666666667
53.1326337568462 2.878125
53.152859820053 2.23229166666667
53.1730858832598 1.88854166666667
53.1933119464666 1.6625
53.2135380096734 1.55208333333333
53.2337640728801 1.25
53.2539901360869 1.20208333333333
53.2742161992937 0.977083333333333
53.2944422625005 0.915625
53.3146683257073 0.858333333333333
53.3348943889141 0.786458333333333
53.3551204521209 0.740625
53.3753465153277 0.672916666666667
53.3955725785345 0.664583333333333
53.4157986417413 0.620833333333333
53.4360247049481 0.559375
53.4562507681549 0.569791666666667
53.4764768313617 0.50625
53.4967028945684 0.490625
53.5169289577752 0.476041666666667
53.537155020982 0.469791666666667
53.5573810841888 0.455208333333333
53.5776071473956 0.461458333333333
53.5978332106024 0.41875
53.6180592738092 0.438541666666667
53.638285337016 0.3875
53.6585114002228 0.397916666666667
53.6787374634296 0.3875
53.6989635266364 0.364583333333333
53.7191895898432 0.409375
53.7394156530499 0.39375
53.7596417162567 0.351041666666667
53.7798677794635 0.3875
53.8000938426703 0.365625
53.8203199058771 0.353125
53.8405459690839 0.379166666666667
53.8607720322907 0.366666666666667
53.8809980954975 0.355208333333333
53.9012241587043 0.358333333333333
53.9214502219111 0.369791666666667
53.9416762851179 0.345833333333333
53.9619023483247 0.392708333333333
53.9821284115314 0.33125
54.0023544747382 0.327083333333333
54.022580537945 0.345833333333333
54.0428066011518 0.329166666666667
54.0630326643586 0.346875
54.0832587275654 0.361458333333333
54.1034847907722 0.371875
54.123710853979 0.326041666666667
54.1439369171858 0.332291666666667
54.1641629803926 0.313541666666667
54.1843890435994 0.3125
54.2046151068062 0.352083333333333
54.224841170013 0.347916666666667
54.2450672332197 0.317708333333333
54.2652932964265 0.315625
54.2855193596333 0.320833333333333
54.3057454228401 0.321875
54.3259714860469 0.329166666666667
54.3461975492537 0.327083333333333
54.3664236124605 0.301041666666667
54.3866496756673 0.341666666666667
54.4068757388741 0.307291666666667
54.4271018020809 0.320833333333333
54.4473278652877 0.336458333333333
54.4675539284945 0.328125
54.4877799917012 0.348958333333333
54.508006054908 0.329166666666667
54.5282321181148 0.301041666666667
54.5484581813216 0.307291666666667
54.5686842445284 0.323958333333333
54.5889103077352 0.317708333333333
54.609136370942 0.304166666666667
54.6293624341488 0.294791666666667
54.6495884973556 0.307291666666667
54.6698145605624 0.3125
54.6900406237692 0.325
54.710266686976 0.315625
54.7304927501827 0.332291666666667
54.7507188133895 0.311458333333333
54.7709448765963 0.290625
54.7911709398031 0.336458333333333
54.8113970030099 0.297916666666667
54.8316230662167 0.31875
54.8518491294235 0.315625
54.8720751926303 0.327083333333333
54.8923012558371 0.305208333333333
54.9125273190439 0.310416666666667
54.9327533822507 0.319791666666667
54.9529794454575 0.289583333333333
54.9732055086643 0.309375
54.993431571871 0.294791666666667
55.0136576350778 0.313541666666667
55.0338836982846 0.329166666666667
55.0541097614914 0.295833333333333
55.0743358246982 0.296875
55.094561887905 0.298958333333333
55.1147879511118 0.294791666666667
55.1350140143186 0.34375
55.1552400775254 0.303125
55.1754661407322 0.315625
55.195692203939 0.30625
55.2159182671458 0.295833333333333
55.2361443303525 0.304166666666667
55.2563703935593 0.305208333333333
55.2765964567661 0.325
55.2968225199729 0.29375
55.3170485831797 0.31875
55.3372746463865 0.328125
55.3575007095933 0.275
55.3777267728001 0.303125
55.3979528360069 0.288541666666667
55.4181788992137 0.303125
55.4384049624205 0.3125
55.4586310256273 0.328125
55.478857088834 0.288541666666667
55.4990831520408 0.31875
55.5193092152476 0.309375
55.5395352784544 0.320833333333333
55.5597613416612 0.332291666666667
55.579987404868 0.294791666666667
55.6002134680748 0.305208333333333
55.6204395312816 0.320833333333333
55.6406655944884 0.321875
55.6608916576952 0.305208333333333
55.681117720902 0.28125
55.7013437841088 0.298958333333333
55.7215698473156 0.286458333333333
55.7417959105223 0.314583333333333
55.7620219737291 0.358333333333333
55.7822480369359 0.2875
55.8024741001427 0.328125
55.8227001633495 0.296875
55.8429262265563 0.288541666666667
55.8631522897631 0.305208333333333
55.8833783529699 0.317708333333333
55.9036044161767 0.308333333333333
55.9238304793835 0.291666666666667
55.9440565425903 0.296875
55.9642826057971 0.33125
55.9845086690038 0.284375
56.0047347322106 0.328125
56.0249607954174 0.305208333333333
56.0451868586242 0.296875
56.065412921831 0.279166666666667
56.0856389850378 0.311458333333333
56.1058650482446 0.310416666666667
56.1260911114514 0.320833333333333
56.1463171746582 0.313541666666667
56.166543237865 0.330208333333333
56.1867693010718 0.326041666666667
56.2069953642786 0.363541666666667
56.2272214274853 0.320833333333333
56.2474474906921 0.315625
56.2676735538989 0.333333333333333
56.2878996171057 0.316666666666667
56.3081256803125 0.3125
56.3283517435193 0.325
56.3485778067261 0.348958333333333
56.3688038699329 0.317708333333333
56.3890299331397 0.322916666666667
56.4092559963465 0.321875
56.4294820595533 0.328125
56.4497081227601 0.3125
56.4699341859668 0.3125
56.4901602491736 0.309375
56.5103863123804 0.321875
56.5306123755872 0.320833333333333
56.550838438794 0.304166666666667
56.5710645020008 0.30625
56.5912905652076 0.26875
56.6115166284144 0.30625
56.6317426916212 0.319791666666667
56.651968754828 0.346875
56.6721948180348 0.333333333333333
56.6924208812416 0.321875
56.7126469444484 0.30625
56.7328730076551 0.314583333333333
56.7530990708619 0.316666666666667
56.7733251340687 0.311458333333333
56.7935511972755 0.302083333333333
56.8137772604823 0.311458333333333
56.8340033236891 0.304166666666667
56.8542293868959 0.282291666666667
56.8744554501027 0.31875
56.8946815133095 0.3
56.9149075765163 0.308333333333333
56.9351336397231 0.292708333333333
56.9553597029299 0.310416666666667
56.9755857661366 0.29375
56.9958118293434 0.329166666666667
57.0160378925502 0.3125
57.036263955757 0.319791666666667
57.0564900189638 0.330208333333333
57.0767160821706 0.321875
57.0969421453774 0.35
57.1171682085842 0.31875
57.137394271791 0.321875
57.1576203349978 0.296875
57.1778463982046 0.294791666666667
57.1980724614114 0.311458333333333
57.2182985246181 0.317708333333333
57.2385245878249 0.308333333333333
57.2587506510317 0.340625
57.2789767142385 0.323958333333333
57.2992027774453 0.315625
57.3194288406521 0.327083333333333
57.3396549038589 0.311458333333333
57.3598809670657 0.327083333333333
57.3801070302725 0.316666666666667
57.4003330934793 0.3
57.4205591566861 0.29375
57.4407852198929 0.302083333333333
57.4610112830997 0.315625
57.4812373463064 0.30625
57.5014634095132 0.325
57.52168947272 0.314583333333333
57.5419155359268 0.338541666666667
57.5621415991336 0.344791666666667
57.5823676623404 0.285416666666667
57.6025937255472 0.329166666666667
57.622819788754 0.313541666666667
57.6430458519608 0.284375
57.6632719151676 0.317708333333333
57.6834979783744 0.282291666666667
57.7037240415812 0.3
57.7239501047879 0.289583333333333
57.7441761679947 0.290625
57.7644022312015 0.322916666666667
57.7846282944083 0.317708333333333
57.8048543576151 0.3125
57.8250804208219 0.296875
57.8453064840287 0.311458333333333
57.8655325472355 0.332291666666667
57.8857586104423 0.304166666666667
57.9059846736491 0.311458333333333
57.9262107368559 0.2875
57.9464368000627 0.301041666666667
57.9666628632694 0.308333333333333
57.9868889264762 0.323958333333333
58.007114989683 0.278125
58.0273410528898 0.2875
58.0475671160966 0.294791666666667
58.0677931793034 0.322916666666667
58.0880192425102 0.295833333333333
58.108245305717 0.303125
58.1284713689238 0.313541666666667
58.1486974321306 0.314583333333333
58.1689234953374 0.308333333333333
58.1891495585442 0.292708333333333
58.209375621751 0.333333333333333
58.2296016849577 0.263541666666667
58.2498277481645 0.310416666666667
58.2700538113713 0.29375
58.2902798745781 0.304166666666667
58.3105059377849 0.323958333333333
58.3307320009917 0.303125
58.3509580641985 0.29375
58.3711841274053 0.3125
58.3914101906121 0.291666666666667
58.4116362538189 0.301041666666667
58.4318623170257 0.2875
58.4520883802325 0.292708333333333
58.4723144434392 0.28125
58.492540506646 0.297916666666667
58.5127665698528 0.314583333333333
58.5329926330596 0.314583333333333
58.5532186962664 0.289583333333333
58.5734447594732 0.319791666666667
58.59367082268 0.321875
58.6138968858868 0.290625
58.6341229490936 0.314583333333333
58.6543490123004 0.314583333333333
58.6745750755072 0.291666666666667
58.694801138714 0.304166666666667
58.7150272019207 0.279166666666667
58.7352532651275 0.316666666666667
58.7554793283343 0.316666666666667
58.7757053915411 0.311458333333333
58.7959314547479 0.311458333333333
58.8161575179547 0.302083333333333
58.8363835811615 0.31875
58.8566096443683 0.288541666666667
58.8768357075751 0.3
58.8970617707819 0.289583333333333
58.9172878339887 0.3
58.9375138971955 0.355208333333333
58.9577399604023 0.310416666666667
58.977966023609 0.310416666666667
58.9981920868158 0.291666666666667
59.0184181500226 0.330208333333333
59.0386442132294 0.29375
59.0588702764362 0.339583333333333
59.079096339643 0.322916666666667
59.0993224028498 0.33125
59.1195484660566 0.3
59.1397745292634 0.314583333333333
59.1600005924702 0.2875
59.180226655677 0.310416666666667
59.2004527188838 0.30625
59.2206787820905 0.286458333333333
59.2409048452973 0.29375
59.2611309085041 0.296875
59.2813569717109 0.291666666666667
59.3015830349177 0.330208333333333
59.3218090981245 0.3
59.3420351613313 0.341666666666667
59.3622612245381 0.276041666666667
59.3824872877449 0.301041666666667
59.4027133509517 0.289583333333333
59.4229394141585 0.266666666666667
59.4431654773653 0.303125
59.463391540572 0.28125
59.4836176037788 0.334375
59.5038436669856 0.292708333333333
59.5240697301924 0.28125
59.5442957933992 0.307291666666667
59.564521856606 0.339583333333333
59.5847479198128 0.283333333333333
59.6049739830196 0.315625
59.6252000462264 0.304166666666667
59.6454261094332 0.328125
59.66565217264 0.309375
59.6858782358468 0.284375
59.7061042990536 0.29375
59.7263303622603 0.344791666666667
59.7465564254671 0.322916666666667
59.7667824886739 0.294791666666667
59.7870085518807 0.329166666666667
59.8072346150875 0.328125
59.8274606782943 0.283333333333333
59.8476867415011 0.333333333333333
59.8679128047079 0.288541666666667
59.8881388679147 0.294791666666667
59.9083649311215 0.2875
59.9285909943283 0.330208333333333
59.9488170575351 0.310416666666667
59.9690431207418 0.308333333333333
59.9892691839486 0.313541666666667
60.0094952471554 0.327083333333333
60.0297213103622 0.310416666666667
60.049947373569 0.325
60.0701734367758 0.315625
60.0903994999826 0.33125
60.1106255631894 0.333333333333333
60.1308516263962 0.3375
60.151077689603 0.327083333333333
60.1713037528098 0.335416666666667
60.1915298160166 0.322916666666667
60.2117558792233 0.323958333333333
60.2319819424301 0.285416666666667
60.2522080056369 0.308333333333333
60.2724340688437 0.314583333333333
60.2926601320505 0.334375
60.3128861952573 0.341666666666667
60.3331122584641 0.315625
60.3533383216709 0.332291666666667
60.3735643848777 0.322916666666667
60.3937904480845 0.344791666666667
60.4140165112913 0.341666666666667
60.4342425744981 0.316666666666667
60.4544686377048 0.314583333333333
60.4746947009116 0.297916666666667
60.4949207641184 0.310416666666667
60.5151468273252 0.328125
60.535372890532 0.329166666666667
60.5555989537388 0.333333333333333
60.5758250169456 0.346875
60.5960510801524 0.3375
60.6162771433592 0.351041666666667
60.636503206566 0.328125
60.6567292697728 0.375
60.6769553329796 0.366666666666667
60.6971813961864 0.344791666666667
60.7174074593931 0.348958333333333
60.7376335225999 0.3375
60.7578595858067 0.352083333333333
60.7780856490135 0.34375
60.7983117122203 0.354166666666667
60.8185377754271 0.341666666666667
60.8387638386339 0.366666666666667
60.8589899018407 0.348958333333333
60.8792159650475 0.380208333333333
60.8994420282543 0.352083333333333
60.9196680914611 0.338541666666667
60.9398941546679 0.341666666666667
60.9601202178746 0.351041666666667
60.9803462810814 0.351041666666667
61.0005723442882 0.36875
61.020798407495 0.3625
61.0410244707018 0.339583333333333
61.0612505339086 0.364583333333333
61.0814765971154 0.333333333333333
61.1017026603222 0.367708333333333
61.121928723529 0.365625
61.1421547867358 0.359375
61.1623808499426 0.378125
61.1826069131494 0.370833333333333
61.2028329763561 0.36875
61.2230590395629 0.373958333333333
61.2432851027697 0.378125
61.2635111659765 0.357291666666667
61.2837372291833 0.355208333333333
61.3039632923901 0.366666666666667
61.3241893555969 0.392708333333333
61.3444154188037 0.367708333333333
61.3646414820105 0.386458333333333
61.3848675452173 0.3375
61.4050936084241 0.351041666666667
61.4253196716309 0.355208333333333
61.4455457348377 0.355208333333333
61.4657717980444 0.378125
61.4859978612512 0.384375
61.506223924458 0.375
61.5264499876648 0.359375
61.5466760508716 0.355208333333333
61.5669021140784 0.370833333333333
61.5871281772852 0.355208333333333
61.607354240492 0.366666666666667
61.6275803036988 0.36875
61.6478063669056 0.344791666666667
61.6680324301124 0.372916666666667
61.6882584933192 0.357291666666667
61.7084845565259 0.375
61.7287106197327 0.363541666666667
61.7489366829395 0.360416666666667
61.7691627461463 0.36875
61.7893888093531 0.3625
61.8096148725599 0.375
61.8298409357667 0.38125
61.8500669989735 0.402083333333333
61.8702930621803 0.377083333333333
61.8905191253871 0.407291666666667
61.9107451885939 0.419791666666667
61.9309712518007 0.409375
61.9511973150074 0.391666666666667
61.9714233782142 0.405208333333333
61.991649441421 0.391666666666667
62.0118755046278 0.384375
62.0321015678346 0.396875
62.0523276310414 0.45
62.0725536942482 0.407291666666667
62.092779757455 0.414583333333333
62.1130058206618 0.427083333333333
62.1332318838686 0.441666666666667
62.1534579470754 0.427083333333333
62.1736840102822 0.436458333333333
62.193910073489 0.469791666666667
62.2141361366957 0.402083333333333
62.2343621999025 0.451041666666667
62.2545882631093 0.432291666666667
62.2748143263161 0.457291666666667
62.2950403895229 0.472916666666667
62.3152664527297 0.467708333333333
62.3354925159365 0.498958333333333
62.3557185791433 0.478125
62.3759446423501 0.491666666666667
62.3961707055569 0.525
62.4163967687637 0.50625
62.4366228319705 0.486458333333333
62.4568488951772 0.563541666666667
62.477074958384 0.575
62.4973010215908 0.571875
62.5175270847976 0.603125
62.5377531480044 0.635416666666667
62.5579792112112 0.642708333333333
62.578205274418 0.727083333333333
62.5984313376248 0.719791666666667
62.6186574008316 0.789583333333333
62.6388834640384 0.879166666666667
62.6591095272452 0.911458333333333
62.679335590452 0.901041666666667
62.6995616536587 0.979166666666667
62.7197877168655 1.046875
62.7400137800723 1.12604166666667
62.7602398432791 1.24166666666667
62.7804659064859 1.33958333333333
62.8006919696927 1.534375
62.8209180328995 1.69791666666667
62.8411440961063 1.92395833333333
62.8613701593131 2.22916666666667
62.8815962225199 2.61979166666667
62.9018222857267 3.153125
62.9220483489335 3.975
62.9422744121403 4.965625
62.962500475347 6.39166666666667
62.9827265385538 7.86666666666667
63.0029526017606 8.340625
63.0231786649674 7.40729166666667
63.0434047281742 6.06875
63.063630791381 4.85625
63.0838568545878 4.33333333333333
63.1040829177946 4.20416666666667
63.1243089810014 4.42395833333333
63.1445350442082 4.65416666666667
63.164761107415 4.971875
63.1849871706218 4.91875
63.2052132338285 4.06875
63.2254392970353 3.30729166666667
63.2456653602421 2.55416666666667
63.2658914234489 2.128125
63.2861174866557 1.89375
63.3063435498625 1.59479166666667
63.3265696130693 1.371875
63.3467956762761 1.240625
63.3670217394829 1.08645833333333
63.3872478026897 1.07291666666667
63.4074738658965 0.947916666666667
63.4276999291033 0.880208333333333
63.44792599231 0.813541666666667
63.4681520555168 0.763541666666667
63.4883781187236 0.74375
63.5086041819304 0.716666666666667
63.5288302451372 0.705208333333333
63.549056308344 0.630208333333333
63.5692823715508 0.575
63.5895084347576 0.603125
63.6097344979644 0.554166666666667
63.6299605611712 0.569791666666667
63.650186624378 0.575
63.6704126875848 0.541666666666667
63.6906387507916 0.522916666666667
63.7108648139983 0.511458333333333
63.7310908772051 0.513541666666667
63.7513169404119 0.513541666666667
63.7715430036187 0.490625
63.7917690668255 0.494791666666667
63.8119951300323 0.498958333333333
63.8322211932391 0.45
63.8524472564459 0.436458333333333
63.8726733196527 0.480208333333333
63.8928993828595 0.460416666666667
63.9131254460663 0.43125
63.9333515092731 0.486458333333333
63.9535775724798 0.467708333333333
63.9738036356866 0.455208333333333
63.9940296988934 0.457291666666667
64.0142557621002 0.485416666666667
64.034481825307 0.41875
64.0547078885138 0.48125
64.0749339517206 0.40625
64.0951600149274 0.408333333333333
64.1153860781342 0.422916666666667
64.135612141341 0.397916666666667
64.1558382045478 0.410416666666667
64.1760642677546 0.423958333333333
64.1962903309613 0.45
64.2165163941681 0.417708333333333
64.2367424573749 0.423958333333333
64.2569685205817 0.428125
64.2771945837885 0.423958333333333
64.2974206469953 0.402083333333333
64.3176467102021 0.380208333333333
64.3378727734089 0.396875
64.3580988366157 0.455208333333333
64.3783248998225 0.417708333333333
64.3985509630293 0.389583333333333
64.4187770262361 0.430208333333333
64.4390030894428 0.411458333333333
64.4592291526496 0.41875
64.4794552158564 0.417708333333333
64.4996812790632 0.404166666666667
64.51990734227 0.426041666666667
64.5401334054768 0.411458333333333
64.5603594686836 0.367708333333333
64.5805855318904 0.394791666666667
64.6008115950972 0.413541666666667
64.621037658304 0.430208333333333
64.6412637215108 0.4125
64.6614897847176 0.447916666666667
64.6817158479244 0.407291666666667
64.7019419111311 0.4125
64.7221679743379 0.404166666666667
64.7423940375447 0.401041666666667
64.7626201007515 0.428125
64.7828461639583 0.382291666666667
64.8030722271651 0.425
64.8232982903719 0.385416666666667
64.8435243535787 0.408333333333333
64.8637504167855 0.355208333333333
64.8839764799923 0.420833333333333
64.9042025431991 0.427083333333333
64.9244286064059 0.398958333333333
64.9446546696126 0.416666666666667
64.9648807328194 0.422916666666667
64.9851067960262 0.40625
65.005332859233 0.452083333333333
65.0255589224398 0.403125
65.0457849856466 0.366666666666667
65.0660110488534 0.386458333333333
65.0862371120602 0.404166666666667
65.106463175267 0.415625
65.1266892384738 0.407291666666667
65.1469153016806 0.420833333333333
65.1671413648874 0.404166666666667
65.1873674280941 0.421875
65.2075934913009 0.401041666666667
65.2278195545077 0.421875
65.2480456177145 0.3875
65.2682716809213 0.428125
65.2884977441281 0.425
65.3087238073349 0.41875
65.3289498705417 0.407291666666667
65.3491759337485 0.427083333333333
65.3694019969553 0.448958333333333
65.3896280601621 0.4125
65.4098541233689 0.416666666666667
65.4300801865757 0.442708333333333
65.4503062497824 0.440625
65.4705323129892 0.430208333333333
65.490758376196 0.40625
65.5109844394028 0.442708333333333
65.5312105026096 0.43125
65.5514365658164 0.428125
65.5716626290232 0.486458333333333
65.59188869223 0.480208333333333
65.6121147554368 0.459375
65.6323408186436 0.485416666666667
65.6525668818504 0.501041666666667
65.6727929450572 0.504166666666667
65.6930190082639 0.51875
65.7132450714707 0.510416666666667
65.7334711346775 0.511458333333333
65.7536971978843 0.563541666666667
65.7739232610911 0.585416666666667
65.7941493242979 0.596875
65.8143753875047 0.623958333333333
65.8346014507115 0.619791666666667
65.8548275139183 0.620833333333333
65.8750535771251 0.644791666666667
65.8952796403319 0.665625
65.9155057035387 0.739583333333333
65.9357317667454 0.769791666666667
65.9559578299522 0.789583333333333
65.976183893159 0.88125
65.9964099563658 0.902083333333333
66.0166360195726 1.09479166666667
66.0368620827794 1.225
66.0570881459862 1.39270833333333
66.077314209193 1.628125
66.0975402723998 1.90625
66.1177663356066 2.09895833333333
66.1379923988134 2.60625
66.1582184620202 2.565625
66.178444525227 2.30416666666667
66.1986705884337 1.91354166666667
66.2188966516405 1.7625
66.2391227148473 1.58854166666667
66.2593487780541 1.50729166666667
66.2795748412609 1.559375
66.2998009044677 1.66145833333333
66.3200269676745 1.74583333333333
66.3402530308813 1.68854166666667
66.3604790940881 1.503125
66.3807051572949 1.33645833333333
66.4009312205017 1.11145833333333
66.4211572837085 0.985416666666667
66.4413833469152 0.885416666666667
66.461609410122 0.813541666666667
66.4818354733288 0.720833333333333
66.5020615365356 0.714583333333333
66.5222875997424 0.630208333333333
66.5425136629492 0.641666666666667
66.562739726156 0.617708333333333
66.5829657893628 0.604166666666667
66.6031918525696 0.5625
66.6234179157764 0.494791666666667
66.6436439789832 0.519791666666667
66.66387004219 0.509375
66.6840961053967 0.496875
66.7043221686035 0.488541666666667
66.7245482318103 0.5125
66.7447742950171 0.477083333333333
66.7650003582239 0.457291666666667
66.7852264214307 0.466666666666667
66.8054524846375 0.480208333333333
66.8256785478443 0.4625
66.8459046110511 0.451041666666667
66.8661306742579 0.446875
66.8863567374647 0.44375
66.9065828006715 0.469791666666667
66.9268088638783 0.4125
66.947034927085 0.4375
66.9672609902918 0.427083333333333
66.9874870534986 0.428125
67.0077131167054 0.425
67.0279391799122 0.423958333333333
67.048165243119 0.413541666666667
67.0683913063258 0.403125
67.0886173695326 0.397916666666667
67.1088434327394 0.409375
67.1290694959462 0.421875
67.149295559153 0.39375
67.1695216223598 0.384375
67.1897476855665 0.408333333333333
67.2099737487733 0.425
67.2301998119801 0.389583333333333
67.2504258751869 0.386458333333333
67.2706519383937 0.361458333333333
67.2908780016005 0.4
67.3111040648073 0.441666666666667
67.3313301280141 0.397916666666667
67.3515561912209 0.382291666666667
67.3717822544277 0.410416666666667
67.3920083176345 0.402083333333333
67.4122343808413 0.386458333333333
67.432460444048 0.375
67.4526865072548 0.377083333333333
67.4729125704616 0.369791666666667
67.4931386336684 0.36875
67.5133646968752 0.402083333333333
67.533590760082 0.372916666666667
67.5538168232888 0.397916666666667
67.5740428864956 0.346875
67.5942689497024 0.397916666666667
67.6144950129092 0.395833333333333
67.634721076116 0.35
67.6549471393228 0.363541666666667
67.6751732025296 0.36875
67.6953992657363 0.3875
67.7156253289431 0.375
67.7358513921499 0.4125
67.7560774553567 0.39375
67.7763035185635 0.367708333333333
67.7965295817703 0.3875
67.8167556449771 0.365625
67.8369817081839 0.380208333333333
67.8572077713907 0.392708333333333
67.8774338345975 0.371875
67.8976598978043 0.35625
67.9178859610111 0.405208333333333
67.9381120242178 0.361458333333333
67.9583380874246 0.367708333333333
67.9785641506314 0.358333333333333
67.9987902138382 0.3875
68.019016277045 0.382291666666667
68.0392423402518 0.3625
68.0594684034586 0.382291666666667
68.0796944666654 0.325
68.0999205298722 0.3625
68.120146593079 0.388541666666667
68.1403726562858 0.35
68.1605987194926 0.355208333333333
68.1808247826993 0.384375
68.2010508459061 0.395833333333333
68.2212769091129 0.351041666666667
68.2415029723197 0.385416666666667
68.2617290355265 0.355208333333333
68.2819550987333 0.341666666666667
68.3021811619401 0.379166666666667
68.3224072251469 0.358333333333333
68.3426332883537 0.365625
68.3628593515605 0.346875
68.3830854147673 0.39375
68.4033114779741 0.357291666666667
68.4235375411808 0.3625
68.4437636043876 0.344791666666667
68.4639896675944 0.383333333333333
68.4842157308012 0.394791666666667
68.504441794008 0.376041666666667
68.5246678572148 0.3375
68.5448939204216 0.341666666666667
68.5651199836284 0.322916666666667
68.5853460468352 0.344791666666667
68.605572110042 0.352083333333333
68.6257981732488 0.330208333333333
68.6460242364556 0.388541666666667
68.6662502996624 0.332291666666667
68.6864763628691 0.39375
68.7067024260759 0.34375
68.7269284892827 0.342708333333333
68.7471545524895 0.320833333333333
68.7673806156963 0.36875
68.7876066789031 0.347916666666667
68.8078327421099 0.357291666666667
68.8280588053167 0.355208333333333
68.8482848685235 0.392708333333333
68.8685109317303 0.357291666666667
68.8887369949371 0.384375
68.9089630581439 0.344791666666667
68.9291891213506 0.344791666666667
68.9494151845574 0.366666666666667
68.9696412477642 0.319791666666667
68.989867310971 0.361458333333333
69.0100933741778 0.35
69.0303194373846 0.328125
69.0505455005914 0.341666666666667
69.0707715637982 0.375
69.090997627005 0.35
69.1112236902118 0.344791666666667
69.1314497534186 0.339583333333333
69.1516758166254 0.340625
69.1719018798321 0.397916666666667
69.1921279430389 0.36875
69.2123540062457 0.347916666666667
69.2325800694525 0.383333333333333
69.2528061326593 0.360416666666667
69.2730321958661 0.358333333333333
69.2932582590729 0.355208333333333
69.3134843222797 0.344791666666667
69.3337103854865 0.364583333333333
69.3539364486933 0.328125
69.3741625119001 0.344791666666667
69.3943885751069 0.371875
69.4146146383137 0.329166666666667
69.4348407015204 0.38125
69.4550667647272 0.370833333333333
69.475292827934 0.334375
69.4955188911408 0.351041666666667
69.5157449543476 0.344791666666667
69.5359710175544 0.344791666666667
69.5561970807612 0.33125
69.576423143968 0.369791666666667
69.5966492071748 0.370833333333333
69.6168752703816 0.365625
69.6371013335884 0.360416666666667
69.6573273967952 0.354166666666667
69.6775534600019 0.34375
69.6977795232087 0.351041666666667
69.7180055864155 0.35625
69.7382316496223 0.314583333333333
69.7584577128291 0.357291666666667
69.7786837760359 0.310416666666667
69.7989098392427 0.363541666666667
69.8191359024495 0.3375
69.8393619656563 0.375
69.8595880288631 0.351041666666667
69.8798140920699 0.354166666666667
69.9000401552767 0.33125
69.9202662184834 0.338541666666667
69.9404922816902 0.2875
69.960718344897 0.378125
69.9809444081038 0.329166666666667
70.0011704713106 0.373958333333333
70.0213965345174 0.358333333333333
70.0416225977242 0.367708333333333
70.061848660931 0.369791666666667
70.0820747241378 0.346875
70.1023007873446 0.354166666666667
70.1225268505514 0.355208333333333
70.1427529137582 0.357291666666667
70.162978976965 0.361458333333333
70.1832050401717 0.355208333333333
70.2034311033785 0.386458333333333
70.2236571665853 0.383333333333333
70.2438832297921 0.330208333333333
70.2641092929989 0.34375
70.2843353562057 0.338541666666667
70.3045614194125 0.311458333333333
70.3247874826193 0.347916666666667
70.3450135458261 0.351041666666667
70.3652396090329 0.344791666666667
70.3854656722397 0.338541666666667
70.4056917354465 0.316666666666667
70.4259177986532 0.353125
70.44614386186 0.35625
70.4663699250668 0.3625
70.4865959882736 0.34375
70.5068220514804 0.342708333333333
70.5270481146872 0.346875
70.547274177894 0.361458333333333
70.5675002411008 0.309375
70.5877263043076 0.397916666666667
70.6079523675144 0.315625
70.6281784307212 0.34375
70.648404493928 0.332291666666667
70.6686305571347 0.34375
70.6888566203415 0.375
70.7090826835483 0.370833333333333
70.7293087467551 0.304166666666667
70.7495348099619 0.314583333333333
70.7697608731687 0.316666666666667
70.7899869363755 0.327083333333333
70.8102129995823 0.328125
70.8304390627891 0.323958333333333
70.8506651259959 0.371875
70.8708911892027 0.342708333333333
70.8911172524095 0.357291666666667
70.9113433156163 0.291666666666667
70.931569378823 0.334375
70.9517954420298 0.367708333333333
70.9720215052366 0.351041666666667
70.9922475684434 0.371875
71.0124736316502 0.313541666666667
71.032699694857 0.346875
71.0529257580638 0.376041666666667
71.0731518212706 0.310416666666667
71.0933778844774 0.345833333333333
71.1136039476842 0.335416666666667
71.133830010891 0.307291666666667
71.1540560740978 0.34375
71.1742821373045 0.366666666666667
71.1945082005113 0.352083333333333
71.2147342637181 0.326041666666667
71.2349603269249 0.353125
71.2551863901317 0.329166666666667
71.2754124533385 0.333333333333333
71.2956385165453 0.351041666666667
71.3158645797521 0.347916666666667
71.3360906429589 0.322916666666667
71.3563167061657 0.363541666666667
71.3765427693725 0.344791666666667
71.3967688325793 0.31875
71.416994895786 0.342708333333333
71.4372209589928 0.345833333333333
71.4574470221996 0.323958333333333
71.4776730854064 0.35
71.4978991486132 0.3125
71.51812521182 0.344791666666667
71.5383512750268 0.322916666666667
71.5585773382336 0.319791666666667
71.5788034014404 0.325
71.5990294646472 0.338541666666667
71.619255527854 0.3125
71.6394815910608 0.30625
71.6597076542676 0.296875
71.6799337174743 0.311458333333333
71.7001597806811 0.2875
71.7203858438879 0.307291666666667
71.7406119070947 0.323958333333333
71.7608379703015 0.297916666666667
71.7810640335083 0.33125
71.8012900967151 0.342708333333333
71.8215161599219 0.35
71.8417422231287 0.316666666666667
71.8619682863355 0.3625
71.8821943495423 0.329166666666667
71.9024204127491 0.332291666666667
71.9226464759558 0.31875
71.9428725391626 0.321875
71.9630986023694 0.341666666666667
71.9833246655762 0.33125
72.003550728783 0.332291666666667
72.0237767919898 0.319791666666667
72.0440028551966 0.332291666666667
72.0642289184034 0.320833333333333
72.0844549816102 0.315625
72.104681044817 0.311458333333333
72.1249071080238 0.313541666666667
72.1451331712306 0.330208333333333
72.1653592344373 0.297916666666667
72.1855852976441 0.291666666666667
72.2058113608509 0.3125
72.2260374240577 0.292708333333333
72.2462634872645 0.307291666666667
72.2664895504713 0.325
72.2867156136781 0.317708333333333
72.3069416768849 0.338541666666667
72.3271677400917 0.302083333333333
72.3473938032985 0.357291666666667
72.3676198665053 0.315625
72.3878459297121 0.3375
72.4080719929188 0.330208333333333
72.4282980561256 0.325
72.4485241193324 0.330208333333333
72.4687501825392 0.310416666666667
72.488976245746 0.321875
72.5092023089528 0.327083333333333
72.5294283721596 0.307291666666667
72.5496544353664 0.335416666666667
72.5698804985732 0.315625
72.59010656178 0.338541666666667
72.6103326249868 0.332291666666667
72.6305586881936 0.30625
72.6507847514004 0.31875
72.6710108146071 0.328125
72.6912368778139 0.358333333333333
72.7114629410207 0.340625
72.7316890042275 0.334375
72.7519150674343 0.321875
72.7721411306411 0.304166666666667
72.7923671938479 0.298958333333333
72.8125932570547 0.310416666666667
72.8328193202615 0.3375
72.8530453834683 0.316666666666667
72.8732714466751 0.333333333333333
72.8934975098819 0.320833333333333
72.9137235730886 0.310416666666667
72.9339496362954 0.334375
72.9541756995022 0.339583333333333
72.974401762709 0.31875
72.9946278259158 0.301041666666667
73.0148538891226 0.304166666666667
73.0350799523294 0.301041666666667
73.0553060155362 0.296875
73.075532078743 0.294791666666667
73.0957581419498 0.309375
73.1159842051566 0.294791666666667
73.1362102683634 0.30625
73.1564363315701 0.29375
73.1766623947769 0.311458333333333
73.1968884579837 0.282291666666667
73.2171145211905 0.323958333333333
73.2373405843973 0.294791666666667
73.2575666476041 0.31875
73.2777927108109 0.30625
73.2980187740177 0.323958333333333
73.3182448372245 0.314583333333333
73.3384709004313 0.30625
73.3586969636381 0.298958333333333
73.3789230268449 0.295833333333333
73.3991490900517 0.314583333333333
73.4193751532584 0.309375
73.4396012164652 0.329166666666667
73.459827279672 0.317708333333333
73.4800533428788 0.292708333333333
73.5002794060856 0.273958333333333
73.5205054692924 0.317708333333333
73.5407315324992 0.305208333333333
73.560957595706 0.296875
73.5811836589128 0.3
73.6014097221196 0.311458333333333
73.6216357853264 0.29375
73.6418618485332 0.323958333333333
73.6620879117399 0.307291666666667
73.6823139749467 0.326041666666667
73.7025400381535 0.313541666666667
73.7227661013603 0.30625
73.7429921645671 0.304166666666667
73.7632182277739 0.3375
73.7834442909807 0.316666666666667
73.8036703541875 0.3
73.8238964173943 0.303125
73.8441224806011 0.2875
73.8643485438079 0.302083333333333
73.8845746070147 0.289583333333333
73.9048006702214 0.2875
73.9250267334282 0.328125
73.945252796635 0.304166666666667
73.9654788598418 0.3125
73.9857049230486 0.298958333333333
74.0059309862554 0.310416666666667
74.0261570494622 0.291666666666667
74.046383112669 0.303125
74.0666091758758 0.307291666666667
74.0868352390826 0.310416666666667
74.1070613022894 0.323958333333333
74.1272873654962 0.304166666666667
74.147513428703 0.294791666666667
74.1677394919097 0.323958333333333
74.1879655551165 0.316666666666667
74.2081916183233 0.315625
74.2284176815301 0.30625
74.2486437447369 0.286458333333333
74.2688698079437 0.317708333333333
74.2890958711505 0.304166666666667
74.3093219343573 0.321875
74.3295479975641 0.279166666666667
74.3497740607709 0.294791666666667
74.3700001239777 0.277083333333333
74.3902261871845 0.302083333333333
74.4104522503912 0.341666666666667
74.430678313598 0.317708333333333
74.4509043768048 0.325
74.4711304400116 0.303125
74.4913565032184 0.31875
74.5115825664252 0.310416666666667
74.531808629632 0.317708333333333
74.5520346928388 0.31875
74.5722607560456 0.317708333333333
74.5924868192524 0.2875
74.6127128824592 0.321875
74.632938945666 0.321875
74.6531650088727 0.334375
74.6733910720795 0.327083333333333
74.6936171352863 0.333333333333333
74.7138431984931 0.30625
74.7340692616999 0.352083333333333
74.7542953249067 0.319791666666667
74.7745213881135 0.319791666666667
74.7947474513203 0.310416666666667
74.8149735145271 0.292708333333333
74.8351995777339 0.322916666666667
74.8554256409407 0.341666666666667
74.8756517041475 0.357291666666667
74.8958777673543 0.347916666666667
74.916103830561 0.352083333333333
74.9363298937678 0.338541666666667
74.9565559569746 0.332291666666667
74.9767820201814 0.320833333333333
74.9970080833882 0.328125
75.017234146595 0.334375
75.0374602098018 0.303125
75.0576862730086 0.329166666666667
75.0779123362154 0.325
75.0981383994222 0.329166666666667
75.118364462629 0.336458333333333
75.1385905258358 0.325
75.1588165890425 0.29375
75.1790426522493 0.33125
75.1992687154561 0.277083333333333
75.2194947786629 0.328125
75.2397208418697 0.320833333333333
75.2599469050765 0.354166666666667
75.2801729682833 0.342708333333333
75.3003990314901 0.3125
75.3206250946969 0.323958333333333
75.3408511579037 0.332291666666667
75.3610772211105 0.321875
75.3813032843173 0.321875
75.401529347524 0.375
75.4217554107308 0.310416666666667
75.4419814739376 0.334375
75.4622075371444 0.340625
75.4824336003512 0.351041666666667
75.502659663558 0.334375
75.5228857267648 0.316666666666667
75.5431117899716 0.3125
75.5633378531784 0.309375
75.5835639163852 0.309375
75.603789979592 0.3625
75.6240160427988 0.357291666666667
75.6442421060055 0.330208333333333
75.6644681692123 0.36875
75.6846942324191 0.322916666666667
75.7049202956259 0.330208333333333
75.7251463588327 0.3
75.7453724220395 0.326041666666667
75.7655984852463 0.303125
75.7858245484531 0.319791666666667
75.8060506116599 0.334375
75.8262766748667 0.339583333333333
75.8465027380735 0.323958333333333
75.8667288012803 0.326041666666667
75.8869548644871 0.346875
75.9071809276938 0.3375
75.9274069909006 0.295833333333333
75.9476330541074 0.316666666666667
75.9678591173142 0.310416666666667
75.988085180521 0.353125
76.0083112437278 0.34375
76.0285373069346 0.36875
76.0487633701414 0.308333333333333
76.0689894333482 0.30625
76.089215496555 0.341666666666667
76.1094415597618 0.325
76.1296676229686 0.339583333333333
76.1498936861753 0.325
76.1701197493821 0.31875
76.1903458125889 0.342708333333333
76.2105718757957 0.322916666666667
76.2307979390025 0.3125
76.2510240022093 0.347916666666667
76.2712500654161 0.357291666666667
76.2914761286229 0.3125
76.3117021918297 0.319791666666667
76.3319282550365 0.30625
76.3521543182433 0.316666666666667
76.3723803814501 0.322916666666667
76.3926064446568 0.340625
76.4128325078636 0.320833333333333
76.4330585710704 0.301041666666667
76.4532846342772 0.283333333333333
76.473510697484 0.323958333333333
76.4937367606908 0.313541666666667
76.5139628238976 0.30625
76.5341888871044 0.297916666666667
76.5544149503112 0.328125
76.574641013518 0.321875
76.5948670767248 0.317708333333333
76.6150931399316 0.345833333333333
76.6353192031384 0.332291666666667
76.6555452663451 0.329166666666667
76.6757713295519 0.309375
76.6959973927587 0.314583333333333
76.7162234559655 0.31875
76.7364495191723 0.303125
76.7566755823791 0.339583333333333
76.7769016455859 0.330208333333333
76.7971277087927 0.305208333333333
76.8173537719995 0.31875
76.8375798352063 0.308333333333333
76.8578058984131 0.319791666666667
76.8780319616199 0.333333333333333
76.8982580248266 0.309375
76.9184840880334 0.317708333333333
76.9387101512402 0.345833333333333
76.958936214447 0.316666666666667
76.9791622776538 0.325
76.9993883408606 0.303125
77.0196144040674 0.333333333333333
77.0398404672742 0.315625
77.060066530481 0.30625
77.0802925936878 0.323958333333333
77.1005186568946 0.344791666666667
77.1207447201014 0.347916666666667
77.1409707833081 0.358333333333333
77.1611968465149 0.317708333333333
77.1814229097217 0.321875
77.2016489729285 0.320833333333333
77.2218750361353 0.30625
77.2421010993421 0.317708333333333
77.2623271625489 0.330208333333333
77.2825532257557 0.314583333333333
77.3027792889625 0.320833333333333
77.3230053521693 0.322916666666667
77.3432314153761 0.315625
77.3634574785829 0.341666666666667
77.3836835417897 0.34375
77.4039096049964 0.33125
77.4241356682032 0.367708333333333
77.44436173141 0.307291666666667
77.4645877946168 0.3375
77.4848138578236 0.327083333333333
77.5050399210304 0.345833333333333
77.5252659842372 0.323958333333333
77.545492047444 0.3375
77.5657181106508 0.314583333333333
77.5859441738576 0.361458333333333
77.6061702370644 0.367708333333333
77.6263963002712 0.379166666666667
77.6466223634779 0.38125
77.6668484266847 0.360416666666667
77.6870744898915 0.357291666666667
77.7073005530983 0.359375
77.7275266163051 0.382291666666667
77.7477526795119 0.340625
77.7679787427187 0.373958333333333
77.7882048059255 0.365625
77.8084308691323 0.401041666666667
77.8286569323391 0.452083333333333
77.8488829955459 0.438541666666667
77.8691090587527 0.457291666666667
77.8893351219594 0.471875
77.9095611851662 0.489583333333333
77.929787248373 0.516666666666667
77.9500133115798 0.586458333333333
77.9702393747866 0.561458333333333
77.9904654379934 0.640625
78.0106915012002 0.736458333333333
78.030917564407 0.896875
78.0511436276138 1.08020833333333
78.0713696908206 1.31145833333333
78.0915957540274 1.66875
78.1118218172342 1.83125
78.132047880441 1.75416666666667
78.1522739436477 1.478125
78.1725000068545 1.140625
78.1927260700613 0.973958333333333
78.2129521332681 0.919791666666667
78.2331781964749 0.848958333333333
78.2534042596817 0.803125
78.2736303228885 0.816666666666667
78.2938563860953 0.89375
78.3140824493021 1.02708333333333
78.3343085125089 1.140625
78.3545345757157 1.14375
78.3747606389225 1.00625
78.3949867021292 0.866666666666667
78.415212765336 0.701041666666667
78.4354388285428 0.636458333333333
78.4556648917496 0.596875
78.4758909549564 0.492708333333333
78.4961170181632 0.467708333333333
78.51634308137 0.413541666666667
78.5365691445768 0.421875
78.5567952077836 0.398958333333333
78.5770212709904 0.420833333333333
78.5972473341972 0.402083333333333
78.617473397404 0.377083333333333
78.6376994606107 0.365625
78.6579255238175 0.363541666666667
78.6781515870243 0.342708333333333
78.6983776502311 0.391666666666667
78.7186037134379 0.369791666666667
78.7388297766447 0.358333333333333
78.7590558398515 0.360416666666667
78.7792819030583 0.3125
78.7995079662651 0.35
78.8197340294719 0.357291666666667
78.8399600926787 0.321875
78.8601861558855 0.351041666666667
78.8804122190923 0.296875
78.900638282299 0.335416666666667
78.9208643455058 0.3125
78.9410904087126 0.328125
78.9613164719194 0.297916666666667
78.9815425351262 0.310416666666667
79.001768598333 0.322916666666667
79.0219946615398 0.326041666666667
79.0422207247466 0.333333333333333
79.0624467879534 0.310416666666667
79.0826728511602 0.298958333333333
79.102898914367 0.317708333333333
79.1231249775738 0.347916666666667
79.1433510407805 0.313541666666667
79.1635771039873 0.296875
79.1838031671941 0.289583333333333
79.2040292304009 0.33125
79.2242552936077 0.308333333333333
79.2444813568145 0.311458333333333
79.2647074200213 0.292708333333333
79.2849334832281 0.322916666666667
79.3051595464349 0.288541666666667
79.3253856096417 0.309375
79.3456116728485 0.311458333333333
79.3658377360553 0.319791666666667
79.386063799262 0.308333333333333
79.4062898624688 0.309375
79.4265159256756 0.311458333333333
79.4467419888824 0.2875
79.4669680520892 0.28125
79.487194115296 0.321875
79.5074201785028 0.29375
79.5276462417096 0.344791666666667
79.5478723049164 0.2875
79.5680983681232 0.320833333333333
79.58832443133 0.297916666666667
79.6085504945368 0.305208333333333
79.6287765577435 0.316666666666667
79.6490026209503 0.277083333333333
79.6692286841571 0.263541666666667
79.6894547473639 0.2875
79.7096808105707 0.289583333333333
79.7299068737775 0.307291666666667
79.7501329369843 0.279166666666667
79.7703590001911 0.3
79.7905850633979 0.296875
79.8108111266047 0.321875
79.8310371898115 0.291666666666667
79.8512632530183 0.301041666666667
79.8714893162251 0.284375
79.8917153794318 0.304166666666667
79.9119414426386 0.266666666666667
79.9321675058454 0.284375
79.9523935690522 0.317708333333333
79.972619632259 0.298958333333333
79.9928456954658 0.29375
80.0130717586726 0.29375
80.0332978218794 0.267708333333333
80.0535238850862 0.301041666666667
80.073749948293 0.285416666666667
80.0939760114998 0.294791666666667
80.1142020747066 0.270833333333333
80.1344281379133 0.276041666666667
80.1546542011201 0.295833333333333
80.1748802643269 0.295833333333333
80.1951063275337 0.28125
80.2153323907405 0.279166666666667
80.2355584539473 0.270833333333333
80.2557845171541 0.296875
80.2760105803609 0.263541666666667
80.2962366435677 0.277083333333333
80.3164627067745 0.277083333333333
80.3366887699813 0.286458333333333
80.3569148331881 0.292708333333333
80.3771408963948 0.266666666666667
80.3973669596016 0.276041666666667
80.4175930228084 0.3
80.4378190860152 0.271875
80.458045149222 0.305208333333333
80.4782712124288 0.3
80.4984972756356 0.278125
80.5187233388424 0.28125
80.5389494020492 0.282291666666667
80.559175465256 0.308333333333333
80.5794015284628 0.29375
80.5996275916696 0.303125
80.6198536548764 0.308333333333333
80.6400797180831 0.248958333333333
80.6603057812899 0.290625
80.6805318444967 0.307291666666667
80.7007579077035 0.276041666666667
80.7209839709103 0.278125
80.7412100341171 0.304166666666667
80.7614360973239 0.284375
80.7816621605307 0.275
80.8018882237375 0.291666666666667
80.8221142869443 0.269791666666667
80.8423403501511 0.275
80.8625664133579 0.247916666666667
80.8827924765646 0.273958333333333
80.9030185397714 0.264583333333333
80.9232446029782 0.286458333333333
80.943470666185 0.288541666666667
80.9636967293918 0.2875
80.9839227925986 0.290625
81.0041488558054 0.294791666666667
81.0243749190122 0.272916666666667
81.044600982219 0.248958333333333
81.0648270454258 0.283333333333333
81.0850531086326 0.264583333333333
81.1052791718394 0.285416666666667
81.1255052350461 0.316666666666667
81.1457312982529 0.290625
81.1659573614597 0.289583333333333
81.1861834246665 0.289583333333333
81.2064094878733 0.272916666666667
81.2266355510801 0.232291666666667
81.2468616142869 0.270833333333333
81.2670876774937 0.2625
81.2873137407005 0.270833333333333
81.3075398039073 0.259375
81.3277658671141 0.282291666666667
81.3479919303209 0.271875
81.3682179935277 0.267708333333333
81.3884440567344 0.278125
81.4086701199412 0.265625
81.428896183148 0.259375
81.4491222463548 0.284375
81.4693483095616 0.285416666666667
81.4895743727684 0.298958333333333
81.5098004359752 0.26875
81.530026499182 0.265625
81.5502525623888 0.28125
81.5704786255956 0.290625
81.5907046888024 0.261458333333333
81.6109307520092 0.258333333333333
81.6311568152159 0.271875
81.6513828784227 0.25
81.6716089416295 0.2875
81.6918350048363 0.28125
81.7120610680431 0.240625
81.7322871312499 0.271875
81.7525131944567 0.236458333333333
81.7727392576635 0.23125
81.7929653208703 0.232291666666667
81.8131913840771 0.270833333333333
81.8334174472839 0.2625
81.8536435104907 0.258333333333333
81.8738695736974 0.272916666666667
81.8940956369042 0.290625
81.914321700111 0.260416666666667
81.9345477633178 0.267708333333333
81.9547738265246 0.239583333333333
81.9749998897314 0.289583333333333
81.9952259529382 0.253125
82.015452016145 0.24375
82.0356780793518 0.233333333333333
82.0559041425586 0.257291666666667
82.0761302057654 0.285416666666667
82.0963562689722 0.232291666666667
82.116582332179 0.251041666666667
82.1368083953857 0.236458333333333
82.1570344585925 0.244791666666667
82.1772605217993 0.26875
82.1974865850061 0.271875
82.2177126482129 0.25625
82.2379387114197 0.269791666666667
82.2581647746265 0.253125
82.2783908378333 0.277083333333333
82.2986169010401 0.265625
82.3188429642469 0.2375
82.3390690274537 0.279166666666667
82.3592950906605 0.260416666666667
82.3795211538672 0.270833333333333
82.399747217074 0.259375
82.4199732802808 0.275
82.4401993434876 0.264583333333333
82.4604254066944 0.288541666666667
82.4806514699012 0.3
82.500877533108 0.283333333333333
82.5211035963148 0.253125
82.5413296595216 0.236458333333333
82.5615557227284 0.267708333333333
82.5817817859352 0.251041666666667
82.602007849142 0.248958333333333
82.6222339123487 0.2625
82.6424599755555 0.238541666666667
82.6626860387623 0.25
82.6829121019691 0.290625
82.7031381651759 0.239583333333333
82.7233642283827 0.260416666666667
82.7435902915895 0.229166666666667
82.7638163547963 0.236458333333333
82.7840424180031 0.235416666666667
82.8042684812099 0.223958333333333
82.8244945444167 0.222916666666667
82.8447206076235 0.238541666666667
82.8649466708303 0.252083333333333
82.885172734037 0.279166666666667
82.9053987972438 0.252083333333333
82.9256248604506 0.275
82.9458509236574 0.271875
82.9660769868642 0.270833333333333
82.986303050071 0.24375
83.0065291132778 0.247916666666667
83.0267551764846 0.266666666666667
83.0469812396914 0.23125
83.0672073028982 0.294791666666667
83.087433366105 0.257291666666667
83.1076594293118 0.266666666666667
83.1278854925185 0.28125
83.1481115557253 0.280208333333333
83.1683376189321 0.263541666666667
83.1885636821389 0.253125
83.2087897453457 0.267708333333333
83.2290158085525 0.252083333333333
83.2492418717593 0.222916666666667
83.2694679349661 0.246875
83.2896939981729 0.234375
83.3099200613797 0.235416666666667
83.3301461245865 0.24375
83.3503721877933 0.240625
83.370598251 0.252083333333333
83.3908243142068 0.254166666666667
83.4110503774136 0.241666666666667
83.4312764406204 0.223958333333333
83.4515025038272 0.239583333333333
83.471728567034 0.245833333333333
83.4919546302408 0.252083333333333
83.5121806934476 0.266666666666667
83.5324067566544 0.258333333333333
83.5526328198612 0.23125
83.572858883068 0.266666666666667
83.5930849462748 0.240625
83.6133110094815 0.25
83.6335370726883 0.275
83.6537631358951 0.247916666666667
83.6739891991019 0.24375
83.6942152623087 0.25625
83.7144413255155 0.275
83.7346673887223 0.233333333333333
83.7548934519291 0.258333333333333
83.7751195151359 0.244791666666667
83.7953455783427 0.2375
83.8155716415495 0.244791666666667
83.8357977047563 0.235416666666667
83.8560237679631 0.241666666666667
83.8762498311698 0.285416666666667
83.8964758943766 0.276041666666667
83.9167019575834 0.259375
83.9369280207902 0.258333333333333
83.957154083997 0.220833333333333
83.9773801472038 0.228125
83.9976062104106 0.245833333333333
84.0178322736174 0.270833333333333
84.0380583368242 0.257291666666667
84.058284400031 0.266666666666667
84.0785104632378 0.20625
84.0987365264446 0.2375
84.1189625896513 0.215625
84.1391886528581 0.247916666666667
84.1594147160649 0.25625
84.1796407792717 0.2375
84.1998668424785 0.25625
84.2200929056853 0.235416666666667
84.2403189688921 0.247916666666667
84.2605450320989 0.251041666666667
84.2807710953057 0.234375
84.3009971585125 0.241666666666667
84.3212232217193 0.247916666666667
84.3414492849261 0.257291666666667
84.3616753481328 0.266666666666667
84.3819014113396 0.254166666666667
84.4021274745464 0.241666666666667
84.4223535377532 0.257291666666667
84.44257960096 0.2375
84.4628056641668 0.203125
84.4830317273736 0.24375
84.5032577905804 0.24375
84.5234838537872 0.236458333333333
84.543709916994 0.248958333333333
84.5639359802008 0.25
84.5841620434076 0.24375
84.6043881066144 0.251041666666667
84.6246141698211 0.220833333333333
84.6448402330279 0.253125
84.6650662962347 0.251041666666667
84.6852923594415 0.258333333333333
84.7055184226483 0.252083333333333
84.7257444858551 0.260416666666667
84.7459705490619 0.272916666666667
84.7661966122687 0.257291666666667
84.7864226754755 0.255208333333333
84.8066487386823 0.238541666666667
84.8268748018891 0.238541666666667
84.8471008650959 0.266666666666667
84.8673269283026 0.254166666666667
84.8875529915094 0.248958333333333
84.9077790547162 0.247916666666667
84.928005117923 0.253125
84.9482311811298 0.266666666666667
84.9684572443366 0.255208333333333
84.9886833075434 0.226041666666667
85.0089093707502 0.242708333333333
85.029135433957 0.258333333333333
85.0493614971638 0.265625
85.0695875603706 0.229166666666667
85.0898136235774 0.24375
85.1100396867841 0.25625
85.1302657499909 0.265625
85.1504918131977 0.23125
85.1707178764045 0.23125
85.1909439396113 0.265625
85.2111700028181 0.246875
85.2313960660249 0.2375
85.2516221292317 0.260416666666667
85.2718481924385 0.257291666666667
85.2920742556453 0.230208333333333
85.3123003188521 0.279166666666667
85.3325263820589 0.242708333333333
85.3527524452657 0.247916666666667
85.3729785084724 0.251041666666667
85.3932045716792 0.240625
85.413430634886 0.25625
85.4336566980928 0.242708333333333
85.4538827612996 0.255208333333333
85.4741088245064 0.255208333333333
85.4943348877132 0.2875
85.51456095092 0.277083333333333
85.5347870141268 0.273958333333333
85.5550130773336 0.271875
85.5752391405404 0.24375
85.5954652037472 0.260416666666667
85.6156912669539 0.255208333333333
85.6359173301607 0.280208333333333
85.6561433933675 0.25625
85.6763694565743 0.238541666666667
85.6965955197811 0.248958333333333
85.7168215829879 0.25625
85.7370476461947 0.291666666666667
85.7572737094015 0.278125
85.7774997726083 0.283333333333333
85.7977258358151 0.28125
85.8179518990219 0.275
85.8381779622287 0.265625
85.8584040254354 0.277083333333333
85.8786300886422 0.280208333333333
85.898856151849 0.279166666666667
85.9190822150558 0.296875
85.9393082782626 0.282291666666667
85.9595343414694 0.270833333333333
85.9797604046762 0.288541666666667
85.999986467883 0.283333333333333
86.0202125310898 0.3375
86.0404385942966 0.3125
86.0606646575034 0.319791666666667
86.0808907207102 0.340625
86.101116783917 0.328125
86.1213428471237 0.321875
86.1415689103305 0.370833333333333
86.1617949735373 0.355208333333333
86.1820210367441 0.371875
86.2022470999509 0.345833333333333
86.2224731631577 0.382291666666667
86.2426992263645 0.38125
86.2629252895713 0.389583333333333
86.2831513527781 0.408333333333333
86.3033774159849 0.417708333333333
86.3236034791917 0.461458333333333
86.3438295423985 0.455208333333333
86.3640556056052 0.442708333333333
86.384281668812 0.461458333333333
86.4045077320188 0.513541666666667
86.4247337952256 0.5625
86.4449598584324 0.578125
86.4651859216392 0.627083333333333
86.485411984846 0.647916666666667
86.5056380480528 0.715625
86.5258641112596 0.795833333333333
86.5460901744664 0.884375
86.5663162376732 0.966666666666667
86.58654230088 1.03020833333333
86.6067683640867 1.09895833333333
86.6269944272935 1.271875
86.6472204905003 1.39479166666667
86.6674465537071 1.45625
86.6876726169139 1.76875
86.7078986801207 1.88229166666667
86.7281247433275 1.89895833333333
86.7483508065343 1.83020833333333
86.7685768697411 1.68854166666667
86.7888029329479 1.50416666666667
86.8090289961547 1.415625
86.8292550593615 1.22291666666667
86.8494811225683 1.265625
86.869707185775 1.140625
86.8899332489818 1.12291666666667
86.9101593121886 1.15833333333333
86.9303853753954 1.14791666666667
86.9506114386022 1.22395833333333
86.970837501809 1.225
86.9910635650158 1.24166666666667
87.0112896282226 1.23333333333333
87.0315156914294 1.021875
87.0517417546362 0.989583333333333
87.071967817843 0.902083333333333
87.0921938810498 0.789583333333333
87.1124199442565 0.727083333333333
87.1326460074633 0.707291666666667
87.1528720706701 0.666666666666667
87.1730981338769 0.564583333333333
87.1933241970837 0.545833333333333
87.2135502602905 0.515625
87.2337763234973 0.490625
87.2540023867041 0.465625
87.2742284499109 0.436458333333333
87.2944545131177 0.466666666666667
87.3146805763245 0.441666666666667
87.3349066395313 0.398958333333333
87.355132702738 0.391666666666667
87.3753587659448 0.390625
87.3955848291516 0.336458333333333
87.4158108923584 0.33125
87.4360369555652 0.351041666666667
87.456263018772 0.335416666666667
87.4764890819788 0.370833333333333
87.4967151451856 0.323958333333333
87.5169412083924 0.307291666666667
87.5371672715992 0.327083333333333
87.557393334806 0.29375
87.5776193980128 0.310416666666667
87.5978454612195 0.276041666666667
87.6180715244263 0.294791666666667
87.6382975876331 0.311458333333333
87.6585236508399 0.304166666666667
87.6787497140467 0.3
87.6989757772535 0.258333333333333
87.7192018404603 0.279166666666667
87.7394279036671 0.273958333333333
87.7596539668739 0.278125
87.7798800300807 0.289583333333333
87.8001060932875 0.25625
87.8203321564943 0.266666666666667
87.8405582197011 0.272916666666667
87.8607842829078 0.289583333333333
87.8810103461146 0.278125
87.9012364093214 0.257291666666667
87.9214624725282 0.279166666666667
87.941688535735 0.282291666666667
87.9619145989418 0.278125
87.9821406621486 0.238541666666667
88.0023667253554 0.261458333333333
88.0225927885622 0.280208333333333
88.042818851769 0.259375
88.0630449149758 0.28125
88.0832709781826 0.252083333333333
88.1034970413893 0.252083333333333
88.1237231045961 0.238541666666667
88.1439491678029 0.226041666666667
88.1641752310097 0.258333333333333
88.1844012942165 0.244791666666667
88.2046273574233 0.278125
88.2248534206301 0.260416666666667
88.2450794838369 0.257291666666667
88.2653055470437 0.254166666666667
88.2855316102505 0.253125
88.3057576734573 0.278125
88.3259837366641 0.265625
88.3462097998708 0.265625
88.3664358630776 0.253125
88.3866619262844 0.2625
88.4068879894912 0.283333333333333
88.427114052698 0.24375
88.4473401159048 0.232291666666667
88.4675661791116 0.265625
88.4877922423184 0.221875
88.5080183055252 0.255208333333333
88.528244368732 0.253125
88.5484704319388 0.265625
88.5686964951456 0.248958333333333
88.5889225583524 0.238541666666667
88.6091486215591 0.258333333333333
88.6293746847659 0.244791666666667
88.6496007479727 0.217708333333333
88.6698268111795 0.288541666666667
88.6900528743863 0.252083333333333
88.7102789375931 0.2875
88.7305050007999 0.279166666666667
88.7507310640067 0.270833333333333
88.7709571272135 0.259375
88.7911831904203 0.278125
88.8114092536271 0.252083333333333
88.8316353168339 0.2875
88.8518613800406 0.284375
88.8720874432474 0.286458333333333
88.8923135064542 0.29375
88.912539569661 0.303125
88.9327656328678 0.307291666666667
88.9529916960746 0.308333333333333
88.9732177592814 0.328125
88.9934438224882 0.351041666666667
89.013669885695 0.354166666666667
89.0338959489018 0.357291666666667
89.0541220121086 0.376041666666667
89.0743480753154 0.364583333333333
89.0945741385221 0.378125
89.1148002017289 0.404166666666667
89.1350262649357 0.401041666666667
89.1552523281425 0.438541666666667
89.1754783913493 0.445833333333333
89.1957044545561 0.469791666666667
89.2159305177629 0.529166666666667
89.2361565809697 0.4625
89.2563826441765 0.536458333333333
89.2766087073833 0.552083333333333
89.2968347705901 0.561458333333333
89.3170608337969 0.64375
89.3372868970037 0.713541666666667
89.3575129602104 0.73125
89.3777390234172 0.767708333333333
89.397965086624 0.895833333333333
89.4181911498308 0.975
89.4384172130376 1.03645833333333
89.4586432762444 1.18125
89.4788693394512 1.55
89.499095402658 1.69166666666667
89.5193214658648 1.9875
89.5395475290716 2.365625
89.5597735922784 2.51041666666667
89.5799996554852 2.346875
89.6002257186919 2.18333333333333
89.6204517818987 1.94895833333333
89.6406778451055 1.625
89.6609039083123 1.42395833333333
89.6811299715191 1.2875
89.7013560347259 1.19895833333333
89.7215820979327 1.24479166666667
89.7418081611395 1.296875
89.7620342243463 1.2
89.7822602875531 1.278125
89.8024863507599 1.38958333333333
89.8227124139667 1.47604166666667
89.8429384771734 1.47604166666667
89.8631645403802 1.48333333333333
89.883390603587 1.30104166666667
89.9036166667938 1.15520833333333
89.9238427300006 0.99375
89.9440687932074 0.86875
89.9642948564142 0.765625
89.984520919621 0.679166666666667
90.0047469828278 0.632291666666667
90.0249730460346 0.561458333333333
90.0451991092414 0.56875
90.0654251724482 0.521875
90.085651235655 0.469791666666667
90.1058772988617 0.45625
90.1261033620685 0.4125
90.1463294252753 0.43125
90.1665554884821 0.423958333333333
90.1867815516889 0.3875
90.2070076148957 0.325
90.2272336781025 0.371875
90.2474597413093 0.327083333333333
90.2676858045161 0.346875
90.2879118677229 0.314583333333333
90.3081379309297 0.322916666666667
90.3283639941365 0.289583333333333
90.3485900573432 0.275
90.36881612055 0.302083333333333
90.3890421837568 0.290625
90.4092682469636 0.278125
90.4294943101704 0.309375
90.4497203733772 0.286458333333333
90.469946436584 0.267708333333333
90.4901724997908 0.261458333333333
90.5103985629976 0.278125
90.5306246262044 0.284375
90.5508506894112 0.255208333333333
90.571076752618 0.241666666666667
90.5913028158247 0.228125
90.6115288790315 0.255208333333333
90.6317549422383 0.2375
90.6519810054451 0.267708333333333
90.6722070686519 0.283333333333333
90.6924331318587 0.239583333333333
90.7126591950655 0.219791666666667
90.7328852582723 0.244791666666667
90.7531113214791 0.2375
90.7733373846859 0.227083333333333
90.7935634478927 0.266666666666667
90.8137895110995 0.242708333333333
90.8340155743063 0.25625
90.854241637513 0.235416666666667
90.8744677007198 0.230208333333333
90.8946937639266 0.234375
90.9149198271334 0.236458333333333
90.9351458903402 0.239583333333333
90.955371953547 0.223958333333333
90.9755980167538 0.211458333333333
90.9958240799606 0.211458333333333
91.0160501431674 0.194791666666667
91.0362762063742 0.219791666666667
91.056502269581 0.213541666666667
91.0767283327878 0.247916666666667
91.0969543959945 0.205208333333333
91.1171804592013 0.2
91.1374065224081 0.222916666666667
91.1576325856149 0.213541666666667
91.1778586488217 0.246875
91.1980847120285 0.213541666666667
91.2183107752353 0.225
91.2385368384421 0.201041666666667
91.2587629016489 0.220833333333333
91.2789889648557 0.196875
91.2992150280625 0.214583333333333
91.3194410912693 0.202083333333333
91.339667154476 0.195833333333333
91.3598932176828 0.216666666666667
91.3801192808896 0.217708333333333
91.4003453440964 0.208333333333333
91.4205714073032 0.242708333333333
91.44079747051 0.234375
91.4610235337168 0.210416666666667
91.4812495969236 0.219791666666667
91.5014756601304 0.207291666666667
91.5217017233372 0.242708333333333
91.541927786544 0.228125
91.5621538497508 0.24375
91.5823799129575 0.2
91.6026059761643 0.205208333333333
91.6228320393711 0.203125
91.6430581025779 0.18125
91.6632841657847 0.202083333333333
91.6835102289915 0.197916666666667
91.7037362921983 0.215625
91.7239623554051 0.227083333333333
91.7441884186119 0.196875
91.7644144818187 0.176041666666667
91.7846405450255 0.210416666666667
91.8048666082323 0.2125
91.8250926714391 0.192708333333333
91.8453187346458 0.21875
91.8655447978526 0.1875
91.8857708610594 0.1875
91.9059969242662 0.20625
91.926222987473 0.204166666666667
91.9464490506798 0.208333333333333
91.9666751138866 0.209375
91.9869011770934 0.221875
92.0071272403002 0.195833333333333
