'Id: "" Comment: "" Operator: "Operator" Anode: "Cu" Wavelength: "1.5406" Scantype: "Coupled TwoTheta/Theta" TimePerStep: "42.64" X: "9999" Y: "9999" Z: "9999" 
10.00234 16.393
10.00641 16.628
10.01048 16.393
10.01455 16.792
10.01862 16.510
10.02268 17.964
10.02675 15.947
10.03082 16.041
10.03489 15.901
10.03896 16.135
10.04303 18.527
10.04709 16.628
10.05116 16.674
10.05523 17.190
10.05930 15.033
10.06337 15.830
10.06744 16.768
10.07151 15.432
10.07557 16.932
10.07964 15.502
10.08371 15.947
10.08778 15.619
10.09185 17.566
10.09592 18.410
10.09999 17.261
10.10405 17.425
10.10812 16.604
10.11219 16.721
10.11626 16.463
10.12033 14.916
10.12440 16.792
10.12846 18.222
10.13253 16.792
10.13660 16.886
10.14067 17.378
10.14474 16.979
10.14881 17.425
10.15288 17.237
10.15694 17.589
10.16101 16.299
10.16508 18.527
10.16915 16.557
10.17322 16.487
10.17729 16.417
10.18135 17.566
10.18542 17.284
10.18949 17.659
10.19356 17.589
10.19763 17.073
10.20170 18.058
10.20577 17.331
10.20983 17.050
10.21390 16.018
10.21797 17.308
10.22204 18.879
10.22611 17.378
10.23018 18.082
10.23425 17.753
10.23831 17.284
10.24238 18.011
10.24645 17.050
10.25052 17.988
10.25459 18.222
10.25866 16.886
10.26272 17.472
10.26679 17.425
10.27086 16.932
10.27493 17.003
10.27900 17.566
10.28307 16.956
10.28714 18.035
10.29120 17.120
10.29527 19.137
10.29934 17.472
10.30341 18.269
10.30748 17.941
10.31155 18.433
10.31561 17.824
10.31968 17.777
10.32375 19.278
10.32782 17.753
10.33189 18.809
10.33596 18.809
10.34003 17.683
10.34409 20.098
10.34816 19.676
10.35223 18.691
10.35630 18.902
10.36037 19.465
10.36444 18.410
10.36851 20.098
10.37257 18.621
10.37664 19.020
10.38071 19.114
10.38478 18.222
10.38885 17.847
10.39292 18.738
10.39698 18.551
10.40105 19.090
10.40512 20.310
10.40919 18.785
10.41326 18.973
10.41733 18.715
10.42140 19.278
10.42546 19.512
10.42953 19.559
10.43360 19.864
10.43767 19.114
10.44174 20.028
10.44581 17.144
10.44988 19.958
10.45394 19.887
10.45801 19.841
10.46208 18.246
10.46615 19.067
10.47022 19.348
10.47429 17.800
10.47835 19.583
10.48242 19.489
10.48649 18.902
10.49056 18.949
10.49463 18.879
10.49870 19.747
10.50277 18.973
10.50683 19.911
10.51090 20.052
10.51497 19.231
10.51904 17.871
10.52311 19.348
10.52718 18.926
10.53124 19.184
10.53531 19.536
10.53938 20.966
10.54345 20.028
10.54752 19.114
10.55159 19.536
10.55566 19.629
10.55972 19.325
10.56379 19.958
10.56786 20.263
10.57193 20.450
10.57600 20.239
10.58007 19.934
10.58414 19.817
10.58820 19.583
10.59227 19.841
10.59634 19.770
10.60041 21.693
10.60448 19.841
10.60855 19.536
10.61261 20.005
10.61668 19.723
10.62075 20.286
10.62482 20.966
10.62889 21.529
10.63296 20.591
10.63703 20.380
10.64109 21.130
10.64516 19.559
10.64923 20.356
10.65330 19.864
10.65737 21.951
10.66144 21.834
10.66551 21.224
10.66957 21.201
10.67364 21.553
10.67771 20.614
10.68178 21.928
10.68585 21.107
10.68992 21.365
10.69398 20.614
10.69805 21.107
10.70212 22.350
10.70619 21.553
10.71026 20.685
10.71433 20.966
10.71840 20.098
10.72246 21.177
10.72653 21.295
10.73060 20.755
10.73467 21.553
10.73874 21.224
10.74281 21.998
10.74687 21.177
10.75094 22.022
10.75501 21.130
10.75908 20.403
10.76315 22.350
10.76722 20.497
10.77129 22.280
10.77535 21.787
10.77942 20.169
10.78349 21.975
10.78756 20.966
10.79163 22.608
10.79570 21.529
10.79977 21.693
10.80383 20.333
10.80790 23.265
10.81197 22.209
10.81604 23.874
10.82011 21.529
10.82418 22.350
10.82824 21.224
10.83231 22.256
10.83638 22.960
10.84045 20.216
10.84452 22.233
10.84859 22.655
10.85266 22.702
10.85672 20.990
10.86079 22.092
10.86486 22.092
10.86893 21.904
10.87300 23.053
10.87707 22.584
10.88114 21.834
10.88520 21.341
10.88927 23.523
10.89334 23.265
10.89741 23.335
10.90148 22.444
10.90555 23.429
10.90961 21.693
10.91368 22.444
10.91775 22.538
10.92182 22.749
10.92589 22.960
10.92996 22.584
10.93403 23.241
10.93809 22.397
10.94216 23.546
10.94623 23.311
10.95030 23.171
10.95437 23.241
10.95844 22.326
10.96250 22.842
10.96657 23.077
10.97064 23.710
10.97471 21.975
10.97878 22.233
10.98285 22.467
10.98692 22.983
10.99098 22.631
10.99505 23.194
10.99912 21.693
11.00319 22.326
11.00726 22.678
11.01133 22.889
11.01540 23.968
11.01946 25.539
11.02353 22.538
11.02760 23.429
11.03167 22.022
11.03574 22.608
11.03981 23.616
11.04387 24.062
11.04794 23.734
11.05201 23.616
11.05608 23.382
11.06015 23.358
11.06422 23.757
11.06829 24.179
11.07235 23.265
11.07642 23.499
11.08049 24.367
11.08456 23.335
11.08863 25.164
11.09270 24.531
11.09676 22.467
11.10083 23.827
11.10490 23.358
11.10897 24.578
11.11304 23.147
11.11711 23.241
11.12118 23.827
11.12524 24.250
11.12931 24.531
11.13338 24.109
11.13745 24.812
11.14152 23.968
11.14559 24.484
11.14966 25.610
11.15372 24.508
11.15779 23.992
11.16186 25.633
11.16593 23.241
11.17000 24.719
11.17407 23.921
11.17813 24.038
11.18220 25.328
11.18627 25.492
11.19034 23.593
11.19441 24.296
11.19848 26.032
11.20255 26.196
11.20661 24.484
11.21068 24.695
11.21475 24.742
11.21882 24.719
11.22289 25.070
11.22696 24.578
11.23103 27.767
11.23509 23.945
11.23916 25.375
11.24323 24.695
11.24730 24.296
11.25137 24.625
11.25544 25.469
11.25950 25.868
11.26357 26.102
11.26764 23.546
11.27171 25.023
11.27578 25.164
11.27985 23.499
11.28392 26.970
11.28798 25.422
11.29205 24.062
11.29612 24.203
11.30019 24.672
11.30426 24.461
11.30833 24.695
11.31239 25.750
11.31646 25.399
11.32053 25.070
11.32460 24.930
11.32867 25.797
11.33274 24.578
11.33681 25.563
11.34087 25.328
11.34494 25.492
11.34901 23.874
11.35308 25.704
11.35715 24.672
11.36122 25.844
11.36529 26.008
11.36935 24.156
11.37342 27.392
11.37749 25.352
11.38156 25.868
11.38563 25.797
11.38970 24.953
11.39376 26.079
11.39783 26.313
11.40190 25.727
11.40597 26.829
11.41004 25.023
11.41411 25.446
11.41818 26.431
11.42224 25.704
11.42631 24.015
11.43038 26.900
11.43445 25.305
11.43852 25.446
11.44259 24.859
11.44666 25.868
11.45072 24.930
11.45479 25.844
11.45886 27.767
11.46293 26.055
11.46700 26.360
11.47107 26.102
11.47513 25.938
11.47920 26.290
11.48327 25.586
11.48734 25.164
11.49141 26.689
11.49548 26.102
11.49955 24.719
11.50361 26.712
11.50768 25.985
11.51175 24.156
11.51582 27.228
11.51989 24.578
11.52396 26.595
11.52802 26.829
11.53209 26.853
11.53616 26.266
11.54023 25.164
11.54430 26.384
11.54837 26.712
11.55244 26.618
11.55650 27.814
11.56057 26.102
11.56464 26.266
11.56871 25.492
11.57278 24.484
11.57685 27.416
11.58092 27.087
11.58498 27.533
11.58905 26.900
11.59312 25.633
11.59719 29.339
11.60126 27.087
11.60533 26.947
11.60939 27.181
11.61346 26.712
11.61753 26.548
11.62160 26.313
11.62567 27.509
11.62974 26.829
11.63381 24.906
11.63787 27.627
11.64194 27.650
11.64601 28.002
11.65008 27.392
11.65415 29.550
11.65822 27.462
11.66229 25.844
11.66635 27.369
11.67042 27.040
11.67449 26.735
11.67856 27.111
11.68263 27.064
11.68670 25.868
11.69076 28.283
11.69483 27.486
11.69890 29.432
11.70297 27.322
11.70704 27.392
11.71111 26.782
11.71518 27.275
11.71924 29.034
11.72331 27.181
11.72738 27.439
11.73145 27.251
11.73552 27.509
11.73959 27.650
11.74365 27.814
11.74772 26.360
11.75179 30.019
11.75586 27.462
11.75993 29.714
11.76400 27.556
11.76807 26.548
11.77213 28.471
11.77620 28.893
11.78027 28.025
11.78434 27.697
11.78841 28.682
11.79248 28.447
11.79655 28.494
11.80061 29.597
11.80468 28.189
11.80875 27.369
11.81282 28.283
11.81689 26.243
11.82096 27.439
11.82502 28.025
11.82909 27.627
11.83316 29.855
11.83723 26.501
11.84130 27.580
11.84537 27.767
11.84944 27.533
11.85350 28.236
11.85757 27.932
11.86164 27.744
11.86571 26.689
11.86978 29.010
11.87385 27.955
11.87792 28.189
11.88198 29.268
11.88605 28.096
11.89012 28.236
11.89419 29.386
11.89826 27.556
11.90233 29.902
11.90639 28.025
11.91046 28.518
11.91453 28.096
11.91860 28.424
11.92267 28.330
11.92674 27.861
11.93081 28.424
11.93487 29.479
11.93894 28.330
11.94301 28.612
11.94708 29.690
11.95115 28.893
11.95522 28.189
11.95928 27.627
11.96335 29.902
11.96742 27.416
11.97149 29.128
11.97556 28.870
11.97963 26.337
11.98370 29.245
11.98776 27.978
11.99183 27.486
11.99590 28.987
11.99997 27.462
12.00404 28.377
12.00811 27.697
12.01218 28.166
12.01624 29.878
12.02031 27.392
12.02438 29.104
12.02845 29.808
12.03252 28.189
12.03659 26.454
12.04065 27.509
12.04472 30.136
12.04879 27.932
12.05286 29.456
12.05693 29.221
12.06100 27.533
12.06507 29.526
12.06913 28.846
12.07320 29.831
12.07727 28.893
12.08134 29.315
12.08541 28.424
12.08948 26.923
12.09354 30.113
12.09761 29.057
12.10168 27.650
12.10575 27.603
12.10982 28.893
12.11389 29.221
12.11796 26.806
12.12202 27.697
12.12609 29.503
12.13016 29.128
12.13423 29.409
12.13830 28.776
12.14237 29.432
12.14644 29.526
12.15050 28.799
12.15457 28.799
12.15864 27.767
12.16271 28.471
12.16678 27.416
12.17085 28.494
12.17491 29.174
12.17898 28.870
12.18305 26.829
12.18712 29.972
12.19119 30.441
12.19526 27.509
12.19933 27.814
12.20339 27.533
12.20746 29.409
12.21153 26.595
12.21560 28.752
12.21967 31.543
12.22374 28.776
12.22781 29.081
12.23187 30.183
12.23594 30.136
12.24001 30.136
12.24408 28.260
12.24815 30.417
12.25222 30.230
12.25628 31.027
12.26035 29.479
12.26442 29.690
12.26849 30.253
12.27256 28.917
12.27663 28.565
12.28070 30.066
12.28476 30.535
12.28883 31.051
12.29290 28.705
12.29697 30.136
12.30104 28.330
12.30511 29.432
12.30917 29.784
12.31324 29.104
12.31731 29.268
12.32138 28.893
12.32545 28.541
12.32952 29.550
12.33359 28.963
12.33765 29.855
12.34172 29.362
12.34579 29.456
12.34986 29.784
12.35393 27.392
12.35800 28.471
12.36207 30.840
12.36613 29.479
12.37020 29.972
12.37427 27.978
12.37834 28.236
12.38241 29.948
12.38648 29.034
12.39054 30.277
12.39461 29.315
12.39868 29.644
12.40275 29.948
12.40682 28.424
12.41089 31.473
12.41496 28.682
12.41902 29.644
12.42309 29.034
12.42716 29.386
12.43123 31.684
12.43530 30.769
12.43937 28.729
12.44344 30.300
12.44750 29.972
12.45157 28.893
12.45564 30.371
12.45971 29.503
12.46378 29.526
12.46785 29.831
12.47191 29.104
12.47598 29.573
12.48005 29.948
12.48412 31.942
12.48819 29.104
12.49226 31.895
12.49633 31.004
12.50039 29.198
12.50446 30.980
12.50853 28.330
12.51260 30.699
12.51667 30.722
12.52074 31.402
12.52480 31.379
12.52887 28.354
12.53294 29.925
12.53701 28.565
12.54108 29.714
12.54515 29.526
12.54922 31.473
12.55328 28.940
12.55735 29.339
12.56142 30.347
12.56549 31.238
12.56956 29.878
12.57363 30.652
12.57770 28.729
12.58176 29.526
12.58583 28.494
12.58990 29.644
12.59397 29.737
12.59804 30.582
12.60211 29.128
12.60617 30.253
12.61024 30.816
12.61431 31.473
12.61838 30.159
12.62245 29.550
12.62652 30.441
12.63059 28.377
12.63465 29.268
12.63872 31.402
12.64279 30.113
12.64686 30.206
12.65093 32.950
12.65500 29.057
12.65907 29.526
12.66313 31.027
12.66720 30.840
12.67127 30.394
12.67534 28.729
12.67941 30.910
12.68348 29.831
12.68754 29.104
12.69161 29.878
12.69568 30.324
12.69975 29.526
12.70382 30.089
12.70789 31.660
12.71196 28.776
12.71602 30.582
12.72009 31.074
12.72416 30.159
12.72823 29.784
12.73230 30.113
12.73637 32.669
12.74043 30.441
12.74450 29.573
12.74857 29.432
12.75264 28.635
12.75671 31.285
12.76078 28.940
12.76485 31.027
12.76891 29.550
12.77298 30.840
12.77705 30.933
12.78112 29.339
12.78519 30.019
12.78926 30.629
12.79333 29.479
12.79739 30.019
12.80146 32.528
12.80553 30.863
12.80960 28.846
12.81367 29.925
12.81774 30.980
12.82180 29.010
12.82587 30.089
12.82994 31.567
12.83401 29.855
12.83808 31.332
12.84215 30.019
12.84622 30.324
12.85028 29.690
12.85435 30.605
12.85842 30.253
12.86249 28.260
12.86656 30.675
12.87063 31.426
12.87469 30.933
12.87876 31.989
12.88283 29.292
12.88690 31.215
12.89097 31.801
12.89504 29.714
12.89911 30.769
12.90317 31.356
12.90724 30.675
12.91131 31.285
12.91538 29.855
12.91945 31.215
12.92352 30.417
12.92759 31.614
12.93165 29.714
12.93572 29.198
12.93979 33.021
12.94386 30.277
12.94793 29.315
12.95200 30.019
12.95606 31.051
12.96013 30.347
12.96420 29.831
12.96827 31.684
12.97234 31.895
12.97641 30.441
12.98048 31.379
12.98454 29.339
12.98861 30.535
12.99268 31.191
12.99675 31.191
13.00082 32.645
13.00489 28.870
13.00896 31.848
13.01302 31.989
13.01709 29.456
13.02116 31.590
13.02523 31.848
13.02930 31.637
13.03337 31.614
13.03743 30.511
13.04150 30.980
13.04557 30.113
13.04964 30.253
13.05371 30.840
13.05778 32.012
13.06185 32.341
13.06591 31.848
13.06998 31.051
13.07405 30.652
13.07812 31.918
13.08219 31.543
13.08626 30.957
13.09032 32.411
13.09439 30.886
13.09846 31.660
13.10253 31.989
13.10660 31.215
13.11067 32.669
13.11474 30.769
13.11880 30.511
13.12287 32.387
13.12694 30.464
13.13101 32.481
13.13508 30.324
13.13915 31.144
13.14322 30.230
13.14728 31.825
13.15135 31.074
13.15542 32.223
13.15949 30.582
13.16356 32.106
13.16763 30.886
13.17169 29.644
13.17576 31.262
13.17983 31.144
13.18390 31.144
13.18797 29.386
13.19204 31.942
13.19611 30.769
13.20017 29.831
13.20424 32.083
13.20831 31.191
13.21238 31.801
13.21645 30.863
13.22052 31.144
13.22459 31.895
13.22865 30.488
13.23272 33.044
13.23679 31.051
13.24086 30.253
13.24493 31.051
13.24900 32.434
13.25306 29.198
13.25713 31.825
13.26120 32.411
13.26527 31.520
13.26934 28.213
13.27341 31.238
13.27748 30.699
13.28154 30.417
13.28561 32.669
13.28968 32.083
13.29375 32.505
13.29782 29.714
13.30189 34.170
13.30595 31.942
13.31002 29.268
13.31409 31.989
13.31816 30.605
13.32223 32.481
13.32630 32.176
13.33037 32.575
13.33443 31.356
13.33850 30.652
13.34257 29.104
13.34664 32.481
13.35071 29.667
13.35478 30.652
13.35885 31.426
13.36291 30.816
13.36698 31.168
13.37105 31.356
13.37512 31.191
13.37919 31.754
13.38326 31.285
13.38732 32.833
13.39139 29.761
13.39546 31.567
13.39953 32.294
13.40360 31.262
13.40767 33.443
13.41174 29.902
13.41580 31.614
13.41987 30.863
13.42394 33.255
13.42801 32.716
13.43208 30.464
13.43615 32.880
13.44022 33.372
13.44428 31.895
13.44835 31.637
13.45242 30.113
13.45649 29.151
13.46056 30.629
13.46463 30.793
13.46869 33.935
13.47276 30.957
13.47683 30.417
13.48090 30.957
13.48497 33.302
13.48904 33.044
13.49311 31.004
13.49717 31.449
13.50124 32.106
13.50531 32.903
13.50938 32.129
13.51345 29.761
13.51752 33.138
13.52158 31.989
13.52565 32.012
13.52972 31.801
13.53379 31.965
13.53786 30.840
13.54193 32.645
13.54600 31.801
13.55006 31.684
13.55413 30.933
13.55820 30.629
13.56227 33.748
13.56634 32.341
13.57041 31.590
13.57448 31.356
13.57854 31.473
13.58261 33.349
13.58668 31.191
13.59075 31.918
13.59482 32.153
13.59889 31.191
13.60295 33.208
13.60702 33.326
13.61109 33.279
13.61516 32.692
13.61923 31.567
13.62330 31.965
13.62737 30.582
13.63143 32.481
13.63550 30.652
13.63957 31.871
13.64364 31.965
13.64771 30.886
13.65178 32.176
13.65584 33.021
13.65991 30.488
13.66398 32.294
13.66805 31.895
13.67212 31.942
13.67619 32.317
13.68026 32.387
13.68432 33.068
13.68839 30.722
13.69246 32.692
13.69653 33.161
13.70060 32.481
13.70467 31.871
13.70874 31.473
13.71280 32.716
13.71687 31.496
13.72094 33.560
13.72501 32.739
13.72908 32.810
13.73315 33.583
13.73721 31.144
13.74128 32.387
13.74535 33.607
13.74942 31.402
13.75349 32.856
13.75756 31.731
13.76163 32.129
13.76569 32.950
13.76976 30.066
13.77383 34.099
13.77790 31.754
13.78197 33.537
13.78604 32.528
13.79011 32.036
13.79417 33.326
13.79824 31.965
13.80231 31.027
13.80638 32.059
13.81045 33.583
13.81452 32.927
13.81858 32.927
13.82265 33.279
13.82672 35.858
13.83079 31.590
13.83486 33.630
13.83893 32.270
13.84300 33.724
13.84706 32.270
13.85113 33.818
13.85520 34.170
13.85927 33.138
13.86334 33.466
13.86741 33.349
13.87147 31.402
13.87554 32.575
13.87961 34.428
13.88368 32.669
13.88775 32.810
13.89182 30.464
13.89589 32.247
13.89995 32.505
13.90402 32.129
13.90809 32.247
13.91216 34.217
13.91623 32.434
13.92030 32.247
13.92437 32.763
13.92843 31.707
13.93250 34.780
13.93657 33.349
13.94064 32.036
13.94471 32.294
13.94878 32.434
13.95284 31.918
13.95691 34.311
13.96098 33.044
13.96505 31.825
13.96912 32.176
13.97319 33.771
13.97726 33.959
13.98132 33.396
13.98539 33.302
13.98946 33.630
13.99353 33.630
13.99760 33.161
14.00167 33.091
14.00574 33.490
14.00980 34.568
14.01387 32.317
14.01794 34.920
14.02201 31.801
14.02608 33.349
14.03015 32.856
14.03421 33.607
14.03828 34.076
14.04235 31.731
14.04642 32.364
14.05049 33.255
14.05456 33.372
14.05863 31.449
14.06269 30.793
14.06676 33.021
14.07083 33.138
14.07490 31.801
14.07897 35.342
14.08304 32.763
14.08710 33.841
14.09117 33.068
14.09524 33.302
14.09931 34.850
14.10338 33.513
14.10745 34.733
14.11152 33.185
14.11558 32.059
14.11965 33.865
14.12372 34.053
14.12779 33.701
14.13186 34.006
14.13593 34.357
14.14000 34.240
14.14406 34.146
14.14813 32.974
14.15220 33.279
14.15627 34.053
14.16034 33.232
14.16441 32.997
14.16847 34.357
14.17254 34.404
14.17661 34.287
14.18068 33.771
14.18475 33.208
14.18882 33.583
14.19289 33.232
14.19695 33.795
14.20102 34.334
14.20509 30.441
14.20916 33.372
14.21323 34.498
14.21730 35.249
14.22137 33.724
14.22543 33.560
14.22950 34.311
14.23357 32.247
14.23764 33.771
14.24171 34.920
14.24578 33.091
14.24984 32.763
14.25391 33.466
14.25798 34.756
14.26205 34.615
14.26612 33.630
14.27019 33.419
14.27426 32.903
14.27832 35.225
14.28239 32.903
14.28646 34.780
14.29053 33.607
14.29460 35.835
14.29867 32.294
14.30273 34.170
14.30680 34.264
14.31087 34.404
14.31494 33.372
14.31901 30.793
14.32308 35.108
14.32715 34.451
14.33121 33.677
14.33528 35.272
14.33935 33.255
14.34342 34.287
14.34749 32.950
14.35156 33.466
14.35563 33.537
14.35969 33.982
14.36376 34.967
14.36783 34.381
14.37190 34.287
14.37597 36.234
14.38004 33.068
14.38410 35.600
14.38817 34.334
14.39224 35.084
14.39631 35.389
14.40038 34.686
14.40445 34.662
14.40852 34.498
14.41258 34.076
14.41665 34.170
14.42072 34.568
14.42479 34.381
14.42886 34.498
14.43293 33.982
14.43699 34.264
14.44106 33.630
14.44513 32.856
14.44920 33.771
14.45327 35.624
14.45734 33.724
14.46141 35.507
14.46547 32.270
14.46954 33.677
14.47361 34.357
14.47768 35.835
14.48175 36.234
14.48582 34.029
14.48989 33.302
14.49395 32.739
14.49802 36.398
14.50209 33.255
14.50616 33.326
14.51023 32.903
14.51430 35.835
14.51836 34.920
14.52243 36.726
14.52650 34.991
14.53057 35.155
14.53464 33.959
14.53871 34.873
14.54278 34.709
14.54684 33.583
14.55091 33.818
14.55498 32.903
14.55905 33.959
14.56312 34.615
14.56719 35.061
14.57126 33.372
14.57532 33.982
14.57939 35.249
14.58346 35.295
14.58753 36.538
14.59160 33.560
14.59567 33.724
14.59973 35.061
14.60380 34.146
14.60787 34.381
14.61194 34.709
14.61601 34.568
14.62008 34.826
14.62415 36.421
14.62821 36.116
14.63228 34.029
14.63635 34.545
14.64042 32.083
14.64449 33.044
14.64856 35.014
14.65262 36.468
14.65669 35.835
14.66076 36.163
14.66483 36.726
14.66890 34.639
14.67297 35.389
14.67704 35.436
14.68110 36.679
14.68517 34.991
14.68924 33.138
14.69331 36.210
14.69738 33.560
14.70145 33.677
14.70552 35.249
14.70958 34.146
14.71365 34.076
14.71772 35.014
14.72179 35.413
14.72586 34.662
14.72993 35.624
14.73399 34.217
14.73806 35.765
14.74213 37.336
14.74620 33.114
14.75027 36.304
14.75434 34.686
14.75841 34.920
14.76247 34.498
14.76654 35.624
14.77061 34.709
14.77468 34.756
14.77875 35.671
14.78282 36.351
14.78689 37.735
14.79095 37.477
14.79502 37.312
14.79909 36.538
14.80316 36.585
14.80723 35.788
14.81130 34.709
14.81536 35.553
14.81943 35.952
14.82350 36.468
14.82757 35.342
14.83164 34.991
14.83571 38.180
14.83978 35.038
14.84384 36.116
14.84791 35.905
14.85198 36.023
14.85605 34.123
14.86012 34.897
14.86419 36.937
14.86825 35.858
14.87232 36.890
14.87639 35.272
14.88046 37.852
14.88453 35.202
14.88860 38.204
14.89267 34.662
14.89673 35.835
14.90080 35.436
14.90487 36.257
14.90894 35.061
14.91301 36.890
14.91708 36.374
14.92115 38.063
14.92521 35.765
14.92928 36.140
14.93335 37.852
14.93742 35.811
14.94149 36.773
14.94556 36.820
14.94962 38.063
14.95369 36.468
14.95776 36.703
14.96183 36.140
14.96590 36.046
14.96997 36.069
14.97404 36.398
14.97810 36.820
14.98217 35.858
14.98624 35.553
14.99031 36.069
14.99438 35.366
14.99845 36.093
15.00252 36.515
15.00658 36.703
15.01065 36.445
15.01472 36.562
15.01879 37.805
15.02286 35.671
15.02693 37.430
15.03099 36.210
15.03506 36.984
15.03913 36.656
15.04320 35.765
15.04727 37.570
15.05134 36.116
15.05541 35.295
15.05947 36.867
15.06354 36.023
15.06761 36.468
15.07168 35.765
15.07575 35.905
15.07982 36.257
15.08388 36.937
15.08795 36.703
15.09202 36.984
15.09609 36.116
15.10016 37.500
15.10423 34.873
15.10830 36.890
15.11236 35.038
15.11643 35.507
15.12050 36.984
15.12457 37.359
15.12864 34.498
15.13271 36.351
15.13678 36.773
15.14084 37.242
15.14491 37.406
15.14898 37.008
15.15305 36.750
15.15712 36.796
15.16119 38.039
15.16525 36.327
15.16932 38.837
15.17339 34.756
15.17746 34.404
15.18153 37.336
15.18560 38.250
15.18967 36.069
15.19373 35.084
15.19780 36.515
15.20187 38.438
15.20594 36.140
15.21001 37.594
15.21408 37.312
15.21815 35.600
15.22221 37.781
15.22628 36.515
15.23035 35.249
15.23442 36.750
15.23849 39.048
15.24256 36.280
15.24662 38.086
15.25069 37.547
15.25476 38.086
15.25883 37.547
15.26290 37.992
15.26697 38.579
15.27104 37.570
15.27510 37.219
15.27917 37.617
15.28324 36.726
15.28731 37.054
15.29138 37.711
15.29545 37.781
15.29951 38.133
15.30358 37.500
15.30765 39.212
15.31172 38.086
15.31579 38.297
15.31986 36.515
15.32393 34.498
15.32799 37.969
15.33206 39.447
15.33613 38.321
15.34020 36.421
15.34427 37.711
15.34834 37.265
15.35241 39.540
15.35647 36.984
15.36054 36.374
15.36461 37.265
15.36868 38.532
15.37275 37.781
15.37682 40.314
15.38088 37.875
15.38495 37.359
15.38902 37.477
15.39309 35.436
15.39716 38.766
15.40123 40.080
15.40530 37.805
15.40936 37.711
15.41343 38.157
15.41750 36.703
15.42157 39.540
15.42564 38.110
15.42971 38.907
15.43377 37.781
15.43784 37.781
15.44191 37.078
15.44598 38.977
15.45005 38.462
15.45412 40.103
15.45819 37.594
15.46225 38.790
15.46632 38.907
15.47039 36.890
15.47446 39.095
15.47853 38.250
15.48260 36.961
15.48667 37.899
15.49073 38.555
15.49480 37.664
15.49887 38.415
15.50294 36.632
15.50701 38.485
15.51108 37.899
15.51514 39.751
15.51921 37.219
15.52328 37.172
15.52735 38.532
15.53142 39.845
15.53549 40.267
15.53956 39.095
15.54362 38.063
15.54769 38.438
15.55176 37.101
15.55583 39.540
15.55990 39.845
15.56397 36.937
15.56804 36.562
15.57210 37.547
15.57617 37.711
15.58024 38.743
15.58431 40.408
15.58838 37.336
15.59245 38.555
15.59651 36.843
15.60058 37.406
15.60465 40.174
15.60872 38.133
15.61279 38.297
15.61686 38.790
15.62093 39.986
15.62499 38.860
15.62906 38.884
15.63313 38.462
15.63720 39.118
15.64127 38.884
15.64534 39.681
15.64940 38.274
15.65347 38.931
15.65754 40.478
15.66161 36.914
15.66568 40.009
15.66975 37.758
15.67382 39.869
15.67788 40.080
15.68195 38.485
15.68602 38.579
15.69009 38.602
15.69416 38.274
15.69823 40.291
15.70230 40.478
15.70636 40.408
15.71043 40.736
15.71450 39.845
15.71857 40.267
15.72264 38.391
15.72671 38.720
15.73077 38.180
15.73484 40.314
15.73891 38.391
15.74298 39.095
15.74705 38.602
15.75112 40.080
15.75519 40.572
15.75925 39.705
15.76332 37.336
15.76739 39.259
15.77146 39.142
15.77553 39.142
15.77960 41.159
15.78367 40.361
15.78773 40.549
15.79180 36.468
15.79587 40.056
15.79994 40.080
15.80401 39.493
15.80808 38.954
15.81214 39.353
15.81621 37.899
15.82028 41.393
15.82435 38.931
15.82842 39.517
15.83249 39.705
15.83656 38.157
15.84062 39.493
15.84469 38.415
15.84876 39.658
15.85283 39.751
15.85690 39.916
15.86097 40.572
15.86503 40.666
15.86910 39.282
15.87317 38.696
15.87724 39.282
15.88131 41.534
15.88538 39.400
15.88945 39.798
15.89351 39.212
15.89758 39.212
15.90165 39.282
15.90572 39.118
15.90979 39.259
15.91386 37.594
15.91793 38.250
15.92199 41.135
15.92606 40.080
15.93013 39.939
15.93420 38.884
15.93827 39.939
15.94234 40.478
15.94640 41.323
15.95047 41.487
15.95454 39.024
15.95861 41.698
15.96268 39.189
15.96675 40.549
15.97082 42.402
15.97488 39.282
15.97895 40.478
15.98302 41.979
15.98709 41.534
15.99116 40.830
15.99523 39.259
15.99930 41.323
16.00336 42.566
16.00743 40.197
16.01150 40.338
16.01557 39.400
16.01964 41.417
16.02371 41.886
16.02777 40.666
16.03184 41.393
16.03591 40.291
16.03998 40.244
16.04405 39.071
16.04812 41.135
16.05219 40.080
16.05625 39.728
16.06032 41.698
16.06439 42.824
16.06846 40.713
16.07253 38.931
16.07660 40.291
16.08066 38.837
16.08473 41.768
16.08880 39.751
16.09287 40.150
16.09694 41.721
16.10101 41.956
16.10508 39.306
16.10914 40.877
16.11321 40.385
16.11728 40.127
16.12135 39.939
16.12542 40.994
16.12949 38.157
16.13356 41.346
16.13762 40.502
16.14169 40.713
16.14576 39.493
16.14983 40.150
16.15390 41.534
16.15797 39.306
16.16203 39.658
16.16610 40.220
16.17017 42.073
16.17424 40.947
16.17831 41.229
16.18238 40.056
16.18645 42.448
16.19051 39.282
16.19458 39.962
16.19865 41.534
16.20272 40.619
16.20679 41.510
16.21086 42.144
16.21492 41.651
16.21899 39.142
16.22306 40.760
16.22713 40.877
16.23120 41.229
16.23527 42.284
16.23934 40.854
16.24340 41.159
16.24747 41.651
16.25154 40.033
16.25561 41.534
16.25968 40.901
16.26375 43.293
16.26782 43.551
16.27188 39.822
16.27595 42.261
16.28002 40.901
16.28409 40.877
16.28816 42.636
16.29223 40.174
16.29629 42.425
16.30036 42.964
16.30443 41.956
16.30850 42.448
16.31257 41.487
16.31664 39.400
16.32071 39.376
16.32477 41.628
16.32884 39.376
16.33291 41.956
16.33698 43.222
16.34105 39.259
16.34512 41.745
16.34919 42.261
16.35325 42.308
16.35732 41.534
16.36139 40.713
16.36546 41.956
16.36953 41.205
16.37360 41.886
16.37766 43.011
16.38173 43.082
16.38580 41.674
16.38987 42.894
16.39394 41.745
16.39801 39.282
16.40208 41.487
16.40614 42.706
16.41021 40.619
16.41428 41.205
16.41835 41.252
16.42242 40.689
16.42649 39.212
16.43055 42.472
16.43462 42.566
16.43869 40.689
16.44276 42.331
16.44683 39.962
16.45090 43.035
16.45497 41.276
16.45903 42.566
16.46310 37.711
16.46717 43.410
16.47124 41.299
16.47531 42.097
16.47938 42.355
16.48345 42.472
16.48751 41.792
16.49158 44.231
16.49565 41.932
16.49972 41.299
16.50379 41.346
16.50786 42.988
16.51192 43.269
16.51599 42.659
16.52006 43.199
16.52413 43.480
16.52820 42.659
16.53227 40.432
16.53634 43.293
16.54040 42.589
16.54447 42.683
16.54854 41.862
16.55261 42.847
16.55668 44.254
16.56075 42.988
16.56482 42.214
16.56888 41.651
16.57295 40.619
16.57702 40.760
16.58109 41.674
16.58516 40.689
16.58923 42.331
16.59329 43.035
16.59736 43.058
16.60143 41.604
16.60550 41.581
16.60957 41.674
16.61364 44.465
16.61771 41.557
16.62177 43.691
16.62584 42.402
16.62991 42.964
16.63398 41.956
16.63805 42.050
16.64212 43.598
16.64618 39.306
16.65025 41.698
16.65432 41.299
16.65839 41.792
16.66246 42.167
16.66653 43.082
16.67060 41.417
16.67466 42.730
16.67873 41.768
16.68280 43.504
16.68687 44.043
16.69094 43.082
16.69501 42.800
16.69908 40.901
16.70314 43.738
16.70721 43.809
16.71128 42.519
16.71535 43.856
16.71942 42.800
16.72349 42.706
16.72755 40.736
16.73162 42.050
16.73569 43.668
16.73976 42.402
16.74383 42.659
16.74790 44.207
16.75197 42.472
16.75603 42.519
16.76010 44.020
16.76417 41.534
16.76824 42.589
16.77231 41.956
16.77638 43.082
16.78045 42.214
16.78451 43.996
16.78858 42.824
16.79265 41.510
16.79672 44.676
16.80079 42.519
16.80486 42.402
16.80892 43.527
16.81299 42.261
16.81706 43.175
16.82113 40.502
16.82520 45.685
16.82927 43.480
16.83334 42.378
16.83740 42.472
16.84147 43.340
16.84554 42.214
16.84961 42.050
16.85368 43.480
16.85775 42.871
16.86181 42.425
16.86588 43.504
16.86995 41.088
16.87402 42.847
16.87809 41.651
16.88216 45.802
16.88623 44.465
16.89029 43.082
16.89436 42.730
16.89843 42.800
16.90250 43.856
16.90657 44.536
16.91064 40.736
16.91471 44.465
16.91877 42.472
16.92284 44.887
16.92691 42.566
16.93098 43.598
16.93505 41.956
16.93912 44.606
16.94318 42.706
16.94725 42.120
16.95132 42.026
16.95539 42.871
16.95946 41.440
16.96353 43.879
16.96760 42.214
16.97166 42.988
16.97573 44.371
16.97980 44.067
16.98387 43.199
16.98794 43.269
16.99201 43.715
16.99607 43.363
17.00014 44.278
17.00421 43.269
17.00828 44.700
17.01235 43.598
17.01642 45.521
17.02049 42.448
17.02455 45.263
17.02862 43.856
17.03269 44.348
17.03676 43.316
17.04083 43.035
17.04490 42.425
17.04897 42.941
17.05303 43.105
17.05710 44.934
17.06117 45.474
17.06524 44.442
17.06931 44.395
17.07338 44.887
17.07744 45.661
17.08151 41.721
17.08558 42.917
17.08965 45.028
17.09372 43.269
17.09779 43.152
17.10186 44.512
17.10592 43.340
17.10999 43.222
17.11406 45.169
17.11813 42.261
17.12220 46.177
17.12627 42.941
17.13034 43.715
17.13440 41.534
17.13847 43.246
17.14254 42.847
17.14661 43.996
17.15068 42.495
17.15475 44.301
17.15881 42.308
17.16288 42.659
17.16695 43.504
17.17102 45.310
17.17509 43.856
17.17916 44.489
17.18323 46.928
17.18729 43.996
17.19136 44.395
17.19543 44.395
17.19950 45.732
17.20357 44.817
17.20764 44.020
17.21170 44.325
17.21577 43.105
17.21984 45.310
17.22391 44.278
17.22798 41.979
17.23205 44.278
17.23612 43.551
17.24018 45.075
17.24425 45.263
17.24832 43.996
17.25239 42.636
17.25646 44.395
17.26053 45.685
17.26460 43.785
17.26866 45.896
17.27273 41.698
17.27680 42.988
17.28087 43.363
17.28494 43.715
17.28901 45.216
17.29307 43.222
17.29714 46.224
17.30121 44.653
17.30528 44.911
17.30935 43.269
17.31342 44.794
17.31749 43.246
17.32155 43.691
17.32562 44.817
17.32969 44.817
17.33376 44.794
17.33783 41.346
17.34190 42.706
17.34597 43.691
17.35003 43.433
17.35410 43.926
17.35817 42.425
17.36224 44.114
17.36631 43.644
17.37038 43.269
17.37444 45.122
17.37851 44.676
17.38258 42.050
17.38665 44.254
17.39072 45.169
17.39479 41.909
17.39886 45.427
17.40292 43.902
17.40699 44.184
17.41106 44.934
17.41513 44.817
17.41920 43.316
17.42327 45.826
17.42733 45.310
17.43140 41.252
17.43547 42.683
17.43954 43.738
17.44361 43.996
17.44768 42.566
17.45175 44.887
17.45581 44.137
17.45988 44.348
17.46395 44.794
17.46802 43.715
17.47209 44.934
17.47616 42.917
17.48023 43.152
17.48429 45.310
17.48836 43.949
17.49243 44.723
17.49650 45.521
17.50057 43.691
17.50464 44.747
17.50870 46.341
17.51277 45.497
17.51684 43.856
17.52091 43.527
17.52498 44.020
17.52905 44.325
17.53312 41.674
17.53718 44.231
17.54125 41.557
17.54532 45.849
17.54939 44.723
17.55346 42.331
17.55753 43.246
17.56160 45.028
17.56566 43.269
17.56973 43.058
17.57380 43.879
17.57787 46.553
17.58194 43.175
17.58601 42.730
17.59007 44.723
17.59414 45.826
17.59821 44.747
17.60228 44.981
17.60635 43.715
17.61042 46.951
17.61449 44.020
17.61855 45.427
17.62262 42.941
17.62669 44.090
17.63076 44.864
17.63483 45.052
17.63890 42.237
17.64296 44.958
17.64703 42.777
17.65110 44.114
17.65517 43.363
17.65924 45.427
17.66331 44.160
17.66738 44.418
17.67144 43.785
17.67551 44.934
17.67958 46.271
17.68365 44.278
17.68772 43.363
17.69179 44.278
17.69586 44.794
17.69992 44.536
17.70399 44.325
17.70806 44.278
17.71213 43.386
17.71620 44.653
17.72027 45.568
17.72433 45.122
17.72840 42.964
17.73247 44.700
17.73654 43.598
17.74061 44.864
17.74468 44.676
17.74875 44.606
17.75281 45.427
17.75688 45.849
17.76095 45.826
17.76502 44.254
17.76909 43.762
17.77316 44.325
17.77722 44.395
17.78129 46.201
17.78536 42.941
17.78943 44.418
17.79350 46.037
17.79757 42.495
17.80164 44.723
17.80570 42.073
17.80977 44.723
17.81384 46.224
17.81791 45.450
17.82198 44.137
17.82605 43.668
17.83012 46.248
17.83418 43.433
17.83825 43.527
17.84232 43.668
17.84639 45.474
17.85046 42.026
17.85453 46.482
17.85859 42.800
17.86266 43.105
17.86673 45.169
17.87080 46.037
17.87487 45.122
17.87894 46.670
17.88301 45.474
17.88707 44.629
17.89114 44.583
17.89521 44.114
17.89928 46.553
17.90335 43.832
17.90742 45.310
17.91149 46.037
17.91555 44.583
17.91962 42.777
17.92369 45.075
17.92776 47.444
17.93183 45.591
17.93590 43.879
17.93996 42.917
17.94403 43.480
17.94810 42.073
17.95217 44.606
17.95624 47.045
17.96031 42.847
17.96438 43.832
17.96844 44.536
17.97251 44.887
17.97658 43.644
17.98065 43.856
17.98472 42.894
17.98879 44.301
17.99285 44.864
17.99692 44.254
18.00099 44.934
18.00506 42.894
18.00913 43.856
18.01320 44.160
18.01727 44.653
18.02133 43.433
18.02540 44.067
18.02947 45.239
18.03354 43.316
18.03761 44.934
18.04168 45.333
18.04575 45.614
18.04981 43.785
18.05388 43.527
18.05795 46.130
18.06202 44.489
18.06609 43.598
18.07016 43.879
18.07422 44.020
18.07829 44.090
18.08236 43.926
18.08643 46.271
18.09050 44.371
18.09457 44.629
18.09864 46.975
18.10270 43.809
18.10677 42.753
18.11084 44.442
18.11491 42.941
18.11898 43.457
18.12305 44.559
18.12712 43.621
18.13118 42.683
18.13525 45.474
18.13932 46.388
18.14339 45.169
18.14746 42.636
18.15153 42.800
18.15559 44.606
18.15966 44.114
18.16373 44.254
18.16780 43.926
18.17187 42.964
18.17594 43.691
18.18001 45.685
18.18407 45.286
18.18814 45.450
18.19221 43.480
18.19628 45.990
18.20035 44.676
18.20442 44.184
18.20848 43.598
18.21255 44.606
18.21662 45.521
18.22069 44.090
18.22476 43.668
18.22883 44.254
18.23290 43.269
18.23696 44.090
18.24103 41.979
18.24510 43.480
18.24917 43.316
18.25324 44.231
18.25731 44.231
18.26138 44.371
18.26544 41.557
18.26951 43.996
18.27358 44.653
18.27765 43.433
18.28172 43.410
18.28579 44.559
18.28985 43.902
18.29392 44.254
18.29799 45.779
18.30206 43.949
18.30613 42.589
18.31020 43.738
18.31427 42.448
18.31833 44.629
18.32240 44.465
18.32647 47.022
18.33054 44.958
18.33461 45.286
18.33868 44.067
18.34275 46.623
18.34681 41.370
18.35088 42.589
18.35495 42.613
18.35902 44.371
18.36309 43.926
18.36716 45.732
18.37122 45.216
18.37529 41.792
18.37936 45.216
18.38343 44.770
18.38750 43.973
18.39157 44.067
18.39564 42.566
18.39970 41.862
18.40377 44.371
18.40784 43.386
18.41191 44.184
18.41598 42.144
18.42005 45.192
18.42411 45.403
18.42818 45.826
18.43225 43.668
18.43632 44.934
18.44039 43.269
18.44446 44.325
18.44853 41.839
18.45259 45.380
18.45666 43.199
18.46073 43.129
18.46480 45.497
18.46887 44.559
18.47294 44.184
18.47701 43.222
18.48107 43.480
18.48514 42.120
18.48921 43.269
18.49328 43.856
18.49735 44.981
18.50142 42.917
18.50548 44.747
18.50955 43.879
18.51362 42.026
18.51769 44.653
18.52176 42.050
18.52583 45.497
18.52990 43.340
18.53396 42.308
18.53803 42.636
18.54210 42.284
18.54617 43.644
18.55024 42.144
18.55431 42.800
18.55838 42.167
18.56244 43.082
18.56651 43.644
18.57058 42.026
18.57465 45.169
18.57872 44.184
18.58279 42.378
18.58685 41.956
18.59092 41.956
18.59499 44.254
18.59906 43.856
18.60313 41.557
18.60720 42.871
18.61127 42.964
18.61533 42.167
18.61940 41.909
18.62347 41.979
18.62754 44.817
18.63161 44.371
18.63568 41.674
18.63974 45.661
18.64381 42.683
18.64788 43.551
18.65195 45.755
18.65602 43.011
18.66009 43.340
18.66416 43.222
18.66822 44.489
18.67229 43.691
18.67636 43.644
18.68043 43.269
18.68450 43.082
18.68857 41.604
18.69264 45.028
18.69670 42.237
18.70077 43.879
18.70484 43.832
18.70891 43.785
18.71298 41.932
18.71705 42.871
18.72111 43.386
18.72518 43.973
18.72925 42.026
18.73332 42.871
18.73739 43.809
18.74146 41.862
18.74553 43.809
18.74959 42.964
18.75366 43.668
18.75773 44.348
18.76180 43.644
18.76587 43.129
18.76994 42.636
18.77400 44.137
18.77807 43.598
18.78214 42.050
18.78621 44.442
18.79028 44.536
18.79435 42.917
18.79842 42.659
18.80248 41.323
18.80655 43.011
18.81062 42.308
18.81469 41.815
18.81876 44.043
18.82283 43.175
18.82690 42.566
18.83096 42.988
18.83503 42.800
18.83910 40.713
18.84317 44.747
18.84724 43.879
18.85131 42.753
18.85537 43.715
18.85944 43.293
18.86351 44.254
18.86758 41.628
18.87165 42.566
18.87572 40.971
18.87979 42.050
18.88385 41.932
18.88792 42.941
18.89199 45.333
18.89606 43.246
18.90013 43.269
18.90420 42.917
18.90827 42.472
18.91233 42.448
18.91640 42.448
18.92047 42.964
18.92454 40.783
18.92861 42.378
18.93268 40.666
18.93674 40.760
18.94081 44.700
18.94488 44.043
18.94895 41.932
18.95302 41.815
18.95709 43.363
18.96116 44.583
18.96522 42.003
18.96929 42.800
18.97336 40.994
18.97743 43.293
18.98150 43.457
18.98557 41.229
18.98963 43.410
18.99370 42.706
18.99777 41.463
19.00184 44.278
19.00591 41.674
19.00998 40.807
19.01405 42.753
19.01811 44.653
19.02218 41.604
19.02625 42.847
19.03032 43.762
19.03439 42.777
19.03846 43.082
19.04253 41.182
19.04659 40.783
19.05066 40.830
19.05473 42.519
19.05880 40.807
19.06287 41.112
19.06694 41.370
19.07100 43.480
19.07507 42.050
19.07914 41.440
19.08321 42.566
19.08728 41.768
19.09135 42.753
19.09542 41.674
19.09948 43.738
19.10355 42.847
19.10762 41.299
19.11169 42.988
19.11576 41.299
19.11983 42.120
19.12390 42.542
19.12796 41.792
19.13203 41.229
19.13610 41.979
19.14017 41.745
19.14424 41.979
19.14831 42.753
19.15237 42.988
19.15644 42.613
19.16051 43.996
19.16458 39.751
19.16865 42.050
19.17272 43.011
19.17679 40.455
19.18085 42.706
19.18492 41.698
19.18899 40.877
19.19306 42.378
19.19713 41.065
19.20120 41.159
19.20526 42.308
19.20933 41.510
19.21340 42.378
19.21747 40.314
19.22154 42.402
19.22561 40.760
19.22968 42.800
19.23374 41.628
19.23781 42.402
19.24188 41.651
19.24595 41.159
19.25002 41.135
19.25409 40.080
19.25816 42.026
19.26222 41.886
19.26629 41.159
19.27036 41.886
19.27443 42.800
19.27850 41.581
19.28257 41.956
19.28663 43.715
19.29070 42.542
19.29477 41.018
19.29884 43.058
19.30291 41.323
19.30698 42.425
19.31105 42.425
19.31511 41.463
19.31918 42.026
19.32325 41.510
19.32732 41.956
19.33139 40.572
19.33546 42.026
19.33953 40.080
19.34359 42.683
19.34766 42.026
19.35173 41.862
19.35580 41.792
19.35987 41.674
19.36394 40.877
19.36800 40.830
19.37207 39.705
19.37614 40.267
19.38021 41.745
19.38428 42.073
19.38835 43.105
19.39242 39.329
19.39648 40.572
19.40055 41.299
19.40462 41.792
19.40869 41.862
19.41276 41.440
19.41683 40.572
19.42089 41.581
19.42496 38.790
19.42903 41.487
19.43310 41.698
19.43717 39.728
19.44124 40.643
19.44531 40.807
19.44937 40.736
19.45344 40.971
19.45751 40.244
19.46158 40.736
19.46565 40.924
19.46972 41.159
19.47379 40.971
19.47785 41.065
19.48192 43.293
19.48599 40.736
19.49006 40.713
19.49413 40.713
19.49820 40.572
19.50226 40.572
19.50633 41.581
19.51040 43.199
19.51447 40.408
19.51854 39.306
19.52261 39.962
19.52668 41.252
19.53074 40.291
19.53481 38.720
19.53888 41.041
19.54295 39.423
19.54702 38.602
19.55109 38.837
19.55515 40.525
19.55922 41.135
19.56329 39.634
19.56736 41.417
19.57143 40.994
19.57550 38.837
19.57957 38.555
19.58363 39.353
19.58770 41.276
19.59177 39.048
19.59584 37.758
19.59991 40.408
19.60398 40.056
19.60805 40.197
19.61211 40.338
19.61618 40.267
19.62025 38.626
19.62432 41.581
19.62839 39.423
19.63246 37.219
19.63652 40.854
19.64059 40.338
19.64466 39.962
19.64873 40.713
19.65280 41.041
19.65687 39.376
19.66094 40.291
19.66500 39.048
19.66907 39.540
19.67314 39.024
19.67721 38.720
19.68128 40.338
19.68535 40.127
19.68942 39.611
19.69348 38.415
19.69755 39.728
19.70162 38.884
19.70569 40.338
19.70976 38.931
19.71383 39.587
19.71789 39.822
19.72196 40.056
19.72603 40.385
19.73010 39.095
19.73417 39.376
19.73824 39.071
19.74231 40.760
19.74637 38.813
19.75044 42.026
19.75451 36.750
19.75858 38.837
19.76265 40.197
19.76672 39.705
19.77078 39.564
19.77485 39.376
19.77892 38.204
19.78299 39.728
19.78706 40.033
19.79113 37.781
19.79520 40.385
19.79926 40.080
19.80333 39.845
19.80740 39.235
19.81147 39.306
19.81554 38.931
19.81961 39.634
19.82368 39.212
19.82774 38.063
19.83181 39.845
19.83588 38.954
19.83995 38.297
19.84402 40.174
19.84809 38.462
19.85215 37.969
19.85622 39.470
19.86029 37.899
19.86436 39.517
19.86843 37.899
19.87250 39.447
19.87657 37.641
19.88063 39.329
19.88470 38.110
19.88877 37.922
19.89284 37.711
19.89691 38.391
19.90098 37.664
19.90505 38.016
19.90911 39.118
19.91318 39.001
19.91725 38.391
19.92132 37.992
19.92539 37.735
19.92946 38.931
19.93352 37.805
19.93759 39.658
19.94166 37.641
19.94573 39.353
19.94980 38.016
19.95387 38.438
19.95794 37.946
19.96200 40.291
19.96607 38.250
19.97014 38.696
19.97421 39.775
19.97828 37.500
19.98235 37.383
19.98641 39.165
19.99048 37.125
19.99455 38.602
19.99862 37.172
20.00269 38.227
20.00676 37.500
20.01083 38.673
20.01489 39.775
20.01896 38.508
20.02303 39.329
20.02710 39.259
20.03117 38.579
20.03524 37.992
20.03931 38.157
20.04337 38.508
20.04744 37.922
20.05151 37.430
20.05558 39.353
20.05965 37.570
20.06372 37.172
20.06778 38.508
20.07185 38.649
20.07592 40.549
20.07999 40.338
20.08406 39.235
20.08813 38.602
20.09220 38.415
20.09626 39.564
20.10033 39.212
20.10440 36.679
20.10847 37.828
20.11254 39.400
20.11661 38.626
20.12068 35.272
20.12474 38.039
20.12881 37.289
20.13288 38.555
20.13695 38.110
20.14102 38.508
20.14509 38.462
20.14915 37.359
20.15322 38.368
20.15729 37.078
20.16136 38.555
20.16543 38.415
20.16950 36.468
20.17357 38.297
20.17763 38.790
20.18170 37.054
20.18577 38.250
20.18984 37.828
20.19391 38.274
20.19798 37.125
20.20204 37.969
20.20611 39.447
20.21018 35.788
20.21425 38.391
20.21832 36.656
20.22239 37.664
20.22646 36.398
20.23052 37.617
20.23459 39.705
20.23866 37.805
20.24273 36.656
20.24680 38.907
20.25087 36.890
20.25494 36.843
20.25900 37.195
20.26307 38.931
20.26714 36.750
20.27121 39.024
20.27528 37.312
20.27935 35.905
20.28341 37.172
20.28748 36.679
20.29155 36.187
20.29562 38.344
20.29969 38.626
20.30376 35.647
20.30783 38.039
20.31189 37.289
20.31596 36.867
20.32003 37.054
20.32410 36.632
20.32817 37.265
20.33224 37.031
20.33630 37.477
20.34037 36.867
20.34444 36.069
20.34851 35.788
20.35258 37.242
20.35665 38.297
20.36072 36.914
20.36478 37.336
20.36885 37.219
20.37292 37.875
20.37699 36.656
20.38106 37.195
20.38513 36.937
20.38920 37.054
20.39326 37.781
20.39733 38.039
20.40140 36.492
20.40547 36.726
20.40954 35.952
20.41361 35.342
20.41767 35.976
20.42174 36.796
20.42581 35.718
20.42988 37.406
20.43395 37.265
20.43802 35.905
20.44209 36.421
20.44615 37.031
20.45022 36.984
20.45429 37.078
20.45836 39.095
20.46243 36.304
20.46650 34.170
20.47057 35.342
20.47463 35.436
20.47870 36.937
20.48277 36.538
20.48684 36.468
20.49091 37.758
20.49498 36.632
20.49904 36.867
20.50311 35.788
20.50718 37.195
20.51125 36.234
20.51532 36.820
20.51939 35.905
20.52346 35.202
20.52752 35.671
20.53159 35.929
20.53566 36.023
20.53973 34.545
20.54380 36.773
20.54787 35.249
20.55193 37.125
20.55600 35.741
20.56007 36.093
20.56414 35.483
20.56821 36.679
20.57228 35.999
20.57635 36.632
20.58041 36.843
20.58448 35.952
20.58855 36.632
20.59262 35.905
20.59669 35.507
20.60076 37.336
20.60483 34.756
20.60889 35.765
20.61296 36.937
20.61703 37.852
20.62110 35.202
20.62517 36.538
20.62924 35.976
20.63330 34.498
20.63737 33.654
20.64144 37.008
20.64551 35.155
20.64958 34.662
20.65365 37.031
20.65772 34.334
20.66178 37.148
20.66585 36.398
20.66992 34.615
20.67399 35.084
20.67806 36.867
20.68213 36.210
20.68620 36.398
20.69026 38.110
20.69433 34.451
20.69840 35.342
20.70247 35.342
20.70654 35.530
20.71061 36.562
20.71467 37.078
20.71874 35.131
20.72281 34.803
20.72688 36.515
20.73095 37.031
20.73502 36.750
20.73909 34.897
20.74315 35.553
20.74722 34.240
20.75129 35.413
20.75536 35.507
20.75943 35.694
20.76350 36.750
20.76756 35.765
20.77163 34.756
20.77570 33.677
20.77977 35.765
20.78384 35.718
20.78791 35.835
20.79198 35.225
20.79604 34.709
20.80011 34.920
20.80418 33.537
20.80825 36.468
20.81232 34.522
20.81639 35.553
20.82046 35.295
20.82452 35.014
20.82859 35.014
20.83266 36.914
20.83673 35.131
20.84080 33.583
20.84487 33.865
20.84893 33.302
20.85300 32.552
20.85707 36.773
20.86114 35.272
20.86521 35.999
20.86928 35.483
20.87335 35.389
20.87741 33.279
20.88148 36.750
20.88555 35.436
20.88962 34.381
20.89369 35.929
20.89776 34.592
20.90183 34.217
20.90589 34.475
20.90996 33.607
20.91403 34.709
20.91810 35.342
20.92217 35.694
20.92624 33.068
20.93030 34.944
20.93437 34.873
20.93844 33.748
20.94251 34.193
20.94658 35.225
20.95065 35.483
20.95472 35.249
20.95878 33.302
20.96285 35.413
20.96692 34.850
20.97099 33.161
20.97506 34.991
20.97913 34.686
20.98319 34.733
20.98726 34.217
20.99133 35.811
20.99540 33.466
20.99947 34.709
21.00354 35.413
21.00761 32.880
21.01167 34.967
21.01574 34.568
21.01981 34.428
21.02388 33.841
21.02795 33.654
21.03202 34.498
21.03609 34.686
21.04015 34.193
21.04422 32.880
21.04829 33.888
21.05236 35.436
21.05643 36.093
21.06050 34.592
21.06456 33.724
21.06863 35.905
21.07270 33.654
21.07677 35.319
21.08084 35.131
21.08491 34.053
21.08898 33.091
21.09304 34.615
21.09711 35.131
21.10118 33.959
21.10525 35.999
21.10932 32.810
21.11339 33.537
21.11746 33.912
21.12152 31.871
21.12559 33.513
21.12966 32.880
21.13373 33.677
21.13780 33.396
21.14187 34.264
21.14593 32.317
21.15000 34.545
21.15407 34.123
21.15814 33.419
21.16221 35.905
21.16628 32.950
21.17035 34.709
21.17441 32.786
21.17848 33.419
21.18255 33.841
21.18662 33.443
21.19069 35.694
21.19476 33.607
21.19882 33.114
21.20289 33.466
21.20696 35.905
21.21103 32.106
21.21510 33.841
21.21917 33.583
21.22324 34.240
21.22730 31.168
21.23137 32.505
21.23544 33.396
21.23951 34.311
21.24358 34.006
21.24765 33.583
21.25172 33.208
21.25578 32.786
21.25985 32.974
21.26392 34.381
21.26799 32.059
21.27206 33.935
21.27613 32.763
21.28019 34.006
21.28426 34.780
21.28833 33.138
21.29240 33.982
21.29647 33.841
21.30054 32.903
21.30461 32.598
21.30867 34.076
21.31274 33.232
21.31681 33.185
21.32088 31.637
21.32495 34.404
21.32902 33.935
21.33308 32.739
21.33715 33.701
21.34122 32.505
21.34529 33.326
21.34936 33.583
21.35343 33.326
21.35750 33.982
21.36156 33.443
21.36563 32.481
21.36970 32.012
21.37377 32.763
21.37784 31.754
21.38191 32.598
21.38598 32.763
21.39004 35.155
21.39411 31.965
21.39818 31.731
21.40225 32.012
21.40632 31.402
21.41039 31.567
21.41445 33.724
21.41852 34.099
21.42259 33.138
21.42666 32.434
21.43073 33.771
21.43480 31.778
21.43887 34.780
21.44293 33.654
21.44700 32.927
21.45107 33.185
21.45514 31.660
21.45921 32.458
21.46328 31.707
21.46735 32.880
21.47141 31.848
21.47548 32.106
21.47955 32.129
21.48362 31.871
21.48769 31.918
21.49176 33.537
21.49582 30.863
21.49989 32.294
21.50396 33.771
21.50803 33.232
21.51210 33.677
21.51617 32.810
21.52024 33.326
21.52430 32.387
21.52837 33.724
21.53244 33.748
21.53651 32.669
21.54058 31.191
21.54465 33.161
21.54871 32.645
21.55278 30.980
21.55685 33.818
21.56092 32.411
21.56499 32.716
21.56906 33.419
21.57313 31.449
21.57719 32.692
21.58126 32.247
21.58533 32.458
21.58940 32.598
21.59347 31.262
21.59754 31.121
21.60161 33.138
21.60567 32.012
21.60974 30.793
21.61381 34.545
21.61788 31.731
21.62195 31.989
21.62602 33.419
21.63008 32.505
21.63415 32.106
21.63822 32.294
21.64229 30.417
21.64636 30.910
21.65043 32.950
21.65450 31.590
21.65856 30.746
21.66263 31.614
21.66670 33.349
21.67077 30.816
21.67484 31.942
21.67891 32.528
21.68298 32.856
21.68704 31.684
21.69111 30.933
21.69518 31.168
21.69925 30.253
21.70332 29.855
21.70739 31.637
21.71145 32.763
21.71552 30.746
21.71959 32.270
21.72366 32.247
21.72773 32.294
21.73180 31.402
21.73587 31.754
21.73993 32.387
21.74400 32.106
21.74807 31.731
21.75214 31.965
21.75621 31.332
21.76028 31.825
21.76434 31.496
21.76841 30.511
21.77248 32.458
21.77655 34.334
21.78062 30.652
21.78469 31.754
21.78876 32.645
21.79282 32.786
21.79689 31.379
21.80096 31.895
21.80503 30.535
21.80910 33.396
21.81317 32.083
21.81724 31.684
21.82130 31.660
21.82537 31.918
21.82944 31.121
21.83351 31.356
21.83758 31.121
21.84165 32.645
21.84571 31.262
21.84978 31.895
21.85385 31.801
21.85792 32.434
21.86199 32.153
21.86606 30.488
21.87013 31.262
21.87419 31.426
21.87826 31.801
21.88233 31.379
21.88640 31.191
21.89047 31.426
21.89454 31.825
21.89861 31.473
21.90267 30.253
21.90674 31.684
21.91081 33.466
21.91488 31.051
21.91895 32.434
21.92302 32.341
21.92708 30.582
21.93115 31.168
21.93522 30.980
21.93929 31.754
21.94336 32.270
21.94743 30.746
21.95150 30.840
21.95556 31.121
21.95963 31.871
21.96370 30.347
21.96777 30.417
21.97184 31.027
21.97591 30.675
21.97997 30.582
21.98404 31.168
21.98811 29.878
21.99218 30.464
21.99625 30.675
22.00032 29.550
22.00439 31.965
22.00845 31.825
22.01252 29.855
22.01659 29.690
22.02066 32.129
22.02473 31.379
22.02880 31.707
22.03287 30.886
22.03693 31.778
22.04100 31.496
22.04507 30.394
22.04914 29.831
22.05321 30.980
22.05728 30.933
22.06134 30.769
22.06541 32.575
22.06948 29.667
22.07355 30.441
22.07762 31.074
22.08169 31.027
22.08576 29.878
22.08982 30.206
22.09389 29.995
22.09796 29.995
22.10203 29.503
22.10610 31.309
22.11017 29.784
22.11423 30.558
22.11830 31.496
22.12237 30.605
22.12644 29.761
22.13051 31.778
22.13458 32.083
22.13865 29.948
22.14271 33.935
22.14678 29.644
22.15085 30.089
22.15492 30.629
22.15899 30.722
22.16306 32.247
22.16713 31.496
22.17119 30.183
22.17526 30.910
22.17933 31.191
22.18340 29.737
22.18747 30.417
22.19154 28.823
22.19560 30.722
22.19967 30.417
22.20374 32.692
22.20781 29.737
22.21188 29.057
22.21595 30.957
22.22002 31.989
22.22408 28.893
22.22815 31.332
22.23222 30.371
22.23629 30.277
22.24036 29.315
22.24443 29.831
22.24850 30.722
22.25256 29.550
22.25663 28.049
22.26070 28.823
22.26477 31.285
22.26884 29.620
22.27291 30.300
22.27697 28.917
22.28104 30.394
22.28511 30.840
22.28918 31.332
22.29325 30.042
22.29732 29.034
22.30139 31.426
22.30545 29.151
22.30952 31.004
22.31359 29.808
22.31766 30.300
22.32173 27.697
22.32580 29.972
22.32986 28.870
22.33393 32.575
22.33800 30.066
22.34207 30.324
22.34614 26.712
22.35021 31.027
22.35428 30.089
22.35834 31.942
22.36241 29.432
22.36648 28.025
22.37055 29.784
22.37462 30.066
22.37869 29.456
22.38276 29.221
22.38682 31.051
22.39089 29.972
22.39496 29.902
22.39903 28.307
22.40310 32.059
22.40717 30.066
22.41123 30.699
22.41530 29.315
22.41937 30.793
22.42344 29.808
22.42751 29.081
22.43158 29.198
22.43565 28.870
22.43971 29.174
22.44378 30.582
22.44785 29.315
22.45192 30.464
22.45599 29.784
22.46006 29.620
22.46413 27.767
22.46819 29.432
22.47226 29.761
22.47633 28.823
22.48040 30.113
22.48447 29.761
22.48854 28.799
22.49260 30.980
22.49667 29.831
22.50074 27.932
22.50481 30.840
22.50888 29.174
22.51295 29.174
22.51702 30.347
22.52108 30.089
22.52515 28.143
22.52922 29.550
22.53329 28.940
22.53736 29.925
22.54143 29.174
22.54549 29.972
22.54956 29.034
22.55363 29.479
22.55770 29.761
22.56177 28.119
22.56584 28.659
22.56991 30.042
22.57397 29.761
22.57804 28.823
22.58211 29.573
22.58618 29.503
22.59025 31.309
22.59432 29.667
22.59839 29.315
22.60245 30.371
22.60652 27.838
22.61059 29.362
22.61466 30.863
22.61873 29.362
22.62280 29.737
22.62686 30.793
22.63093 29.010
22.63500 29.432
22.63907 29.456
22.64314 28.870
22.64721 29.081
22.65128 29.925
22.65534 30.042
22.65941 28.143
22.66348 26.712
22.66755 28.963
22.67162 28.049
22.67569 28.354
22.67976 27.744
22.68382 29.198
22.68789 29.972
22.69196 29.057
22.69603 29.221
22.70010 28.729
22.70417 28.846
22.70823 29.573
22.71230 28.002
22.71637 29.245
22.72044 30.136
22.72451 28.752
22.72858 29.432
22.73265 27.955
22.73671 29.597
22.74078 29.034
22.74485 29.198
22.74892 29.456
22.75299 29.057
22.75706 27.814
22.76112 29.550
22.76519 29.831
22.76926 28.846
22.77333 29.737
22.77740 28.987
22.78147 27.791
22.78554 29.386
22.78960 28.917
22.79367 28.705
22.79774 27.885
22.80181 28.189
22.80588 29.479
22.80995 29.644
22.81402 28.424
22.81808 28.260
22.82215 28.424
22.82622 29.784
22.83029 27.697
22.83436 27.838
22.83843 28.752
22.84249 28.189
22.84656 29.432
22.85063 27.134
22.85470 28.846
22.85877 28.541
22.86284 28.494
22.86691 28.917
22.87097 30.113
22.87504 28.260
22.87911 28.823
22.88318 28.283
22.88725 26.876
22.89132 29.315
22.89538 28.799
22.89945 29.432
22.90352 28.260
22.90759 29.010
22.91166 27.322
22.91573 28.002
22.91980 30.066
22.92386 28.189
22.92793 27.791
22.93200 28.729
22.93607 28.588
22.94014 27.932
22.94421 28.213
22.94828 29.878
22.95234 27.533
22.95641 29.315
22.96048 27.720
22.96455 28.799
22.96862 28.049
22.97269 29.761
22.97675 26.595
22.98082 29.362
22.98489 29.526
22.98896 28.776
22.99303 28.119
22.99710 28.729
23.00117 28.635
23.00523 27.439
23.00930 28.612
23.01337 27.861
23.01744 28.987
23.02151 28.565
23.02558 27.392
23.02965 28.729
23.03371 28.354
23.03778 26.947
23.04185 28.236
23.04592 27.814
23.04999 29.409
23.05406 28.682
23.05812 28.377
23.06219 26.876
23.06626 28.541
23.07033 26.782
23.07440 26.900
23.07847 28.494
23.08254 27.885
23.08660 27.603
23.09067 27.744
23.09474 27.181
23.09881 27.251
23.10288 28.963
23.10695 27.885
23.11101 27.885
23.11508 27.720
23.11915 28.659
23.12322 28.377
23.12729 29.362
23.13136 27.697
23.13543 26.266
23.13949 27.298
23.14356 27.603
23.14763 27.181
23.15170 27.908
23.15577 28.705
23.15984 26.384
23.16391 28.963
23.16797 28.119
23.17204 28.002
23.17611 25.962
23.18018 27.064
23.18425 26.782
23.18832 27.017
23.19238 27.791
23.19645 28.940
23.20052 27.158
23.20459 26.923
23.20866 27.462
23.21273 27.111
23.21680 27.064
23.22086 27.955
23.22493 27.556
23.22900 28.330
23.23307 27.533
23.23714 27.533
23.24121 27.345
23.24528 26.806
23.24934 29.151
23.25341 28.377
23.25748 26.595
23.26155 27.228
23.26562 26.970
23.26969 27.064
23.27375 27.228
23.27782 26.735
23.28189 26.290
23.28596 26.313
23.29003 28.072
23.29410 27.275
23.29817 26.759
23.30223 28.729
23.30630 26.876
23.31037 29.268
23.31444 28.518
23.31851 26.829
23.32258 27.838
23.32664 26.431
23.33071 26.689
23.33478 27.017
23.33885 27.814
23.34292 28.494
23.34699 27.814
23.35106 26.431
23.35512 26.290
23.35919 27.509
23.36326 28.565
23.36733 28.612
23.37140 27.697
23.37547 27.978
23.37954 28.729
23.38360 27.369
23.38767 27.181
23.39174 27.838
23.39581 27.533
23.39988 28.166
23.40395 27.627
23.40801 27.087
23.41208 27.861
23.41615 28.025
23.42022 27.298
23.42429 27.298
23.42836 26.360
23.43243 26.431
23.43649 27.040
23.44056 26.477
23.44463 27.720
23.44870 25.563
23.45277 26.501
23.45684 25.891
23.46091 26.689
23.46497 26.782
23.46904 26.571
23.47311 25.844
23.47718 27.228
23.48125 27.369
23.48532 27.111
23.48938 27.720
23.49345 26.689
23.49752 27.720
23.50159 26.313
23.50566 26.032
23.50973 27.158
23.51380 27.650
23.51786 26.829
23.52193 28.166
23.52600 27.205
23.53007 27.345
23.53414 27.345
23.53821 28.119
23.54227 26.759
23.54634 26.431
23.55041 27.533
23.55448 26.431
23.55855 24.977
23.56262 27.697
23.56669 26.220
23.57075 27.603
23.57482 26.102
23.57889 27.955
23.58296 26.689
23.58703 26.806
23.59110 28.635
23.59517 26.313
23.59923 27.345
23.60330 27.791
23.60737 26.829
23.61144 27.111
23.61551 27.650
23.61958 27.111
23.62364 25.211
23.62771 27.134
23.63178 26.618
23.63585 26.454
23.63992 25.891
23.64399 27.040
23.64806 26.055
23.65212 26.431
23.65619 27.298
23.66026 28.096
23.66433 27.369
23.66840 26.806
23.67247 24.508
23.67653 26.501
23.68060 27.205
23.68467 26.173
23.68874 27.486
23.69281 27.345
23.69688 26.313
23.70095 27.580
23.70501 26.712
23.70908 25.164
23.71315 27.416
23.71722 26.149
23.72129 27.181
23.72536 27.369
23.72943 27.814
23.73349 26.642
23.73756 25.797
23.74163 26.501
23.74570 26.196
23.74977 25.563
23.75384 26.149
23.75790 26.665
23.76197 25.258
23.76604 27.509
23.77011 27.580
23.77418 26.759
23.77825 26.243
23.78232 26.876
23.78638 27.814
23.79045 27.767
23.79452 27.345
23.79859 25.375
23.80266 26.477
23.80673 25.610
23.81080 27.205
23.81486 26.548
23.81893 28.541
23.82300 26.970
23.82707 27.345
23.83114 26.571
23.83521 26.243
23.83927 24.015
23.84334 26.173
23.84741 26.196
23.85148 25.868
23.85555 26.055
23.85962 24.648
23.86369 25.985
23.86775 27.275
23.87182 26.477
23.87589 27.322
23.87996 26.008
23.88403 27.064
23.88810 25.539
23.89216 26.196
23.89623 26.689
23.90030 25.047
23.90437 27.275
23.90844 26.173
23.91251 26.243
23.91658 26.384
23.92064 26.900
23.92471 25.727
23.92878 26.900
23.93285 26.431
23.93692 27.275
23.94099 23.898
23.94506 25.399
23.94912 25.281
23.95319 26.126
23.95726 25.844
23.96133 26.571
23.96540 25.657
23.96947 25.868
23.97353 27.838
23.97760 27.228
23.98167 25.633
23.98574 25.516
23.98981 26.196
23.99388 27.064
23.99795 25.492
24.00201 25.868
24.00608 25.539
24.01015 25.938
24.01422 25.281
24.01829 26.196
24.02236 25.305
24.02643 25.915
24.03049 26.571
24.03456 25.117
24.03863 27.228
24.04270 25.281
24.04677 25.750
24.05084 27.767
24.05490 25.422
24.05897 25.774
24.06304 24.859
24.06711 24.883
24.07118 25.774
24.07525 24.765
24.07932 24.484
24.08338 24.554
24.08745 27.040
24.09152 25.422
24.09559 24.672
24.09966 26.501
24.10373 25.422
24.10779 25.868
24.11186 26.360
24.11593 26.032
24.12000 25.563
24.12407 25.915
24.12814 25.563
24.13221 25.047
24.13627 26.008
24.14034 26.290
24.14441 25.657
24.14848 26.900
24.15255 24.414
24.15662 25.586
24.16069 26.947
24.16475 25.633
24.16882 26.220
24.17289 26.595
24.17696 25.235
24.18103 26.266
24.18510 24.765
24.18916 26.243
24.19323 25.117
24.19730 24.273
24.20137 25.023
24.20544 25.446
24.20951 26.149
24.21358 26.055
24.21764 25.797
24.22171 25.047
24.22578 25.281
24.22985 26.173
24.23392 24.531
24.23799 24.461
24.24206 25.774
24.24612 25.844
24.25019 24.062
24.25426 26.407
24.25833 24.578
24.26240 25.328
24.26647 24.343
24.27053 25.258
24.27460 25.539
24.27867 25.797
24.28274 25.188
24.28681 25.211
24.29088 24.977
24.29495 26.829
24.29901 25.399
24.30308 25.375
24.30715 25.000
24.31122 25.446
24.31529 26.571
24.31936 23.780
24.32342 25.141
24.32749 26.008
24.33156 24.343
24.33563 27.345
24.33970 27.251
24.34377 24.296
24.34784 26.454
24.35190 25.188
24.35597 25.188
24.36004 26.102
24.36411 25.399
24.36818 25.727
24.37225 24.320
24.37632 25.821
24.38038 25.070
24.38445 24.250
24.38852 24.320
24.39259 24.132
24.39666 25.985
24.40073 24.906
24.40479 25.680
24.40886 25.328
24.41293 25.797
24.41700 25.281
24.42107 24.367
24.42514 23.616
24.42921 25.469
24.43327 26.266
24.43734 26.173
24.44141 24.484
24.44548 24.273
24.44955 24.132
24.45362 25.563
24.45769 24.719
24.46175 23.523
24.46582 24.742
24.46989 25.258
24.47396 25.516
24.47803 25.962
24.48210 24.437
24.48616 24.461
24.49023 25.633
24.49430 24.789
24.49837 25.633
24.50244 25.023
24.50651 24.015
24.51058 24.414
24.51464 24.789
24.51871 24.343
24.52278 24.203
24.52685 25.164
24.53092 23.241
24.53499 25.868
24.53905 25.516
24.54312 24.977
24.54719 24.461
24.55126 24.742
24.55533 25.563
24.55940 24.461
24.56347 24.179
24.56753 25.211
24.57160 26.126
24.57567 26.102
24.57974 24.672
24.58381 25.281
24.58788 23.358
24.59195 23.710
24.59601 25.047
24.60008 24.390
24.60415 26.243
24.60822 24.156
24.61229 24.132
24.61636 22.913
24.62042 26.337
24.62449 24.414
24.62856 24.977
24.63263 22.866
24.63670 24.930
24.64077 26.290
24.64484 24.531
24.64890 24.132
24.65297 24.062
24.65704 25.985
24.66111 23.546
24.66518 23.687
24.66925 25.938
24.67331 24.648
24.67738 25.352
24.68145 24.554
24.68552 25.399
24.68959 24.765
24.69366 24.085
24.69773 25.281
24.70179 23.358
24.70586 25.657
24.70993 24.719
24.71400 24.719
24.71807 24.625
24.72214 25.774
24.72621 24.906
24.73027 25.328
24.73434 24.085
24.73841 24.250
24.74248 25.469
24.74655 23.804
24.75062 24.859
24.75468 24.742
24.75875 24.554
24.76282 23.640
24.76689 24.343
24.77096 24.953
24.77503 26.548
24.77910 25.352
24.78316 25.000
24.78723 25.023
24.79130 23.569
24.79537 23.218
24.79944 24.742
24.80351 24.672
24.80758 24.859
24.81164 23.546
24.81571 24.132
24.81978 23.874
24.82385 24.320
24.82792 24.085
24.83199 23.358
24.83605 24.695
24.84012 23.804
24.84419 24.343
24.84826 24.132
24.85233 24.179
24.85640 24.554
24.86047 24.414
24.86453 24.836
24.86860 23.898
24.87267 23.030
24.87674 24.836
24.88081 25.492
24.88488 22.749
24.88894 23.335
24.89301 24.156
24.89708 23.734
24.90115 23.640
24.90522 24.601
24.90929 23.992
24.91336 23.452
24.91742 24.015
24.92149 22.749
24.92556 24.437
24.92963 25.328
24.93370 23.968
24.93777 23.851
24.94184 22.983
24.94590 24.625
24.94997 24.156
24.95404 25.305
24.95811 24.883
24.96218 23.053
24.96625 23.616
24.97031 23.968
24.97438 24.414
24.97845 25.704
24.98252 23.734
24.98659 24.156
24.99066 23.757
24.99473 24.179
24.99879 23.241
25.00286 23.898
25.00693 24.883
25.01100 23.945
25.01507 24.367
25.01914 22.795
25.02321 24.554
25.02727 24.390
25.03134 23.687
25.03541 24.930
25.03948 23.053
25.04355 23.335
25.04762 22.678
25.05168 24.414
25.05575 22.420
25.05982 24.226
25.06389 23.734
25.06796 24.273
25.07203 23.288
25.07610 22.444
25.08016 23.921
25.08423 22.655
25.08830 23.780
25.09237 22.795
25.09644 23.382
25.10051 24.672
25.10457 23.945
25.10864 23.874
25.11271 22.936
25.11678 23.171
25.12085 23.945
25.12492 24.601
25.12899 23.945
25.13305 22.584
25.13712 22.819
25.14119 23.710
25.14526 23.945
25.14933 24.132
25.15340 23.780
25.15747 24.508
25.16153 23.030
25.16560 23.053
25.16967 24.789
25.17374 22.209
25.17781 22.186
25.18188 23.218
25.18594 22.866
25.19001 21.013
25.19408 21.670
25.19815 23.382
25.20222 23.968
25.20629 24.625
25.21036 23.898
25.21442 25.938
25.21849 23.757
25.22256 23.687
25.22663 24.719
25.23070 23.030
25.23477 24.930
25.23884 24.062
25.24290 22.655
25.24697 23.476
25.25104 24.109
25.25511 23.780
25.25918 22.655
25.26325 24.343
25.26731 24.156
25.27138 22.936
25.27545 24.625
25.27952 22.913
25.28359 22.092
25.28766 24.109
25.29173 24.812
25.29579 23.874
25.29986 21.857
25.30393 24.461
25.30800 23.382
25.31207 23.945
25.31614 24.343
25.32020 24.250
25.32427 23.171
25.32834 24.250
25.33241 24.179
25.33648 24.390
25.34055 23.358
25.34462 23.734
25.34868 23.476
25.35275 23.710
25.35682 23.945
25.36089 23.546
25.36496 22.068
25.36903 23.898
25.37310 24.109
25.37716 22.115
25.38123 23.452
25.38530 24.859
25.38937 22.092
25.39344 23.030
25.39751 23.405
25.40157 22.514
25.40564 23.452
25.40971 23.311
25.41378 23.241
25.41785 23.100
25.42192 23.311
25.42599 24.250
25.43005 22.561
25.43412 22.186
25.43819 23.218
25.44226 22.420
25.44633 22.397
25.45040 24.273
25.45446 22.749
25.45853 22.819
25.46260 23.452
25.46667 22.139
25.47074 22.538
25.47481 23.194
25.47888 22.326
25.48294 23.945
25.48701 23.241
25.49108 23.898
25.49515 25.235
25.49922 23.241
25.50329 23.124
25.50736 22.233
25.51142 23.030
25.51549 24.085
25.51956 24.508
25.52363 22.960
25.52770 22.608
25.53177 22.655
25.53583 22.913
25.53990 22.068
25.54397 24.390
25.54804 23.382
25.55211 21.904
25.55618 24.062
25.56025 21.975
25.56431 23.147
25.56838 22.725
25.57245 22.397
25.57652 22.538
25.58059 22.678
25.58466 22.186
25.58873 22.467
25.59279 22.725
25.59686 22.514
25.60093 21.295
25.60500 22.491
25.60907 22.092
25.61314 22.115
25.61720 22.280
25.62127 21.904
25.62534 22.936
25.62941 22.678
25.63348 23.898
25.63755 24.906
25.64162 22.842
25.64568 21.717
25.64975 22.092
25.65382 24.015
25.65789 23.640
25.66196 23.311
25.66603 22.702
25.67009 22.819
25.67416 23.265
25.67823 21.998
25.68230 22.209
25.68637 21.717
25.69044 21.529
25.69451 21.904
25.69857 23.288
25.70264 22.913
25.70671 21.857
25.71078 22.749
25.71485 21.083
25.71892 22.866
25.72299 21.318
25.72705 21.811
25.73112 22.889
25.73519 21.693
25.73926 22.303
25.74333 22.326
25.74740 22.913
25.75146 22.303
25.75553 22.186
25.75960 23.077
25.76367 22.115
25.76774 22.608
25.77181 21.529
25.77588 23.945
25.77994 22.233
25.78401 22.538
25.78808 21.811
25.79215 22.350
25.79622 23.921
25.80029 23.053
25.80436 23.007
25.80842 23.382
25.81249 20.450
25.81656 23.265
25.82063 22.209
25.82470 22.233
25.82877 21.693
25.83283 22.303
25.83690 22.467
25.84097 21.857
25.84504 22.842
25.84911 22.514
25.85318 22.889
25.85725 21.013
25.86131 22.233
25.86538 24.132
25.86945 21.576
25.87352 22.514
25.87759 23.710
25.88166 23.476
25.88572 21.764
25.88979 21.459
25.89386 22.444
25.89793 22.936
25.90200 21.576
25.90607 21.529
25.91014 20.755
25.91420 21.717
25.91827 22.115
25.92234 22.983
25.92641 21.318
25.93048 23.757
25.93455 21.787
25.93862 24.203
25.94268 23.429
25.94675 22.256
25.95082 21.928
25.95489 21.787
25.95896 22.233
25.96303 22.209
25.96709 22.889
25.97116 20.474
25.97523 21.037
25.97930 22.749
25.98337 22.326
25.98744 21.717
25.99151 22.960
25.99557 22.139
25.99964 21.834
26.00371 22.115
26.00778 20.708
26.01185 22.631
26.01592 22.819
26.01999 20.544
26.02405 22.280
26.02812 21.764
26.03219 21.271
26.03626 21.717
26.04033 22.092
26.04440 21.459
26.04846 21.341
26.05253 22.280
26.05660 22.772
26.06067 21.037
26.06474 22.772
26.06881 21.482
26.07288 21.717
26.07694 21.271
26.08101 22.420
26.08508 21.201
26.08915 22.444
26.09322 21.811
26.09729 21.975
26.10135 22.795
26.10542 22.233
26.10949 21.083
26.11356 22.092
26.11763 21.506
26.12170 23.147
26.12577 21.553
26.12983 23.100
26.13390 21.834
26.13797 21.576
26.14204 23.288
26.14611 21.154
26.15018 21.177
26.15425 21.224
26.15831 22.068
26.16238 22.467
26.16645 21.553
26.17052 21.154
26.17459 20.450
26.17866 21.646
26.18272 20.098
26.18679 21.060
26.19086 20.005
26.19493 21.599
26.19900 21.787
26.20307 21.881
26.20714 22.115
26.21120 21.693
26.21527 21.248
26.21934 21.506
26.22341 21.013
26.22748 22.068
26.23155 21.670
26.23561 22.209
26.23968 22.561
26.24375 20.779
26.24782 22.842
26.25189 20.450
26.25596 22.514
26.26003 22.256
26.26409 22.819
26.26816 21.482
26.27223 22.538
26.27630 20.919
26.28037 20.872
26.28444 21.177
26.28851 21.646
26.29257 21.412
26.29664 20.638
26.30071 21.318
26.30478 22.092
26.30885 20.826
26.31292 22.397
26.31698 22.795
26.32105 21.388
26.32512 20.826
26.32919 21.857
26.33326 20.263
26.33733 20.310
26.34140 21.881
26.34546 21.459
26.34953 20.755
26.35360 21.060
26.35767 20.779
26.36174 21.130
26.36581 20.403
26.36988 20.638
26.37394 22.420
26.37801 20.145
26.38208 21.107
26.38615 22.162
26.39022 20.450
26.39429 21.154
26.39835 22.068
26.40242 21.599
26.40649 21.224
26.41056 21.928
26.41463 21.201
26.41870 21.928
26.42277 20.919
26.42683 21.811
26.43090 22.280
26.43497 20.239
26.43904 20.568
26.44311 21.318
26.44718 21.599
26.45124 22.092
26.45531 21.060
26.45938 20.826
26.46345 21.341
26.46752 20.943
26.47159 20.779
26.47566 21.412
26.47972 22.303
26.48379 21.623
26.48786 20.943
26.49193 20.544
26.49600 20.028
26.50007 21.013
26.50414 20.075
26.50820 21.154
26.51227 22.303
26.51634 20.005
26.52041 20.755
26.52448 21.295
26.52855 19.301
26.53261 21.037
26.53668 20.849
26.54075 19.676
26.54482 20.685
26.54889 20.145
26.55296 20.826
26.55703 19.981
26.56109 20.591
26.56516 20.239
26.56923 20.614
26.57330 21.341
26.57737 21.107
26.58144 20.521
26.58551 21.130
26.58957 20.614
26.59364 21.060
26.59771 20.779
26.60178 20.779
26.60585 20.896
26.60992 20.966
26.61398 19.629
26.61805 20.075
26.62212 22.068
26.62619 20.591
26.63026 22.186
26.63433 20.591
26.63840 21.529
26.64246 20.896
26.64653 19.583
26.65060 21.506
26.65467 20.614
26.65874 19.559
26.66281 19.747
26.66687 20.356
26.67094 20.779
26.67501 20.919
26.67908 20.802
26.68315 19.465
26.68722 20.169
26.69129 22.256
26.69535 19.512
26.69942 19.629
26.70349 20.896
26.70756 20.403
26.71163 20.872
26.71570 20.333
26.71977 20.310
26.72383 20.450
26.72790 22.491
26.73197 20.052
26.73604 20.685
26.74011 20.474
26.74418 20.098
26.74824 19.981
26.75231 20.310
26.75638 20.638
26.76045 18.574
26.76452 19.864
26.76859 19.395
26.77266 20.052
26.77672 20.943
26.78079 20.591
26.78486 20.661
26.78893 20.521
26.79300 19.583
26.79707 19.137
26.80114 20.380
26.80520 19.841
26.80927 20.052
26.81334 21.130
26.81741 19.512
26.82148 20.474
26.82555 18.762
26.82961 19.981
26.83368 19.629
26.83775 21.365
26.84182 20.614
26.84589 20.685
26.84996 18.691
26.85403 18.386
26.85809 20.544
26.86216 19.653
26.86623 19.629
26.87030 19.981
26.87437 19.465
26.87844 20.802
26.88250 19.067
26.88657 20.380
26.89064 18.715
26.89471 19.231
26.89878 19.700
26.90285 20.380
26.90692 18.621
26.91098 20.497
26.91505 19.067
26.91912 20.568
26.92319 19.934
26.92726 20.333
26.93133 19.723
26.93540 20.614
26.93946 20.005
26.94353 20.497
26.94760 20.356
26.95167 19.254
26.95574 18.926
26.95981 18.949
26.96387 20.661
26.96794 19.629
26.97201 18.457
26.97608 19.207
26.98015 18.996
26.98422 20.427
26.98829 18.996
26.99235 20.052
26.99642 20.028
27.00049 20.872
27.00456 19.794
27.00863 20.028
27.01270 19.629
27.01676 20.614
27.02083 19.559
27.02490 21.365
27.02897 21.459
27.03304 18.856
27.03711 19.841
27.04118 20.005
27.04524 19.629
27.04931 20.005
27.05338 18.902
27.05745 19.278
27.06152 19.207
27.06559 19.418
27.06966 19.371
27.07372 20.192
27.07779 20.591
27.08186 17.917
27.08593 19.794
27.09000 19.629
27.09407 20.192
27.09813 20.192
27.10220 20.098
27.10627 20.098
27.11034 19.629
27.11441 20.075
27.11848 19.794
27.12255 20.591
27.12661 19.137
27.13068 19.536
27.13475 19.536
27.13882 19.934
27.14289 20.239
27.14696 18.129
27.15103 19.676
27.15509 19.958
27.15916 19.418
27.16323 19.911
27.16730 19.465
27.17137 19.841
27.17544 20.192
27.17950 20.145
27.18357 19.067
27.18764 19.114
27.19171 19.841
27.19578 19.747
27.19985 18.129
27.20392 20.755
27.20798 18.551
27.21205 19.067
27.21612 20.075
27.22019 19.137
27.22426 20.450
27.22833 18.762
27.23239 18.222
27.23646 18.644
27.24053 18.762
27.24460 20.169
27.24867 18.715
27.25274 19.723
27.25681 19.536
27.26087 20.169
27.26494 18.715
27.26901 18.480
27.27308 20.239
27.27715 19.301
27.28122 19.583
27.28529 19.747
27.28935 19.676
27.29342 18.621
27.29749 18.433
27.30156 19.184
27.30563 18.902
27.30970 19.418
27.31376 19.207
27.31783 18.504
27.32190 19.887
27.32597 18.762
27.33004 19.207
27.33411 18.363
27.33818 18.809
27.34224 19.067
27.34631 19.770
27.35038 18.902
27.35445 19.254
27.35852 20.028
27.36259 19.911
27.36666 18.175
27.37072 18.246
27.37479 18.762
27.37886 18.269
27.38293 17.519
27.38700 20.333
27.39107 19.418
27.39513 19.887
27.39920 19.207
27.40327 19.184
27.40734 19.442
27.41141 18.785
27.41548 18.152
27.41955 18.175
27.42361 17.917
27.42768 21.107
27.43175 18.340
27.43582 19.067
27.43989 19.887
27.44396 20.474
27.44802 19.559
27.45209 19.067
27.45616 19.700
27.46023 17.988
27.46430 19.559
27.46837 17.824
27.47244 19.395
27.47650 18.691
27.48057 17.917
27.48464 18.856
27.48871 18.457
27.49278 18.035
27.49685 19.020
27.50092 19.348
27.50498 19.067
27.50905 19.020
27.51312 19.114
27.51719 18.598
27.52126 19.629
27.52533 20.145
27.52939 19.559
27.53346 19.231
27.53753 17.261
27.54160 19.301
27.54567 18.058
27.54974 19.231
27.55381 20.239
27.55787 18.363
27.56194 18.926
27.56601 18.410
27.57008 19.278
27.57415 18.504
27.57822 19.465
27.58229 18.551
27.58635 18.996
27.59042 19.606
27.59449 20.310
27.59856 18.902
27.60263 18.902
27.60670 19.606
27.61076 19.442
27.61483 19.536
27.61890 21.318
27.62297 19.653
27.62704 18.762
27.63111 19.465
27.63518 18.621
27.63924 19.137
27.64331 19.254
27.64738 19.606
27.65145 19.067
27.65552 19.207
27.65959 19.348
27.66365 19.442
27.66772 20.474
27.67179 19.395
27.67586 20.122
27.67993 21.177
27.68400 18.762
27.68807 18.691
27.69213 20.028
27.69620 18.527
27.70027 20.192
27.70434 20.779
27.70841 21.365
27.71248 21.365
27.71655 19.583
27.72061 19.090
27.72468 20.427
27.72875 20.122
27.73282 19.676
27.73689 21.623
27.74096 21.904
27.74502 21.154
27.74909 22.256
27.75316 21.224
27.75723 21.060
27.76130 21.083
27.76537 20.356
27.76944 21.998
27.77350 23.780
27.77757 21.670
27.78164 21.811
27.78571 24.015
27.78978 22.467
27.79385 23.780
27.79792 23.616
27.80198 24.062
27.80605 24.437
27.81012 24.508
27.81419 25.188
27.81826 25.704
27.82233 27.111
27.82639 26.501
27.83046 27.205
27.83453 29.081
27.83860 28.705
27.84267 29.221
27.84674 31.309
27.85081 31.660
27.85487 31.426
27.85894 31.684
27.86301 31.989
27.86708 32.200
27.87115 36.421
27.87522 36.421
27.87928 35.882
27.88335 38.157
27.88742 37.969
27.89149 40.854
27.89556 38.977
27.89963 41.370
27.90370 42.730
27.90776 43.340
27.91183 45.145
27.91590 46.599
27.91997 45.263
27.92404 46.904
27.92811 48.499
27.93218 51.079
27.93624 51.782
27.94031 52.462
27.94438 52.087
27.94845 52.932
27.95252 53.072
27.95659 55.042
27.96065 56.543
27.96472 54.221
27.96879 56.262
27.97286 56.496
27.97693 54.550
27.98100 56.309
27.98507 57.598
27.98913 54.550
27.99320 55.605
27.99727 53.424
28.00134 54.432
28.00541 55.230
28.00948 53.213
28.01354 52.087
28.01761 54.620
28.02168 51.501
28.02575 50.727
28.02982 48.288
28.03389 49.719
28.03796 50.492
28.04202 50.891
28.04609 46.435
28.05016 43.480
28.05423 43.715
28.05830 43.551
28.06237 42.871
28.06644 41.487
28.07050 38.766
28.07457 38.462
28.07864 38.555
28.08271 36.468
28.08678 35.295
28.09085 35.929
28.09491 36.069
28.09898 34.733
28.10305 31.473
28.10712 33.255
28.11119 30.980
28.11526 31.614
28.11933 30.605
28.12339 29.362
28.12746 29.925
28.13153 30.066
28.13560 28.049
28.13967 26.853
28.14374 26.618
28.14781 24.859
28.15187 26.173
28.15594 25.047
28.16001 26.032
28.16408 25.586
28.16815 24.203
28.17222 24.343
28.17628 23.898
28.18035 23.757
28.18442 22.584
28.18849 22.819
28.19256 23.335
28.19663 23.757
28.20070 22.678
28.20476 22.983
28.20883 21.459
28.21290 21.693
28.21697 20.544
28.22104 22.233
28.22511 21.764
28.22917 21.576
28.23324 21.271
28.23731 21.529
28.24138 20.849
28.24545 21.177
28.24952 21.553
28.25359 21.083
28.25765 20.708
28.26172 21.037
28.26579 20.896
28.26986 19.676
28.27393 20.239
28.27800 20.497
28.28207 20.450
28.28613 21.224
28.29020 19.841
28.29427 20.450
28.29834 20.474
28.30241 19.911
28.30648 20.919
28.31054 20.732
28.31461 19.559
28.31868 20.263
28.32275 19.934
28.32682 20.685
28.33089 21.740
28.33496 20.802
28.33902 20.896
28.34309 23.030
28.34716 20.310
28.35123 21.670
28.35530 20.943
28.35937 21.623
28.36344 20.497
28.36750 22.068
28.37157 22.045
28.37564 21.295
28.37971 22.514
28.38378 21.459
28.38785 21.951
28.39191 20.544
28.39598 20.310
28.40005 22.022
28.40412 21.576
28.40819 21.341
28.41226 22.444
28.41633 22.115
28.42039 19.653
28.42446 21.107
28.42853 19.770
28.43260 22.115
28.43667 21.435
28.44074 20.239
28.44480 20.802
28.44887 21.435
28.45294 20.521
28.45701 19.934
28.46108 18.691
28.46515 20.755
28.46922 19.114
28.47328 20.145
28.47735 17.964
28.48142 18.785
28.48549 19.864
28.48956 17.871
28.49363 18.363
28.49770 17.378
28.50176 18.340
28.50583 18.129
28.50990 18.644
28.51397 16.205
28.51804 18.504
28.52211 18.105
28.52617 17.730
28.53024 18.105
28.53431 17.448
28.53838 16.674
28.54245 18.480
28.54652 16.956
28.55059 17.941
28.55465 17.753
28.55872 17.402
28.56279 16.651
28.56686 17.824
28.57093 17.003
28.57500 17.284
28.57907 17.894
28.58313 16.979
28.58720 16.159
28.59127 17.050
28.59534 15.408
28.59941 15.736
28.60348 15.760
28.60754 15.736
28.61161 16.323
28.61568 16.557
28.61975 16.604
28.62382 14.892
28.62789 16.088
28.63196 15.619
28.63602 15.666
28.64009 16.768
28.64416 17.097
28.64823 16.956
28.65230 16.299
28.65637 17.097
28.66043 15.713
28.66450 16.018
28.66857 17.167
28.67264 16.088
28.67671 16.768
28.68078 17.026
28.68485 15.643
28.68891 15.432
28.69298 17.261
28.69705 15.924
28.70112 15.854
28.70519 16.815
28.70926 14.728
28.71333 16.018
28.71739 15.877
28.72146 14.892
28.72553 15.314
28.72960 17.144
28.73367 15.666
28.73774 15.572
28.74180 17.144
28.74587 15.689
28.74994 16.276
28.75401 16.041
28.75808 14.916
28.76215 16.815
28.76622 15.549
28.77028 15.502
28.77435 15.455
28.77842 16.088
28.78249 16.088
28.78656 15.947
28.79063 15.525
28.79469 15.572
28.79876 15.947
28.80283 16.112
28.80690 15.643
28.81097 16.346
28.81504 15.220
28.81911 15.525
28.82317 16.487
28.82724 16.815
28.83131 15.877
28.83538 15.009
28.83945 16.604
28.84352 15.338
28.84759 16.346
28.85165 16.205
28.85572 16.088
28.85979 16.698
28.86386 15.666
28.86793 16.768
28.87200 16.252
28.87606 15.408
28.88013 15.338
28.88420 16.205
28.88827 15.033
28.89234 16.112
28.89641 14.869
28.90048 13.837
28.90454 15.689
28.90861 14.728
28.91268 15.478
28.91675 14.916
28.92082 15.314
28.92489 15.408
28.92896 15.338
28.93302 15.689
28.93709 15.901
28.94116 15.056
28.94523 15.244
28.94930 15.619
28.95337 14.939
28.95743 15.056
28.96150 15.432
28.96557 15.572
28.96964 16.721
28.97371 15.525
28.97778 16.276
28.98185 14.048
28.98591 14.775
28.98998 15.197
28.99405 14.423
28.99812 15.502
29.00219 14.939
29.00626 16.088
29.01032 16.862
29.01439 16.463
29.01846 16.252
29.02253 15.103
29.02660 15.314
29.03067 15.478
29.03474 15.572
29.03880 15.033
29.04287 15.877
29.04694 15.478
29.05101 15.478
29.05508 15.338
29.05915 15.267
29.06322 15.385
29.06728 15.783
29.07135 15.901
29.07542 14.986
29.07949 15.385
29.08356 14.634
29.08763 14.705
29.09169 15.830
29.09576 15.713
29.09983 15.361
29.10390 14.235
29.10797 15.244
29.11204 15.314
29.11611 14.470
29.12017 15.291
29.12424 14.470
29.12831 14.423
29.13238 15.783
29.13645 14.822
29.14052 14.353
29.14459 14.447
29.14865 14.400
29.15272 14.001
29.15679 14.611
29.16086 14.658
29.16493 14.165
29.16900 15.760
29.17306 15.596
29.17713 14.798
29.18120 15.314
29.18527 15.103
29.18934 14.400
29.19341 14.587
29.19748 14.212
29.20154 15.220
29.20561 15.220
29.20968 15.033
29.21375 15.385
29.21782 14.282
29.22189 14.142
29.22595 15.666
29.23002 14.470
29.23409 14.939
29.23816 14.517
29.24223 15.009
29.24630 14.892
29.25037 16.065
29.25443 15.009
29.25850 14.822
29.26257 14.329
29.26664 13.954
29.27071 14.423
29.27478 14.658
29.27885 15.572
29.28291 13.696
29.28698 14.892
29.29105 14.423
29.29512 15.103
29.29919 14.751
29.30326 14.822
29.30732 14.400
29.31139 14.798
29.31546 13.977
29.31953 15.666
29.32360 15.291
29.32767 13.931
29.33174 14.024
29.33580 14.024
29.33987 14.001
29.34394 15.947
29.34801 14.001
29.35208 15.244
29.35615 14.118
29.36022 14.962
29.36428 14.705
29.36835 14.611
29.37242 14.939
29.37649 13.438
29.38056 13.743
29.38463 15.080
29.38869 13.977
29.39276 14.564
29.39683 13.860
29.40090 14.822
29.40497 14.400
29.40904 14.024
29.41311 14.634
29.41717 15.033
29.42124 14.024
29.42531 14.681
29.42938 14.493
29.43345 14.447
29.43752 14.916
29.44158 13.977
29.44565 14.892
29.44972 13.626
29.45379 14.822
29.45786 14.329
29.46193 14.869
29.46600 14.517
29.47006 14.189
29.47413 14.986
29.47820 14.329
29.48227 14.071
29.48634 15.760
29.49041 13.602
29.49448 13.696
29.49854 14.728
29.50261 13.274
29.50668 14.353
29.51075 14.751
29.51482 13.438
29.51889 13.907
29.52295 13.813
29.52702 13.766
29.53109 14.705
29.53516 14.916
29.53923 14.001
29.54330 15.244
29.54737 14.001
29.55143 14.775
29.55550 14.611
29.55957 14.517
29.56364 14.024
29.56771 15.244
29.57178 13.790
29.57584 14.775
29.57991 14.118
29.58398 14.423
29.58805 14.001
29.59212 15.432
29.59619 14.869
29.60026 12.992
29.60432 13.766
29.60839 12.852
29.61246 14.751
29.61653 14.235
29.62060 15.502
29.62467 14.142
29.62874 14.916
29.63280 14.376
29.63687 14.470
29.64094 13.297
29.64501 13.602
29.64908 14.962
29.65315 13.860
29.65721 13.391
29.66128 14.071
29.66535 13.837
29.66942 13.579
29.67349 13.931
29.67756 14.165
29.68163 15.056
29.68569 14.118
29.68976 14.095
29.69383 13.837
29.69790 13.837
29.70197 14.892
29.70604 14.024
29.71011 14.282
29.71417 13.462
29.71824 13.063
29.72231 14.634
29.72638 15.478
29.73045 13.227
29.73452 13.813
29.73858 13.274
29.74265 14.705
29.74672 14.024
29.75079 14.259
29.75486 13.720
29.75893 14.165
29.76300 14.001
29.76706 13.790
29.77113 13.860
29.77520 13.977
29.77927 13.438
29.78334 14.916
29.78741 14.587
29.79147 13.344
29.79554 12.992
29.79961 13.227
29.80368 13.673
29.80775 12.289
29.81182 14.517
29.81589 14.493
29.81995 13.837
29.82402 13.227
29.82809 13.110
29.83216 14.306
29.83623 14.212
29.84030 12.453
29.84437 12.946
29.84843 13.649
29.85250 13.532
29.85657 13.180
29.86064 13.039
29.86471 14.423
29.86878 14.071
29.87284 14.165
29.87691 13.016
29.88098 12.735
29.88505 14.540
29.88912 13.157
29.89319 12.899
29.89726 13.086
29.90132 13.086
29.90539 13.766
29.90946 12.992
29.91353 12.547
29.91760 14.892
29.92167 13.508
29.92574 13.555
29.92980 14.540
29.93387 13.602
29.93794 13.227
29.94201 13.204
29.94608 13.602
29.95015 12.828
29.95421 12.992
29.95828 13.133
29.96235 13.391
29.96642 13.204
29.97049 14.071
29.97456 14.470
29.97863 13.297
29.98269 13.555
29.98676 13.297
29.99083 12.992
29.99490 13.133
29.99897 13.204
30.00304 13.532
30.00710 13.321
30.01117 13.086
30.01524 12.992
30.01931 12.664
30.02338 12.922
30.02745 13.016
30.03152 13.485
30.03558 14.095
30.03965 14.001
30.04372 13.579
30.04779 13.837
30.05186 13.157
30.05593 13.555
30.06000 12.312
30.06406 13.508
30.06813 13.485
30.07220 12.359
30.07627 13.157
30.08034 14.001
30.08441 13.344
30.08847 13.297
30.09254 13.931
30.09661 12.711
30.10068 12.594
30.10475 13.321
30.10882 14.142
30.11289 13.321
30.11695 13.297
30.12102 13.673
30.12509 12.570
30.12916 13.250
30.13323 12.946
30.13730 12.946
30.14137 12.805
30.14543 13.297
30.14950 13.720
30.15357 13.837
30.15764 13.485
30.16171 12.922
30.16578 13.485
30.16984 13.321
30.17391 13.579
30.17798 12.875
30.18205 13.227
30.18612 12.688
30.19019 13.227
30.19426 14.118
30.19832 13.438
30.20239 12.688
30.20646 12.969
30.21053 13.133
30.21460 13.485
30.21867 13.250
30.22273 12.406
30.22680 12.265
30.23087 12.641
30.23494 12.617
30.23901 13.133
30.24308 12.899
30.24715 13.462
30.25121 12.688
30.25528 12.664
30.25935 13.391
30.26342 12.969
30.26749 13.508
30.27156 12.875
30.27563 12.172
30.27969 13.555
30.28376 12.594
30.28783 13.250
30.29190 13.157
30.29597 13.086
30.30004 13.180
30.30410 11.890
30.30817 13.274
30.31224 13.321
30.31631 12.899
30.32038 13.321
30.32445 13.016
30.32852 13.626
30.33258 12.688
30.33665 12.735
30.34072 12.219
30.34479 12.711
30.34886 13.954
30.35293 13.602
30.35700 12.735
30.36106 13.063
30.36513 13.391
30.36920 12.453
30.37327 13.110
30.37734 12.641
30.38141 12.899
30.38547 13.063
30.38954 12.899
30.39361 12.523
30.39768 12.711
30.40175 12.852
30.40582 12.617
30.40989 12.969
30.41395 12.359
30.41802 13.602
30.42209 12.946
30.42616 13.227
30.43023 12.359
30.43430 12.430
30.43836 14.235
30.44243 12.172
30.44650 13.063
30.45057 13.180
30.45464 13.462
30.45871 12.922
30.46278 11.679
30.46684 11.773
30.47091 13.508
30.47498 13.485
30.47905 12.899
30.48312 12.570
30.48719 13.063
30.49126 12.242
30.49532 12.969
30.49939 12.477
30.50346 13.133
30.50753 12.594
30.51160 12.172
30.51567 13.227
30.51973 13.227
30.52380 13.204
30.52787 12.453
30.53194 12.852
30.53601 13.602
30.54008 12.805
30.54415 12.500
30.54821 11.796
30.55228 12.735
30.55635 12.570
30.56042 13.579
30.56449 14.235
30.56856 12.922
30.57262 12.148
30.57669 13.649
30.58076 12.969
30.58483 13.485
30.58890 13.227
30.59297 13.180
30.59704 13.555
30.60110 13.204
30.60517 12.195
30.60924 13.813
30.61331 13.110
30.61738 13.086
30.62145 13.039
30.62552 14.282
30.62958 13.274
30.63365 12.805
30.63772 13.274
30.64179 11.867
30.64586 12.406
30.64993 13.086
30.65399 13.790
30.65806 12.641
30.66213 12.617
30.66620 13.532
30.67027 12.641
30.67434 11.750
30.67841 13.766
30.68247 13.180
30.68654 12.265
30.69061 11.609
30.69468 12.523
30.69875 13.602
30.70282 11.562
30.70689 11.961
30.71095 12.383
30.71502 12.125
30.71909 13.227
30.72316 11.609
30.72723 12.922
30.73130 11.961
30.73536 13.227
30.73943 12.172
30.74350 12.570
30.74757 13.039
30.75164 11.773
30.75571 12.031
30.75978 11.820
30.76384 13.086
30.76791 12.711
30.77198 12.289
30.77605 12.148
30.78012 12.289
30.78419 12.312
30.78825 11.492
30.79232 12.265
30.79639 12.219
30.80046 12.875
30.80453 12.711
30.80860 11.257
30.81267 11.867
30.81673 12.711
30.82080 12.312
30.82487 12.219
30.82894 12.500
30.83301 12.148
30.83708 12.735
30.84115 11.492
30.84521 12.172
30.84928 13.063
30.85335 12.781
30.85742 13.086
30.86149 11.538
30.86556 11.421
30.86962 11.679
30.87369 12.617
30.87776 11.421
30.88183 13.250
30.88590 11.843
30.88997 11.609
30.89404 11.820
30.89810 12.828
30.90217 10.905
30.90624 12.547
30.91031 11.046
30.91438 12.219
30.91845 11.773
30.92252 11.820
30.92658 11.280
30.93065 12.031
30.93472 12.992
30.93879 11.703
30.94286 11.843
30.94693 11.327
30.95099 12.711
30.95506 11.234
30.95913 12.101
30.96320 11.093
30.96727 12.078
30.97134 12.172
30.97541 11.609
30.97947 11.515
30.98354 11.867
30.98761 11.538
30.99168 11.679
30.99575 13.086
30.99982 12.289
31.00388 12.922
31.00795 12.312
31.01202 11.538
31.01609 11.538
31.02016 11.116
31.02423 12.336
31.02830 11.750
31.03236 12.430
31.03643 11.163
31.04050 11.187
31.04457 11.843
31.04864 11.843
31.05271 10.952
31.05678 11.679
31.06084 12.242
31.06491 11.984
31.06898 11.843
31.07305 11.656
31.07712 12.148
31.08119 11.046
31.08525 11.867
31.08932 12.477
31.09339 11.515
31.09746 11.304
31.10153 11.937
31.10560 10.835
31.10967 11.398
31.11373 11.515
31.11780 11.609
31.12187 12.688
31.12594 11.351
31.13001 12.148
31.13408 11.656
31.13815 11.492
31.14221 11.421
31.14628 11.984
31.15035 11.421
31.15442 12.688
31.15849 11.046
31.16256 11.069
31.16662 11.445
31.17069 11.656
31.17476 12.312
31.17883 11.351
31.18290 12.500
31.18697 10.952
31.19104 11.562
31.19510 11.398
31.19917 12.383
31.20324 11.398
31.20731 11.421
31.21138 11.163
31.21545 11.445
31.21951 11.163
31.22358 11.890
31.22765 11.140
31.23172 11.609
31.23579 11.843
31.23986 11.116
31.24393 12.336
31.24799 10.811
31.25206 10.929
31.25613 11.398
31.26020 11.069
31.26427 11.210
31.26834 11.163
31.27241 11.562
31.27647 11.374
31.28054 12.242
31.28461 11.890
31.28868 11.609
31.29275 11.327
31.29682 12.172
31.30088 11.234
31.30495 10.178
31.30902 11.280
31.31309 10.718
31.31716 11.679
31.32123 10.858
31.32530 10.811
31.32936 11.726
31.33343 12.148
31.33750 11.538
31.34157 11.468
31.34564 12.195
31.34971 10.577
31.35377 10.389
31.35784 10.905
31.36191 11.867
31.36598 11.093
31.37005 10.647
31.37412 10.835
31.37819 11.843
31.38225 10.882
31.38632 12.265
31.39039 11.562
31.39446 10.882
31.39853 11.421
31.40260 11.163
31.40667 11.937
31.41073 11.304
31.41480 12.008
31.41887 11.820
31.42294 10.765
31.42701 11.632
31.43108 11.116
31.43514 10.882
31.43921 12.383
31.44328 11.984
31.44735 12.289
31.45142 11.374
31.45549 11.093
31.45956 10.882
31.46362 10.999
31.46769 10.905
31.47176 12.242
31.47583 11.280
31.47990 10.272
31.48397 11.421
31.48804 11.492
31.49210 10.483
31.49617 11.421
31.50024 12.430
31.50431 11.796
31.50838 11.187
31.51245 11.515
31.51651 11.445
31.52058 12.078
31.52465 10.671
31.52872 12.265
31.53279 11.679
31.53686 11.656
31.54093 11.304
31.54499 11.609
31.54906 11.046
31.55313 10.436
31.55720 11.304
31.56127 10.577
31.56534 11.796
31.56940 10.507
31.57347 11.093
31.57754 11.585
31.58161 11.046
31.58568 10.765
31.58975 11.796
31.59382 11.984
31.59788 11.398
31.60195 10.999
31.60602 11.257
31.61009 11.492
31.61416 11.116
31.61823 10.858
31.62230 11.796
31.62636 10.952
31.63043 10.741
31.63450 11.304
31.63857 11.632
31.64264 11.046
31.64671 10.858
31.65077 11.046
31.65484 10.647
31.65891 12.054
31.66298 10.905
31.66705 10.952
31.67112 11.445
31.67519 11.351
31.67925 10.929
31.68332 10.342
31.68739 11.538
31.69146 11.046
31.69553 10.647
31.69960 10.788
31.70367 10.765
31.70773 11.257
31.71180 11.351
31.71587 10.952
31.71994 10.882
31.72401 10.342
31.72808 12.312
31.73214 11.585
31.73621 11.023
31.74028 11.163
31.74435 11.093
31.74842 10.718
31.75249 10.694
31.75656 11.257
31.76062 11.023
31.76469 10.694
31.76876 11.140
31.77283 10.882
31.77690 11.421
31.78097 10.671
31.78503 11.679
31.78910 10.976
31.79317 10.202
31.79724 9.850
31.80131 11.210
31.80538 10.530
31.80945 10.952
31.81351 10.741
31.81758 11.820
31.82165 11.679
31.82572 11.421
31.82979 11.163
31.83386 11.656
31.83793 11.210
31.84199 10.788
31.84606 11.093
31.85013 10.976
31.85420 11.632
31.85827 11.140
31.86234 10.952
31.86640 12.148
31.87047 11.492
31.87454 10.600
31.87861 11.257
31.88268 10.342
31.88675 11.069
31.89082 10.460
31.89488 10.577
31.89895 11.609
31.90302 10.553
31.90709 11.280
31.91116 11.351
31.91523 10.084
31.91930 10.342
31.92336 10.882
31.92743 10.436
31.93150 10.624
31.93557 10.718
31.93964 10.319
31.94371 10.108
31.94777 10.671
31.95184 10.342
31.95591 11.374
31.95998 10.014
31.96405 11.210
31.96812 10.577
31.97219 10.976
31.97625 10.155
31.98032 10.858
31.98439 11.515
31.98846 11.374
31.99253 11.187
31.99660 11.867
32.00066 11.280
32.00473 11.421
32.00880 11.867
32.01287 10.624
32.01694 10.718
32.02101 10.178
32.02508 10.788
32.02914 11.116
32.03321 10.741
32.03728 10.694
32.04135 11.187
32.04542 11.398
32.04949 11.374
32.05356 11.210
32.05762 10.014
32.06169 11.398
32.06576 11.351
32.06983 10.835
32.07390 10.272
32.07797 11.046
32.08203 11.234
32.08610 11.046
32.09017 11.280
32.09424 12.101
32.09831 10.999
32.10238 10.929
32.10645 10.858
32.11051 10.694
32.11458 10.952
32.11865 11.843
32.12272 11.374
32.12679 9.873
32.13086 11.023
32.13492 10.999
32.13899 11.468
32.14306 11.937
32.14713 12.195
32.15120 10.741
32.15527 11.234
32.15934 11.234
32.16340 10.835
32.16747 10.905
32.17154 10.999
32.17561 11.468
32.17968 11.140
32.18375 11.093
32.18782 11.046
32.19188 11.726
32.19595 10.905
32.20002 11.679
32.20409 11.867
32.20816 11.492
32.21223 12.312
32.21629 11.234
32.22036 12.031
32.22443 12.195
32.22850 13.016
32.23257 12.101
32.23664 12.781
32.24071 11.820
32.24477 12.523
32.24884 12.758
32.25291 11.585
32.25698 12.453
32.26105 12.265
32.26512 13.016
32.26919 12.969
32.27325 13.931
32.27732 13.368
32.28139 12.289
32.28546 12.992
32.28953 14.142
32.29360 14.470
32.29766 14.024
32.30173 13.602
32.30580 13.860
32.30987 14.705
32.31394 15.291
32.31801 14.728
32.32208 15.502
32.32614 15.080
32.33021 15.478
32.33428 14.517
32.33835 16.815
32.34242 15.150
32.34649 16.018
32.35055 16.815
32.35462 17.144
32.35869 17.636
32.36276 17.331
32.36683 17.472
32.37090 18.246
32.37497 17.683
32.37903 19.841
32.38310 18.879
32.38717 19.325
32.39124 19.794
32.39531 19.278
32.39938 20.966
32.40345 21.318
32.40751 22.631
32.41158 21.201
32.41565 22.022
32.41972 21.107
32.42379 22.491
32.42786 21.482
32.43192 22.608
32.43599 22.139
32.44006 22.303
32.44413 22.444
32.44820 20.098
32.45227 20.544
32.45634 22.538
32.46040 21.693
32.46447 22.608
32.46854 23.030
32.47261 22.866
32.47668 21.857
32.48075 21.881
32.48482 20.708
32.48888 22.866
32.49295 21.928
32.49702 20.544
32.50109 21.811
32.50516 20.497
32.50923 20.263
32.51329 20.661
32.51736 19.231
32.52143 19.043
32.52550 18.433
32.52957 17.448
32.53364 17.753
32.53771 19.043
32.54177 17.261
32.54584 18.222
32.54991 17.566
32.55398 16.604
32.55805 16.651
32.56212 15.971
32.56618 17.073
32.57025 15.338
32.57432 15.572
32.57839 15.830
32.58246 17.073
32.58653 14.493
32.59060 15.432
32.59466 14.447
32.59873 13.860
32.60280 13.157
32.60687 14.869
32.61094 13.602
32.61501 14.493
32.61908 13.720
32.62314 14.540
32.62721 14.259
32.63128 13.977
32.63535 13.532
32.63942 13.039
32.64349 12.735
32.64755 12.453
32.65162 12.453
32.65569 12.054
32.65976 12.078
32.66383 11.562
32.66790 13.157
32.67197 11.351
32.67603 12.148
32.68010 12.899
32.68417 11.843
32.68824 12.054
32.69231 11.304
32.69638 11.421
32.70045 11.726
32.70451 11.515
32.70858 11.609
32.71265 10.929
32.71672 10.460
32.72079 10.694
32.72486 10.530
32.72892 11.445
32.73299 11.843
32.73706 11.140
32.74113 10.835
32.74520 11.515
32.74927 11.351
32.75334 11.914
32.75740 10.413
32.76147 10.413
32.76554 12.265
32.76961 11.703
32.77368 10.952
32.77775 11.187
32.78181 11.632
32.78588 11.046
32.78995 10.741
32.79402 10.061
32.79809 10.999
32.80216 9.944
32.80623 10.155
32.81029 10.436
32.81436 11.374
32.81843 10.741
32.82250 10.577
32.82657 11.093
32.83064 10.741
32.83471 10.788
32.83877 10.084
32.84284 10.811
32.84691 11.656
32.85098 11.585
32.85505 11.234
32.85912 11.750
32.86318 10.600
32.86725 10.647
32.87132 10.741
32.87539 11.656
32.87946 11.257
32.88353 11.234
32.88760 10.671
32.89166 12.031
32.89573 11.937
32.89980 11.069
32.90387 11.116
32.90794 11.609
32.91201 10.811
32.91607 10.788
32.92014 11.398
32.92421 11.726
32.92828 11.140
32.93235 11.398
32.93642 11.515
32.94049 10.694
32.94455 11.140
32.94862 11.867
32.95269 10.858
32.95676 11.069
32.96083 11.280
32.96490 10.952
32.96897 11.492
32.97303 11.351
32.97710 11.538
32.98117 11.398
32.98524 11.445
32.98931 11.961
32.99338 11.023
32.99744 11.679
33.00151 10.999
33.00558 10.741
33.00965 10.811
33.01372 11.585
33.01779 10.882
33.02186 10.436
33.02592 11.304
33.02999 11.140
33.03406 10.249
33.03813 11.538
33.04220 11.234
33.04627 10.460
33.05034 10.835
33.05440 9.780
33.05847 10.647
33.06254 9.991
33.06661 10.225
33.07068 9.920
33.07475 9.897
33.07881 10.600
33.08288 10.436
33.08695 9.826
33.09102 10.131
33.09509 9.991
33.09916 9.756
33.10323 9.381
33.10729 9.639
33.11136 10.225
33.11543 11.046
33.11950 10.647
33.12357 9.522
33.12764 9.615
33.13170 10.249
33.13577 9.756
33.13984 10.014
33.14391 9.451
33.14798 10.249
33.15205 9.522
33.15612 9.475
33.16018 8.630
33.16425 10.061
33.16832 9.451
33.17239 8.959
33.17646 9.780
33.18053 9.826
33.18460 9.662
33.18866 10.014
33.19273 9.146
33.19680 9.615
33.20087 10.202
33.20494 9.780
33.20901 9.287
33.21307 9.451
33.21714 9.967
33.22121 10.225
33.22528 10.178
33.22935 9.404
33.23342 9.944
33.23749 9.545
33.24155 9.006
33.24562 9.826
33.24969 10.460
33.25376 9.873
33.25783 10.108
33.26190 10.460
33.26597 9.217
33.27003 9.076
33.27410 9.076
33.27817 9.287
33.28224 11.234
33.28631 8.818
33.29038 10.084
33.29444 9.451
33.29851 9.709
33.30258 9.803
33.30665 8.935
33.31072 9.756
33.31479 9.170
33.31886 9.076
33.32292 9.709
33.32699 9.053
33.33106 9.944
33.33513 9.475
33.33920 9.357
33.34327 9.920
33.34733 9.404
33.35140 9.357
33.35547 10.155
33.35954 9.639
33.36361 9.686
33.36768 9.615
33.37175 9.381
33.37581 9.850
33.37988 9.240
33.38395 9.967
33.38802 8.795
33.39209 9.568
33.39616 9.475
33.40023 9.615
33.40429 9.639
33.40836 9.568
33.41243 10.131
33.41650 9.756
33.42057 8.748
33.42464 9.733
33.42870 9.076
33.43277 9.428
33.43684 9.568
33.44091 9.076
33.44498 9.475
33.44905 9.592
33.45312 9.099
33.45718 9.334
33.46125 8.607
33.46532 10.108
33.46939 9.498
33.47346 9.522
33.47753 9.662
33.48160 9.733
33.48566 8.795
33.48973 9.193
33.49380 9.334
33.49787 7.997
33.50194 9.076
33.50601 10.014
33.51007 9.053
33.51414 8.982
33.51821 10.178
33.52228 9.451
33.52635 9.404
33.53042 9.123
33.53449 9.944
33.53855 10.108
33.54262 9.170
33.54669 9.264
33.55076 9.264
33.55483 9.522
33.55890 10.671
33.56296 9.357
33.56703 9.475
33.57110 9.780
33.57517 8.677
33.57924 9.498
33.58331 9.897
33.58738 8.748
33.59144 9.568
33.59551 8.724
33.59958 9.193
33.60365 9.475
33.60772 9.029
33.61179 8.326
33.61586 10.202
33.61992 10.483
33.62399 9.287
33.62806 8.959
33.63213 9.146
33.63620 9.170
33.64027 9.850
33.64433 8.771
33.64840 9.193
33.65247 9.146
33.65654 9.357
33.66061 9.592
33.66468 10.249
33.66875 9.029
33.67281 9.006
33.67688 9.545
33.68095 9.264
33.68502 9.287
33.68909 8.959
33.69316 8.959
33.69723 9.780
33.70129 8.349
33.70536 9.240
33.70943 10.131
33.71350 10.038
33.71757 9.123
33.72164 8.982
33.72570 9.475
33.72977 8.232
33.73384 8.537
33.73791 9.897
33.74198 9.264
33.74605 9.006
33.75012 8.677
33.75418 8.888
33.75825 9.123
33.76232 9.264
33.76639 9.850
33.77046 8.419
33.77453 8.396
33.77859 9.475
33.78266 9.920
33.78673 9.404
33.79080 8.583
33.79487 9.662
33.79894 10.061
33.80301 8.677
33.80707 9.193
33.81114 9.897
33.81521 8.419
33.81928 9.568
33.82335 9.498
33.82742 8.724
33.83149 8.818
33.83555 8.959
33.83962 8.724
33.84369 9.592
33.84776 8.560
33.85183 8.818
33.85590 9.733
33.85996 8.560
33.86403 9.123
33.86810 8.818
33.87217 8.607
33.87624 7.856
33.88031 9.733
33.88438 8.419
33.88844 8.701
33.89251 9.099
33.89658 8.888
33.90065 9.357
33.90472 9.053
33.90879 9.662
33.91285 9.733
33.91692 9.123
33.92099 9.334
33.92506 8.841
33.92913 8.654
33.93320 9.099
33.93727 9.029
33.94133 8.490
33.94540 9.193
33.94947 9.287
33.95354 8.888
33.95761 8.748
33.96168 8.466
33.96575 8.372
33.96981 9.545
33.97388 9.053
33.97795 9.756
33.98202 8.372
33.98609 9.029
33.99016 8.841
33.99422 9.123
33.99829 9.076
34.00236 9.568
34.00643 8.795
34.01050 9.522
34.01457 8.208
34.01864 8.677
34.02270 9.404
34.02677 9.381
34.03084 8.443
34.03491 8.607
34.03898 8.607
34.04305 9.193
34.04712 8.372
34.05118 8.818
34.05525 9.193
34.05932 9.451
34.06339 8.959
34.06746 7.786
34.07153 8.865
34.07559 9.076
34.07966 8.537
34.08373 7.927
34.08780 9.053
34.09187 9.475
34.09594 9.264
34.10001 9.568
34.10407 8.701
34.10814 8.818
34.11221 9.053
34.11628 8.959
34.12035 8.513
34.12442 9.240
34.12848 9.803
34.13255 8.982
34.13662 8.982
34.14069 8.466
34.14476 9.076
34.14883 9.006
34.15290 9.099
34.15696 8.044
34.16103 9.897
34.16510 9.475
34.16917 9.404
34.17324 8.560
34.17731 9.170
34.18138 9.287
34.18544 9.287
34.18951 9.826
34.19358 8.748
34.19765 8.795
34.20172 8.607
34.20579 9.287
34.20985 8.701
34.21392 9.709
34.21799 8.865
34.22206 8.677
34.22613 8.279
34.23020 8.302
34.23427 8.865
34.23833 9.357
34.24240 9.404
34.24647 10.014
34.25054 9.217
34.25461 9.334
34.25868 8.912
34.26275 7.833
34.26681 8.771
34.27088 8.560
34.27495 8.443
34.27902 8.701
34.28309 9.006
34.28716 9.545
34.29122 9.099
34.29529 8.677
34.29936 8.583
34.30343 9.475
34.30750 9.193
34.31157 9.076
34.31564 9.568
34.31970 8.841
34.32377 8.841
34.32784 9.123
34.33191 8.912
34.33598 8.349
34.34005 9.170
34.34411 9.733
34.34818 9.146
34.35225 8.935
34.35632 9.076
34.36039 9.029
34.36446 8.724
34.36853 8.865
34.37259 9.240
34.37666 10.741
34.38073 9.076
34.38480 9.686
34.38887 9.029
34.39294 8.959
34.39701 9.639
34.40107 9.803
34.40514 8.701
34.40921 8.443
34.41328 8.396
34.41735 9.334
34.42142 8.865
34.42548 8.841
34.42955 9.217
34.43362 9.076
34.43769 9.217
34.44176 9.099
34.44583 8.888
34.44990 9.428
34.45396 9.709
34.45803 9.592
34.46210 8.490
34.46617 9.076
34.47024 9.733
34.47431 9.029
34.47838 9.170
34.48244 9.099
34.48651 9.217
34.49058 9.240
34.49465 8.818
34.49872 8.677
34.50279 9.357
34.50685 9.076
34.51092 9.146
34.51499 8.630
34.51906 8.888
34.52313 9.123
34.52720 8.959
34.53127 9.264
34.53533 8.372
34.53940 8.818
34.54347 9.545
34.54754 9.428
34.55161 8.466
34.55568 9.404
34.55974 9.592
34.56381 8.279
34.56788 8.959
34.57195 8.818
34.57602 8.795
34.58009 9.006
34.58416 8.771
34.58822 7.927
34.59229 8.630
34.59636 8.701
34.60043 9.381
34.60450 8.818
34.60857 8.537
34.61264 9.381
34.61670 8.982
34.62077 9.498
34.62484 8.959
34.62891 9.780
34.63298 9.006
34.63705 8.349
34.64111 8.865
34.64518 9.475
34.64925 7.294
34.65332 8.560
34.65739 8.607
34.66146 9.311
34.66553 8.935
34.66959 9.287
34.67366 8.326
34.67773 8.583
34.68180 9.099
34.68587 9.662
34.68994 7.950
34.69400 8.349
34.69807 8.537
34.70214 8.912
34.70621 8.748
34.71028 8.513
34.71435 8.560
34.71842 8.021
34.72248 9.099
34.72655 9.146
34.73062 8.865
34.73469 7.856
34.73876 8.841
34.74283 9.123
34.74690 8.724
34.75096 9.006
34.75503 8.771
34.75910 8.114
34.76317 9.522
34.76724 8.818
34.77131 8.959
34.77537 8.748
34.77944 8.419
34.78351 8.583
34.78758 9.193
34.79165 8.490
34.79572 8.865
34.79979 8.724
34.80385 8.701
34.80792 7.997
34.81199 8.302
34.81606 9.287
34.82013 8.630
34.82420 8.935
34.82827 9.193
34.83233 8.935
34.83640 9.029
34.84047 9.006
34.84454 7.622
34.84861 9.545
34.85268 8.865
34.85674 8.396
34.86081 7.950
34.86488 8.583
34.86895 9.428
34.87302 8.302
34.87709 8.935
34.88116 8.583
34.88522 8.513
34.88929 8.466
34.89336 7.950
34.89743 8.982
34.90150 8.724
34.90557 8.888
34.90963 8.818
34.91370 9.029
34.91777 8.208
34.92184 7.974
34.92591 8.701
34.92998 9.193
34.93405 8.255
34.93811 8.419
34.94218 8.795
34.94625 8.724
34.95032 8.841
34.95439 7.880
34.95846 9.334
34.96253 8.279
34.96659 8.912
34.97066 8.771
34.97473 9.006
34.97880 9.311
34.98287 8.466
34.98694 8.279
34.99100 7.974
34.99507 9.099
34.99914 8.865
35.00321 8.513
35.00728 8.419
35.01135 8.560
35.01542 8.138
35.01948 7.317
35.02355 7.692
35.02762 8.349
35.03169 9.264
35.03576 8.232
35.03983 8.537
35.04390 8.255
35.04796 8.232
35.05203 7.997
35.05610 7.903
35.06017 8.630
35.06424 8.583
35.06831 8.935
35.07237 8.044
35.07644 9.170
35.08051 8.138
35.08458 8.701
35.08865 8.138
35.09272 8.208
35.09679 8.091
35.10085 8.654
35.10492 8.326
35.10899 8.654
35.11306 8.372
35.11713 8.560
35.12120 9.123
35.12526 8.208
35.12933 8.349
35.13340 9.287
35.13747 8.138
35.14154 8.466
35.14561 8.396
35.14968 8.959
35.15374 7.716
35.15781 8.443
35.16188 8.537
35.16595 8.490
35.17002 8.677
35.17409 8.138
35.17816 8.888
35.18222 8.818
35.18629 8.279
35.19036 9.709
35.19443 9.170
35.19850 8.185
35.20257 8.654
35.20663 8.771
35.21070 7.387
35.21477 8.701
35.21884 8.372
35.22291 8.701
35.22698 8.724
35.23105 7.833
35.23511 8.865
35.23918 7.458
35.24325 8.396
35.24732 8.349
35.25139 8.513
35.25546 7.810
35.25953 7.692
35.26359 9.193
35.26766 7.270
35.27173 8.490
35.27580 8.583
35.27987 7.716
35.28394 8.279
35.28800 9.029
35.29207 8.021
35.29614 9.240
35.30021 7.528
35.30428 8.677
35.30835 8.982
35.31242 9.287
35.31648 7.458
35.32055 8.443
35.32462 8.302
35.32869 8.255
35.33276 7.434
35.33683 8.208
35.34089 8.232
35.34496 8.701
35.34903 8.068
35.35310 8.208
35.35717 8.466
35.36124 7.481
35.36531 8.935
35.36937 8.161
35.37344 7.927
35.37751 8.161
35.38158 8.208
35.38565 7.739
35.38972 8.607
35.39379 8.818
35.39785 8.490
35.40192 7.763
35.40599 8.208
35.41006 8.912
35.41413 7.598
35.41820 7.810
35.42226 7.997
35.42633 8.091
35.43040 8.654
35.43447 8.326
35.43854 8.419
35.44261 8.372
35.44668 8.959
35.45074 8.795
35.45481 7.786
35.45888 8.349
35.46295 8.560
35.46702 8.372
35.47109 8.959
35.47515 8.583
35.47922 7.974
35.48329 8.021
35.48736 8.490
35.49143 8.443
35.49550 8.068
35.49957 8.748
35.50363 8.771
35.50770 8.583
35.51177 8.466
35.51584 8.513
35.51991 7.997
35.52398 7.387
35.52805 8.021
35.53211 8.795
35.53618 8.607
35.54025 8.232
35.54432 8.114
35.54839 7.997
35.55246 8.326
35.55652 8.349
35.56059 8.161
35.56466 8.583
35.56873 8.607
35.57280 9.146
35.57687 8.068
35.58094 7.458
35.58500 8.255
35.58907 8.372
35.59314 8.232
35.59721 7.763
35.60128 8.490
35.60535 9.099
35.60942 8.818
35.61348 8.302
35.61755 8.255
35.62162 8.185
35.62569 8.607
35.62976 8.185
35.63383 8.114
35.63789 7.880
35.64196 7.903
35.64603 8.091
35.65010 8.279
35.65417 7.974
35.65824 7.716
35.66231 7.200
35.66637 7.552
35.67044 7.974
35.67451 7.974
35.67858 7.528
35.68265 8.279
35.68672 8.232
35.69078 7.833
35.69485 7.622
35.69892 7.528
35.70299 7.810
35.70706 7.341
35.71113 7.645
35.71520 8.372
35.71926 7.481
35.72333 8.091
35.72740 8.044
35.73147 8.607
35.73554 8.372
35.73961 8.161
35.74368 8.279
35.74774 8.021
35.75181 8.490
35.75588 7.927
35.75995 7.458
35.76402 8.888
35.76809 7.505
35.77215 7.880
35.77622 8.279
35.78029 8.349
35.78436 8.419
35.78843 8.701
35.79250 8.537
35.79657 8.091
35.80063 8.888
35.80470 8.443
35.80877 7.974
35.81284 8.935
35.81691 7.997
35.82098 8.724
35.82505 8.044
35.82911 8.091
35.83318 8.114
35.83725 7.247
35.84132 7.950
35.84539 7.247
35.84946 8.044
35.85352 8.232
35.85759 8.161
35.86166 7.364
35.86573 7.997
35.86980 8.396
35.87387 8.513
35.87794 7.294
35.88200 9.029
35.88607 7.763
35.89014 7.880
35.89421 7.880
35.89828 8.326
35.90235 7.856
35.90641 8.208
35.91048 7.903
35.91455 7.927
35.91862 8.419
35.92269 7.458
35.92676 7.974
35.93083 7.059
35.93489 7.927
35.93896 7.927
35.94303 8.654
35.94710 8.795
35.95117 8.607
35.95524 8.279
35.95931 8.583
35.96337 7.622
35.96744 7.903
35.97151 8.021
35.97558 8.865
35.97965 8.724
35.98372 8.326
35.98778 8.630
35.99185 8.795
35.99592 8.701
35.99999 8.466
36.00406 7.810
36.00813 7.716
36.01220 8.326
36.01626 8.419
36.02033 7.387
36.02440 8.349
36.02847 9.311
36.03254 8.114
36.03661 7.763
36.04068 7.059
36.04474 8.865
36.04881 8.279
36.05288 8.232
36.05695 7.575
36.06102 8.044
36.06509 8.630
36.06915 7.974
36.07322 8.044
36.07729 7.552
36.08136 7.739
36.08543 7.997
36.08950 8.255
36.09357 8.302
36.09763 8.208
36.10170 7.716
36.10577 7.927
36.10984 8.959
36.11391 8.302
36.11798 8.068
36.12204 8.419
36.12611 8.583
36.13018 8.021
36.13425 7.786
36.13832 8.935
36.14239 7.645
36.14646 8.583
36.15052 8.185
36.15459 8.326
36.15866 8.537
36.16273 8.537
36.16680 8.114
36.17087 6.989
36.17494 7.974
36.17900 7.294
36.18307 8.302
36.18714 8.279
36.19121 7.411
36.19528 7.317
36.19935 7.880
36.20341 7.927
36.20748 8.232
36.21155 8.795
36.21562 7.974
36.21969 7.927
36.22376 8.396
36.22783 8.091
36.23189 7.669
36.23596 8.208
36.24003 8.114
36.24410 7.716
36.24817 8.091
36.25224 7.950
36.25630 7.622
36.26037 8.138
36.26444 8.114
36.26851 8.443
36.27258 8.419
36.27665 7.505
36.28072 8.583
36.28478 7.950
36.28885 8.279
36.29292 8.349
36.29699 8.232
36.30106 8.021
36.30513 7.645
36.30920 8.021
36.31326 7.810
36.31733 7.786
36.32140 8.513
36.32547 8.419
36.32954 8.208
36.33361 8.208
36.33767 8.349
36.34174 7.294
36.34581 7.270
36.34988 7.692
36.35395 7.880
36.35802 7.364
36.36209 7.997
36.36615 7.364
36.37022 8.255
36.37429 7.856
36.37836 7.481
36.38243 7.575
36.38650 7.669
36.39057 7.387
36.39463 7.341
36.39870 7.364
36.40277 7.528
36.40684 7.528
36.41091 8.372
36.41498 7.059
36.41904 8.161
36.42311 7.833
36.42718 7.129
36.43125 8.044
36.43532 7.739
36.43939 7.622
36.44346 7.458
36.44752 8.302
36.45159 7.786
36.45566 8.068
36.45973 8.326
36.46380 7.528
36.46787 7.270
36.47193 7.669
36.47600 8.138
36.48007 6.660
36.48414 7.387
36.48821 7.903
36.49228 7.598
36.49635 8.068
36.50041 7.575
36.50448 8.560
36.50855 7.856
36.51262 8.326
36.51669 7.856
36.52076 8.349
36.52483 7.716
36.52889 7.856
36.53296 8.513
36.53703 8.865
36.54110 7.669
36.54517 7.810
36.54924 7.997
36.55330 7.833
36.55737 7.176
36.56144 7.974
36.56551 7.810
36.56958 7.458
36.57365 8.443
36.57772 7.950
36.58178 8.208
36.58585 7.552
36.58992 7.810
36.59399 7.669
36.59806 7.856
36.60213 7.974
36.60620 7.223
36.61026 7.716
36.61433 7.763
36.61840 8.841
36.62247 7.786
36.62654 7.552
36.63061 7.833
36.63467 7.927
36.63874 7.997
36.64281 7.716
36.64688 7.692
36.65095 7.059
36.65502 7.692
36.65909 8.630
36.66315 8.091
36.66722 8.114
36.67129 7.880
36.67536 7.692
36.67943 7.645
36.68350 7.669
36.68756 7.036
36.69163 8.396
36.69570 8.021
36.69977 7.856
36.70384 7.622
36.70791 7.598
36.71198 8.349
36.71604 7.903
36.72011 7.833
36.72418 7.059
36.72825 7.598
36.73232 7.552
36.73639 7.950
36.74046 7.903
36.74452 8.232
36.74859 7.716
36.75266 7.270
36.75673 7.481
36.76080 7.387
36.76487 7.810
36.76893 8.302
36.77300 8.091
36.77707 7.458
36.78114 7.692
36.78521 7.622
36.78928 8.372
36.79335 7.622
36.79741 7.763
36.80148 7.387
36.80555 8.114
36.80962 6.731
36.81369 7.786
36.81776 7.223
36.82183 7.129
36.82589 7.434
36.82996 7.692
36.83403 7.552
36.83810 7.786
36.84217 7.739
36.84624 8.654
36.85030 7.716
36.85437 8.443
36.85844 6.871
36.86251 6.848
36.86658 7.903
36.87065 7.856
36.87472 8.161
36.87878 7.997
36.88285 7.716
36.88692 7.856
36.89099 8.068
36.89506 7.223
36.89913 7.317
36.90319 7.387
36.90726 7.669
36.91133 7.083
36.91540 8.021
36.91947 7.716
36.92354 7.692
36.92761 7.880
36.93167 7.341
36.93574 7.411
36.93981 6.942
36.94388 8.279
36.94795 6.895
36.95202 8.419
36.95609 7.763
36.96015 7.716
36.96422 8.326
36.96829 7.458
36.97236 7.692
36.97643 8.185
36.98050 7.645
36.98456 8.021
36.98863 7.927
36.99270 7.739
36.99677 7.716
37.00084 7.645
37.00491 6.754
37.00898 8.068
37.01304 7.552
37.01711 7.341
37.02118 7.106
37.02525 7.528
37.02932 8.326
37.03339 7.598
37.03746 8.372
37.04152 7.622
37.04559 7.200
37.04966 6.895
37.05373 8.044
37.05780 7.786
37.06187 7.223
37.06593 8.419
37.07000 7.528
37.07407 7.528
37.07814 7.528
37.08221 8.419
37.08628 8.279
37.09035 7.903
37.09441 7.411
37.09848 7.458
37.10255 8.326
37.10662 7.458
37.11069 7.083
37.11476 7.927
37.11882 7.880
37.12289 7.622
37.12696 7.176
37.13103 8.185
37.13510 8.490
37.13917 7.997
37.14324 8.302
37.14730 8.091
37.15137 7.763
37.15544 7.481
37.15951 7.059
37.16358 7.950
37.16765 7.645
37.17172 8.068
37.17578 7.716
37.17985 7.645
37.18392 7.575
37.18799 7.856
37.19206 6.590
37.19613 7.458
37.20019 7.317
37.20426 8.021
37.20833 7.481
37.21240 7.552
37.21647 7.669
37.22054 8.161
37.22461 7.200
37.22867 7.810
37.23274 7.575
37.23681 7.950
37.24088 8.208
37.24495 7.716
37.24902 8.044
37.25308 7.833
37.25715 7.598
37.26122 7.434
37.26529 7.903
37.26936 8.185
37.27343 7.950
37.27750 6.731
37.28156 7.716
37.28563 7.810
37.28970 7.575
37.29377 8.701
37.29784 7.692
37.30191 7.786
37.30598 7.247
37.31004 7.739
37.31411 7.059
37.31818 7.716
37.32225 7.880
37.32632 7.927
37.33039 7.997
37.33445 6.731
37.33852 6.801
37.34259 6.825
37.34666 7.294
37.35073 8.091
37.35480 7.270
37.35887 7.575
37.36293 7.598
37.36700 7.294
37.37107 6.684
37.37514 7.622
37.37921 7.903
37.38328 7.247
37.38735 7.786
37.39141 7.716
37.39548 8.466
37.39955 7.387
37.40362 7.411
37.40769 7.833
37.41176 7.036
37.41582 7.598
37.41989 7.341
37.42396 7.786
37.42803 7.622
37.43210 8.443
37.43617 7.458
37.44024 7.270
37.44430 7.364
37.44837 8.021
37.45244 7.200
37.45651 7.505
37.46058 7.974
37.46465 8.279
37.46871 6.848
37.47278 7.106
37.47685 7.810
37.48092 7.575
37.48499 7.903
37.48906 7.763
37.49313 7.763
37.49719 7.458
37.50126 6.989
37.50533 7.434
37.50940 7.763
37.51347 7.880
37.51754 7.294
37.52161 7.270
37.52567 7.763
37.52974 7.223
37.53381 7.997
37.53788 8.138
37.54195 7.106
37.54602 7.739
37.55008 7.036
37.55415 7.575
37.55822 6.965
37.56229 7.645
37.56636 7.036
37.57043 7.856
37.57450 7.880
37.57856 7.763
37.58263 7.645
37.58670 7.411
37.59077 8.114
37.59484 7.317
37.59891 7.716
37.60298 7.176
37.60704 7.903
37.61111 6.496
37.61518 7.458
37.61925 8.490
37.62332 7.083
37.62739 7.739
37.63145 8.630
37.63552 7.692
37.63959 7.317
37.64366 7.153
37.64773 8.068
37.65180 7.622
37.65587 7.974
37.65993 7.481
37.66400 7.458
37.66807 8.138
37.67214 8.091
37.67621 7.364
37.68028 7.176
37.68434 7.833
37.68841 8.677
37.69248 7.317
37.69655 7.763
37.70062 8.114
37.70469 7.153
37.70876 7.083
37.71282 6.871
37.71689 6.590
37.72096 7.880
37.72503 6.989
37.72910 7.458
37.73317 7.856
37.73724 7.739
37.74130 7.153
37.74537 7.458
37.74944 6.918
37.75351 7.669
37.75758 6.942
37.76165 7.645
37.76571 7.223
37.76978 7.364
37.77385 7.622
37.77792 7.036
37.78199 8.044
37.78606 7.880
37.79013 6.965
37.79419 7.598
37.79826 7.083
37.80233 7.669
37.80640 7.856
37.81047 7.505
37.81454 7.317
37.81861 6.778
37.82267 8.091
37.82674 7.364
37.83081 7.106
37.83488 7.223
37.83895 7.739
37.84302 7.552
37.84708 7.458
37.85115 7.974
37.85522 7.387
37.85929 7.059
37.86336 6.965
37.86743 8.021
37.87150 7.505
37.87556 7.786
37.87963 8.021
37.88370 7.950
37.88777 6.614
37.89184 8.044
37.89591 8.326
37.89997 7.598
37.90404 7.669
37.90811 7.692
37.91218 7.364
37.91625 7.505
37.92032 7.411
37.92439 7.598
37.92845 7.974
37.93252 7.364
37.93659 8.044
37.94066 7.411
37.94473 7.903
37.94880 7.411
37.95287 7.200
37.95693 7.833
37.96100 7.927
37.96507 7.387
37.96914 7.153
37.97321 7.036
37.97728 7.716
37.98134 7.505
37.98541 7.645
37.98948 7.739
37.99355 7.129
37.99762 7.552
38.00169 6.754
38.00576 7.575
38.00982 7.598
38.01389 7.692
38.01796 7.223
38.02203 7.763
38.02610 7.153
38.03017 8.021
38.03423 7.903
38.03830 7.739
38.04237 8.021
38.04644 6.989
38.05051 6.778
38.05458 7.317
38.05865 7.716
38.06271 7.950
38.06678 7.739
38.07085 8.091
38.07492 7.645
38.07899 7.223
38.08306 7.716
38.08713 7.856
38.09119 6.238
38.09526 8.021
38.09933 7.997
38.10340 7.645
38.10747 7.270
38.11154 7.341
38.11560 8.044
38.11967 7.411
38.12374 7.575
38.12781 7.692
38.13188 8.396
38.13595 6.895
38.14002 7.810
38.14408 7.247
38.14815 8.466
38.15222 7.856
38.15629 7.411
38.16036 6.965
38.16443 7.458
38.16850 7.036
38.17256 7.552
38.17663 7.927
38.18070 7.106
38.18477 7.270
38.18884 7.458
38.19291 6.942
38.19697 7.575
38.20104 6.895
38.20511 8.396
38.20918 7.927
38.21325 7.270
38.21732 7.786
38.22139 7.364
38.22545 7.176
38.22952 7.716
38.23359 7.481
38.23766 8.114
38.24173 6.942
38.24580 7.622
38.24986 7.763
38.25393 8.490
38.25800 7.669
38.26207 7.552
38.26614 8.208
38.27021 8.044
38.27428 7.012
38.27834 7.739
38.28241 7.598
38.28648 7.247
38.29055 7.552
38.29462 8.185
38.29869 7.692
38.30276 7.622
38.30682 8.114
38.31089 8.208
38.31496 7.458
38.31903 7.411
38.32310 7.129
38.32717 7.364
38.33123 7.364
38.33530 7.505
38.33937 8.419
38.34344 7.294
38.34751 7.903
38.35158 8.255
38.35565 8.044
38.35971 8.114
38.36378 7.575
38.36785 7.481
38.37192 7.458
38.37599 7.481
38.38006 7.387
38.38413 7.036
38.38819 7.763
38.39226 7.458
38.39633 7.622
38.40040 7.927
38.40447 7.411
38.40854 7.270
38.41260 7.458
38.41667 7.716
38.42074 6.426
38.42481 7.223
38.42888 7.411
38.43295 7.810
38.43702 7.622
38.44108 8.044
38.44515 6.965
38.44922 7.270
38.45329 8.021
38.45736 7.317
38.46143 7.481
38.46549 8.795
38.46956 7.622
38.47363 7.106
38.47770 7.716
38.48177 7.341
38.48584 7.622
38.48991 6.918
38.49397 6.895
38.49804 7.059
38.50211 7.200
38.50618 7.411
38.51025 7.036
38.51432 7.129
38.51839 7.434
38.52245 6.965
38.52652 6.895
38.53059 7.950
38.53466 6.801
38.53873 7.223
38.54280 6.871
38.54686 7.481
38.55093 6.309
38.55500 7.552
38.55907 7.434
38.56314 7.598
38.56721 7.411
38.57128 7.270
38.57534 7.528
38.57941 8.114
38.58348 7.106
38.58755 6.684
38.59162 6.637
38.59569 7.411
38.59976 7.598
38.60382 6.614
38.60789 6.426
38.61196 7.739
38.61603 7.036
38.62010 6.801
38.62417 7.387
38.62823 6.942
38.63230 7.458
38.63637 7.434
38.64044 7.364
38.64451 6.848
38.64858 7.458
38.65265 6.731
38.65671 7.505
38.66078 8.372
38.66485 7.364
38.66892 6.848
38.67299 6.707
38.67706 6.895
38.68112 6.989
38.68519 6.543
38.68926 7.364
38.69333 7.552
38.69740 6.918
38.70147 6.989
38.70554 6.731
38.70960 7.129
38.71367 6.942
38.71774 7.505
38.72181 7.411
38.72588 7.481
38.72995 7.364
38.73402 7.880
38.73808 7.669
38.74215 7.317
38.74622 6.707
38.75029 7.458
38.75436 7.153
38.75843 6.543
38.76249 7.833
38.76656 8.044
38.77063 6.614
38.77470 7.200
38.77877 6.684
38.78284 7.833
38.78691 7.153
38.79097 7.294
38.79504 7.739
38.79911 6.942
38.80318 7.341
38.80725 7.294
38.81132 8.114
38.81538 6.684
38.81945 7.294
38.82352 7.036
38.82759 6.965
38.83166 6.590
38.83573 7.645
38.83980 7.247
38.84386 7.083
38.84793 6.051
38.85200 6.989
38.85607 7.129
38.86014 7.528
38.86421 7.387
38.86828 7.317
38.87234 6.754
38.87641 6.684
38.88048 6.801
38.88455 6.895
38.88862 7.036
38.89269 7.247
38.89675 6.918
38.90082 7.341
38.90489 6.989
38.90896 6.614
38.91303 7.575
38.91710 6.801
38.92117 7.387
38.92523 7.598
38.92930 7.083
38.93337 7.176
38.93744 7.716
38.94151 6.754
38.94558 7.129
38.94965 7.200
38.95371 7.223
38.95778 6.191
38.96185 6.989
38.96592 7.176
38.96999 7.552
38.97406 7.012
38.97812 6.989
38.98219 7.247
38.98626 7.059
38.99033 7.552
38.99440 7.434
38.99847 7.528
39.00254 6.989
39.00660 6.825
39.01067 7.598
39.01474 7.387
39.01881 7.176
39.02288 7.153
39.02695 6.660
39.03101 6.871
39.03508 7.716
39.03915 6.942
39.04322 7.036
39.04729 6.520
39.05136 7.458
39.05543 7.481
39.05949 7.364
39.06356 7.552
39.06763 7.223
39.07170 7.200
39.07577 6.942
39.07984 7.997
39.08391 7.106
39.08797 7.223
39.09204 7.083
39.09611 6.707
39.10018 7.129
39.10425 6.754
39.10832 6.848
39.11238 6.684
39.11645 7.411
39.12052 7.364
39.12459 7.692
39.12866 8.068
39.13273 6.825
39.13680 6.402
39.14086 6.848
39.14493 7.341
39.14900 7.247
39.15307 7.059
39.15714 7.434
39.16121 6.567
39.16528 7.505
39.16934 7.505
39.17341 7.247
39.17748 7.036
39.18155 7.528
39.18562 6.567
39.18969 6.660
39.19375 6.426
39.19782 6.871
39.20189 6.918
39.20596 6.965
39.21003 6.895
39.21410 6.965
39.21817 6.356
39.22223 7.176
39.22630 6.473
39.23037 7.153
39.23444 6.309
39.23851 7.317
39.24258 7.364
39.24664 6.707
39.25071 7.598
39.25478 7.763
39.25885 7.622
39.26292 6.590
39.26699 6.965
39.27106 7.317
39.27512 6.332
39.27919 6.871
39.28326 6.778
39.28733 7.012
39.29140 6.731
39.29547 6.707
39.29954 6.637
39.30360 6.215
39.30767 7.317
39.31174 7.692
39.31581 7.528
39.31988 6.989
39.32395 7.036
39.32801 7.200
39.33208 7.622
39.33615 7.129
39.34022 6.918
39.34429 6.871
39.34836 6.567
39.35243 7.153
39.35649 7.341
39.36056 6.989
39.36463 7.083
39.36870 6.918
39.37277 6.426
39.37684 7.786
39.38091 6.309
39.38497 6.942
39.38904 6.567
39.39311 6.567
39.39718 7.200
39.40125 7.106
39.40532 6.965
39.40938 7.552
39.41345 7.036
39.41752 5.980
39.42159 6.825
39.42566 6.684
39.42973 6.262
39.43380 6.989
39.43786 6.567
39.44193 7.153
39.44600 6.754
39.45007 6.825
39.45414 7.598
39.45821 5.840
39.46227 6.848
39.46634 7.200
39.47041 6.614
39.47448 7.317
39.47855 6.707
39.48262 7.294
39.48669 7.692
39.49075 6.496
39.49482 7.247
39.49889 7.645
39.50296 6.684
39.50703 6.942
39.51110 6.731
39.51517 6.989
39.51923 7.106
39.52330 6.356
39.52737 7.341
39.53144 6.801
39.53551 7.247
39.53958 7.716
39.54364 7.129
39.54771 6.520
39.55178 6.989
39.55585 7.106
39.55992 6.848
39.56399 7.012
39.56806 6.707
39.57212 6.871
39.57619 7.341
39.58026 7.176
39.58433 6.731
39.58840 6.825
39.59247 7.434
39.59654 7.059
39.60060 6.778
39.60467 6.801
39.60874 7.270
39.61281 6.168
39.61688 6.871
39.62095 6.684
39.62501 7.223
39.62908 6.191
39.63315 6.801
39.63722 6.918
39.64129 5.769
39.64536 7.083
39.64943 6.426
39.65349 7.129
39.65756 7.317
39.66163 6.473
39.66570 7.598
39.66977 7.176
39.67384 7.434
39.67790 7.505
39.68197 6.614
39.68604 7.059
39.69011 6.965
39.69418 7.012
39.69825 6.754
39.70232 7.411
39.70638 6.965
39.71045 7.012
39.71452 6.754
39.71859 6.684
39.72266 7.059
39.72673 6.379
39.73080 6.567
39.73486 7.247
39.73893 6.660
39.74300 6.895
39.74707 6.520
39.75114 6.238
39.75521 6.754
39.75927 7.317
39.76334 7.012
39.76741 7.129
39.77148 6.168
39.77555 5.980
39.77962 6.707
39.78369 6.989
39.78775 6.520
39.79182 7.153
39.79589 6.778
39.79996 7.669
39.80403 7.270
39.80810 7.458
39.81216 6.918
39.81623 6.825
39.82030 6.707
39.82437 6.754
39.82844 6.449
39.83251 6.989
39.83658 6.660
39.84064 7.129
39.84471 6.684
39.84878 6.332
39.85285 7.200
39.85692 7.083
39.86099 7.129
39.86506 6.637
39.86912 7.575
39.87319 7.294
39.87726 6.918
39.88133 6.801
39.88540 6.871
39.88947 6.660
39.89353 7.458
39.89760 6.614
39.90167 6.379
39.90574 7.200
39.90981 6.684
39.91388 6.614
39.91795 6.168
39.92201 7.153
39.92608 6.825
39.93015 6.426
39.93422 7.083
39.93829 6.215
39.94236 6.942
39.94643 6.707
39.95049 7.247
39.95456 6.918
39.95863 7.247
39.96270 6.473
39.96677 7.129
39.97084 6.989
39.97490 7.411
39.97897 7.012
39.98304 6.801
39.98711 6.332
39.99118 6.684
39.99525 7.012
39.99932 6.074
40.00338 7.036
40.00745 6.520
40.01152 6.731
40.01559 7.364
40.01966 7.270
40.02373 6.590
40.02779 6.590
40.03186 6.402
40.03593 6.449
40.04000 6.543
40.04407 7.341
40.04814 7.317
40.05221 7.411
40.05627 6.848
40.06034 6.614
40.06441 6.238
40.06848 6.637
40.07255 6.825
40.07662 6.449
40.08069 6.731
40.08475 7.036
40.08882 6.121
40.09289 6.660
40.09696 7.083
40.10103 7.341
40.10510 6.426
40.10916 7.856
40.11323 7.411
40.11730 7.036
40.12137 6.684
40.12544 6.426
40.12951 7.083
40.13358 6.238
40.13764 6.402
40.14171 6.637
40.14578 6.402
40.14985 6.637
40.15392 7.129
40.15799 7.364
40.16206 6.473
40.16612 6.895
40.17019 6.637
40.17426 6.238
40.17833 6.989
40.18240 7.481
40.18647 7.411
40.19053 6.496
40.19460 7.575
40.19867 6.614
40.20274 6.871
40.20681 6.942
40.21088 7.106
40.21495 6.614
40.21901 6.965
40.22308 6.473
40.22715 7.059
40.23122 6.660
40.23529 6.895
40.23936 6.895
40.24342 7.341
40.24749 6.825
40.25156 7.036
40.25563 7.059
40.25970 6.965
40.26377 7.223
40.26784 7.036
40.27190 7.059
40.27597 6.660
40.28004 6.614
40.28411 6.684
40.28818 6.590
40.29225 6.754
40.29632 6.731
40.30038 7.106
40.30445 6.121
40.30852 7.880
40.31259 7.223
40.31666 6.989
40.32073 7.739
40.32479 6.918
40.32886 6.918
40.33293 6.496
40.33700 6.707
40.34107 7.106
40.34514 6.942
40.34921 6.965
40.35327 6.825
40.35734 7.106
40.36141 6.262
40.36548 6.473
40.36955 6.871
40.37362 6.965
40.37769 7.317
40.38175 7.270
40.38582 6.520
40.38989 6.848
40.39396 6.895
40.39803 6.848
40.40210 7.176
40.40616 7.294
40.41023 6.825
40.41430 7.223
40.41837 6.074
40.42244 6.918
40.42651 6.426
40.43058 6.895
40.43464 6.754
40.43871 6.754
40.44278 7.129
40.44685 6.965
40.45092 6.590
40.45499 6.614
40.45905 7.317
40.46312 6.121
40.46719 5.957
40.47126 7.387
40.47533 6.614
40.47940 7.176
40.48347 7.106
40.48753 6.965
40.49160 6.707
40.49567 6.754
40.49974 7.247
40.50381 6.356
40.50788 7.129
40.51195 7.270
40.51601 6.637
40.52008 6.356
40.52415 6.989
40.52822 6.098
40.53229 6.238
40.53636 6.942
40.54042 6.660
40.54449 6.825
40.54856 7.012
40.55263 7.247
40.55670 6.989
40.56077 6.637
40.56484 6.918
40.56890 6.731
40.57297 6.778
40.57704 6.332
40.58111 7.950
40.58518 6.426
40.58925 6.895
40.59331 6.848
40.59738 6.332
40.60145 7.270
40.60552 6.965
40.60959 6.871
40.61366 7.036
40.61773 6.731
40.62179 6.707
40.62586 6.707
40.62993 6.918
40.63400 6.801
40.63807 7.294
40.64214 6.707
40.64621 7.083
40.65027 6.098
40.65434 6.637
40.65841 6.895
40.66248 6.309
40.66655 6.614
40.67062 6.637
40.67468 7.059
40.67875 5.886
40.68282 7.106
40.68689 6.707
40.69096 7.176
40.69503 6.496
40.69910 6.590
40.70316 6.520
40.70723 7.153
40.71130 6.520
40.71537 6.684
40.71944 6.942
40.72351 6.590
40.72758 6.356
40.73164 6.848
40.73571 6.473
40.73978 6.637
40.74385 6.496
40.74792 6.801
40.75199 6.614
40.75605 6.238
40.76012 6.660
40.76419 7.059
40.76826 6.778
40.77233 6.567
40.77640 7.059
40.78047 6.707
40.78453 6.496
40.78860 6.520
40.79267 6.637
40.79674 6.871
40.80081 7.458
40.80488 6.871
40.80894 6.168
40.81301 6.895
40.81708 6.520
40.82115 7.083
40.82522 6.754
40.82929 6.496
40.83336 5.910
40.83742 6.567
40.84149 7.270
40.84556 6.660
40.84963 6.825
40.85370 6.168
40.85777 7.223
40.86184 6.402
40.86590 6.520
40.86997 6.614
40.87404 6.614
40.87811 6.356
40.88218 7.270
40.88625 6.707
40.89031 6.825
40.89438 6.778
40.89845 5.910
40.90252 6.918
40.90659 6.332
40.91066 6.707
40.91473 6.332
40.91879 6.707
40.92286 6.871
40.92693 6.543
40.93100 6.543
40.93507 6.567
40.93914 7.106
40.94321 7.528
40.94727 6.496
40.95134 6.074
40.95541 6.402
40.95948 7.059
40.96355 7.247
40.96762 7.270
40.97168 6.051
40.97575 6.051
40.97982 6.027
40.98389 6.238
40.98796 6.848
40.99203 6.309
40.99610 6.895
41.00016 6.520
41.00423 6.144
41.00830 6.379
41.01237 6.848
41.01644 6.778
41.02051 7.129
41.02457 6.590
41.02864 6.614
41.03271 5.793
41.03678 6.262
41.04085 6.637
41.04492 7.411
41.04899 6.449
41.05305 6.825
41.05712 6.426
41.06119 7.106
41.06526 7.106
41.06933 6.918
41.07340 6.449
41.07747 6.121
41.08153 7.176
41.08560 6.637
41.08967 7.036
41.09374 6.754
41.09781 5.886
41.10188 6.684
41.10594 6.496
41.11001 6.965
41.11408 6.965
41.11815 6.801
41.12222 6.965
41.12629 6.543
41.13036 6.402
41.13442 6.520
41.13849 6.590
41.14256 6.848
41.14663 6.637
41.15070 7.153
41.15477 6.004
41.15884 6.590
41.16290 6.543
41.16697 6.168
41.17104 6.520
41.17511 7.247
41.17918 6.801
41.18325 6.520
41.18731 5.980
41.19138 6.191
41.19545 6.356
41.19952 6.285
41.20359 6.801
41.20766 6.520
41.21173 6.590
41.21579 6.778
41.21986 6.074
41.22393 6.051
41.22800 6.965
41.23207 6.473
41.23614 6.309
41.24020 6.567
41.24427 6.473
41.24834 6.215
41.25241 6.520
41.25648 6.895
41.26055 6.918
41.26462 6.144
41.26868 6.004
41.27275 6.496
41.27682 6.309
41.28089 6.567
41.28496 6.379
41.28903 5.933
41.29310 6.918
41.29716 7.059
41.30123 6.918
41.30530 6.426
41.30937 6.567
41.31344 7.528
41.31751 6.285
41.32157 6.473
41.32564 6.989
41.32971 6.121
41.33378 5.933
41.33785 6.356
41.34192 6.285
41.34599 6.309
41.35005 6.543
41.35412 6.168
41.35819 6.402
41.36226 6.496
41.36633 5.933
41.37040 6.238
41.37446 6.356
41.37853 6.285
41.38260 5.886
41.38667 6.825
41.39074 6.895
41.39481 6.426
41.39888 5.793
41.40294 5.652
41.40701 6.426
41.41108 6.121
41.41515 6.567
41.41922 6.285
41.42329 7.294
41.42736 6.379
41.43142 6.285
41.43549 7.059
41.43956 6.191
41.44363 6.191
41.44770 6.238
41.45177 7.036
41.45583 6.660
41.45990 5.957
41.46397 6.238
41.46804 6.191
41.47211 6.895
41.47618 6.098
41.48025 6.590
41.48431 6.309
41.48838 6.004
41.49245 5.957
41.49652 6.848
41.50059 6.989
41.50466 6.238
41.50873 6.473
41.51279 7.106
41.51686 7.247
41.52093 6.402
41.52500 6.778
41.52907 7.223
41.53314 7.434
41.53720 7.270
41.54127 6.895
41.54534 6.098
41.54941 6.684
41.55348 6.449
41.55755 7.129
41.56162 6.426
41.56568 6.262
41.56975 6.895
41.57382 7.528
41.57789 6.238
41.58196 7.364
41.58603 5.675
41.59009 6.660
41.59416 7.247
41.59823 7.223
41.60230 7.012
41.60637 6.871
41.61044 6.942
41.61451 7.458
41.61857 6.731
41.62264 6.543
41.62671 7.411
41.63078 7.247
41.63485 7.458
41.63892 7.341
41.64299 6.731
41.64705 6.848
41.65112 6.801
41.65519 7.575
41.65926 7.106
41.66333 7.036
41.66740 6.825
41.67146 6.731
41.67553 6.731
41.67960 7.669
41.68367 6.449
41.68774 6.426
41.69181 7.036
41.69588 6.449
41.69994 7.036
41.70401 7.434
41.70808 6.989
41.71215 7.106
41.71622 6.918
41.72029 6.778
41.72436 6.965
41.72842 7.200
41.73249 6.848
41.73656 6.285
41.74063 6.871
41.74470 7.317
41.74877 6.473
41.75283 7.317
41.75690 7.106
41.76097 7.645
41.76504 7.458
41.76911 6.707
41.77318 7.223
41.77725 6.285
41.78131 6.848
41.78538 7.083
41.78945 6.754
41.79352 6.754
41.79759 7.247
41.80166 7.364
41.80572 7.012
41.80979 6.918
41.81386 7.364
41.81793 6.754
41.82200 7.341
41.82607 7.106
41.83014 6.825
41.83420 6.426
41.83827 6.989
41.84234 7.083
41.84641 6.707
41.85048 7.552
41.85455 6.262
41.85862 6.473
41.86268 6.144
41.86675 6.332
41.87082 6.520
41.87489 6.590
41.87896 7.012
41.88303 6.801
41.88709 6.590
41.89116 6.778
41.89523 6.754
41.89930 6.215
41.90337 7.036
41.90744 6.262
41.91151 6.356
41.91557 6.801
41.91964 6.426
41.92371 6.707
41.92778 6.473
41.93185 6.543
41.93592 7.012
41.93999 6.567
41.94405 6.637
41.94812 6.215
41.95219 6.567
41.95626 6.543
41.96033 6.426
41.96440 6.895
41.96846 6.825
41.97253 6.848
41.97660 7.270
41.98067 6.590
41.98474 6.801
41.98881 6.402
41.99288 6.778
41.99694 6.731
42.00101 7.341
42.00508 6.614
42.00915 6.614
42.01322 6.285
42.01729 6.238
42.02135 6.965
42.02542 6.191
42.02949 6.215
42.03356 6.144
42.03763 6.754
42.04170 5.769
42.04577 6.004
42.04983 6.965
42.05390 6.285
42.05797 6.332
42.06204 6.496
42.06611 6.848
42.07018 6.778
42.07425 6.098
42.07831 6.144
42.08238 6.614
42.08645 6.496
42.09052 6.356
42.09459 6.825
42.09866 7.176
42.10272 6.871
42.10679 6.356
42.11086 6.191
42.11493 6.543
42.11900 6.144
42.12307 6.309
42.12714 6.027
42.13120 6.168
42.13527 5.746
42.13934 6.449
42.14341 6.637
42.14748 6.825
42.15155 6.074
42.15561 6.121
42.15968 6.684
42.16375 5.816
42.16782 6.074
42.17189 5.910
42.17596 5.769
42.18003 6.051
42.18409 6.309
42.18816 6.356
42.19223 6.402
42.19630 6.144
42.20037 6.590
42.20444 6.402
42.20851 6.379
42.21257 6.098
42.21664 5.347
42.22071 6.449
42.22478 6.567
42.22885 6.379
42.23292 6.402
42.23698 6.707
42.24105 6.285
42.24512 6.285
42.24919 6.426
42.25326 6.473
42.25733 6.426
42.26140 6.332
42.26546 5.980
42.26953 6.754
42.27360 6.332
42.27767 7.012
42.28174 6.238
42.28581 6.309
42.28988 7.036
42.29394 6.778
42.29801 7.012
42.30208 6.989
42.30615 7.012
42.31022 6.731
42.31429 6.567
42.31835 6.614
42.32242 6.895
42.32649 7.200
42.33056 6.801
42.33463 6.121
42.33870 6.731
42.34277 6.027
42.34683 6.074
42.35090 6.285
42.35497 6.168
42.35904 6.332
42.36311 6.426
42.36718 6.238
42.37124 6.778
42.37531 7.270
42.37938 6.965
42.38345 6.379
42.38752 6.004
42.39159 6.402
42.39566 7.528
42.39972 6.027
42.40379 6.614
42.40786 7.012
42.41193 6.449
42.41600 6.402
42.42007 6.051
42.42414 6.168
42.42820 6.238
42.43227 5.769
42.43634 6.215
42.44041 6.754
42.44448 5.769
42.44855 6.543
42.45261 6.262
42.45668 6.637
42.46075 5.886
42.46482 6.168
42.46889 6.285
42.47296 5.394
42.47703 6.778
42.48109 6.356
42.48516 6.191
42.48923 6.004
42.49330 6.238
42.49737 6.965
42.50144 6.402
42.50551 6.965
42.50957 5.816
42.51364 6.614
42.51771 5.441
42.52178 5.675
42.52585 6.238
42.52992 6.614
42.53398 7.505
42.53805 6.731
42.54212 5.957
42.54619 6.074
42.55026 6.121
42.55433 6.262
42.55840 7.247
42.56246 5.136
42.56653 5.863
42.57060 6.051
42.57467 6.614
42.57874 6.590
42.58281 5.816
42.58687 6.989
42.59094 6.262
42.59501 6.074
42.59908 6.379
42.60315 6.332
42.60722 6.543
42.61129 6.778
42.61535 5.675
42.61942 5.957
42.62349 6.074
42.62756 6.144
42.63163 6.449
42.63570 6.637
42.63977 5.793
42.64383 5.605
42.64790 5.863
42.65197 6.848
42.65604 6.965
42.66011 6.309
42.66418 6.121
42.66824 6.215
42.67231 6.051
42.67638 6.309
42.68045 6.285
42.68452 6.309
42.68859 6.660
42.69266 6.144
42.69672 6.191
42.70079 5.816
42.70486 6.402
42.70893 6.731
42.71300 6.567
42.71707 6.590
42.72114 5.652
42.72520 6.379
42.72927 6.660
42.73334 5.769
42.73741 6.801
42.74148 6.098
42.74555 6.121
42.74961 6.520
42.75368 5.886
42.75775 5.933
42.76182 6.754
42.76589 6.543
42.76996 5.511
42.77403 6.942
42.77809 6.262
42.78216 6.426
42.78623 6.121
42.79030 5.957
42.79437 6.731
42.79844 6.309
42.80250 5.675
42.80657 6.614
42.81064 6.426
42.81471 6.051
42.81878 6.660
42.82285 6.754
42.82692 6.121
42.83098 5.605
42.83505 5.980
42.83912 6.473
42.84319 5.886
42.84726 6.238
42.85133 6.309
42.85540 6.121
42.85946 6.121
42.86353 6.121
42.86760 5.793
42.87167 6.238
42.87574 7.059
42.87981 6.848
42.88387 6.567
42.88794 6.144
42.89201 5.886
42.89608 5.980
42.90015 6.778
42.90422 5.933
42.90829 6.848
42.91235 6.895
42.91642 6.144
42.92049 6.215
42.92456 6.074
42.92863 6.426
42.93270 5.722
42.93677 6.121
42.94083 6.778
42.94490 5.464
42.94897 6.426
42.95304 6.051
42.95711 6.379
42.96118 6.825
42.96524 5.277
42.96931 6.684
42.97338 6.637
42.97745 6.449
42.98152 6.098
42.98559 6.543
42.98966 5.863
42.99372 5.675
42.99779 6.309
43.00186 6.965
43.00593 6.473
43.01000 5.535
43.01407 6.238
43.01813 5.699
43.02220 6.332
43.02627 6.238
43.03034 6.074
43.03441 6.332
43.03848 6.614
43.04255 6.262
43.04661 7.247
43.05068 6.825
43.05475 5.840
43.05882 6.379
43.06289 6.332
43.06696 6.496
43.07103 6.801
43.07509 5.652
43.07916 5.957
43.08323 5.840
43.08730 5.886
43.09137 7.153
43.09544 5.816
43.09950 6.684
43.10357 6.379
43.10764 6.051
43.11171 6.614
43.11578 6.426
43.11985 6.684
43.12392 6.144
43.12798 6.614
43.13205 6.144
43.13612 6.449
43.14019 6.074
43.14426 6.801
43.14833 6.614
43.15239 6.543
43.15646 6.449
43.16053 6.191
43.16460 6.051
43.16867 5.582
43.17274 6.121
43.17681 5.511
43.18087 5.769
43.18494 5.699
43.18901 6.590
43.19308 6.754
43.19715 6.238
43.20122 6.707
43.20529 6.731
43.20935 6.004
43.21342 5.793
43.21749 5.535
43.22156 6.051
43.22563 6.707
43.22970 5.840
43.23376 6.238
43.23783 6.074
43.24190 5.652
43.24597 6.473
43.25004 5.675
43.25411 5.582
43.25818 6.449
43.26224 6.520
43.26631 6.356
43.27038 6.309
43.27445 6.825
43.27852 5.980
43.28259 6.660
43.28666 6.660
43.29072 6.402
43.29479 6.191
43.29886 6.332
43.30293 6.027
43.30700 6.309
43.31107 6.684
43.31513 5.910
43.31920 5.863
43.32327 6.121
43.32734 5.863
43.33141 5.886
43.33548 6.590
43.33955 6.027
43.34361 6.238
43.34768 6.074
43.35175 6.356
43.35582 6.426
43.35989 5.417
43.36396 6.332
43.36802 5.863
43.37209 6.567
43.37616 6.496
43.38023 5.652
43.38430 6.402
43.38837 5.793
43.39244 6.637
43.39650 6.121
43.40057 5.793
43.40464 5.793
43.40871 6.144
43.41278 5.957
43.41685 6.238
43.42092 6.215
43.42498 6.989
43.42905 6.754
43.43312 6.496
43.43719 6.356
43.44126 5.910
43.44533 5.933
43.44939 5.816
43.45346 6.660
43.45753 6.074
43.46160 5.886
43.46567 6.496
43.46974 5.699
43.47381 6.215
43.47787 6.801
43.48194 5.840
43.48601 6.285
43.49008 6.168
43.49415 6.168
43.49822 6.027
43.50229 5.582
43.50635 6.426
43.51042 5.863
43.51449 6.543
43.51856 5.957
43.52263 6.402
43.52670 6.004
43.53076 6.074
43.53483 6.520
43.53890 7.083
43.54297 5.793
43.54704 6.074
43.55111 5.488
43.55518 5.582
43.55924 5.347
43.56331 6.614
43.56738 6.473
43.57145 6.871
43.57552 6.356
43.57959 6.121
43.58365 6.332
43.58772 6.262
43.59179 6.918
43.59586 5.605
43.59993 6.074
43.60400 6.309
43.60807 6.567
43.61213 6.379
43.61620 6.801
43.62027 6.238
43.62434 6.168
43.62841 5.910
43.63248 6.098
43.63655 5.933
43.64061 5.793
43.64468 6.473
43.64875 6.144
43.65282 5.159
43.65689 6.356
43.66096 6.191
43.66502 6.356
43.66909 5.933
43.67316 6.027
43.67723 5.816
43.68130 6.309
43.68537 6.004
43.68944 5.886
43.69350 6.051
43.69757 6.402
43.70164 5.793
43.70571 6.144
43.70978 6.098
43.71385 6.426
43.71792 6.402
43.72198 6.004
43.72605 5.417
43.73012 6.356
43.73419 7.153
43.73826 5.980
43.74233 6.238
43.74639 6.238
43.75046 5.347
43.75453 6.051
43.75860 5.793
43.76267 6.191
43.76674 6.238
43.77081 6.262
43.77487 5.910
43.77894 6.238
43.78301 6.801
43.78708 6.285
43.79115 6.027
43.79522 6.426
43.79928 6.121
43.80335 5.793
43.80742 6.262
43.81149 6.215
43.81556 5.793
43.81963 5.933
43.82370 6.379
43.82776 6.238
43.83183 5.910
43.83590 6.590
43.83997 6.051
43.84404 6.332
43.84811 6.309
43.85218 5.441
43.85624 6.051
43.86031 5.488
43.86438 6.168
43.86845 6.332
43.87252 6.567
43.87659 5.652
43.88065 5.746
43.88472 6.285
43.88879 6.473
43.89286 5.769
43.89693 5.816
43.90100 6.473
43.90507 6.027
43.90913 6.168
43.91320 6.356
43.91727 6.074
43.92134 6.614
43.92541 5.793
43.92948 6.473
43.93354 6.684
43.93761 6.473
43.94168 5.394
43.94575 5.769
43.94982 6.402
43.95389 6.121
43.95796 6.895
43.96202 5.675
43.96609 6.098
43.97016 5.605
43.97423 6.004
43.97830 6.098
43.98237 6.215
43.98644 6.004
43.99050 6.262
43.99457 6.074
43.99864 6.590
44.00271 6.191
44.00678 5.230
44.01085 6.402
44.01491 6.144
44.01898 5.652
44.02305 6.402
44.02712 5.652
44.03119 6.191
44.03526 6.895
44.03933 5.605
44.04339 6.356
44.04746 6.332
44.05153 5.722
44.05560 5.840
44.05967 5.933
44.06374 6.098
44.06781 5.886
44.07187 6.637
44.07594 6.825
44.08001 6.309
44.08408 5.675
44.08815 6.707
44.09222 6.051
44.09628 5.910
44.10035 6.637
44.10442 6.309
44.10849 6.121
44.11256 5.582
44.11663 5.793
44.12070 5.863
44.12476 5.722
44.12883 5.629
44.13290 5.793
44.13697 6.520
44.14104 6.027
44.14511 5.840
44.14917 6.402
44.15324 5.910
44.15731 6.027
44.16138 5.535
44.16545 5.769
44.16952 5.886
44.17359 6.989
44.17765 6.965
44.18172 5.722
44.18579 6.285
44.18986 6.825
44.19393 5.605
44.19800 6.238
44.20207 6.801
44.20613 5.840
44.21020 7.059
44.21427 5.464
44.21834 6.051
44.22241 6.614
44.22648 5.464
44.23054 6.098
44.23461 5.300
44.23868 5.582
44.24275 5.675
44.24682 6.379
44.25089 5.980
44.25496 5.957
44.25902 6.379
44.26309 5.933
44.26716 5.675
44.27123 5.535
44.27530 6.215
44.27937 6.426
44.28344 6.754
44.28750 5.933
44.29157 5.957
44.29564 5.722
44.29971 6.731
44.30378 5.980
44.30785 6.543
44.31191 6.402
44.31598 6.543
44.32005 6.004
44.32412 5.816
44.32819 5.699
44.33226 6.356
44.33633 5.699
44.34039 6.262
44.34446 6.051
44.34853 6.449
44.35260 6.754
44.35667 6.168
44.36074 5.746
44.36480 6.496
44.36887 5.277
44.37294 5.629
44.37701 5.535
44.38108 6.027
44.38515 6.051
44.38922 5.769
44.39328 6.285
44.39735 6.614
44.40142 5.605
44.40549 6.637
44.40956 6.144
44.41363 5.886
44.41770 5.629
44.42176 5.980
44.42583 6.238
44.42990 5.652
44.43397 5.933
44.43804 6.379
44.44211 6.004
44.44617 6.262
44.45024 6.332
44.45431 6.402
44.45838 6.332
44.46245 5.793
44.46652 6.215
44.47059 6.590
44.47465 6.684
44.47872 5.863
44.48279 5.699
44.48686 5.910
44.49093 6.262
44.49500 6.379
44.49907 6.754
44.50313 6.074
44.50720 6.262
44.51127 6.144
44.51534 6.543
44.51941 6.027
44.52348 5.863
44.52754 5.793
44.53161 5.793
44.53568 6.121
44.53975 6.191
44.54382 5.558
44.54789 6.121
44.55196 6.496
44.55602 5.699
44.56009 5.746
44.56416 5.277
44.56823 5.957
44.57230 6.027
44.57637 6.895
44.58043 5.933
44.58450 6.238
44.58857 6.825
44.59264 5.699
44.59671 6.238
44.60078 5.910
44.60485 6.098
44.60891 5.886
44.61298 5.582
44.61705 5.886
44.62112 6.168
44.62519 6.871
44.62926 6.426
44.63333 6.402
44.63739 5.933
44.64146 6.426
44.64553 7.012
44.64960 5.980
44.65367 5.042
44.65774 6.356
44.66180 5.840
44.66587 6.285
44.66994 6.825
44.67401 5.840
44.67808 5.746
44.68215 6.496
44.68622 6.215
44.69028 6.191
44.69435 5.886
44.69842 5.840
44.70249 7.270
44.70656 5.746
44.71063 6.004
44.71469 6.144
44.71876 6.098
44.72283 6.590
44.72690 5.371
44.73097 6.309
44.73504 6.332
44.73911 5.652
44.74317 6.004
44.74724 6.004
44.75131 6.426
44.75538 5.722
44.75945 6.004
44.76352 5.746
44.76759 6.848
44.77165 6.309
44.77572 5.558
44.77979 5.863
44.78386 6.098
44.78793 6.121
44.79200 6.637
44.79606 6.238
44.80013 6.660
44.80420 5.699
44.80827 5.910
44.81234 6.121
44.81641 6.590
44.82048 5.933
44.82454 6.051
44.82861 6.309
44.83268 5.886
44.83675 6.731
44.84082 5.722
44.84489 5.863
44.84896 5.840
44.85302 6.027
44.85709 5.629
44.86116 6.707
44.86523 5.816
44.86930 6.309
44.87337 6.590
44.87743 5.957
44.88150 6.567
44.88557 6.895
44.88964 6.121
44.89371 6.098
44.89778 6.098
44.90185 5.394
44.90591 6.098
44.90998 6.238
44.91405 6.027
44.91812 6.379
44.92219 6.262
44.92626 6.121
44.93032 6.614
44.93439 6.356
44.93846 6.426
44.94253 6.871
44.94660 6.965
44.95067 6.215
44.95474 5.910
44.95880 6.144
44.96287 5.863
44.96694 6.356
44.97101 6.027
44.97508 6.191
44.97915 6.262
44.98322 6.402
44.98728 5.980
44.99135 6.238
44.99542 6.144
44.99949 5.699
45.00356 6.168
45.00763 6.473
45.01169 7.294
45.01576 6.285
45.01983 6.379
45.02390 6.402
45.02797 5.980
45.03204 6.473
45.03611 6.379
45.04017 5.582
45.04424 6.191
45.04831 6.332
45.05238 6.309
45.05645 5.910
45.06052 6.004
45.06459 6.567
45.06865 6.356
45.07272 6.191
45.07679 6.918
45.08086 5.816
45.08493 5.840
45.08900 5.840
45.09306 6.356
45.09713 6.426
45.10120 6.098
45.10527 6.027
45.10934 6.614
45.11341 5.980
45.11748 6.590
45.12154 5.840
45.12561 6.051
45.12968 5.886
45.13375 6.402
45.13782 6.871
45.14189 6.473
45.14595 5.793
45.15002 6.754
45.15409 6.098
45.15816 6.074
45.16223 5.722
45.16630 5.394
45.17037 5.769
45.17443 5.957
45.17850 5.933
45.18257 5.417
45.18664 6.004
45.19071 5.605
45.19478 5.535
45.19885 6.121
45.20291 5.886
45.20698 6.332
45.21105 6.426
45.21512 6.074
45.21919 6.356
45.22326 6.215
45.22732 6.520
45.23139 6.285
45.23546 6.004
45.23953 6.449
45.24360 5.910
45.24767 6.637
45.25174 6.168
45.25580 6.144
45.25987 6.449
45.26394 5.652
45.26801 5.652
45.27208 6.262
45.27615 7.059
45.28022 6.144
45.28428 5.910
45.28835 5.793
45.29242 6.051
45.29649 6.402
45.30056 6.004
45.30463 5.605
45.30869 6.895
45.31276 6.262
45.31683 6.074
45.32090 6.121
45.32497 6.027
45.32904 6.121
45.33311 5.746
45.33717 6.449
45.34124 6.121
45.34531 6.144
45.34938 6.238
45.35345 6.332
45.35752 6.262
45.36158 6.426
45.36565 5.910
45.36972 5.511
45.37379 6.144
45.37786 6.285
45.38193 5.980
45.38600 6.098
45.39006 6.473
45.39413 5.582
45.39820 5.957
45.40227 6.051
45.40634 7.106
45.41041 4.995
45.41448 6.426
45.41854 6.332
45.42261 6.637
45.42668 5.910
45.43075 6.238
45.43482 6.121
45.43889 6.121
45.44295 5.722
45.44702 6.238
45.45109 5.840
45.45516 6.356
45.45923 5.863
45.46330 5.652
45.46737 5.816
45.47143 6.144
45.47550 6.144
45.47957 5.629
45.48364 6.098
45.48771 5.652
45.49178 5.886
45.49584 5.277
45.49991 6.215
45.50398 5.863
45.50805 6.285
45.51212 6.402
45.51619 5.863
45.52026 6.191
45.52432 6.567
45.52839 6.309
45.53246 5.558
45.53653 5.840
45.54060 6.332
45.54467 5.886
45.54874 5.910
45.55280 6.520
45.55687 6.309
45.56094 6.567
45.56501 6.285
45.56908 5.840
45.57315 6.238
45.57721 6.895
45.58128 5.933
45.58535 6.098
45.58942 5.558
45.59349 5.746
45.59756 6.356
45.60163 6.121
45.60569 6.590
45.60976 6.051
45.61383 6.191
45.61790 6.121
45.62197 5.652
45.62604 5.089
45.63011 6.778
45.63417 5.886
45.63824 6.637
45.64231 5.300
45.64638 5.066
45.65045 5.816
45.65452 6.356
45.65858 5.793
45.66265 6.449
45.66672 6.684
45.67079 5.910
45.67486 5.582
45.67893 5.886
45.68300 6.262
45.68706 5.816
45.69113 5.699
45.69520 6.027
45.69927 5.793
45.70334 6.496
45.70741 6.098
45.71147 6.121
45.71554 6.098
45.71961 6.426
45.72368 5.629
45.72775 6.074
45.73182 5.933
45.73589 6.402
45.73995 6.285
45.74402 6.285
45.74809 6.871
45.75216 7.012
45.75623 6.121
45.76030 6.051
45.76437 5.347
45.76843 5.535
45.77250 5.933
45.77657 6.332
45.78064 5.769
45.78471 6.895
45.78878 6.262
45.79284 7.083
45.79691 5.629
45.80098 6.168
45.80505 6.144
45.80912 6.191
45.81319 6.191
45.81726 6.426
45.82132 6.121
45.82539 5.629
45.82946 6.238
45.83353 5.910
45.83760 5.980
45.84167 6.074
45.84574 6.144
45.84980 5.910
45.85387 5.863
45.85794 6.027
45.86201 5.886
45.86608 5.488
45.87015 6.543
45.87421 6.895
45.87828 6.238
45.88235 6.309
45.88642 6.496
45.89049 6.543
45.89456 5.722
45.89863 6.262
45.90269 6.238
45.90676 6.144
45.91083 5.886
45.91490 6.731
45.91897 5.793
45.92304 5.722
45.92710 5.558
45.93117 6.004
45.93524 5.933
45.93931 5.793
45.94338 6.707
45.94745 5.441
45.95152 5.840
45.95558 6.449
45.95965 6.449
45.96372 6.496
45.96779 6.191
45.97186 5.840
45.97593 6.590
45.98000 6.637
45.98406 6.238
45.98813 6.332
45.99220 6.520
45.99627 7.059
46.00034 5.886
46.00441 6.051
46.00847 5.980
46.01254 6.473
46.01661 5.910
46.02068 6.238
46.02475 6.004
46.02882 6.473
46.03289 6.027
46.03695 6.379
46.04102 7.083
46.04509 5.699
46.04916 5.957
46.05323 6.520
46.05730 6.144
46.06137 5.863
46.06543 6.567
46.06950 6.684
46.07357 6.074
46.07764 6.168
46.08171 6.309
46.08578 6.168
46.08984 5.957
46.09391 6.285
46.09798 6.262
46.10205 6.121
46.10612 6.356
46.11019 6.027
46.11426 6.027
46.11832 5.769
46.12239 6.309
46.12646 6.614
46.13053 6.637
46.13460 6.567
46.13867 6.707
46.14273 6.731
46.14680 6.356
46.15087 6.449
46.15494 6.567
46.15901 6.449
46.16308 6.356
46.16715 6.309
46.17121 6.309
46.17528 6.238
46.17935 6.309
46.18342 6.660
46.18749 7.106
46.19156 6.285
46.19563 6.848
46.19969 6.543
46.20376 6.238
46.20783 6.402
46.21190 7.106
46.21597 6.520
46.22004 6.121
46.22410 6.520
46.22817 7.645
46.23224 7.153
46.23631 7.083
46.24038 6.402
46.24445 6.614
46.24852 6.637
46.25258 7.106
46.25665 7.294
46.26072 6.801
46.26479 7.106
46.26886 7.856
46.27293 6.309
46.27700 7.364
46.28106 6.660
46.28513 7.552
46.28920 6.942
46.29327 7.669
46.29734 7.505
46.30141 7.950
46.30547 7.387
46.30954 7.153
46.31361 7.270
46.31768 8.114
46.32175 7.810
46.32582 7.880
46.32989 8.279
46.33395 8.161
46.33802 8.349
46.34209 8.724
46.34616 8.771
46.35023 7.880
46.35430 8.959
46.35836 8.583
46.36243 8.795
46.36650 8.583
46.37057 8.091
46.37464 8.654
46.37871 9.240
46.38278 9.287
46.38684 9.381
46.39091 9.615
46.39498 10.131
46.39905 8.982
46.40312 10.366
46.40719 9.099
46.41126 9.334
46.41532 10.460
46.41939 10.460
46.42346 10.178
46.42753 10.952
46.43160 10.483
46.43567 11.093
46.43973 11.093
46.44380 11.210
46.44787 10.952
46.45194 12.500
46.45601 11.937
46.46008 12.477
46.46415 12.031
46.46821 13.720
46.47228 12.992
46.47635 14.939
46.48042 14.306
46.48449 14.517
46.48856 14.235
46.49262 14.681
46.49669 15.056
46.50076 15.314
46.50483 17.777
46.50890 17.378
46.51297 16.651
46.51704 17.519
46.52110 17.706
46.52517 18.293
46.52924 17.824
46.53331 19.864
46.53738 19.981
46.54145 21.553
46.54552 20.732
46.54958 20.356
46.55365 20.356
46.55772 21.529
46.56179 21.412
46.56586 22.584
46.56993 22.420
46.57399 22.819
46.57806 23.546
46.58213 22.983
46.58620 23.968
46.59027 24.296
46.59434 24.836
46.59841 24.437
46.60247 25.492
46.60654 24.742
46.61061 24.859
46.61468 26.055
46.61875 26.220
46.62282 25.235
46.62689 25.305
46.63095 27.345
46.63502 25.352
46.63909 23.898
46.64316 26.595
46.64723 26.501
46.65130 25.680
46.65536 24.812
46.65943 25.328
46.66350 25.000
46.66757 25.375
46.67164 23.921
46.67571 23.851
46.67978 24.414
46.68384 24.226
46.68791 22.631
46.69198 24.625
46.69605 24.461
46.70012 22.233
46.70419 23.218
46.70825 22.068
46.71232 22.280
46.71639 21.693
46.72046 20.521
46.72453 18.879
46.72860 20.521
46.73267 20.966
46.73673 19.958
46.74080 19.067
46.74487 19.934
46.74894 19.231
46.75301 18.902
46.75708 17.847
46.76115 18.433
46.76521 18.058
46.76928 18.621
46.77335 17.706
46.77742 16.721
46.78149 17.519
46.78556 16.346
46.78962 17.636
46.79369 15.783
46.79776 15.549
46.80183 15.549
46.80590 14.939
46.80997 14.095
46.81404 13.743
46.81810 14.564
46.82217 12.453
46.82624 14.282
46.83031 12.875
46.83438 13.297
46.83845 12.500
46.84252 12.594
46.84658 12.664
46.85065 12.430
46.85472 12.711
46.85879 12.054
46.86286 12.969
46.86693 11.726
46.87099 11.234
46.87506 11.093
46.87913 11.163
46.88320 9.920
46.88727 10.882
46.89134 10.835
46.89541 10.905
46.89947 10.272
46.90354 10.389
46.90761 10.929
46.91168 9.428
46.91575 9.662
46.91982 9.357
46.92388 10.765
46.92795 9.733
46.93202 10.061
46.93609 9.193
46.94016 8.865
46.94423 10.342
46.94830 9.381
46.95236 8.771
46.95643 9.686
46.96050 8.396
46.96457 8.466
46.96864 9.404
46.97271 8.232
46.97678 9.240
46.98084 8.654
46.98491 8.513
46.98898 7.505
46.99305 9.099
46.99712 8.865
47.00119 8.912
47.00525 8.044
47.00932 8.818
47.01339 8.888
47.01746 7.552
47.02153 7.880
47.02560 7.974
47.02967 8.513
47.03373 7.739
47.03780 7.458
47.04187 7.411
47.04594 8.208
47.05001 7.997
47.05408 8.232
47.05815 8.208
47.06221 7.856
47.06628 7.903
47.07035 7.176
47.07442 7.810
47.07849 7.997
47.08256 7.294
47.08662 7.364
47.09069 7.294
47.09476 7.552
47.09883 7.575
47.10290 8.161
47.10697 6.965
47.11104 8.044
47.11510 6.426
47.11917 6.825
47.12324 6.543
47.12731 6.567
47.13138 6.754
47.13545 7.129
47.13951 6.965
47.14358 6.989
47.14765 7.036
47.15172 7.129
47.15579 7.411
47.15986 6.449
47.16393 6.989
47.16799 6.895
47.17206 7.387
47.17613 8.443
47.18020 6.660
47.18427 6.379
47.18834 6.027
47.19241 6.168
47.19647 6.496
47.20054 6.895
47.20461 6.942
47.20868 6.989
47.21275 6.825
47.21682 8.161
47.22088 6.825
47.22495 6.965
47.22902 6.895
47.23309 6.801
47.23716 7.176
47.24123 7.669
47.24530 6.731
47.24936 7.575
47.25343 7.294
47.25750 7.012
47.26157 6.778
47.26564 7.810
47.26971 7.716
47.27377 8.208
47.27784 8.560
47.28191 7.810
47.28598 8.396
47.29005 8.607
47.29412 8.185
47.29819 8.232
47.30225 8.771
47.30632 8.795
47.31039 9.287
47.31446 9.709
47.31853 9.264
47.32260 9.873
47.32667 8.841
47.33073 9.029
47.33480 10.460
47.33887 10.061
47.34294 8.513
47.34701 9.475
47.35108 9.897
47.35514 9.287
47.35921 9.522
47.36328 9.826
47.36735 9.334
47.37142 9.897
47.37549 9.381
47.37956 9.240
47.38362 8.724
47.38769 9.357
47.39176 8.349
47.39583 8.583
47.39990 8.818
47.40397 8.068
47.40804 8.537
47.41210 8.044
47.41617 8.185
47.42024 7.786
47.42431 8.630
47.42838 7.411
47.43245 7.716
47.43651 8.138
47.44058 7.176
47.44465 7.903
47.44872 8.185
47.45279 7.575
47.45686 7.317
47.46093 7.856
47.46499 8.419
47.46906 7.950
47.47313 8.208
47.47720 7.645
47.48127 7.622
47.48534 7.880
47.48940 8.208
47.49347 8.232
47.49754 7.528
47.50161 7.270
47.50568 7.176
47.50975 7.364
47.51382 7.622
47.51788 7.200
47.52195 6.871
47.52602 7.200
47.53009 6.848
47.53416 7.974
47.53823 6.449
47.54230 6.262
47.54636 7.129
47.55043 6.004
47.55450 5.933
47.55857 6.543
47.56264 6.215
47.56671 6.637
47.57077 6.614
47.57484 6.074
47.57891 5.605
47.58298 6.543
47.58705 5.535
47.59112 5.699
47.59519 5.722
47.59925 6.051
47.60332 6.215
47.60739 6.473
47.61146 6.098
47.61553 5.558
47.61960 5.629
47.62367 5.957
47.62773 6.238
47.63180 6.027
47.63587 5.933
47.63994 6.004
47.64401 6.051
47.64808 5.488
47.65214 5.159
47.65621 6.144
47.66028 5.347
47.66435 5.253
47.66842 6.309
47.67249 5.629
47.67656 5.652
47.68062 6.144
47.68469 5.957
47.68876 5.769
47.69283 5.652
47.69690 5.277
47.70097 5.840
47.70503 5.605
47.70910 5.277
47.71317 6.590
47.71724 5.300
47.72131 5.300
47.72538 6.074
47.72945 5.347
47.73351 5.652
47.73758 5.113
47.74165 5.863
47.74572 5.230
47.74979 5.840
47.75386 6.449
47.75793 5.394
47.76199 5.511
47.76606 5.371
47.77013 5.910
47.77420 5.253
47.77827 6.004
47.78234 5.605
47.78640 6.402
47.79047 5.675
47.79454 5.558
47.79861 6.074
47.80268 5.441
47.80675 5.746
47.81082 5.511
47.81488 5.277
47.81895 5.488
47.82302 5.699
47.82709 5.863
47.83116 5.488
47.83523 5.464
47.83930 4.972
47.84336 5.417
47.84743 5.417
47.85150 5.535
47.85557 4.831
47.85964 5.722
47.86371 5.535
47.86777 5.629
47.87184 5.863
47.87591 5.863
47.87998 6.004
47.88405 5.347
47.88812 5.840
47.89219 5.324
47.89625 6.098
47.90032 5.910
47.90439 5.746
47.90846 5.629
47.91253 6.121
47.91660 6.402
47.92066 6.051
47.92473 5.629
47.92880 5.629
47.93287 5.394
47.93694 6.285
47.94101 5.488
47.94508 6.379
47.94914 5.980
47.95321 5.206
47.95728 5.886
47.96135 5.371
47.96542 5.605
47.96949 5.066
47.97356 4.714
47.97762 6.144
47.98169 6.191
47.98576 5.886
47.98983 5.910
47.99390 4.972
47.99797 5.980
48.00203 5.253
48.00610 5.746
48.01017 5.441
48.01424 5.488
48.01831 5.769
48.02238 5.840
48.02645 5.722
48.03051 5.746
48.03458 5.863
48.03865 5.488
48.04272 5.933
48.04679 5.582
48.05086 5.417
48.05492 5.371
48.05899 5.957
48.06306 5.910
48.06713 5.582
48.07120 5.206
48.07527 5.488
48.07934 5.183
48.08340 6.567
48.08747 5.933
48.09154 5.347
48.09561 5.652
48.09968 5.441
48.10375 5.980
48.10782 6.168
48.11188 5.629
48.11595 5.558
48.12002 6.027
48.12409 5.066
48.12816 5.629
48.13223 5.699
48.13629 5.652
48.14036 6.004
48.14443 5.957
48.14850 5.277
48.15257 5.980
48.15664 5.277
48.16071 6.027
48.16477 6.004
48.16884 5.042
48.17291 5.300
48.17698 6.027
48.18105 5.933
48.18512 5.840
48.18919 6.191
48.19325 5.417
48.19732 6.871
48.20139 4.128
48.20546 5.722
48.20953 6.121
48.21360 5.957
48.21766 5.324
48.22173 6.074
48.22580 5.793
48.22987 5.535
48.23394 5.488
48.23801 5.675
48.24208 6.004
48.24614 5.159
48.25021 6.004
48.25428 5.417
48.25835 5.746
48.26242 5.816
48.26649 5.675
48.27055 5.535
48.27462 5.371
48.27869 5.535
48.28276 5.394
48.28683 5.816
48.29090 5.066
48.29497 5.347
48.29903 5.394
48.30310 5.394
48.30717 5.863
48.31124 5.066
48.31531 5.769
48.31938 5.230
48.32345 5.136
48.32751 5.347
48.33158 5.652
48.33565 6.285
48.33972 5.816
48.34379 5.417
48.34786 5.605
48.35192 5.511
48.35599 5.535
48.36006 6.121
48.36413 5.300
48.36820 6.262
48.37227 5.371
48.37634 5.816
48.38040 5.980
48.38447 5.675
48.38854 5.535
48.39261 5.113
48.39668 5.652
48.40075 5.347
48.40482 5.324
48.40888 5.089
48.41295 5.511
48.41702 5.605
48.42109 5.582
48.42516 5.324
48.42923 6.027
48.43329 6.027
48.43736 5.699
48.44143 5.371
48.44550 5.183
48.44957 5.300
48.45364 5.558
48.45771 4.855
48.46177 5.300
48.46584 6.027
48.46991 5.019
48.47398 5.113
48.47805 5.394
48.48212 5.699
48.48618 5.582
48.49025 5.371
48.49432 5.230
48.49839 5.652
48.50246 5.441
48.50653 4.784
48.51060 5.558
48.51466 5.441
48.51873 5.863
48.52280 5.206
48.52687 5.394
48.53094 6.543
48.53501 5.722
48.53908 5.230
48.54314 5.324
48.54721 4.503
48.55128 5.300
48.55535 5.441
48.55942 5.464
48.56349 5.159
48.56755 5.253
48.57162 5.230
48.57569 5.605
48.57976 5.769
48.58383 5.253
48.58790 4.902
48.59197 5.933
48.59603 5.699
48.60010 5.652
48.60417 5.347
48.60824 5.347
48.61231 5.394
48.61638 5.511
48.62045 5.464
48.62451 5.347
48.62858 5.089
48.63265 5.417
48.63672 5.417
48.64079 5.347
48.64486 6.285
48.64892 5.863
48.65299 5.629
48.65706 6.426
48.66113 5.066
48.66520 5.488
48.66927 5.793
48.67334 5.793
48.67740 5.511
48.68147 4.784
48.68554 5.675
48.68961 5.136
48.69368 5.394
48.69775 5.441
48.70181 5.511
48.70588 5.277
48.70995 5.183
48.71402 5.793
48.71809 5.417
48.72216 4.925
48.72623 5.019
48.73029 5.347
48.73436 4.902
48.73843 5.230
48.74250 5.347
48.74657 5.441
48.75064 5.371
48.75471 5.042
48.75877 4.925
48.76284 5.277
48.76691 5.394
48.77098 5.511
48.77505 5.300
48.77912 5.699
48.78318 5.253
48.78725 5.605
48.79132 5.558
48.79539 5.136
48.79946 5.488
48.80353 5.699
48.80760 5.394
48.81166 5.183
48.81573 5.582
48.81980 5.253
48.82387 5.886
48.82794 5.441
48.83201 5.863
48.83607 5.629
48.84014 5.159
48.84421 5.582
48.84828 5.464
48.85235 5.253
48.85642 5.089
48.86049 5.558
48.86455 5.863
48.86862 4.550
48.87269 6.027
48.87676 5.417
48.88083 5.183
48.88490 5.347
48.88897 5.441
48.89303 4.995
48.89710 5.253
48.90117 5.159
48.90524 5.464
48.90931 5.019
48.91338 5.699
48.91744 5.629
48.92151 5.699
48.92558 5.417
48.92965 5.816
48.93372 6.004
48.93779 5.230
48.94186 5.511
48.94592 5.933
48.94999 5.464
48.95406 5.417
48.95813 5.371
48.96220 6.004
48.96627 4.526
48.97034 5.746
48.97440 5.441
48.97847 5.324
48.98254 5.793
48.98661 5.675
48.99068 5.488
48.99475 5.629
48.99881 5.089
49.00288 5.324
49.00695 5.582
49.01102 5.300
49.01509 5.066
49.01916 5.582
49.02323 5.042
49.02729 5.183
49.03136 5.277
49.03543 5.113
49.03950 4.995
49.04357 5.488
49.04764 5.558
49.05170 5.582
49.05577 5.886
49.05984 5.136
49.06391 4.902
49.06798 5.019
49.07205 5.324
49.07612 5.629
49.08018 4.855
49.08425 5.605
49.08832 5.488
49.09239 5.089
49.09646 5.746
49.10053 4.526
49.10460 5.277
49.10866 5.652
49.11273 5.394
49.11680 5.324
49.12087 5.675
49.12494 5.136
49.12901 4.644
49.13307 5.206
49.13714 4.831
49.14121 5.347
49.14528 5.863
49.14935 4.409
49.15342 5.629
49.15749 5.652
49.16155 4.948
49.16562 5.347
49.16969 5.394
49.17376 4.972
49.17783 4.784
49.18190 5.277
49.18597 5.582
49.19003 5.441
49.19410 5.347
49.19817 5.300
49.20224 4.620
49.20631 5.019
49.21038 5.535
49.21444 5.535
49.21851 4.737
49.22258 5.347
49.22665 5.183
49.23072 5.206
49.23479 5.863
49.23886 5.675
49.24292 5.253
49.24699 4.784
49.25106 5.066
49.25513 5.722
49.25920 5.159
49.26327 4.995
49.26733 5.347
49.27140 4.737
49.27547 4.925
49.27954 6.121
49.28361 5.324
49.28768 5.371
49.29175 5.113
49.29581 5.136
49.29988 4.925
49.30395 5.558
49.30802 5.230
49.31209 4.878
49.31616 4.995
49.32023 5.230
49.32429 5.629
49.32836 5.159
49.33243 5.652
49.33650 5.019
49.34057 5.793
49.34464 4.902
49.34870 5.300
49.35277 5.300
49.35684 5.535
49.36091 5.136
49.36498 4.831
49.36905 4.573
49.37312 5.206
49.37718 5.417
49.38125 4.972
49.38532 5.488
49.38939 5.840
49.39346 4.855
49.39753 5.206
49.40160 5.347
49.40566 5.488
49.40973 5.464
49.41380 5.441
49.41787 4.855
49.42194 5.113
49.42601 5.089
49.43007 5.136
49.43414 5.019
49.43821 5.300
49.44228 5.464
49.44635 5.159
49.45042 5.183
49.45449 4.855
49.45855 5.699
49.46262 5.417
49.46669 5.324
49.47076 4.667
49.47483 6.027
49.47890 4.573
49.48296 5.793
49.48703 5.394
49.49110 5.089
49.49517 4.972
49.49924 5.136
49.50331 5.629
49.50738 5.417
49.51144 5.441
49.51551 5.652
49.51958 5.535
49.52365 5.558
49.52772 5.535
49.53179 5.113
49.53586 5.230
49.53992 5.511
49.54399 5.324
49.54806 4.761
49.55213 5.019
49.55620 5.159
49.56027 4.972
49.56433 5.840
49.56840 5.441
49.57247 4.972
49.57654 5.277
49.58061 5.722
49.58468 5.230
49.58875 4.386
49.59281 5.371
49.59688 5.675
49.60095 5.652
49.60502 5.066
49.60909 4.667
49.61316 5.324
49.61723 5.230
49.62129 5.206
49.62536 5.347
49.62943 5.113
49.63350 5.136
49.63757 4.972
49.64164 5.394
49.64570 5.371
49.64977 5.746
49.65384 5.371
49.65791 5.441
49.66198 4.737
49.66605 5.089
49.67012 5.113
49.67418 5.441
49.67825 4.925
49.68232 5.042
49.68639 4.925
49.69046 5.652
49.69453 4.573
49.69859 4.737
49.70266 4.948
49.70673 5.183
49.71080 5.629
49.71487 5.206
49.71894 5.183
49.72301 5.582
49.72707 4.690
49.73114 5.019
49.73521 5.042
49.73928 5.652
49.74335 5.347
49.74742 5.230
49.75149 5.019
49.75555 5.394
49.75962 5.230
49.76369 5.089
49.76776 4.855
49.77183 5.277
49.77590 4.573
49.77996 4.925
49.78403 4.878
49.78810 4.925
49.79217 5.394
49.79624 5.066
49.80031 4.972
49.80438 4.479
49.80844 5.136
49.81251 5.066
49.81658 5.488
49.82065 4.925
49.82472 5.136
49.82879 5.206
49.83285 5.300
49.83692 5.371
49.84099 5.324
49.84506 5.089
49.84913 4.597
49.85320 5.722
49.85727 5.277
49.86133 4.526
49.86540 5.230
49.86947 5.300
49.87354 5.230
49.87761 5.910
49.88168 4.878
49.88575 5.605
49.88981 4.995
49.89388 4.597
49.89795 5.089
49.90202 5.277
49.90609 5.300
49.91016 5.042
49.91422 5.652
49.91829 4.714
49.92236 4.808
49.92643 5.558
49.93050 4.761
49.93457 4.573
49.93864 4.972
49.94270 4.831
49.94677 5.488
49.95084 5.136
49.95491 5.347
49.95898 5.159
49.96305 4.902
49.96712 5.230
49.97118 5.300
49.97525 5.535
49.97932 5.277
49.98339 5.136
49.98746 5.535
49.99153 5.300
49.99559 4.948
49.99966 5.183
50.00373 5.605
50.00780 5.113
50.01187 5.793
50.01594 4.948
50.02001 5.019
50.02407 5.769
50.02814 5.347
50.03221 5.277
50.03628 4.878
50.04035 5.206
50.04442 4.902
50.04848 4.479
50.05255 4.902
50.05662 5.136
50.06069 5.605
50.06476 5.558
50.06883 5.136
50.07290 5.769
50.07696 5.159
50.08103 5.136
50.08510 5.206
50.08917 5.042
50.09324 4.714
50.09731 4.925
50.10138 5.206
50.10544 5.136
50.10951 4.948
50.11358 5.089
50.11765 5.699
50.12172 4.620
50.12579 4.784
50.12985 5.652
50.13392 5.605
50.13799 5.347
50.14206 4.597
50.14613 5.417
50.15020 5.089
50.15427 5.089
50.15833 5.582
50.16240 4.878
50.16647 5.042
50.17054 5.488
50.17461 5.464
50.17868 5.183
50.18275 5.816
50.18681 4.972
50.19088 4.503
50.19495 4.878
50.19902 5.136
50.20309 4.808
50.20716 5.113
50.21122 4.761
50.21529 5.511
50.21936 5.886
50.22343 4.808
50.22750 5.488
50.23157 5.582
50.23564 4.995
50.23970 5.371
50.24377 5.324
50.24784 5.417
50.25191 4.784
50.25598 5.089
50.26005 5.300
50.26411 5.535
50.26818 5.675
50.27225 4.995
50.27632 4.855
50.28039 5.441
50.28446 5.277
50.28853 5.019
50.29259 4.620
50.29666 4.855
50.30073 5.183
50.30480 5.300
50.30887 4.526
50.31294 4.925
50.31701 5.488
50.32107 4.714
50.32514 4.597
50.32921 5.629
50.33328 5.464
50.33735 5.206
50.34142 5.089
50.34548 5.159
50.34955 4.620
50.35362 5.324
50.35769 5.394
50.36176 5.629
50.36583 5.206
50.36990 5.206
50.37396 5.230
50.37803 5.113
50.38210 4.503
50.38617 5.089
50.39024 4.972
50.39431 5.183
50.39838 5.253
50.40244 4.948
50.40651 4.995
50.41058 5.159
50.41465 5.159
50.41872 5.136
50.42279 4.995
50.42685 5.394
50.43092 5.347
50.43499 5.582
50.43906 4.948
50.44313 4.808
50.44720 4.855
50.45127 4.995
50.45533 4.644
50.45940 5.066
50.46347 4.784
50.46754 4.714
50.47161 4.784
50.47568 5.371
50.47974 4.690
50.48381 5.417
50.48788 5.183
50.49195 5.253
50.49602 5.277
50.50009 5.371
50.50416 4.714
50.50822 4.808
50.51229 5.183
50.51636 4.878
50.52043 5.371
50.52450 4.573
50.52857 4.737
50.53264 5.206
50.53670 4.995
50.54077 4.925
50.54484 5.230
50.54891 4.995
50.55298 5.347
50.55705 4.948
50.56111 4.714
50.56518 4.761
50.56925 4.878
50.57332 5.042
50.57739 4.855
50.58146 5.417
50.58553 5.863
50.58959 5.019
50.59366 5.464
50.59773 5.066
50.60180 5.089
50.60587 4.972
50.60994 5.300
50.61400 4.878
50.61807 4.855
50.62214 5.089
50.62621 5.324
50.63028 4.573
50.63435 5.019
50.63842 5.675
50.64248 5.019
50.64655 5.159
50.65062 5.605
50.65469 4.855
50.65876 5.089
50.66283 5.371
50.66690 4.855
50.67096 5.042
50.67503 5.089
50.67910 4.972
50.68317 4.972
50.68724 4.972
50.69131 4.761
50.69537 5.441
50.69944 5.300
50.70351 5.394
50.70758 4.855
50.71165 5.113
50.71572 5.089
50.71979 5.136
50.72385 4.362
50.72792 5.230
50.73199 4.925
50.73606 5.136
50.74013 4.620
50.74420 4.761
50.74827 5.206
50.75233 4.550
50.75640 5.136
50.76047 4.221
50.76454 5.159
50.76861 5.136
50.77268 5.136
50.77674 5.933
50.78081 5.464
50.78488 5.159
50.78895 4.808
50.79302 5.206
50.79709 5.042
50.80116 5.042
50.80522 5.535
50.80929 5.183
50.81336 4.808
50.81743 5.253
50.82150 5.629
50.82557 4.972
50.82963 4.362
50.83370 5.089
50.83777 4.855
50.84184 4.714
50.84591 5.300
50.84998 5.066
50.85405 5.206
50.85811 5.253
50.86218 5.488
50.86625 5.769
50.87032 4.714
50.87439 5.769
50.87846 5.159
50.88253 4.808
50.88659 5.253
50.89066 5.277
50.89473 5.394
50.89880 5.535
50.90287 5.417
50.90694 5.417
50.91100 5.159
50.91507 5.558
50.91914 5.582
50.92321 5.253
50.92728 5.558
50.93135 4.855
50.93542 5.066
50.93948 4.784
50.94355 5.277
50.94762 5.535
50.95169 5.582
50.95576 5.277
50.95983 5.206
50.96390 5.699
50.96796 4.925
50.97203 5.136
50.97610 5.230
50.98017 5.441
50.98424 5.089
50.98831 5.605
50.99237 4.948
50.99644 5.019
51.00051 5.511
51.00458 5.019
51.00865 5.277
51.01272 5.230
51.01679 5.183
51.02085 5.183
51.02492 5.230
51.02899 5.886
51.03306 4.948
51.03713 5.159
51.04120 5.183
51.04526 5.371
51.04933 5.699
51.05340 5.886
51.05747 5.816
51.06154 5.183
51.06561 4.925
51.06968 4.808
51.07374 5.230
51.07781 5.863
51.08188 5.300
51.08595 5.183
51.09002 5.324
51.09409 5.183
51.09816 5.253
51.10222 4.948
51.10629 5.042
51.11036 5.136
51.11443 5.441
51.11850 5.066
51.12257 5.511
51.12663 4.761
51.13070 5.042
51.13477 5.136
51.13884 4.550
51.14291 4.972
51.14698 5.136
51.15105 5.019
51.15511 5.277
51.15918 5.558
51.16325 5.582
51.16732 4.550
51.17139 4.855
51.17546 5.089
51.17953 4.784
51.18359 5.066
51.18766 4.667
51.19173 4.597
51.19580 4.479
51.19987 4.925
51.20394 5.253
51.20800 5.277
51.21207 4.972
51.21614 4.503
51.22021 5.394
51.22428 5.230
51.22835 4.737
51.23242 5.113
51.23648 5.183
51.24055 4.784
51.24462 5.300
51.24869 5.300
51.25276 4.878
51.25683 5.675
51.26089 5.394
51.26496 5.159
51.26903 4.972
51.27310 5.206
51.27717 4.925
51.28124 5.253
51.28531 4.972
51.28937 4.808
51.29344 5.089
51.29751 4.972
51.30158 4.995
51.30565 4.386
51.30972 4.972
51.31379 5.019
51.31785 4.667
51.32192 4.526
51.32599 4.526
51.33006 4.831
51.33413 4.948
51.33820 4.784
51.34226 4.995
51.34633 5.019
51.35040 4.972
51.35447 5.113
51.35854 4.808
51.36261 4.503
51.36668 4.925
51.37074 4.878
51.37481 4.808
51.37888 4.831
51.38295 4.714
51.38702 5.066
51.39109 4.972
51.39515 5.183
51.39922 4.855
51.40329 4.714
51.40736 5.066
51.41143 5.464
51.41550 4.972
51.41957 4.667
51.42363 5.417
51.42770 4.690
51.43177 4.597
51.43584 4.526
51.43991 4.925
51.44398 4.714
51.44805 5.300
51.45211 5.558
51.45618 4.503
51.46025 4.573
51.46432 4.855
51.46839 5.159
51.47246 4.831
51.47652 4.690
51.48059 4.995
51.48466 5.394
51.48873 4.573
51.49280 5.019
51.49687 5.113
51.50094 5.089
51.50500 4.948
51.50907 5.042
51.51314 5.042
51.51721 5.183
51.52128 4.667
51.52535 5.488
51.52942 5.113
51.53348 4.761
51.53755 4.479
51.54162 4.902
51.54569 5.230
51.54976 5.183
51.55383 4.409
51.55789 5.113
51.56196 5.159
51.56603 4.972
51.57010 4.972
51.57417 5.253
51.57824 4.878
51.58231 5.300
51.58637 5.816
51.59044 5.652
51.59451 4.503
51.59858 4.737
51.60265 4.690
51.60672 4.667
51.61078 4.902
51.61485 4.855
51.61892 4.925
51.62299 5.019
51.62706 4.737
51.63113 5.066
51.63520 5.042
51.63926 4.573
51.64333 5.113
51.64740 5.042
51.65147 4.784
51.65554 4.550
51.65961 5.066
51.66368 4.878
51.66774 5.347
51.67181 4.784
51.67588 4.995
51.67995 4.362
51.68402 4.644
51.68809 4.526
51.69215 5.159
51.69622 5.324
51.70029 4.456
51.70436 4.972
51.70843 5.066
51.71250 4.737
51.71657 4.550
51.72063 5.300
51.72470 4.409
51.72877 4.526
51.73284 4.386
51.73691 4.597
51.74098 5.019
51.74505 5.746
51.74911 4.714
51.75318 4.573
51.75725 4.948
51.76132 5.230
51.76539 4.948
51.76946 5.253
51.77352 4.972
51.77759 4.362
51.78166 4.972
51.78573 5.136
51.78980 5.113
51.79387 4.174
51.79794 4.644
51.80200 4.620
51.80607 4.761
51.81014 5.417
51.81421 4.479
51.81828 4.526
51.82235 4.995
51.82641 4.690
51.83048 4.573
51.83455 5.230
51.83862 5.113
51.84269 5.488
51.84676 5.042
51.85083 4.855
51.85489 4.479
51.85896 4.362
51.86303 5.347
51.86710 4.948
51.87117 5.277
51.87524 4.479
51.87931 4.831
51.88337 4.808
51.88744 5.558
51.89151 4.034
51.89558 4.925
51.89965 4.878
51.90372 5.113
51.90778 4.761
51.91185 4.409
51.91592 4.737
51.91999 4.878
51.92406 4.667
51.92813 4.503
51.93220 4.690
51.93626 4.902
51.94033 4.855
51.94440 4.972
51.94847 5.066
51.95254 4.808
51.95661 4.902
51.96068 5.183
51.96474 4.948
51.96881 5.089
51.97288 4.526
51.97695 4.620
51.98102 4.855
51.98509 4.737
51.98915 4.690
51.99322 4.808
51.99729 5.394
52.00136 4.667
52.00543 5.277
52.00950 4.784
52.01357 4.948
52.01763 5.136
52.02170 4.784
52.02577 4.667
52.02984 5.019
52.03391 5.347
52.03798 5.042
52.04204 4.948
52.04611 4.714
52.05018 5.136
52.05425 4.831
52.05832 5.066
52.06239 4.667
52.06646 5.277
52.07052 5.042
52.07459 5.347
52.07866 4.315
52.08273 4.761
52.08680 4.714
52.09087 4.573
52.09494 5.159
52.09900 5.159
52.10307 4.925
52.10714 5.300
52.11121 5.394
52.11528 4.667
52.11935 4.808
52.12341 5.089
52.12748 5.206
52.13155 5.042
52.13562 5.371
52.13969 5.558
52.14376 4.550
52.14783 4.315
52.15189 4.315
52.15596 4.292
52.16003 4.925
52.16410 5.277
52.16817 4.855
52.17224 4.597
52.17631 4.339
52.18037 5.300
52.18444 4.386
52.18851 5.230
52.19258 4.690
52.19665 4.737
52.20072 4.644
52.20478 5.206
52.20885 4.362
52.21292 4.784
52.21699 5.113
52.22106 4.128
52.22513 4.995
52.22920 4.479
52.23326 4.784
52.23733 4.667
52.24140 5.206
52.24547 4.925
52.24954 4.479
52.25361 4.620
52.25767 4.456
52.26174 4.667
52.26581 4.737
52.26988 4.432
52.27395 4.784
52.27802 5.441
52.28209 4.878
52.28615 4.972
52.29022 4.644
52.29429 4.550
52.29836 4.948
52.30243 4.995
52.30650 5.066
52.31057 4.597
52.31463 4.808
52.31870 4.831
52.32277 4.690
52.32684 4.995
52.33091 5.488
52.33498 4.409
52.33904 5.089
52.34311 4.573
52.34718 4.737
52.35125 5.511
52.35532 4.386
52.35939 4.972
52.36346 4.737
52.36752 4.620
52.37159 4.878
52.37566 5.159
52.37973 4.761
52.38380 4.620
52.38787 5.019
52.39193 5.136
52.39600 4.644
52.40007 4.831
52.40414 5.136
52.40821 4.925
52.41228 5.300
52.41635 5.136
52.42041 4.714
52.42448 5.066
52.42855 4.573
52.43262 5.441
52.43669 4.667
52.44076 4.503
52.44483 4.432
52.44889 4.714
52.45296 4.737
52.45703 5.230
52.46110 4.198
52.46517 4.339
52.46924 5.113
52.47330 4.667
52.47737 4.690
52.48144 4.902
52.48551 4.831
52.48958 4.855
52.49365 4.479
52.49772 4.902
52.50178 5.136
52.50585 4.925
52.50992 4.409
52.51399 4.245
52.51806 5.019
52.52213 4.432
52.52620 4.995
52.53026 5.253
52.53433 4.831
52.53840 4.620
52.54247 4.597
52.54654 4.878
52.55061 4.057
52.55467 4.690
52.55874 5.019
52.56281 4.550
52.56688 3.799
52.57095 4.479
52.57502 5.089
52.57909 4.855
52.58315 4.362
52.58722 5.394
52.59129 4.878
52.59536 4.386
52.59943 4.503
52.60350 4.855
52.60756 4.902
52.61163 4.667
52.61570 4.948
52.61977 4.339
52.62384 4.573
52.62791 5.066
52.63198 4.902
52.63604 4.620
52.64011 4.667
52.64418 5.371
52.64825 4.855
52.65232 4.456
52.65639 4.784
52.66046 4.714
52.66452 4.221
52.66859 4.550
52.67266 4.573
52.67673 4.597
52.68080 4.902
52.68487 5.605
52.68893 5.159
52.69300 4.503
52.69707 4.925
52.70114 4.714
52.70521 4.995
52.70928 4.221
52.71335 4.831
52.71741 5.113
52.72148 4.761
52.72555 4.644
52.72962 4.479
52.73369 4.948
52.73776 5.183
52.74183 4.245
52.74589 4.550
52.74996 4.855
52.75403 4.409
52.75810 5.183
52.76217 5.089
52.76624 4.292
52.77030 5.089
52.77437 4.620
52.77844 4.573
52.78251 5.324
52.78658 4.620
52.79065 4.432
52.79472 4.690
52.79878 4.292
52.80285 4.339
52.80692 4.667
52.81099 4.808
52.81506 4.667
52.81913 4.972
52.82319 5.183
52.82726 5.300
52.83133 4.292
52.83540 4.948
52.83947 4.948
52.84354 4.972
52.84761 4.386
52.85167 4.315
52.85574 4.573
52.85981 4.972
52.86388 4.526
52.86795 5.159
52.87202 4.761
52.87609 4.855
52.88015 4.784
52.88422 5.042
52.88829 5.136
52.89236 5.464
52.89643 5.300
52.90050 4.644
52.90456 4.737
52.90863 4.808
52.91270 5.230
52.91677 5.113
52.92084 4.972
52.92491 4.409
52.92898 4.902
52.93304 5.394
52.93711 4.878
52.94118 4.995
52.94525 4.526
52.94932 4.995
52.95339 5.042
52.95746 4.714
52.96152 5.230
52.96559 5.019
52.96966 4.315
52.97373 4.644
52.97780 5.089
52.98187 5.066
52.98593 4.902
52.99000 4.831
52.99407 4.479
52.99814 4.667
53.00221 4.409
53.00628 4.620
53.01035 4.808
53.01441 4.620
53.01848 4.644
53.02255 4.737
53.02662 4.878
53.03069 4.878
53.03476 4.620
53.03882 4.456
53.04289 5.089
53.04696 4.784
53.05103 5.324
53.05510 5.394
53.05917 5.183
53.06324 4.714
53.06730 5.183
53.07137 4.878
53.07544 4.292
53.07951 4.456
53.08358 5.042
53.08765 5.113
53.09172 4.456
53.09578 4.737
53.09985 4.432
53.10392 5.066
53.10799 4.761
53.11206 4.855
53.11613 4.902
53.12019 4.878
53.12426 4.550
53.12833 4.479
53.13240 4.245
53.13647 4.831
53.14054 5.300
53.14461 4.737
53.14867 5.347
53.15274 4.831
53.15681 4.526
53.16088 4.409
53.16495 4.503
53.16902 4.878
53.17308 4.948
53.17715 4.573
53.18122 4.831
53.18529 5.136
53.18936 5.042
53.19343 4.855
53.19750 4.972
53.20156 5.159
53.20563 4.737
53.20970 4.550
53.21377 4.831
53.21784 4.878
53.22191 4.761
53.22598 4.831
53.23004 4.948
53.23411 4.620
53.23818 4.315
53.24225 5.089
53.24632 4.808
53.25039 5.629
53.25445 4.925
53.25852 4.995
53.26259 5.605
53.26666 4.644
53.27073 5.300
53.27480 4.972
53.27887 4.503
53.28293 5.394
53.28700 4.784
53.29107 4.948
53.29514 4.362
53.29921 5.324
53.30328 5.253
53.30735 5.746
53.31141 4.948
53.31548 5.066
53.31955 4.784
53.32362 4.784
53.32769 4.034
53.33176 4.667
53.33582 4.855
53.33989 5.652
53.34396 5.066
53.34803 5.066
53.35210 4.456
53.35617 4.808
53.36024 4.737
53.36430 5.277
53.36837 5.675
53.37244 5.113
53.37651 4.948
53.38058 5.230
53.38465 4.667
53.38871 4.808
53.39278 4.831
53.39685 5.183
53.40092 4.667
53.40499 5.840
53.40906 5.206
53.41313 5.089
53.41719 5.159
53.42126 4.995
53.42533 4.855
53.42940 5.441
53.43347 4.479
53.43754 4.292
53.44161 4.925
53.44567 5.277
53.44974 5.159
53.45381 5.159
53.45788 5.417
53.46195 4.620
53.46602 4.995
53.47008 5.113
53.47415 4.526
53.47822 5.253
53.48229 4.644
53.48636 4.948
53.49043 5.159
53.49450 4.667
53.49856 4.573
53.50263 4.972
53.50670 5.582
53.51077 5.042
53.51484 5.347
53.51891 4.784
53.52298 5.230
53.52704 4.902
53.53111 4.714
53.53518 5.511
53.53925 4.315
53.54332 4.409
53.54739 4.831
53.55145 4.737
53.55552 5.066
53.55959 4.761
53.56366 4.784
53.56773 5.371
53.57180 4.128
53.57587 4.925
53.57993 4.550
53.58400 4.737
53.58807 5.159
53.59214 4.714
53.59621 4.550
53.60028 4.855
53.60434 4.878
53.60841 5.347
53.61248 4.972
53.61655 4.597
53.62062 5.019
53.62469 4.808
53.62876 5.535
53.63282 4.808
53.63689 5.371
53.64096 5.253
53.64503 5.535
53.64910 4.831
53.65317 5.113
53.65724 4.808
53.66130 4.737
53.66537 4.597
53.66944 4.784
53.67351 5.159
53.67758 4.761
53.68165 4.855
53.68571 4.972
53.68978 4.902
53.69385 5.394
53.69792 5.394
53.70199 5.417
53.70606 5.042
53.71013 5.159
53.71419 5.230
53.71826 4.855
53.72233 5.464
53.72640 4.737
53.73047 5.417
53.73454 5.183
53.73861 4.268
53.74267 5.464
53.74674 5.886
53.75081 4.690
53.75488 5.089
53.75895 5.113
53.76302 4.972
53.76708 4.597
53.77115 4.573
53.77522 5.558
53.77929 5.605
53.78336 4.550
53.78743 4.855
53.79150 5.277
53.79556 4.995
53.79963 4.644
53.80370 5.019
53.80777 5.488
53.81184 4.690
53.81591 4.432
53.81997 5.042
53.82404 5.159
53.82811 5.957
53.83218 5.136
53.83625 4.831
53.84032 4.737
53.84439 5.136
53.84845 4.573
53.85252 5.605
53.85659 4.878
53.86066 4.855
53.86473 4.995
53.86880 5.159
53.87287 5.371
53.87693 5.042
53.88100 5.371
53.88507 5.417
53.88914 4.690
53.89321 5.019
53.89728 4.995
53.90134 5.652
53.90541 5.253
53.90948 4.902
53.91355 5.019
53.91762 5.253
53.92169 5.277
53.92576 5.042
53.92982 4.855
53.93389 5.183
53.93796 5.394
53.94203 5.159
53.94610 5.511
53.95017 5.722
53.95423 4.503
53.95830 5.230
53.96237 5.464
53.96644 5.253
53.97051 4.503
53.97458 5.441
53.97865 4.948
53.98271 5.253
53.98678 5.605
53.99085 4.667
53.99492 4.737
53.99899 5.230
54.00306 5.464
54.00713 5.019
54.01119 4.995
54.01526 4.597
54.01933 4.972
54.02340 4.925
54.02747 4.831
54.03154 5.113
54.03560 4.432
54.03967 5.183
54.04374 5.113
54.04781 4.831
54.05188 5.230
54.05595 5.089
54.06002 5.019
54.06408 5.535
54.06815 5.113
54.07222 4.972
54.07629 4.855
54.08036 4.855
54.08443 4.948
54.08850 5.089
54.09256 5.183
54.09663 5.417
54.10070 4.948
54.10477 5.230
54.10884 5.535
54.11291 4.667
54.11697 4.714
54.12104 5.324
54.12511 5.253
54.12918 5.206
54.13325 4.737
54.13732 5.558
54.14139 5.558
54.14545 5.347
54.14952 4.878
54.15359 4.808
54.15766 4.761
54.16173 4.925
54.16580 4.855
54.16986 5.019
54.17393 5.136
54.17800 5.042
54.18207 4.808
54.18614 4.948
54.19021 4.878
54.19428 5.488
54.19834 4.808
54.20241 4.714
54.20648 5.277
54.21055 5.019
54.21462 4.784
54.21869 4.432
54.22276 4.761
54.22682 4.409
54.23089 4.784
54.23496 4.620
54.23903 5.159
54.24310 4.034
54.24717 4.409
54.25123 4.995
54.25530 4.808
54.25937 5.183
54.26344 4.597
54.26751 4.573
54.27158 4.690
54.27565 5.113
54.27971 4.714
54.28378 5.183
54.28785 4.995
54.29192 5.042
54.29599 4.432
54.30006 4.925
54.30413 5.253
54.30819 4.456
54.31226 5.042
54.31633 4.690
54.32040 4.362
54.32447 4.855
54.32854 4.831
54.33260 4.948
54.33667 4.878
54.34074 4.925
54.34481 4.362
54.34888 4.550
54.35295 4.902
54.35702 4.737
54.36108 4.667
54.36515 4.620
54.36922 4.526
54.37329 4.432
54.37736 4.948
54.38143 5.206
54.38549 5.347
54.38956 5.019
54.39363 4.831
54.39770 4.878
54.40177 4.573
54.40584 5.136
54.40991 5.113
54.41397 5.066
54.41804 4.620
54.42211 4.902
54.42618 4.808
54.43025 4.878
54.43432 3.752
54.43839 4.995
54.44245 4.808
54.44652 5.159
54.45059 4.550
54.45466 4.690
54.45873 4.737
54.46280 4.714
54.46686 5.066
54.47093 5.089
54.47500 4.831
54.47907 5.253
54.48314 5.300
54.48721 4.855
54.49128 4.808
54.49534 4.995
54.49941 5.253
54.50348 5.042
54.50755 4.714
54.51162 5.394
54.51569 4.432
54.51976 4.761
54.52382 5.042
54.52789 4.198
54.53196 4.644
54.53603 4.620
54.54010 5.347
54.54417 5.019
54.54823 4.925
54.55230 4.667
54.55637 4.479
54.56044 4.761
54.56451 5.066
54.56858 5.089
54.57265 4.925
54.57671 4.550
54.58078 4.784
54.58485 4.479
54.58892 4.597
54.59299 4.597
54.59706 4.432
54.60112 4.831
54.60519 5.230
54.60926 4.667
54.61333 4.831
54.61740 4.737
54.62147 4.268
54.62554 4.620
54.62960 4.855
54.63367 4.432
54.63774 4.761
54.64181 4.456
54.64588 4.714
54.64995 5.042
54.65402 4.784
54.65808 5.183
54.66215 5.253
54.66622 4.667
54.67029 5.136
54.67436 4.855
54.67843 4.831
54.68249 4.667
54.68656 4.597
54.69063 4.808
54.69470 4.526
54.69877 5.042
54.70284 4.479
54.70691 5.159
54.71097 5.230
54.71504 5.253
54.71911 5.300
54.72318 4.831
54.72725 5.277
54.73132 5.159
54.73538 5.089
54.73945 5.019
54.74352 5.159
54.74759 5.793
54.75166 5.347
54.75573 4.902
54.75980 5.113
54.76386 4.855
54.76793 5.394
54.77200 5.347
54.77607 5.230
54.78014 5.277
54.78421 4.855
54.78828 4.714
54.79234 5.324
54.79641 4.995
54.80048 4.972
54.80455 4.995
54.80862 5.652
54.81269 5.652
54.81675 5.183
54.82082 5.605
54.82489 5.394
54.82896 5.371
54.83303 5.277
54.83710 5.136
54.84117 5.206
54.84523 5.535
54.84930 4.597
54.85337 5.136
54.85744 5.746
54.86151 5.230
54.86558 5.347
54.86965 5.042
54.87371 5.371
54.87778 4.808
54.88185 5.159
54.88592 5.886
54.88999 5.089
54.89406 6.074
54.89812 5.910
54.90219 5.347
54.90626 5.441
54.91033 5.933
54.91440 5.464
54.91847 5.558
54.92254 5.558
54.92660 5.159
54.93067 5.206
54.93474 4.644
54.93881 5.886
54.94288 6.168
54.94695 5.699
54.95101 5.840
54.95508 6.496
54.95915 6.215
54.96322 5.722
54.96729 6.051
54.97136 5.605
54.97543 6.567
54.97949 6.215
54.98356 6.168
54.98763 5.816
54.99170 6.238
54.99577 6.567
54.99984 6.191
55.00391 7.012
55.00797 6.004
55.01204 6.332
55.01611 6.051
55.02018 6.684
55.02425 6.778
55.02832 7.012
55.03238 6.707
55.03645 6.449
55.04052 7.036
55.04459 6.614
55.04866 7.341
55.05273 6.871
55.05680 7.200
55.06086 7.598
55.06493 8.068
55.06900 7.505
55.07307 7.552
55.07714 7.669
55.08121 8.349
55.08528 8.443
55.08934 8.302
55.09341 7.552
55.09748 8.326
55.10155 8.583
55.10562 8.114
55.10969 7.950
55.11375 7.927
55.11782 8.654
55.12189 7.810
55.12596 8.583
55.13003 8.982
55.13410 9.522
55.13817 8.419
55.14223 9.920
55.14630 10.671
55.15037 10.342
55.15444 10.600
55.15851 10.600
55.16258 11.609
55.16664 10.858
55.17071 10.718
55.17478 11.820
55.17885 10.858
55.18292 11.327
55.18699 12.523
55.19106 11.984
55.19512 12.336
55.19919 13.016
55.20326 12.922
55.20733 14.376
55.21140 14.235
55.21547 14.658
55.21954 14.282
55.22360 15.478
55.22767 15.572
55.23174 15.197
55.23581 14.282
55.23988 16.088
55.24395 15.924
55.24801 15.525
55.25208 14.798
55.25615 16.463
55.26022 16.956
55.26429 16.909
55.26836 17.894
55.27243 18.293
55.27649 18.340
55.28056 17.355
55.28463 18.785
55.28870 17.519
55.29277 18.856
55.29684 19.395
55.30091 19.371
55.30497 19.489
55.30904 19.489
55.31311 18.785
55.31718 18.410
55.32125 19.325
55.32532 20.826
55.32938 19.301
55.33345 19.137
55.33752 19.067
55.34159 19.864
55.34566 18.832
55.34973 18.082
55.35380 19.536
55.35786 20.122
55.36193 18.551
55.36600 19.653
55.37007 20.310
55.37414 20.028
55.37821 20.779
55.38227 19.676
55.38634 17.214
55.39041 19.090
55.39448 19.043
55.39855 18.785
55.40262 17.964
55.40669 17.894
55.41075 17.613
55.41482 17.472
55.41889 18.504
55.42296 18.644
55.42703 17.331
55.43110 16.510
55.43517 17.050
55.43923 17.730
55.44330 16.932
55.44737 16.088
55.45144 15.385
55.45551 16.088
55.45958 16.182
55.46364 15.736
55.46771 15.666
55.47178 14.751
55.47585 15.033
55.47992 14.705
55.48399 13.649
55.48806 14.705
55.49212 14.400
55.49619 14.423
55.50026 14.142
55.50433 14.142
55.50840 13.766
55.51247 13.931
55.51654 13.321
55.52060 12.148
55.52467 13.227
55.52874 13.250
55.53281 12.758
55.53688 12.711
55.54095 11.914
55.54501 12.031
55.54908 12.148
55.55315 12.101
55.55722 11.679
55.56129 11.234
55.56536 11.140
55.56943 11.445
55.57349 11.468
55.57756 10.389
55.58163 9.967
55.58570 10.530
55.58977 10.342
55.59384 10.295
55.59790 9.311
55.60197 9.780
55.60604 8.748
55.61011 9.240
55.61418 9.076
55.61825 9.029
55.62232 8.841
55.62638 8.982
55.63045 8.771
55.63452 8.795
55.63859 8.795
55.64266 8.443
55.64673 8.138
55.65080 8.771
55.65486 8.185
55.65893 7.739
55.66300 7.856
55.66707 7.739
55.67114 8.021
55.67521 8.443
55.67927 8.279
55.68334 7.505
55.68741 7.458
55.69148 6.989
55.69555 7.270
55.69962 7.575
55.70369 7.106
55.70775 7.012
55.71182 7.481
55.71589 6.871
55.71996 6.590
55.72403 7.880
55.72810 7.739
55.73216 6.871
55.73623 7.129
55.74030 6.004
55.74437 6.449
55.74844 7.434
55.75251 7.341
55.75658 6.778
55.76064 6.332
55.76471 6.754
55.76878 6.496
55.77285 6.004
55.77692 6.215
55.78099 6.778
55.78506 6.637
55.78912 6.238
55.79319 5.652
55.79726 6.449
55.80133 6.332
55.80540 6.004
55.80947 5.652
55.81353 6.051
55.81760 5.793
55.82167 6.801
55.82574 6.731
55.82981 5.441
55.83388 5.347
55.83795 6.660
55.84201 6.262
55.84608 6.473
55.85015 5.793
55.85422 5.629
55.85829 5.371
55.86236 5.746
55.86643 6.473
55.87049 6.449
55.87456 6.074
55.87863 5.863
55.88270 5.957
55.88677 5.793
55.89084 6.191
55.89490 6.989
55.89897 5.629
55.90304 6.121
55.90711 5.816
55.91118 5.535
55.91525 5.886
55.91932 6.074
55.92338 5.675
55.92745 5.441
55.93152 6.309
55.93559 5.488
55.93966 5.535
55.94373 5.675
55.94779 5.629
55.95186 5.629
55.95593 5.488
55.96000 6.004
55.96407 5.159
55.96814 5.019
55.97221 6.098
55.97627 4.831
55.98034 6.027
55.98441 5.558
55.98848 5.816
55.99255 5.558
55.99662 5.535
56.00069 5.347
56.00475 5.511
56.00882 5.769
56.01289 5.394
56.01696 5.511
56.02103 5.605
56.02510 5.840
56.02916 5.464
56.03323 5.980
56.03730 5.253
56.04137 5.066
56.04544 5.206
56.04951 5.816
56.05358 5.464
56.05764 5.816
56.06171 5.793
56.06578 5.394
56.06985 5.605
56.07392 5.136
56.07799 5.863
56.08206 5.535
56.08612 5.746
56.09019 5.980
56.09426 6.168
56.09833 5.488
56.10240 6.004
56.10647 5.769
56.11053 5.371
56.11460 5.582
56.11867 5.417
56.12274 5.863
56.12681 5.722
56.13088 6.707
56.13495 5.863
56.13901 6.567
56.14308 6.402
56.14715 6.567
56.15122 6.426
56.15529 6.074
56.15936 6.918
56.16342 6.684
56.16749 7.645
56.17156 7.153
56.17563 8.466
56.17970 7.083
56.18377 7.505
56.18784 8.161
56.19190 7.481
56.19597 7.598
56.20004 7.810
56.20411 6.871
56.20818 7.317
56.21225 7.974
56.21632 7.364
56.22038 7.200
56.22445 7.364
56.22852 8.091
56.23259 8.396
56.23666 7.317
56.24073 6.825
56.24479 6.965
56.24886 7.294
56.25293 6.707
56.25700 7.341
56.26107 6.285
56.26514 6.121
56.26921 6.309
56.27327 6.309
56.27734 5.652
56.28141 6.637
56.28548 6.614
56.28955 6.402
56.29362 6.637
56.29769 6.121
56.30175 6.027
56.30582 5.324
56.30989 6.379
56.31396 6.074
56.31803 6.449
56.32210 6.121
56.32616 5.675
56.33023 6.473
56.33430 6.168
56.33837 7.059
56.34244 5.769
56.34651 7.294
56.35058 6.332
56.35464 6.215
56.35871 6.027
56.36278 5.957
56.36685 7.247
56.37092 6.989
56.37499 6.238
56.37905 6.332
56.38312 6.754
56.38719 6.215
56.39126 6.144
56.39533 5.910
56.39940 6.918
56.40347 6.520
56.40753 6.590
56.41160 5.840
56.41567 6.660
56.41974 5.324
56.42381 5.863
56.42788 5.347
56.43195 5.840
56.43601 5.699
56.44008 5.933
56.44415 5.441
56.44822 4.995
56.45229 5.324
56.45636 6.285
56.46042 5.253
56.46449 4.761
56.46856 5.535
56.47263 5.699
56.47670 5.464
56.48077 5.417
56.48484 5.605
56.48890 5.183
56.49297 5.722
56.49704 5.933
56.50111 5.441
56.50518 5.300
56.50925 4.855
56.51331 5.886
56.51738 4.761
56.52145 5.582
56.52552 5.019
56.52959 5.113
56.53366 5.582
56.53773 5.113
56.54179 5.300
56.54586 4.620
56.54993 4.878
56.55400 5.066
56.55807 5.511
56.56214 4.597
56.56621 4.667
56.57027 4.925
56.57434 5.089
56.57841 5.277
56.58248 5.699
56.58655 5.206
56.59062 4.995
56.59468 5.488
56.59875 5.441
56.60282 5.253
56.60689 5.183
56.61096 5.793
56.61503 4.737
56.61910 5.089
56.62316 5.464
56.62723 5.863
56.63130 5.206
56.63537 5.230
56.63944 5.699
56.64351 5.066
56.64758 4.878
56.65164 5.136
56.65571 4.948
56.65978 5.746
56.66385 5.394
56.66792 5.535
56.67199 4.644
56.67605 4.737
56.68012 5.722
56.68419 5.277
56.68826 4.831
56.69233 4.831
56.69640 5.066
56.70047 6.051
56.70453 5.253
56.70860 5.277
56.71267 4.808
56.71674 5.488
56.72081 5.417
56.72488 5.511
56.72894 5.136
56.73301 5.206
56.73708 4.925
56.74115 4.808
56.74522 5.089
56.74929 5.371
56.75336 5.277
56.75742 4.878
56.76149 5.042
56.76556 5.230
56.76963 5.089
56.77370 4.690
56.77777 4.855
56.78184 4.808
56.78590 5.300
56.78997 5.113
56.79404 4.644
56.79811 5.441
56.80218 5.511
56.80625 5.159
56.81031 4.878
56.81438 4.972
56.81845 5.206
56.82252 4.831
56.82659 5.089
56.83066 4.667
56.83473 5.371
56.83879 4.690
56.84286 5.488
56.84693 4.878
56.85100 4.503
56.85507 5.488
56.85914 4.784
56.86321 5.042
56.86727 4.620
56.87134 5.019
56.87541 5.066
56.87948 4.737
56.88355 4.784
56.88762 5.089
56.89168 4.784
56.89575 5.347
56.89982 5.019
56.90389 5.464
56.90796 4.784
56.91203 4.620
56.91610 4.034
56.92016 4.925
56.92423 4.714
56.92830 4.503
56.93237 5.159
56.93644 5.558
56.94051 4.667
56.94457 4.690
56.94864 5.183
56.95271 4.690
56.95678 4.995
56.96085 4.737
56.96492 4.597
56.96899 5.183
56.97305 4.784
56.97712 4.597
56.98119 4.784
56.98526 4.737
56.98933 5.277
56.99340 4.644
56.99747 4.432
57.00153 4.221
57.00560 4.714
57.00967 4.620
57.01374 5.441
57.01781 4.925
57.02188 4.925
57.02594 5.347
57.03001 4.972
57.03408 5.277
57.03815 4.784
57.04222 4.597
57.04629 4.878
57.05036 4.644
57.05442 5.535
57.05849 4.503
57.06256 4.972
57.06663 4.034
57.07070 4.878
57.07477 4.550
57.07884 5.230
57.08290 5.113
57.08697 4.644
57.09104 4.690
57.09511 4.831
57.09918 4.456
57.10325 4.808
57.10731 4.667
57.11138 4.081
57.11545 4.714
57.11952 4.737
57.12359 4.010
57.12766 4.573
57.13173 5.230
57.13579 4.644
57.13986 4.245
57.14393 4.808
57.14800 5.535
57.15207 4.550
57.15614 4.690
57.16020 4.057
57.16427 5.042
57.16834 5.019
57.17241 4.597
57.17648 4.690
57.18055 4.010
57.18462 4.690
57.18868 4.784
57.19275 4.432
57.19682 4.925
57.20089 4.925
57.20496 4.456
57.20903 4.855
57.21310 5.089
57.21716 4.644
57.22123 4.550
57.22530 4.503
57.22937 4.855
57.23344 4.174
57.23751 4.339
57.24157 4.855
57.24564 4.526
57.24971 4.550
57.25378 4.714
57.25785 4.855
57.26192 4.268
57.26599 4.432
57.27005 4.104
57.27412 4.690
57.27819 4.339
57.28226 4.456
57.28633 4.386
57.29040 4.221
57.29446 4.034
57.29853 4.667
57.30260 3.893
57.30667 5.066
57.31074 4.667
57.31481 4.104
57.31888 3.823
57.32294 4.151
57.32701 4.714
57.33108 4.550
57.33515 4.948
57.33922 4.081
57.34329 4.831
57.34736 4.550
57.35142 4.339
57.35549 4.995
57.35956 4.855
57.36363 4.573
57.36770 4.714
57.37177 4.667
57.37583 4.573
57.37990 4.151
57.38397 4.174
57.38804 4.714
57.39211 4.573
57.39618 4.362
57.40025 4.268
57.40431 4.526
57.40838 4.972
57.41245 4.597
57.41652 4.456
57.42059 4.644
57.42466 4.151
57.42873 4.034
57.43279 4.128
57.43686 4.972
57.44093 4.948
57.44500 4.644
57.44907 4.221
57.45314 4.784
57.45720 4.409
57.46127 4.268
57.46534 4.714
57.46941 4.479
57.47348 4.245
57.47755 4.315
57.48162 4.948
57.48568 4.362
57.48975 4.737
57.49382 4.104
57.49789 4.761
57.50196 4.432
57.50603 4.784
57.51009 4.690
57.51416 4.667
57.51823 4.550
57.52230 4.878
57.52637 4.503
57.53044 4.644
57.53451 4.714
57.53857 4.034
57.54264 5.159
57.54671 4.620
57.55078 4.339
57.55485 4.690
57.55892 5.019
57.56299 4.972
57.56705 4.597
57.57112 5.019
57.57519 4.925
57.57926 4.198
57.58333 4.737
57.58740 5.816
57.59146 4.667
57.59553 5.464
57.59960 4.808
57.60367 5.253
57.60774 4.925
57.61181 4.690
57.61588 4.902
57.61994 4.831
57.62401 4.902
57.62808 4.902
57.63215 5.136
57.63622 4.690
57.64029 5.019
57.64436 4.174
57.64842 4.761
57.65249 5.159
57.65656 5.206
57.66063 4.620
57.66470 4.761
57.66877 4.737
57.67283 5.206
57.67690 5.042
57.68097 4.995
57.68504 5.042
57.68911 4.808
57.69318 4.644
57.69725 5.113
57.70131 4.667
57.70538 4.948
57.70945 4.620
57.71352 4.995
57.71759 5.042
57.72166 4.339
57.72572 4.432
57.72979 5.206
57.73386 5.464
57.73793 5.371
57.74200 4.995
57.74607 4.902
57.75014 5.441
57.75420 5.511
57.75827 4.878
57.76234 5.535
57.76641 5.488
57.77048 5.417
57.77455 4.925
57.77862 5.183
57.78268 5.840
57.78675 5.394
57.79082 4.714
57.79489 5.230
57.79896 5.300
57.80303 5.746
57.80709 6.004
57.81116 5.371
57.81523 5.629
57.81930 5.746
57.82337 5.042
57.82744 5.535
57.83151 5.629
57.83557 5.394
57.83964 5.347
57.84371 5.371
57.84778 5.488
57.85185 5.675
57.85592 5.793
57.85999 5.066
57.86405 5.441
57.86812 5.230
57.87219 6.285
57.87626 6.121
57.88033 5.793
57.88440 6.871
57.88846 6.731
57.89253 7.036
57.89660 5.347
57.90067 7.012
57.90474 6.825
57.90881 6.144
57.91288 5.957
57.91694 6.402
57.92101 6.543
57.92508 6.801
57.92915 6.144
57.93322 5.769
57.93729 6.965
57.94135 6.543
57.94542 6.989
57.94949 7.270
57.95356 7.481
57.95763 6.754
57.96170 6.778
57.96577 6.098
57.96983 6.614
57.97390 6.473
57.97797 7.622
57.98204 7.106
57.98611 7.481
57.99018 8.396
57.99425 7.059
57.99831 7.012
58.00238 6.918
58.00645 7.575
58.01052 6.989
58.01459 7.481
58.01866 6.754
58.02272 7.528
58.02679 7.317
58.03086 7.903
58.03493 7.856
58.03900 8.114
58.04307 7.903
58.04714 7.645
58.05120 7.903
58.05527 8.161
58.05934 7.411
58.06341 8.044
58.06748 7.669
58.07155 7.364
58.07561 7.833
58.07968 7.059
58.08375 8.583
58.08782 7.669
58.09189 6.614
58.09596 6.590
58.10003 7.716
58.10409 7.505
58.10816 7.739
58.11223 7.200
58.11630 7.223
58.12037 7.317
58.12444 6.965
58.12851 7.176
58.13257 7.036
58.13664 6.801
58.14071 7.622
58.14478 7.458
58.14885 6.684
58.15292 6.660
58.15698 6.637
58.16105 6.965
58.16512 6.801
58.16919 6.402
58.17326 6.590
58.17733 6.754
58.18140 5.957
58.18546 6.660
58.18953 6.215
58.19360 6.707
58.19767 6.121
58.20174 6.871
58.20581 6.520
58.20988 6.238
58.21394 6.567
58.21801 5.511
58.22208 7.036
58.22615 5.840
58.23022 6.121
58.23429 5.488
58.23835 5.558
58.24242 6.098
58.24649 6.238
58.25056 5.886
58.25463 6.473
58.25870 6.004
58.26277 5.793
58.26683 5.769
58.27090 5.793
58.27497 5.793
58.27904 5.910
58.28311 6.027
58.28718 5.347
58.29124 5.488
58.29531 5.863
58.29938 4.972
58.30345 5.324
58.30752 5.793
58.31159 5.042
58.31566 5.840
58.31972 5.136
58.32379 5.183
58.32786 5.793
58.33193 5.464
58.33600 4.714
58.34007 5.441
58.34414 5.582
58.34820 5.441
58.35227 5.722
58.35634 4.878
58.36041 5.558
58.36448 5.136
58.36855 5.793
58.37261 4.902
58.37668 5.394
58.38075 4.902
58.38482 4.948
58.38889 5.159
58.39296 5.324
58.39703 5.324
58.40109 4.808
58.40516 5.488
58.40923 4.831
58.41330 4.526
58.41737 4.456
58.42144 4.456
58.42551 4.456
58.42957 4.597
58.43364 4.948
58.43771 5.183
58.44178 4.948
58.44585 5.300
58.44992 4.948
58.45398 5.159
58.45805 4.761
58.46212 4.221
58.46619 4.620
58.47026 4.573
58.47433 5.066
58.47840 4.714
58.48246 5.347
58.48653 5.042
58.49060 4.597
58.49467 4.644
58.49874 4.831
58.50281 4.503
58.50687 4.855
58.51094 4.995
58.51501 4.503
58.51908 4.855
58.52315 5.253
58.52722 4.550
58.53129 4.972
58.53535 4.855
58.53942 4.925
58.54349 4.550
58.54756 4.831
58.55163 4.808
58.55570 4.034
58.55977 4.010
58.56383 4.948
58.56790 4.573
58.57197 4.409
58.57604 5.113
58.58011 4.128
58.58418 4.221
58.58824 4.245
58.59231 4.667
58.59638 4.878
58.60045 4.737
58.60452 4.409
58.60859 4.550
58.61266 4.972
58.61672 4.268
58.62079 4.550
58.62486 4.620
58.62893 4.550
58.63300 4.456
58.63707 4.128
58.64114 4.456
58.64520 4.221
58.64927 4.737
58.65334 3.893
58.65741 4.526
58.66148 4.808
58.66555 5.417
58.66961 4.550
58.67368 4.034
58.67775 5.183
58.68182 4.808
58.68589 4.526
58.68996 4.573
58.69403 4.198
58.69809 4.878
58.70216 4.315
58.70623 4.597
58.71030 3.846
58.71437 4.362
58.71844 5.019
58.72250 4.409
58.72657 4.784
58.73064 4.855
58.73471 4.221
58.73878 4.526
58.74285 4.995
58.74692 4.690
58.75098 4.362
58.75505 4.456
58.75912 4.503
58.76319 4.714
58.76726 4.315
58.77133 4.362
58.77540 4.315
58.77946 4.878
58.78353 4.174
58.78760 4.409
58.79167 4.268
58.79574 4.855
58.79981 4.245
58.80387 4.268
58.80794 4.339
58.81201 4.174
58.81608 4.737
58.82015 4.737
58.82422 4.339
58.82829 4.386
58.83235 3.940
58.83642 4.597
58.84049 4.784
58.84456 4.667
58.84863 4.620
58.85270 4.784
58.85677 5.300
58.86083 4.597
58.86490 4.644
58.86897 4.878
58.87304 4.597
58.87711 5.159
58.88118 4.198
58.88524 5.136
58.88931 4.972
58.89338 5.675
58.89745 4.456
58.90152 4.667
58.90559 4.667
58.90966 4.479
58.91372 4.644
58.91779 5.019
58.92186 4.690
58.92593 4.644
58.93000 4.667
58.93407 4.503
58.93813 4.573
58.94220 5.136
58.94627 4.503
58.95034 5.019
58.95441 5.324
58.95848 4.644
58.96255 5.347
58.96661 4.831
58.97068 5.136
58.97475 5.347
58.97882 5.394
58.98289 4.925
58.98696 4.878
58.99103 4.761
58.99509 4.925
58.99916 5.230
59.00323 4.714
59.00730 5.488
59.01137 4.597
59.01544 4.550
59.01950 4.362
59.02357 4.855
59.02764 4.057
59.03171 4.362
59.03578 4.503
59.03985 5.066
59.04392 4.386
59.04798 4.409
59.05205 4.808
59.05612 5.394
59.06019 4.972
59.06426 4.855
59.06833 5.019
59.07239 4.995
59.07646 4.784
59.08053 4.644
59.08460 5.159
59.08867 4.737
59.09274 5.206
59.09681 4.737
59.10087 5.089
59.10494 4.597
59.10901 4.948
59.11308 4.878
59.11715 4.667
59.12122 4.948
59.12529 5.230
59.12935 5.206
59.13342 5.300
59.13749 4.644
59.14156 4.808
59.14563 4.902
59.14970 5.042
59.15376 4.479
59.15783 4.081
59.16190 4.784
59.16597 4.479
59.17004 5.183
59.17411 4.620
59.17818 4.761
59.18224 4.174
59.18631 4.221
59.19038 4.339
59.19445 4.831
59.19852 4.925
59.20259 4.245
59.20666 4.737
59.21072 3.963
59.21479 4.855
59.21886 4.667
59.22293 4.972
59.22700 4.034
59.23107 4.526
59.23513 4.550
59.23920 4.386
59.24327 4.198
59.24734 4.245
59.25141 4.315
59.25548 4.432
59.25955 4.550
59.26361 4.409
59.26768 4.550
59.27175 4.245
59.27582 4.878
59.27989 4.761
59.28396 4.198
59.28802 4.268
59.29209 4.268
59.29616 4.315
59.30023 3.635
59.30430 4.737
59.30837 4.714
59.31244 4.714
59.31650 4.597
59.32057 4.573
59.32464 4.761
59.32871 4.221
59.33278 4.221
59.33685 4.432
59.34092 4.714
59.34498 4.386
59.34905 4.597
59.35312 4.409
59.35719 4.667
59.36126 4.362
59.36533 4.620
59.36939 4.761
59.37346 4.151
59.37753 4.526
59.38160 5.019
59.38567 4.386
59.38974 4.268
59.39381 4.573
59.39787 4.714
59.40194 4.409
59.40601 4.620
59.41008 4.268
59.41415 4.245
59.41822 4.386
59.42229 4.339
59.42635 5.136
59.43042 4.174
59.43449 4.386
59.43856 4.597
59.44263 4.456
59.44670 4.620
59.45076 4.339
59.45483 4.550
59.45890 4.010
59.46297 4.550
59.46704 4.855
59.47111 4.456
59.47518 3.823
59.47924 4.644
59.48331 4.151
59.48738 4.644
59.49145 4.151
59.49552 4.808
59.49959 3.917
59.50365 4.432
59.50772 4.432
59.51179 4.081
59.51586 4.245
59.51993 4.128
59.52400 4.479
59.52807 4.597
59.53213 4.081
59.53620 4.268
59.54027 4.456
59.54434 4.104
59.54841 4.010
59.55248 3.963
59.55655 4.878
59.56061 4.456
59.56468 4.128
59.56875 4.339
59.57282 4.620
59.57689 4.245
59.58096 4.831
59.58502 4.526
59.58909 4.808
59.59316 4.479
59.59723 4.409
59.60130 4.128
59.60537 4.503
59.60944 4.409
59.61350 4.479
59.61757 4.010
59.62164 3.612
59.62571 4.268
59.62978 3.893
59.63385 4.362
59.63792 4.104
59.64198 4.339
59.64605 4.034
59.65012 4.245
59.65419 4.174
59.65826 4.245
59.66233 4.221
59.66639 4.644
59.67046 4.761
59.67453 4.010
59.67860 4.737
59.68267 4.057
59.68674 4.128
59.69081 3.705
59.69487 3.940
59.69894 4.268
59.70301 4.925
59.70708 4.174
59.71115 4.878
59.71522 4.221
59.71928 4.550
59.72335 3.987
59.72742 3.541
59.73149 4.409
59.73556 4.010
59.73963 4.198
59.74370 4.245
59.74776 4.128
59.75183 3.893
59.75590 3.870
59.75997 4.339
59.76404 4.339
59.76811 4.292
59.77218 4.221
59.77624 3.776
59.78031 4.339
59.78438 3.799
59.78845 4.081
59.79252 4.339
59.79659 4.573
59.80065 4.221
59.80472 4.081
59.80879 4.597
59.81286 4.104
59.81693 4.198
59.82100 4.362
59.82507 3.940
59.82913 4.128
59.83320 4.151
59.83727 4.174
59.84134 4.620
59.84541 3.987
59.84948 3.846
59.85354 4.268
59.85761 4.268
59.86168 4.479
59.86575 4.503
59.86982 3.987
59.87389 4.386
59.87796 4.948
59.88202 4.198
59.88609 4.714
59.89016 3.870
59.89423 4.690
59.89830 4.386
59.90237 4.034
59.90644 3.682
59.91050 3.635
59.91457 4.644
59.91864 4.128
59.92271 4.268
59.92678 4.268
59.93085 4.268
59.93491 4.010
59.93898 3.752
59.94305 3.776
59.94712 4.784
59.95119 4.339
59.95526 4.362
59.95933 3.917
59.96339 4.432
59.96746 4.198
59.97153 4.479
59.97560 4.339
59.97967 4.339
59.98374 3.940
59.98781 4.198
59.99187 4.151
59.99594 3.823
60.00001 3.776
60.00408 4.104
60.00815 4.573
60.01222 4.479
60.01628 4.573
60.02035 4.104
60.02442 4.128
60.02849 3.612
60.03256 4.667
60.03663 4.268
60.04070 4.526
60.04476 4.245
60.04883 3.917
60.05290 4.151
60.05697 4.221
60.06104 4.315
60.06511 4.104
60.06917 3.987
60.07324 4.620
60.07731 4.737
60.08138 4.315
60.08545 4.081
60.08952 4.128
60.09359 3.987
60.09765 3.917
60.10172 4.010
60.10579 4.761
60.10986 3.659
60.11393 4.409
60.11800 4.737
60.12207 3.940
60.12613 4.784
60.13020 4.526
60.13427 4.174
60.13834 4.362
60.14241 3.917
60.14648 4.597
60.15054 4.315
60.15461 3.541
60.15868 3.987
60.16275 4.104
60.16682 4.409
60.17089 3.752
60.17496 4.339
60.17902 3.940
60.18309 4.245
60.18716 4.104
60.19123 4.362
60.19530 4.128
60.19937 4.831
60.20344 4.597
60.20750 4.221
60.21157 3.893
60.21564 4.714
60.21971 4.597
60.22378 4.667
60.22785 4.010
60.23191 3.799
60.23598 4.198
60.24005 4.268
60.24412 4.644
60.24819 4.573
60.25226 4.432
60.25633 3.870
60.26039 4.432
60.26446 4.292
60.26853 4.245
60.27260 4.315
60.27667 3.870
60.28074 4.128
60.28480 4.081
60.28887 3.846
60.29294 4.221
60.29701 4.128
60.30108 4.057
60.30515 3.940
60.30922 4.245
60.31328 4.057
60.31735 3.963
60.32142 4.339
60.32549 4.174
60.32956 4.503
60.33363 3.776
60.33770 4.902
60.34176 4.198
60.34583 3.682
60.34990 4.245
60.35397 4.245
60.35804 4.268
60.36211 4.526
60.36617 4.268
60.37024 4.104
60.37431 4.151
60.37838 3.752
60.38245 3.682
60.38652 4.128
60.39059 4.245
60.39465 3.917
60.39872 3.799
60.40279 4.151
60.40686 4.128
60.41093 4.432
60.41500 3.893
60.41907 4.644
60.42313 4.081
60.42720 4.690
60.43127 3.823
60.43534 4.198
60.43941 4.479
60.44348 4.386
60.44754 4.292
60.45161 4.198
60.45568 4.362
60.45975 4.174
60.46382 4.010
60.46789 4.174
60.47196 4.292
60.47602 4.268
60.48009 4.057
60.48416 3.799
60.48823 3.541
60.49230 4.104
60.49637 4.198
60.50043 3.963
60.50450 4.292
60.50857 4.315
60.51264 4.268
60.51671 3.987
60.52078 4.104
60.52485 3.799
60.52891 3.870
60.53298 4.339
60.53705 4.010
60.54112 4.057
60.54519 3.776
60.54926 4.550
60.55333 4.198
60.55739 4.010
60.56146 4.034
60.56553 3.893
60.56960 4.362
60.57367 4.081
60.57774 4.644
60.58180 3.987
60.58587 3.987
60.58994 4.362
60.59401 4.221
60.59808 4.081
60.60215 4.268
60.60622 3.682
60.61028 4.081
60.61435 4.386
60.61842 4.667
60.62249 3.870
60.62656 4.339
60.63063 3.682
60.63469 3.776
60.63876 4.456
60.64283 4.174
60.64690 4.057
60.65097 3.588
60.65504 4.174
60.65911 3.635
60.66317 3.870
60.66724 3.893
60.67131 4.714
60.67538 3.987
60.67945 3.518
60.68352 4.198
60.68759 4.550
60.69165 4.128
60.69572 4.057
60.69979 4.104
60.70386 4.339
60.70793 4.104
60.71200 4.432
60.71606 3.612
60.72013 4.714
60.72420 4.104
60.72827 3.870
60.73234 4.714
60.73641 4.174
60.74048 4.479
60.74454 3.705
60.74861 4.644
60.75268 3.799
60.75675 4.198
60.76082 3.752
60.76489 3.893
60.76896 4.479
60.77302 4.315
60.77709 4.644
60.78116 3.729
60.78523 4.339
60.78930 4.479
60.79337 4.432
60.79743 3.940
60.80150 4.034
60.80557 4.081
60.80964 4.362
60.81371 4.198
60.81778 4.057
60.82185 4.362
60.82591 4.245
60.82998 3.823
60.83405 4.221
60.83812 4.128
60.84219 3.940
60.84626 4.409
60.85032 3.940
60.85439 4.245
60.85846 4.479
60.86253 4.010
60.86660 4.034
60.87067 3.729
60.87474 3.963
60.87880 3.940
60.88287 4.925
60.88694 4.245
60.89101 3.870
60.89508 4.104
60.89915 4.151
60.90322 4.034
60.90728 4.010
60.91135 5.042
60.91542 4.597
60.91949 4.315
60.92356 4.174
60.92763 4.339
60.93169 3.682
60.93576 4.034
60.93983 4.268
60.94390 4.432
60.94797 4.174
60.95204 4.034
60.95611 4.245
60.96017 4.057
60.96424 3.612
60.96831 3.870
60.97238 4.479
60.97645 3.635
60.98052 4.315
60.98459 3.940
60.98865 4.010
60.99272 4.597
60.99679 4.245
61.00086 4.409
61.00493 3.541
61.00900 4.292
61.01306 4.268
61.01713 3.705
61.02120 4.362
61.02527 3.963
61.02934 4.432
61.03341 4.362
61.03748 3.799
61.04154 4.104
61.04561 4.010
61.04968 4.409
61.05375 4.339
61.05782 4.339
61.06189 3.963
61.06595 4.057
61.07002 3.776
61.07409 4.081
61.07816 4.386
61.08223 3.870
61.08630 3.846
61.09037 3.752
61.09443 3.917
61.09850 3.424
61.10257 4.221
61.10664 4.479
61.11071 4.292
61.11478 3.987
61.11885 4.010
61.12291 4.034
61.12698 4.386
61.13105 4.057
61.13512 4.573
61.13919 4.503
61.14326 4.151
61.14732 3.823
61.15139 4.104
61.15546 3.893
61.15953 4.057
61.16360 4.386
61.16767 4.221
61.17174 4.315
61.17580 3.846
61.17987 4.198
61.18394 4.268
61.18801 4.174
61.19208 3.940
61.19615 4.198
61.20022 4.362
61.20428 4.386
61.20835 4.081
61.21242 4.151
61.21649 3.870
61.22056 4.644
61.22463 4.198
61.22869 4.526
61.23276 4.010
61.23683 4.784
61.24090 4.151
61.24497 4.221
61.24904 4.644
61.25311 3.917
61.25717 4.386
61.26124 4.034
61.26531 4.104
61.26938 4.667
61.27345 4.198
61.27752 4.245
61.28158 3.799
61.28565 4.386
61.28972 4.057
61.29379 3.893
61.29786 4.339
61.30193 4.081
61.30600 3.799
61.31006 3.682
61.31413 4.644
61.31820 3.799
61.32227 3.752
61.32634 4.526
61.33041 4.526
61.33448 3.565
61.33854 4.292
61.34261 4.057
61.34668 4.315
61.35075 3.518
61.35482 4.409
61.35889 4.362
61.36295 4.550
61.36702 4.245
61.37109 4.386
61.37516 4.034
61.37923 4.362
61.38330 4.034
61.38737 4.010
61.39143 4.010
61.39550 4.128
61.39957 4.128
61.40364 3.963
61.40771 4.104
61.41178 3.659
61.41585 3.494
61.41991 4.268
61.42398 3.729
61.42805 3.893
61.43212 3.752
61.43619 4.034
61.44026 4.128
61.44432 4.456
61.44839 4.081
61.45246 4.386
61.45653 4.198
61.46060 4.104
61.46467 3.682
61.46874 3.917
61.47280 3.893
61.47687 4.268
61.48094 4.104
61.48501 4.128
61.48908 4.010
61.49315 4.128
61.49721 3.987
61.50128 4.315
61.50535 4.151
61.50942 3.940
61.51349 4.245
61.51756 3.799
61.52163 4.010
61.52569 3.963
61.52976 3.518
61.53383 4.831
61.53790 4.221
61.54197 3.799
61.54604 3.987
61.55011 4.104
61.55417 4.526
61.55824 4.057
61.56231 4.761
61.56638 3.893
61.57045 4.456
61.57452 4.034
61.57858 4.057
61.58265 4.432
61.58672 3.893
61.59079 3.729
61.59486 4.855
61.59893 4.386
61.60300 3.940
61.60706 4.034
61.61113 3.917
61.61520 4.761
61.61927 4.503
61.62334 4.151
61.62741 4.808
61.63147 4.292
61.63554 4.081
61.63961 4.010
61.64368 4.292
61.64775 4.409
61.65182 4.737
61.65589 4.339
61.65995 4.315
61.66402 4.151
61.66809 4.057
61.67216 4.128
61.67623 4.550
61.68030 3.846
61.68437 4.292
61.68843 4.362
61.69250 4.362
61.69657 4.503
61.70064 4.573
61.70471 3.870
61.70878 4.245
61.71284 4.550
61.71691 3.917
61.72098 4.315
61.72505 4.081
61.72912 4.245
61.73319 4.198
61.73726 4.550
61.74132 5.066
61.74539 4.432
61.74946 4.151
61.75353 4.737
61.75760 4.339
61.76167 5.042
61.76574 4.198
61.76980 4.221
61.77387 4.620
61.77794 4.128
61.78201 4.409
61.78608 3.917
61.79015 3.917
61.79421 4.620
61.79828 4.268
61.80235 4.878
61.80642 4.104
61.81049 4.644
61.81456 4.081
61.81863 4.362
61.82269 5.066
61.82676 4.315
61.83083 4.479
61.83490 3.940
61.83897 4.855
61.84304 4.245
61.84710 3.705
61.85117 4.221
61.85524 4.151
61.85931 4.034
61.86338 4.808
61.86745 3.987
61.87152 4.737
61.87558 4.245
61.87965 3.635
61.88372 4.714
61.88779 4.010
61.89186 4.808
61.89593 3.940
61.90000 4.644
61.90406 3.963
61.90813 3.659
61.91220 4.995
61.91627 4.128
61.92034 4.221
61.92441 4.761
61.92847 3.659
61.93254 4.432
61.93661 4.315
61.94068 4.221
61.94475 4.245
61.94882 3.776
61.95289 4.104
61.95695 4.503
61.96102 4.432
61.96509 4.034
61.96916 4.409
61.97323 4.128
61.97730 4.479
61.98137 3.870
61.98543 4.315
61.98950 4.784
61.99357 4.386
61.99764 4.409
62.00171 4.128
62.00578 4.057
62.00984 4.831
62.01391 4.855
62.01798 4.198
62.02205 4.010
62.02612 3.963
62.03019 4.761
62.03426 4.386
62.03832 4.128
62.04239 4.268
62.04646 4.409
62.05053 4.902
62.05460 4.550
62.05867 3.776
62.06273 4.526
62.06680 4.198
62.07087 5.019
62.07494 4.432
62.07901 4.128
62.08308 3.940
62.08715 4.597
62.09121 4.526
62.09528 3.799
62.09935 4.010
62.10342 4.855
62.10749 4.198
62.11156 3.870
62.11563 4.409
62.11969 4.128
62.12376 4.198
62.12783 3.940
62.13190 4.339
62.13597 4.550
62.14004 4.198
62.14410 4.855
62.14817 3.987
62.15224 3.870
62.15631 3.987
62.16038 4.315
62.16445 4.550
62.16852 4.245
62.17258 4.128
62.17665 3.963
62.18072 4.409
62.18479 4.268
62.18886 3.799
62.19293 4.339
62.19700 3.940
62.20106 3.917
62.20513 3.963
62.20920 4.737
62.21327 4.174
62.21734 3.635
62.22141 4.104
62.22547 4.198
62.22954 4.409
62.23361 3.823
62.23768 4.198
62.24175 4.784
62.24582 4.104
62.24989 3.870
62.25395 4.174
62.25802 4.081
62.26209 4.057
62.26616 4.479
62.27023 4.221
62.27430 3.963
62.27836 4.268
62.28243 3.987
62.28650 4.362
62.29057 3.143
62.29464 4.409
62.29871 4.503
62.30278 4.198
62.30684 3.963
62.31091 3.682
62.31498 4.104
62.31905 4.057
62.32312 4.034
62.32719 3.823
62.33126 4.198
62.33532 3.940
62.33939 4.292
62.34346 3.987
62.34753 4.057
62.35160 4.034
62.35567 4.362
62.35973 4.198
62.36380 3.893
62.36787 4.128
62.37194 4.174
62.37601 4.550
62.38008 3.823
62.38415 3.917
62.38821 4.268
62.39228 3.635
62.39635 4.151
62.40042 4.597
62.40449 3.776
62.40856 3.799
62.41262 3.893
62.41669 3.963
62.42076 4.198
62.42483 3.846
62.42890 3.776
62.43297 4.292
62.43704 3.987
62.44110 4.174
62.44517 3.659
62.44924 4.010
62.45331 4.456
62.45738 4.128
62.46145 4.081
62.46552 3.917
62.46958 4.315
62.47365 4.268
62.47772 3.776
62.48179 4.362
62.48586 4.479
62.48993 3.917
62.49399 3.541
62.49806 3.963
62.50213 3.776
62.50620 4.151
62.51027 3.659
62.51434 4.198
62.51841 3.870
62.52247 4.104
62.52654 3.729
62.53061 3.635
62.53468 4.104
62.53875 3.659
62.54282 4.198
62.54689 3.917
62.55095 4.151
62.55502 3.823
62.55909 4.104
62.56316 3.870
62.56723 4.339
62.57130 3.471
62.57536 4.409
62.57943 4.667
62.58350 4.198
62.58757 3.963
62.59164 4.292
62.59571 4.010
62.59978 3.260
62.60384 4.245
62.60791 4.362
62.61198 3.682
62.61605 4.034
62.62012 4.268
62.62419 4.034
62.62825 4.104
62.63232 3.893
62.63639 4.386
62.64046 3.354
62.64453 4.104
62.64860 4.174
62.65267 4.315
62.65673 4.221
62.66080 4.362
62.66487 3.823
62.66894 4.245
62.67301 4.034
62.67708 4.221
62.68115 3.705
62.68521 3.917
62.68928 4.362
62.69335 4.245
62.69742 4.292
62.70149 4.339
62.70556 4.010
62.70962 4.292
62.71369 4.268
62.71776 4.292
62.72183 4.362
62.72590 3.893
62.72997 3.963
62.73404 3.917
62.73810 4.010
62.74217 4.268
62.74624 3.870
62.75031 4.081
62.75438 3.823
62.75845 4.174
62.76252 3.893
62.76658 4.339
62.77065 4.174
62.77472 3.940
62.77879 3.917
62.78286 3.846
62.78693 3.963
62.79099 3.963
62.79506 4.151
62.79913 4.104
62.80320 3.682
62.80727 4.057
62.81134 4.104
62.81541 3.846
62.81947 3.893
62.82354 4.198
62.82761 3.870
62.83168 3.870
62.83575 4.198
62.83982 3.682
62.84388 4.620
62.84795 3.330
62.85202 3.705
62.85609 4.315
62.86016 4.174
62.86423 4.057
62.86830 3.401
62.87236 4.479
62.87643 3.565
62.88050 3.917
62.88457 3.471
62.88864 4.128
62.89271 3.518
62.89678 4.104
62.90084 3.846
62.90491 3.354
62.90898 3.518
62.91305 3.565
62.91712 4.034
62.92119 4.221
62.92525 3.987
62.92932 4.104
62.93339 3.799
62.93746 3.799
62.94153 3.823
62.94560 4.221
62.94967 4.409
62.95373 4.362
62.95780 3.494
62.96187 3.799
62.96594 4.198
62.97001 3.424
62.97408 3.917
62.97815 4.198
62.98221 4.057
62.98628 4.198
62.99035 3.752
62.99442 3.799
62.99849 3.659
63.00256 3.917
63.00662 4.151
63.01069 3.870
63.01476 4.456
63.01883 4.597
63.02290 3.635
63.02697 4.339
63.03104 4.081
63.03510 4.174
63.03917 3.917
63.04324 3.823
63.04731 3.588
63.05138 4.198
63.05545 4.010
63.05951 4.268
63.06358 4.034
63.06765 4.081
63.07172 3.424
63.07579 4.456
63.07986 4.010
63.08393 4.245
63.08799 4.221
63.09206 4.526
63.09613 3.659
63.10020 4.667
63.10427 3.846
63.10834 3.893
63.11241 3.963
63.11647 3.541
63.12054 4.081
63.12461 4.292
63.12868 4.057
63.13275 3.917
63.13682 3.682
63.14088 3.893
63.14495 4.034
63.14902 4.315
63.15309 4.479
63.15716 4.409
63.16123 3.565
63.16530 4.104
63.16936 4.573
63.17343 3.565
63.17750 4.151
63.18157 3.870
63.18564 3.705
63.18971 4.081
63.19377 3.236
63.19784 3.917
63.20191 4.479
63.20598 4.010
63.21005 3.940
63.21412 3.588
63.21819 3.659
63.22225 3.752
63.22632 4.151
63.23039 3.307
63.23446 3.518
63.23853 3.987
63.24260 3.846
63.24667 3.917
63.25073 3.213
63.25480 4.151
63.25887 3.729
63.26294 4.339
63.26701 3.799
63.27108 3.612
63.27514 4.245
63.27921 3.963
63.28328 3.729
63.28735 4.057
63.29142 3.987
63.29549 4.128
63.29956 3.565
63.30362 3.776
63.30769 3.987
63.31176 3.870
63.31583 4.151
63.31990 4.198
63.32397 4.221
63.32804 3.776
63.33210 3.705
63.33617 3.729
63.34024 3.917
63.34431 4.174
63.34838 4.104
63.35245 4.057
63.35651 4.128
63.36058 4.315
63.36465 3.846
63.36872 3.541
63.37279 4.198
63.37686 4.432
63.38093 4.362
63.38499 3.893
63.38906 3.565
63.39313 3.799
63.39720 3.565
63.40127 4.104
63.40534 4.174
63.40940 3.823
63.41347 4.315
63.41754 3.963
63.42161 4.057
63.42568 4.878
63.42975 4.339
63.43382 4.198
63.43788 4.362
63.44195 4.292
63.44602 3.541
63.45009 3.729
63.45416 3.987
63.45823 3.471
63.46230 4.268
63.46636 4.315
63.47043 3.940
63.47450 3.518
63.47857 3.987
63.48264 3.940
63.48671 4.526
63.49077 4.010
63.49484 4.010
63.49891 3.612
63.50298 3.870
63.50705 3.518
63.51112 3.917
63.51519 3.565
63.51925 3.963
63.52332 3.682
63.52739 3.823
63.53146 4.198
63.53553 4.010
63.53960 4.128
63.54367 3.752
63.54773 3.565
63.55180 3.823
63.55587 3.776
63.55994 3.612
63.56401 4.268
63.56808 4.268
63.57214 3.776
63.57621 4.128
63.58028 4.057
63.58435 4.221
63.58842 3.659
63.59249 3.424
63.59656 3.893
63.60062 4.550
63.60469 3.377
63.60876 3.518
63.61283 3.659
63.61690 4.151
63.62097 3.659
63.62503 4.245
63.62910 4.315
63.63317 4.339
63.63724 4.245
63.64131 4.104
63.64538 4.174
63.64945 4.010
63.65351 4.034
63.65758 3.987
63.66165 3.963
63.66572 4.151
63.66979 4.010
63.67386 3.940
63.67793 4.268
63.68199 3.729
63.68606 4.010
63.69013 3.705
63.69420 3.776
63.69827 3.940
63.70234 4.245
63.70640 3.870
63.71047 4.057
63.71454 3.752
63.71861 3.682
63.72268 3.752
63.72675 3.682
63.73082 3.565
63.73488 3.518
63.73895 3.659
63.74302 3.729
63.74709 4.268
63.75116 3.823
63.75523 3.893
63.75930 4.057
63.76336 3.729
63.76743 3.940
63.77150 3.893
63.77557 3.823
63.77964 4.128
63.78371 3.518
63.78777 3.635
63.79184 4.221
63.79591 4.034
63.79998 3.705
63.80405 3.659
63.80812 3.682
63.81219 4.010
63.81625 3.917
63.82032 4.432
63.82439 4.292
63.82846 3.635
63.83253 3.940
63.83660 3.659
63.84066 4.128
63.84473 4.315
63.84880 4.057
63.85287 3.987
63.85694 3.870
63.86101 4.057
63.86508 3.705
63.86914 3.940
63.87321 3.776
63.87728 4.010
63.88135 3.588
63.88542 3.846
63.88949 3.307
63.89356 4.128
63.89762 3.776
63.90169 3.823
63.90576 4.339
63.90983 4.479
63.91390 4.034
63.91797 3.799
63.92203 3.870
63.92610 3.940
63.93017 3.917
63.93424 3.963
63.93831 3.541
63.94238 4.268
63.94645 4.339
63.95051 4.174
63.95458 4.104
63.95865 4.245
63.96272 3.377
63.96679 4.268
63.97086 4.010
63.97492 4.174
63.97899 4.362
63.98306 4.151
63.98713 4.104
63.99120 3.635
63.99527 4.151
63.99934 3.893
64.00340 3.846
64.00747 3.705
64.01154 3.682
64.01561 3.612
64.01968 3.846
64.02375 3.705
64.02782 3.494
64.03188 3.846
64.03595 4.667
64.04002 4.198
64.04409 4.315
64.04816 3.917
64.05223 3.776
64.05629 3.846
64.06036 3.776
64.06443 3.940
64.06850 3.260
64.07257 3.588
64.07664 3.987
64.08071 4.456
64.08477 3.635
64.08884 4.057
64.09291 4.386
64.09698 3.799
64.10105 3.776
64.10512 3.612
64.10919 4.174
64.11325 3.705
64.11732 3.635
64.12139 4.362
64.12546 3.987
64.12953 4.174
64.13360 4.245
64.13766 4.174
64.14173 4.198
64.14580 4.034
64.14987 3.846
64.15394 3.963
64.15801 3.213
64.16208 3.612
64.16614 4.221
64.17021 4.034
64.17428 3.729
64.17835 3.870
64.18242 3.729
64.18649 3.752
64.19055 3.424
64.19462 4.432
64.19869 4.526
64.20276 4.198
64.20683 4.221
64.21090 3.940
64.21497 3.893
64.21903 4.151
64.22310 4.010
64.22717 3.799
64.23124 3.541
64.23531 3.612
64.23938 4.409
64.24345 3.752
64.24751 3.870
64.25158 3.518
64.25565 3.776
64.25972 4.081
64.26379 3.541
64.26786 3.870
64.27192 3.659
64.27599 3.330
64.28006 3.659
64.28413 3.823
64.28820 3.987
64.29227 3.752
64.29634 3.870
64.30040 3.729
64.30447 3.471
64.30854 4.456
64.31261 4.010
64.31668 4.221
64.32075 4.151
64.32482 3.729
64.32888 3.823
64.33295 3.987
64.33702 3.987
64.34109 3.963
64.34516 4.104
64.34923 3.963
64.35329 3.635
64.35736 3.963
64.36143 3.659
64.36550 3.963
64.36957 3.940
64.37364 4.151
64.37771 3.565
64.38177 3.635
64.38584 4.620
64.38991 3.612
64.39398 3.940
64.39805 4.386
64.40212 3.471
64.40618 3.494
64.41025 3.846
64.41432 3.635
64.41839 3.752
64.42246 3.588
64.42653 4.010
64.43060 4.339
64.43466 3.377
64.43873 3.307
64.44280 3.447
64.44687 3.377
64.45094 4.057
64.45501 3.518
64.45908 3.870
64.46314 3.823
64.46721 4.151
64.47128 3.612
64.47535 3.917
64.47942 4.081
64.48349 4.292
64.48755 3.729
64.49162 4.081
64.49569 3.471
64.49976 4.057
64.50383 3.846
64.50790 4.526
64.51197 4.128
64.51603 4.221
64.52010 3.659
64.52417 3.705
64.52824 3.330
64.53231 3.612
64.53638 3.635
64.54045 3.940
64.54451 3.752
64.54858 4.268
64.55265 3.635
64.55672 3.377
64.56079 3.541
64.56486 3.612
64.56892 4.010
64.57299 4.151
64.57706 3.705
64.58113 4.010
64.58520 3.893
64.58927 4.339
64.59334 3.659
64.59740 4.221
64.60147 3.729
64.60554 4.362
64.60961 3.588
64.61368 4.503
64.61775 3.729
64.62181 3.471
64.62588 3.705
64.62995 4.081
64.63402 4.010
64.63809 3.846
64.64216 3.635
64.64623 3.987
64.65029 3.893
64.65436 3.565
64.65843 3.307
64.66250 3.682
64.66657 3.565
64.67064 4.456
64.67471 3.799
64.67877 3.752
64.68284 4.081
64.68691 3.799
64.69098 4.386
64.69505 3.518
64.69912 3.893
64.70318 4.268
64.70725 3.987
64.71132 3.659
64.71539 3.823
64.71946 4.597
64.72353 3.799
64.72760 3.776
64.73166 3.401
64.73573 4.409
64.73980 4.268
64.74387 3.823
64.74794 4.667
64.75201 4.081
64.75608 3.659
64.76014 4.010
64.76421 3.659
64.76828 3.729
64.77235 3.588
64.77642 3.963
64.78049 3.917
64.78455 3.659
64.78862 4.034
64.79269 3.870
64.79676 3.541
64.80083 3.799
64.80490 3.799
64.80897 3.682
64.81303 3.823
64.81710 3.963
64.82117 3.917
64.82524 4.268
64.82931 3.776
64.83338 3.799
64.83744 4.151
64.84151 4.339
64.84558 3.987
64.84965 3.987
64.85372 3.588
64.85779 3.799
64.86186 3.354
64.86592 3.635
64.86999 4.057
64.87406 3.893
64.87813 3.659
64.88220 3.893
64.88627 3.260
64.89034 3.682
64.89440 4.128
64.89847 3.565
64.90254 3.917
64.90661 4.104
64.91068 3.940
64.91475 3.729
64.91881 4.315
64.92288 4.128
64.92695 3.635
64.93102 3.612
64.93509 4.151
64.93916 3.963
64.94323 4.104
64.94729 3.213
64.95136 3.893
64.95543 3.870
64.95950 3.893
64.96357 3.565
64.96764 4.104
64.97170 3.846
64.97577 3.213
64.97984 3.752
64.98391 3.518
64.98798 3.987
64.99205 3.377
64.99612 4.151
65.00018 3.377
65.00425 3.682
65.00832 3.870
65.01239 3.823
65.01646 4.057
65.02053 3.752
65.02460 3.635
65.02866 4.386
65.03273 3.846
65.03680 3.635
65.04087 3.987
65.04494 3.659
65.04901 3.588
65.05307 3.893
65.05714 3.729
65.06121 3.870
65.06528 3.917
65.06935 4.221
65.07342 3.917
65.07749 3.987
65.08155 4.456
65.08562 4.010
65.08969 3.963
65.09376 3.424
65.09783 3.447
65.10190 4.034
65.10597 3.893
65.11003 3.447
65.11410 3.799
65.11817 4.010
65.12224 3.377
65.12631 3.565
65.13038 3.682
65.13444 3.987
65.13851 3.494
65.14258 3.846
65.14665 3.799
65.15072 3.940
65.15479 3.776
65.15886 3.705
65.16292 4.151
65.16699 3.659
65.17106 3.588
65.17513 3.729
65.17920 3.401
65.18327 3.659
65.18733 4.104
65.19140 3.799
65.19547 3.776
65.19954 3.729
65.20361 3.917
65.20768 3.541
65.21175 3.776
65.21581 4.151
65.21988 3.752
65.22395 3.635
65.22802 3.330
65.23209 3.846
65.23616 4.151
65.24023 3.682
65.24429 3.541
65.24836 3.635
65.25243 3.565
65.25650 3.940
65.26057 3.917
65.26464 4.081
65.26870 4.128
65.27277 3.612
65.27684 4.409
65.28091 3.729
65.28498 3.682
65.28905 3.752
65.29312 3.752
65.29718 3.635
65.30125 4.174
65.30532 3.682
65.30939 3.729
65.31346 4.479
65.31753 3.940
65.32160 3.518
65.32566 3.893
65.32973 4.104
65.33380 3.705
65.33787 3.846
65.34194 3.823
65.34601 3.635
65.35007 3.870
65.35414 3.236
65.35821 3.987
65.36228 3.987
65.36635 3.917
65.37042 3.682
65.37449 3.846
65.37855 3.870
65.38262 4.714
65.38669 3.846
65.39076 3.799
65.39483 3.917
65.39890 4.081
65.40296 4.010
65.40703 3.635
65.41110 3.283
65.41517 3.705
65.41924 3.870
65.42331 3.917
65.42738 4.737
65.43144 4.174
65.43551 3.588
65.43958 3.752
65.44365 3.588
65.44772 4.174
65.45179 4.221
65.45586 3.635
65.45992 4.128
65.46399 4.128
65.46806 4.081
65.47213 4.057
65.47620 3.659
65.48027 3.565
65.48433 4.057
65.48840 3.307
65.49247 4.198
65.49654 4.010
65.50061 3.846
65.50468 3.846
65.50875 3.682
65.51281 3.963
65.51688 4.198
65.52095 4.010
65.52502 3.940
65.52909 3.846
65.53316 4.292
65.53723 3.447
65.54129 3.705
65.54536 3.307
65.54943 3.612
65.55350 3.260
65.55757 4.010
65.56164 3.987
65.56570 3.917
65.56977 3.612
65.57384 3.823
65.57791 3.705
65.58198 3.705
65.58605 3.799
65.59012 3.776
65.59418 3.283
65.59825 4.245
65.60232 3.659
65.60639 3.846
65.61046 3.870
65.61453 3.659
65.61859 3.471
65.62266 4.128
65.62673 3.799
65.63080 4.010
65.63487 3.893
65.63894 3.682
65.64301 3.893
65.64707 3.729
65.65114 3.917
65.65521 3.682
65.65928 3.963
65.66335 3.424
65.66742 3.846
65.67149 4.268
65.67555 4.034
65.67962 3.682
65.68369 3.166
65.68776 3.917
65.69183 3.682
65.69590 3.776
65.69996 3.635
65.70403 3.893
65.70810 4.034
65.71217 4.010
65.71624 3.799
65.72031 3.987
65.72438 3.659
65.72844 3.823
65.73251 3.729
65.73658 3.565
65.74065 3.659
65.74472 3.565
65.74879 4.315
65.75285 3.612
65.75692 3.987
65.76099 4.128
65.76506 3.565
65.76913 3.940
65.77320 4.386
65.77727 3.963
65.78133 3.659
65.78540 4.010
65.78947 3.354
65.79354 3.307
65.79761 4.245
65.80168 3.940
65.80575 4.034
65.80981 3.705
65.81388 3.682
65.81795 3.987
65.82202 3.705
65.82609 3.635
65.83016 3.447
65.83422 3.588
65.83829 4.010
65.84236 4.221
65.84643 3.354
65.85050 3.401
65.85457 3.682
65.85864 3.588
65.86270 3.987
65.86677 3.659
65.87084 3.729
65.87491 3.729
65.87898 3.635
65.88305 3.799
65.88712 3.870
65.89118 3.565
65.89525 3.893
65.89932 4.315
65.90339 3.846
65.90746 3.823
65.91153 4.034
65.91559 3.682
65.91966 3.236
65.92373 4.151
65.92780 4.104
65.93187 3.682
65.93594 3.213
65.94001 3.987
65.94407 4.245
65.94814 3.471
65.95221 3.870
65.95628 3.987
65.96035 3.963
65.96442 3.565
65.96848 3.846
65.97255 3.565
65.97662 4.268
65.98069 3.987
65.98476 3.705
65.98883 3.893
65.99290 3.799
65.99696 3.494
66.00103 3.870
66.00510 3.682
66.00917 3.635
66.01324 4.151
66.01731 3.612
66.02138 3.893
66.02544 4.198
66.02951 4.362
66.03358 3.799
66.03765 3.612
66.04172 3.565
66.04579 3.330
66.04985 3.987
66.05392 4.128
66.05799 4.432
66.06206 4.456
66.06613 3.752
66.07020 3.612
66.07427 3.377
66.07833 3.940
66.08240 3.541
66.08647 3.002
66.09054 3.893
66.09461 3.659
66.09868 3.612
66.10275 3.494
66.10681 4.057
66.11088 3.705
66.11495 3.846
66.11902 3.612
66.12309 4.362
66.12716 3.588
66.13122 3.705
66.13529 4.174
66.13936 4.057
66.14343 3.541
66.14750 3.471
66.15157 4.081
66.15564 3.893
66.15970 3.377
66.16377 4.761
66.16784 3.494
66.17191 4.339
66.17598 3.940
66.18005 4.081
66.18411 3.987
66.18818 4.010
66.19225 4.198
66.19632 3.870
66.20039 4.081
66.20446 4.057
66.20853 3.541
66.21259 4.128
66.21666 3.987
66.22073 4.151
66.22480 3.471
66.22887 3.987
66.23294 3.541
66.23701 4.057
66.24107 3.776
66.24514 3.963
66.24921 3.823
66.25328 4.010
66.25735 3.987
66.26142 3.823
66.26548 4.432
66.26955 4.362
66.27362 3.612
66.27769 3.846
66.28176 4.128
66.28583 3.963
66.28990 3.870
66.29396 4.128
66.29803 4.221
66.30210 3.143
66.30617 3.471
66.31024 3.963
66.31431 4.010
66.31838 4.010
66.32244 3.870
66.32651 3.963
66.33058 4.292
66.33465 4.174
66.33872 4.432
66.34279 4.010
66.34685 3.917
66.35092 3.823
66.35499 3.823
66.35906 4.104
66.36313 3.846
66.36720 4.034
66.37127 3.612
66.37533 4.081
66.37940 3.963
66.38347 3.705
66.38754 3.752
66.39161 3.494
66.39568 3.213
66.39974 4.573
66.40381 4.034
66.40788 4.221
66.41195 4.128
66.41602 4.268
66.42009 3.752
66.42416 3.002
66.42822 3.025
66.43229 4.362
66.43636 3.612
66.44043 4.128
66.44450 3.494
66.44857 4.339
66.45264 3.917
66.45670 4.081
66.46077 3.823
66.46484 3.776
66.46891 3.377
66.47298 3.635
66.47705 3.682
66.48111 3.752
66.48518 4.128
66.48925 3.307
66.49332 3.823
66.49739 4.174
66.50146 4.104
66.50553 4.245
66.50959 3.846
66.51366 4.081
66.51773 3.705
66.52180 3.447
66.52587 3.940
66.52994 3.354
66.53400 4.081
66.53807 4.104
66.54214 3.705
66.54621 3.588
66.55028 3.682
66.55435 3.494
66.55842 3.541
66.56248 4.057
66.56655 3.682
66.57062 3.752
66.57469 3.870
66.57876 3.893
66.58283 3.752
66.58690 3.541
66.59096 3.424
66.59503 3.705
66.59910 3.635
66.60317 3.776
66.60724 3.987
66.61131 3.518
66.61537 3.612
66.61944 4.010
66.62351 4.081
66.62758 3.893
66.63165 4.339
66.63572 3.870
66.63979 4.315
66.64385 4.057
66.64792 3.565
66.65199 3.682
66.65606 3.635
66.66013 3.705
66.66420 4.268
66.66827 3.870
66.67233 3.870
66.67640 4.104
66.68047 4.151
66.68454 3.518
66.68861 3.893
66.69268 3.987
66.69674 3.987
66.70081 4.104
66.70488 4.292
66.70895 4.292
66.71302 3.588
66.71709 4.057
66.72116 3.987
66.72522 3.705
66.72929 3.940
66.73336 4.151
66.73743 3.846
66.74150 3.588
66.74557 3.494
66.74963 3.846
66.75370 3.846
66.75777 4.057
66.76184 3.987
66.76591 3.494
66.76998 4.245
66.77405 3.987
66.77811 3.776
66.78218 3.541
66.78625 3.330
66.79032 3.846
66.79439 3.987
66.79846 3.447
66.80253 3.588
66.80659 4.198
66.81066 3.776
66.81473 3.682
66.81880 3.565
66.82287 3.682
66.82694 3.963
66.83100 3.682
66.83507 3.987
66.83914 3.729
66.84321 3.893
66.84728 3.752
66.85135 4.034
66.85542 4.081
66.85948 3.588
66.86355 3.776
66.86762 3.940
66.87169 4.362
66.87576 3.659
66.87983 3.870
66.88390 3.494
66.88796 3.940
66.89203 3.659
66.89610 3.729
66.90017 4.268
66.90424 4.503
66.90831 4.174
66.91237 3.659
66.91644 3.565
66.92051 4.174
66.92458 4.034
66.92865 4.198
66.93272 3.963
66.93679 4.245
66.94085 4.386
66.94492 3.870
66.94899 3.846
66.95306 3.729
66.95713 3.963
66.96120 4.128
66.96526 4.174
66.96933 3.963
66.97340 3.846
66.97747 3.752
66.98154 3.846
66.98561 4.432
66.98968 4.292
66.99374 3.635
66.99781 4.104
67.00188 3.917
67.00595 3.659
67.01002 3.752
67.01409 3.213
67.01816 3.870
67.02222 3.799
67.02629 4.057
67.03036 3.729
67.03443 3.705
67.03850 3.659
67.04257 3.987
67.04663 3.893
67.05070 3.752
67.05477 3.963
67.05884 3.846
67.06291 4.010
67.06698 4.339
67.07105 3.799
67.07511 3.917
67.07918 3.940
67.08325 3.917
67.08732 3.635
67.09139 3.870
67.09546 3.987
67.09953 4.010
67.10359 3.870
67.10766 3.588
67.11173 3.917
67.11580 3.987
67.11987 3.565
67.12394 4.362
67.12800 4.174
67.13207 3.612
67.13614 3.987
67.14021 3.518
67.14428 4.174
67.14835 3.659
67.15242 3.776
67.15648 3.776
67.16055 3.893
67.16462 3.354
67.16869 3.799
67.17276 3.541
67.17683 4.057
67.18089 3.471
67.18496 3.940
67.18903 4.198
67.19310 3.682
67.19717 4.174
67.20124 4.315
67.20531 3.635
67.20937 4.010
67.21344 3.940
67.21751 3.612
67.22158 3.729
67.22565 3.659
67.22972 3.283
67.23379 4.034
67.23785 3.283
67.24192 3.659
67.24599 3.401
67.25006 3.401
67.25413 3.612
67.25820 3.846
67.26226 4.151
67.26633 3.588
67.27040 3.166
67.27447 3.588
67.27854 3.940
67.28261 4.339
67.28668 3.729
67.29074 3.940
67.29481 3.729
67.29888 3.612
67.30295 3.846
67.30702 3.518
67.31109 3.612
67.31515 3.776
67.31922 3.917
67.32329 3.494
67.32736 3.846
67.33143 3.659
67.33550 3.870
67.33957 4.362
67.34363 4.479
67.34770 3.659
67.35177 4.081
67.35584 3.424
67.35991 3.893
67.36398 3.705
67.36805 3.940
67.37211 3.588
67.37618 3.917
67.38025 3.541
67.38432 4.151
67.38839 3.682
67.39246 3.705
67.39652 3.917
67.40059 4.034
67.40466 4.128
67.40873 3.893
67.41280 3.659
67.41687 4.034
67.42094 4.315
67.42500 4.128
67.42907 3.846
67.43314 4.057
67.43721 3.752
67.44128 3.987
67.44535 3.401
67.44942 4.174
67.45348 3.659
67.45755 4.690
67.46162 4.034
67.46569 4.081
67.46976 3.494
67.47383 3.307
67.47789 4.221
67.48196 3.729
67.48603 3.963
67.49010 4.292
67.49417 3.494
67.49824 3.940
67.50231 4.386
67.50637 3.635
67.51044 3.705
67.51451 3.612
67.51858 4.432
67.52265 3.917
67.52672 3.963
67.53078 3.799
67.53485 3.799
67.53892 3.940
67.54299 3.635
67.54706 4.221
67.55113 3.799
67.55520 3.917
67.55926 4.151
67.56333 3.917
67.56740 3.823
67.57147 3.940
67.57554 3.447
67.57961 4.198
67.58368 4.081
67.58774 3.729
67.59181 3.588
67.59588 3.236
67.59995 3.963
67.60402 3.377
67.60809 3.752
67.61215 3.823
67.61622 3.447
67.62029 4.010
67.62436 3.682
67.62843 3.776
67.63250 4.174
67.63657 3.870
67.64063 3.588
67.64470 3.541
67.64877 4.081
67.65284 3.987
67.65691 4.034
67.66098 4.034
67.66505 4.479
67.66911 3.729
67.67318 3.823
67.67725 3.870
67.68132 4.034
67.68539 3.776
67.68946 3.846
67.69352 3.846
67.69759 3.917
67.70166 3.541
67.70573 3.565
67.70980 3.917
67.71387 4.315
67.71794 3.588
67.72200 4.057
67.72607 3.612
67.73014 3.541
67.73421 3.799
67.73828 3.940
67.74235 4.221
67.74641 4.081
67.75048 4.456
67.75455 4.221
67.75862 3.870
67.76269 3.893
67.76676 4.479
67.77083 4.104
67.77489 3.823
67.77896 3.870
67.78303 4.128
67.78710 3.705
67.79117 4.128
67.79524 3.893
67.79931 4.057
67.80337 4.292
67.80744 3.893
67.81151 4.221
67.81558 4.315
67.81965 3.752
67.82372 3.799
67.82778 4.010
67.83185 4.151
67.83592 4.057
67.83999 3.518
67.84406 4.010
67.84813 4.268
67.85220 4.456
67.85626 3.893
67.86033 4.198
67.86440 4.362
67.86847 4.128
67.87254 3.494
67.87661 3.940
67.88068 3.917
67.88474 4.409
67.88881 3.659
67.89288 3.870
67.89695 4.503
67.90102 4.081
67.90509 3.963
67.90915 4.245
67.91322 4.409
67.91729 4.245
67.92136 4.409
67.92543 4.010
67.92950 4.432
67.93357 4.479
67.93763 4.714
67.94170 4.526
67.94577 4.339
67.94984 5.113
67.95391 4.550
67.95798 4.597
67.96204 4.409
67.96611 5.019
67.97018 5.113
67.97425 4.761
67.97832 5.113
67.98239 4.995
67.98646 5.089
67.99052 4.573
67.99459 4.432
67.99866 5.535
68.00273 5.629
68.00680 4.855
68.01087 4.479
68.01494 4.831
68.01900 4.878
68.02307 4.878
68.02714 5.019
68.03121 4.761
68.03528 4.972
68.03935 5.347
68.04341 4.855
68.04748 4.878
68.05155 5.441
68.05562 5.324
68.05969 5.371
68.06376 5.230
68.06783 5.511
68.07189 5.980
68.07596 6.356
68.08003 5.699
68.08410 5.417
68.08817 5.511
68.09224 5.417
68.09631 4.761
68.10037 5.933
68.10444 5.417
68.10851 5.488
68.11258 6.144
68.11665 5.230
68.12072 6.004
68.12478 5.863
68.12885 5.652
68.13292 5.746
68.13699 6.238
68.14106 6.543
68.14513 6.496
68.14920 5.535
68.15326 5.816
68.15733 5.558
68.16140 5.535
68.16547 4.972
68.16954 6.309
68.17361 5.113
68.17767 5.886
68.18174 5.840
68.18581 5.675
68.18988 5.417
68.19395 5.488
68.19802 5.582
68.20209 5.582
68.20615 5.183
68.21022 5.464
68.21429 5.371
68.21836 6.238
68.22243 6.027
68.22650 5.652
68.23057 5.230
68.23463 5.675
68.23870 5.441
68.24277 6.309
68.24684 5.488
68.25091 5.136
68.25498 5.136
68.25904 6.473
68.26311 5.699
68.26718 5.253
68.27125 5.441
68.27532 5.675
68.27939 5.464
68.28346 5.183
68.28752 5.980
68.29159 5.136
68.29566 5.793
68.29973 5.464
68.30380 5.558
68.30787 4.878
68.31193 5.159
68.31600 4.690
68.32007 5.113
68.32414 5.441
68.32821 4.902
68.33228 5.371
68.33635 5.488
68.34041 4.620
68.34448 4.902
68.34855 5.066
68.35262 4.761
68.35669 4.972
68.36076 5.816
68.36483 5.019
68.36889 4.761
68.37296 4.620
68.37703 4.878
68.38110 4.714
68.38517 5.253
68.38924 4.409
68.39330 4.948
68.39737 4.784
68.40144 5.629
68.40551 4.737
68.40958 5.042
68.41365 4.479
68.41772 4.456
68.42178 4.620
68.42585 4.667
68.42992 4.667
68.43399 5.347
68.43806 4.268
68.44213 4.878
68.44620 5.113
68.45026 4.831
68.45433 5.113
68.45840 5.371
68.46247 4.573
68.46654 4.456
68.47061 5.206
68.47467 4.855
68.47874 4.573
68.48281 4.855
68.48688 4.386
68.49095 4.948
68.49502 4.409
68.49909 4.245
68.50315 4.409
68.50722 3.940
68.51129 4.620
68.51536 4.245
68.51943 4.198
68.52350 4.808
68.52756 4.526
68.53163 4.878
68.53570 4.456
68.53977 4.174
68.54384 4.174
68.54791 3.917
68.55198 3.705
68.55604 4.268
68.56011 3.940
68.56418 4.597
68.56825 3.940
68.57232 4.010
68.57639 4.245
68.58046 4.315
68.58452 3.963
68.58859 3.823
68.59266 4.597
68.59673 4.010
68.60080 3.776
68.60487 4.151
68.60893 4.104
68.61300 4.057
68.61707 3.987
68.62114 3.987
68.62521 4.245
68.62928 3.541
68.63335 4.503
68.63741 3.917
68.64148 3.846
68.64555 4.104
68.64962 4.034
68.65369 4.550
68.65776 4.128
68.66183 4.128
68.66589 4.432
68.66996 3.823
68.67403 4.268
68.67810 3.893
68.68217 4.128
68.68624 3.752
68.69030 4.268
68.69437 3.659
68.69844 4.737
68.70251 4.221
68.70658 3.846
68.71065 4.104
68.71472 4.573
68.71878 3.401
68.72285 3.494
68.72692 4.151
68.73099 4.550
68.73506 3.588
68.73913 3.682
68.74319 4.339
68.74726 4.034
68.75133 3.917
68.75540 4.128
68.75947 3.940
68.76354 4.315
68.76761 3.729
68.77167 3.870
68.77574 4.292
68.77981 3.588
68.78388 3.659
68.78795 3.963
68.79202 4.104
68.79609 3.940
68.80015 4.010
68.80422 3.541
68.80829 4.151
68.81236 3.987
68.81643 3.682
68.82050 4.432
68.82456 3.612
68.82863 4.690
68.83270 3.893
68.83677 4.104
68.84084 3.940
68.84491 4.315
68.84898 3.940
68.85304 3.659
68.85711 3.307
68.86118 4.268
68.86525 3.823
68.86932 4.034
68.87339 3.635
68.87746 3.518
68.88152 3.541
68.88559 3.940
68.88966 3.893
68.89373 3.752
68.89780 3.799
68.90187 4.456
68.90593 4.104
68.91000 3.987
68.91407 3.870
68.91814 4.128
68.92221 3.588
68.92628 3.963
68.93035 4.128
68.93441 4.034
68.93848 3.987
68.94255 3.729
68.94662 4.245
68.95069 3.870
68.95476 3.330
68.95882 3.940
68.96289 3.471
68.96696 3.447
68.97103 4.010
68.97510 3.518
68.97917 4.128
68.98324 3.752
68.98730 4.104
68.99137 4.315
68.99544 4.010
68.99951 4.081
69.00358 4.620
69.00765 3.917
69.01172 4.315
69.01578 3.893
69.01985 4.221
69.02392 3.846
69.02799 3.377
69.03206 4.503
69.03613 3.823
69.04019 4.151
69.04426 3.917
69.04833 3.752
69.05240 4.479
69.05647 3.729
69.06054 4.456
69.06461 4.339
69.06867 3.963
69.07274 4.526
69.07681 4.057
69.08088 4.010
69.08495 3.729
69.08902 4.292
69.09308 4.034
69.09715 4.339
69.10122 4.034
69.10529 4.432
69.10936 4.526
69.11343 4.010
69.11750 4.010
69.12156 3.893
69.12563 4.268
69.12970 4.128
69.13377 3.846
69.13784 4.503
69.14191 4.128
69.14598 3.588
69.15004 4.221
69.15411 3.612
69.15818 3.659
69.16225 4.339
69.16632 3.799
69.17039 3.893
69.17445 4.268
69.17852 3.565
69.18259 4.503
69.18666 4.151
69.19073 4.104
69.19480 3.565
69.19887 4.667
69.20293 4.292
69.20700 4.174
69.21107 4.010
69.21514 4.409
69.21921 4.151
69.22328 3.963
69.22735 3.893
69.23141 4.292
69.23548 4.104
69.23955 4.268
69.24362 4.855
69.24769 4.174
69.25176 4.268
69.25582 4.479
69.25989 4.972
69.26396 4.573
69.26803 4.386
69.27210 4.597
69.27617 4.268
69.28024 4.644
69.28430 4.761
69.28837 4.550
69.29244 4.221
69.29651 5.417
69.30058 4.174
69.30465 4.784
69.30871 5.089
69.31278 4.855
69.31685 5.019
69.32092 4.761
69.32499 5.230
69.32906 4.878
69.33313 4.339
69.33719 4.644
69.34126 4.034
69.34533 4.010
69.34940 4.573
69.35347 4.268
69.35754 4.339
69.36161 4.221
69.36567 4.292
69.36974 3.893
69.37381 4.034
69.37788 3.987
69.38195 4.198
69.38602 4.315
69.39008 4.057
69.39415 3.963
69.39822 3.447
69.40229 3.893
69.40636 3.870
69.41043 3.963
69.41450 4.174
69.41856 3.776
69.42263 4.386
69.42670 4.292
69.43077 3.987
69.43484 4.245
69.43891 4.620
69.44298 4.034
69.44704 3.799
69.45111 3.799
69.45518 4.432
69.45925 4.010
69.46332 4.784
69.46739 4.620
69.47145 4.292
69.47552 4.057
69.47959 4.104
69.48366 3.494
69.48773 4.432
69.49180 4.081
69.49587 4.432
69.49993 4.386
69.50400 3.987
69.50807 4.034
69.51214 4.221
69.51621 4.362
69.52028 4.386
69.52434 3.823
69.52841 4.198
69.53248 3.612
69.53655 4.362
69.54062 4.409
69.54469 4.198
69.54876 3.682
69.55282 4.339
69.55689 4.245
69.56096 4.339
69.56503 3.447
69.56910 4.010
69.57317 4.268
69.57724 3.917
69.58130 4.034
69.58537 3.799
69.58944 4.292
69.59351 3.870
69.59758 3.963
69.60165 4.128
69.60571 3.752
69.60978 3.870
69.61385 3.705
69.61792 4.386
69.62199 3.776
69.62606 4.503
69.63013 3.729
69.63419 3.682
69.63826 4.221
69.64233 3.776
69.64640 3.424
69.65047 3.659
69.65454 3.846
69.65861 3.612
69.66267 4.198
69.66674 3.963
69.67081 3.635
69.67488 3.963
69.67895 4.034
69.68302 3.635
69.68708 4.198
69.69115 4.057
69.69522 3.846
69.69929 3.588
69.70336 3.659
69.70743 3.940
69.71150 4.057
69.71556 3.705
69.71963 3.588
69.72370 3.494
69.72777 3.260
69.73184 3.729
69.73591 3.893
69.73997 3.635
69.74404 3.917
69.74811 3.635
69.75218 3.682
69.75625 3.893
69.76032 3.424
69.76439 3.987
69.76845 3.424
69.77252 3.893
69.77659 4.010
69.78066 3.940
69.78473 4.104
69.78880 4.268
69.79287 4.057
69.79693 4.081
69.80100 3.776
69.80507 3.518
69.80914 4.010
69.81321 3.447
69.81728 3.776
69.82134 3.940
69.82541 3.987
69.82948 3.541
69.83355 3.659
69.83762 3.752
69.84169 3.049
69.84576 3.893
69.84982 3.588
69.85389 3.612
69.85796 3.447
69.86203 3.401
69.86610 4.034
69.87017 3.752
69.87423 3.776
69.87830 3.776
69.88237 3.682
69.88644 3.940
69.89051 3.612
69.89458 3.518
69.89865 3.377
69.90271 4.034
69.90678 3.823
69.91085 3.588
69.91492 3.494
69.91899 3.541
69.92306 3.776
69.92713 3.471
69.93119 3.752
69.93526 3.424
69.93933 3.893
69.94340 3.705
69.94747 3.870
69.95154 3.025
69.95560 4.174
69.95967 3.424
69.96374 3.870
69.96781 3.776
69.97188 3.705
69.97595 3.166
69.98002 3.002
69.98408 3.659
69.98815 4.104
69.99222 3.635
69.99629 3.518
70.00036 3.705
70.00443 3.189
70.00850 4.010
70.01256 3.307
70.01663 3.471
70.02070 3.424
70.02477 4.057
70.02884 4.245
70.03291 3.236
70.03697 4.104
70.04104 3.471
70.04511 3.588
70.04918 3.635
70.05325 3.494
70.05732 3.823
70.06139 3.705
70.06545 2.814
70.06952 3.987
70.07359 3.729
70.07766 3.987
70.08173 3.963
70.08580 3.260
70.08986 3.893
70.09393 3.401
70.09800 2.932
70.10207 3.307
70.10614 3.494
70.11021 3.682
70.11428 3.682
70.11834 3.776
70.12241 3.447
70.12648 3.729
70.13055 3.729
70.13462 3.447
70.13869 3.752
70.14276 3.494
70.14682 3.659
70.15089 3.870
70.15496 4.104
70.15903 3.635
70.16310 3.541
70.16717 3.471
70.17123 4.174
70.17530 4.034
70.17937 3.401
70.18344 3.776
70.18751 3.940
70.19158 4.128
70.19565 4.362
70.19971 4.221
70.20378 3.729
70.20785 4.198
70.21192 3.799
70.21599 3.635
70.22006 3.541
70.22413 3.260
70.22819 3.799
70.23226 3.049
70.23633 3.776
70.24040 3.541
70.24447 3.588
70.24854 3.494
70.25260 3.471
70.25667 3.940
70.26074 3.494
70.26481 3.541
70.26888 3.729
70.27295 3.260
70.27702 3.377
70.28108 3.752
70.28515 3.870
70.28922 4.221
70.29329 3.729
70.29736 3.705
70.30143 3.447
70.30549 3.987
70.30956 3.987
70.31363 3.612
70.31770 3.119
70.32177 3.682
70.32584 3.893
70.32991 3.799
70.33397 3.518
70.33804 3.236
70.34211 3.494
70.34618 3.283
70.35025 3.119
70.35432 3.659
70.35839 4.174
70.36245 3.659
70.36652 3.588
70.37059 3.987
70.37466 4.034
70.37873 3.963
70.38280 3.471
70.38686 3.330
70.39093 3.283
70.39500 3.330
70.39907 3.447
70.40314 3.447
70.40721 3.917
70.41128 3.447
70.41534 4.104
70.41941 4.128
70.42348 4.174
70.42755 3.823
70.43162 3.612
70.43569 3.963
70.43976 3.635
70.44382 3.283
70.44789 3.471
70.45196 3.823
70.45603 3.776
70.46010 3.635
70.46417 3.917
70.46823 3.635
70.47230 3.494
70.47637 3.940
70.48044 3.635
70.48451 3.705
70.48858 3.213
70.49265 4.081
70.49671 3.940
70.50078 3.307
70.50485 3.236
70.50892 3.987
70.51299 3.189
70.51706 3.494
70.52112 3.189
70.52519 3.729
70.52926 3.565
70.53333 3.870
70.53740 3.166
70.54147 4.174
70.54554 3.612
70.54960 3.870
70.55367 3.541
70.55774 3.729
70.56181 3.823
70.56588 3.494
70.56995 3.213
70.57402 4.128
70.57808 3.494
70.58215 3.424
70.58622 4.034
70.59029 3.588
70.59436 3.682
70.59843 3.776
70.60249 3.635
70.60656 3.987
70.61063 3.377
70.61470 3.588
70.61877 3.752
70.62284 3.612
70.62691 3.823
70.63097 3.940
70.63504 3.119
70.63911 3.893
70.64318 3.799
70.64725 3.612
70.65132 3.729
70.65539 3.705
70.65945 3.987
70.66352 3.330
70.66759 3.565
70.67166 3.401
70.67573 3.424
70.67980 3.494
70.68386 3.354
70.68793 3.940
70.69200 3.401
70.69607 3.025
70.70014 3.213
70.70421 3.846
70.70828 3.260
70.71234 3.799
70.71641 3.940
70.72048 3.870
70.72455 3.870
70.72862 3.682
70.73269 3.963
70.73675 2.978
70.74082 4.010
70.74489 3.401
70.74896 3.659
70.75303 3.588
70.75710 3.236
70.76117 3.776
70.76523 3.682
70.76930 4.010
70.77337 3.541
70.77744 3.917
70.78151 3.893
70.78558 3.565
70.78965 3.799
70.79371 3.729
70.79778 3.588
70.80185 3.518
70.80592 3.612
70.80999 3.776
70.81406 3.987
70.81812 3.823
70.82219 3.705
70.82626 3.682
70.83033 3.659
70.83440 3.799
70.83847 3.823
70.84254 3.541
70.84660 3.377
70.85067 3.799
70.85474 3.330
70.85881 3.401
70.86288 3.518
70.86695 2.978
70.87101 3.471
70.87508 3.799
70.87915 3.401
70.88322 3.752
70.88729 3.213
70.89136 4.057
70.89543 3.447
70.89949 3.307
70.90356 3.870
70.90763 3.682
70.91170 3.565
70.91577 3.283
70.91984 3.705
70.92391 3.612
70.92797 3.143
70.93204 3.401
70.93611 3.612
70.94018 3.776
70.94425 3.518
70.94832 3.447
70.95238 3.705
70.95645 4.221
70.96052 3.565
70.96459 3.635
70.96866 3.541
70.97273 3.354
70.97680 3.494
70.98086 3.494
70.98493 3.189
70.98900 3.682
70.99307 3.447
70.99714 3.471
71.00121 3.307
71.00528 3.987
71.00934 3.776
71.01341 3.729
71.01748 3.307
71.02155 4.010
71.02562 3.729
71.02969 3.447
71.03375 3.236
71.03782 3.659
71.04189 2.955
71.04596 3.635
71.05003 3.963
71.05410 3.354
71.05817 3.401
71.06223 3.236
71.06630 3.846
71.07037 3.752
71.07444 3.541
71.07851 3.729
71.08258 3.870
71.08664 3.541
71.09071 4.198
71.09478 4.057
71.09885 3.823
71.10292 3.471
71.10699 3.471
71.11106 3.283
71.11512 3.377
71.11919 3.518
71.12326 4.081
71.12733 3.588
71.13140 3.401
71.13547 3.518
71.13954 3.049
71.14360 3.541
71.14767 3.682
71.15174 3.917
71.15581 3.377
71.15988 3.752
71.16395 3.705
71.16801 4.010
71.17208 3.541
71.17615 3.307
71.18022 4.128
71.18429 3.494
71.18836 3.588
71.19243 3.893
71.19649 3.494
71.20056 3.377
71.20463 3.752
71.20870 3.166
71.21277 3.987
71.21684 3.283
71.22091 3.588
71.22497 3.354
71.22904 4.174
71.23311 3.917
71.23718 3.447
71.24125 3.823
71.24532 3.682
71.24938 3.705
71.25345 3.635
71.25752 3.705
71.26159 3.119
71.26566 3.283
71.26973 3.541
71.27380 3.893
71.27786 4.128
71.28193 3.283
71.28600 3.659
71.29007 3.940
71.29414 3.541
71.29821 3.494
71.30227 3.189
71.30634 3.612
71.31041 3.096
71.31448 3.729
71.31855 3.659
71.32262 3.447
71.32669 3.846
71.33075 4.268
71.33482 2.861
71.33889 3.987
71.34296 4.010
71.34703 3.870
71.35110 3.659
71.35517 3.494
71.35923 3.588
71.36330 3.330
71.36737 3.729
71.37144 3.377
71.37551 3.307
71.37958 3.635
71.38364 3.823
71.38771 3.987
71.39178 3.846
71.39585 3.729
71.39992 3.893
71.40399 3.096
71.40806 3.776
71.41212 3.471
71.41619 3.823
71.42026 3.283
71.42433 3.447
71.42840 3.119
71.43247 3.963
71.43654 3.776
71.44060 3.963
71.44467 3.776
71.44874 3.565
71.45281 3.823
71.45688 3.518
71.46095 3.659
71.46501 3.494
71.46908 3.940
71.47315 3.330
71.47722 3.072
71.48129 4.081
71.48536 3.635
71.48943 4.151
71.49349 3.729
71.49756 3.354
71.50163 4.034
71.50570 3.870
71.50977 3.917
71.51384 3.682
71.51790 3.143
71.52197 3.377
71.52604 3.447
71.53011 3.401
71.53418 3.401
71.53825 3.963
71.54232 3.635
71.54638 3.846
71.55045 3.447
71.55452 3.541
71.55859 4.128
71.56266 3.659
71.56673 3.588
71.57080 3.260
71.57486 3.541
71.57893 3.354
71.58300 3.940
71.58707 4.010
71.59114 3.776
71.59521 3.166
71.59927 3.447
71.60334 3.682
71.60741 3.307
71.61148 3.635
71.61555 3.917
71.61962 3.541
71.62369 3.823
71.62775 3.729
71.63182 3.776
71.63589 3.612
71.63996 3.823
71.64403 3.705
71.64810 3.705
71.65216 4.081
71.65623 3.096
71.66030 3.612
71.66437 3.588
71.66844 3.518
71.67251 3.354
71.67658 3.705
71.68064 3.752
71.68471 3.565
71.68878 3.541
71.69285 3.963
71.69692 3.705
71.70099 3.354
71.70506 3.705
71.70912 3.588
71.71319 3.307
71.71726 4.010
71.72133 3.541
71.72540 3.588
71.72947 4.151
71.73353 3.424
71.73760 3.494
71.74167 3.635
71.74574 3.846
71.74981 3.752
71.75388 3.494
71.75795 3.330
71.76201 3.471
71.76608 4.010
71.77015 3.236
71.77422 4.081
71.77829 3.987
71.78236 3.776
71.78643 3.705
71.79049 3.752
71.79456 3.377
71.79863 3.846
71.80270 3.447
71.80677 3.705
71.81084 3.471
71.81490 3.471
71.81897 3.494
71.82304 3.494
71.82711 3.377
71.83118 3.823
71.83525 3.635
71.83932 3.987
71.84338 3.635
71.84745 3.870
71.85152 3.447
71.85559 3.987
71.85966 4.057
71.86373 3.424
71.86779 3.776
71.87186 3.401
71.87593 3.659
71.88000 3.729
71.88407 3.377
71.88814 3.776
71.89221 2.908
71.89627 3.166
71.90034 3.377
71.90441 3.705
71.90848 3.447
71.91255 3.565
71.91662 3.752
71.92069 4.339
71.92475 3.424
71.92882 3.330
71.93289 3.447
71.93696 3.424
71.94103 3.752
71.94510 3.330
71.94916 3.143
71.95323 3.307
71.95730 3.565
71.96137 4.010
71.96544 3.307
71.96951 3.236
71.97358 3.494
71.97764 3.682
71.98171 3.588
71.98578 3.612
71.98985 3.659
71.99392 3.705
71.99799 3.307
72.00206 3.729
72.00612 3.447
72.01019 3.588
72.01426 3.940
72.01833 3.401
72.02240 3.752
72.02647 3.471
72.03053 3.471
72.03460 3.447
72.03867 3.799
72.04274 3.846
72.04681 3.330
72.05088 3.870
72.05495 3.166
72.05901 3.635
72.06308 3.682
72.06715 3.002
72.07122 3.752
72.07529 3.635
72.07936 3.401
72.08342 3.236
72.08749 3.752
72.09156 3.705
72.09563 3.494
72.09970 3.729
72.10377 3.518
72.10784 3.377
72.11190 3.354
72.11597 3.189
72.12004 3.494
72.12411 3.283
72.12818 3.354
72.13225 3.354
72.13632 3.401
72.14038 3.541
72.14445 3.752
72.14852 3.659
72.15259 3.940
72.15666 3.377
72.16073 3.565
72.16479 3.823
72.16886 3.471
72.17293 4.432
72.17700 3.447
72.18107 3.635
72.18514 3.471
72.18921 3.659
72.19327 3.846
72.19734 4.151
72.20141 2.767
72.20548 3.447
72.20955 3.659
72.21362 3.213
72.21769 3.635
72.22175 3.893
72.22582 4.010
72.22989 3.377
72.23396 4.057
72.23803 3.635
72.24210 3.635
72.24616 3.893
72.25023 3.283
72.25430 3.494
72.25837 3.166
72.26244 3.541
72.26651 3.307
72.27058 3.846
72.27464 3.635
72.27871 3.213
72.28278 3.635
72.28685 3.424
72.29092 3.377
72.29499 3.401
72.29905 3.354
72.30312 3.494
72.30719 3.002
72.31126 3.518
72.31533 3.494
72.31940 3.189
72.32347 3.166
72.32753 3.752
72.33160 3.682
72.33567 3.987
72.33974 3.330
72.34381 3.541
72.34788 3.518
72.35195 2.955
72.35601 3.565
72.36008 3.377
72.36415 3.541
72.36822 3.189
72.37229 3.588
72.37636 3.447
72.38042 3.917
72.38449 3.565
72.38856 3.541
72.39263 3.471
72.39670 3.963
72.40077 3.447
72.40484 3.189
72.40890 3.330
72.41297 3.119
72.41704 3.776
72.42111 3.213
72.42518 3.166
72.42925 3.588
72.43331 3.424
72.43738 3.846
72.44145 3.447
72.44552 3.049
72.44959 3.729
72.45366 3.377
72.45773 4.104
72.46179 3.471
72.46586 3.917
72.46993 3.612
72.47400 3.471
72.47807 3.565
72.48214 3.049
72.48621 3.143
72.49027 3.987
72.49434 3.354
72.49841 3.518
72.50248 3.330
72.50655 3.823
72.51062 3.635
72.51468 3.494
72.51875 3.729
72.52282 3.377
72.52689 3.354
72.53096 3.729
72.53503 3.377
72.53910 3.987
72.54316 3.401
72.54723 3.330
72.55130 3.917
72.55537 3.612
72.55944 4.034
72.56351 3.565
72.56758 3.424
72.57164 3.401
72.57571 3.799
72.57978 3.705
72.58385 3.424
72.58792 3.776
72.59199 3.893
72.59605 3.588
72.60012 3.424
72.60419 3.494
72.60826 3.752
72.61233 3.659
72.61640 3.752
72.62047 3.025
72.62453 3.471
72.62860 3.401
72.63267 3.330
72.63674 3.143
72.64081 3.893
72.64488 3.354
72.64894 3.588
72.65301 3.354
72.65708 3.377
72.66115 3.518
72.66522 3.283
72.66929 3.870
72.67336 3.471
72.67742 3.377
72.68149 3.682
72.68556 3.846
72.68963 3.494
72.69370 3.049
72.69777 3.119
72.70184 3.330
72.70590 3.471
72.70997 3.612
72.71404 3.799
72.71811 3.354
72.72218 3.354
72.72625 3.424
72.73031 3.494
72.73438 3.541
72.73845 3.705
72.74252 3.072
72.74659 3.518
72.75066 3.752
72.75473 3.729
72.75879 3.729
72.76286 3.541
72.76693 3.494
72.77100 3.447
72.77507 3.870
72.77914 3.682
72.78321 4.081
72.78727 3.588
72.79134 3.119
72.79541 3.729
72.79948 3.682
72.80355 3.635
72.80762 3.917
72.81168 3.799
72.81575 3.471
72.81982 4.010
72.82389 3.612
72.82796 3.940
72.83203 3.659
72.83610 3.823
72.84016 3.471
72.84423 3.846
72.84830 3.119
72.85237 3.987
72.85644 4.057
72.86051 3.776
72.86457 3.494
72.86864 3.471
72.87271 3.330
72.87678 3.846
72.88085 3.236
72.88492 3.659
72.88899 3.377
72.89305 3.682
72.89712 3.635
72.90119 3.424
72.90526 3.987
72.90933 3.096
72.91340 3.049
72.91747 3.823
72.92153 3.307
72.92560 3.752
72.92967 3.565
72.93374 3.870
72.93781 3.447
72.94188 3.541
72.94594 3.119
72.95001 3.401
72.95408 3.612
72.95815 3.705
72.96222 3.541
72.96629 3.307
72.97036 3.236
72.97442 2.838
72.97849 3.283
72.98256 3.166
72.98663 3.612
72.99070 3.565
72.99477 3.471
72.99884 3.377
73.00290 3.330
73.00697 3.330
73.01104 4.010
73.01511 3.893
73.01918 3.682
73.02325 4.057
73.02731 3.893
73.03138 3.541
73.03545 3.541
73.03952 3.846
73.04359 3.447
73.04766 3.471
73.05173 3.705
73.05579 3.494
73.05986 3.705
73.06393 3.612
73.06800 3.471
73.07207 3.260
73.07614 3.846
73.08020 3.799
73.08427 3.635
73.08834 3.729
73.09241 3.705
73.09648 3.752
73.10055 3.283
73.10462 4.128
73.10868 3.424
73.11275 4.057
73.11682 4.034
73.12089 3.659
73.12496 3.917
73.12903 3.659
73.13310 3.635
73.13716 3.635
73.14123 3.166
73.14530 3.565
73.14937 3.588
73.15344 3.283
73.15751 3.588
73.16157 3.541
73.16564 3.494
73.16971 3.119
73.17378 3.377
73.17785 3.541
73.18192 3.494
73.18599 3.846
73.19005 4.034
73.19412 3.307
73.19819 3.401
73.20226 3.729
73.20633 4.151
73.21040 3.846
73.21446 3.518
73.21853 3.635
73.22260 3.963
73.22667 3.518
73.23074 3.377
73.23481 3.893
73.23888 3.612
73.24294 3.541
73.24701 3.424
73.25108 3.752
73.25515 3.354
73.25922 3.588
73.26329 3.752
73.26736 3.471
73.27142 3.705
73.27549 3.424
73.27956 3.518
73.28363 3.471
73.28770 3.518
73.29177 3.541
73.29583 3.213
73.29990 3.236
73.30397 3.682
73.30804 3.917
73.31211 3.682
73.31618 3.283
73.32025 3.705
73.32431 3.963
73.32838 3.330
73.33245 3.659
73.33652 3.870
73.34059 4.104
73.34466 4.010
73.34873 3.354
73.35279 3.893
73.35686 3.682
73.36093 4.151
73.36500 3.987
73.36907 3.917
73.37314 3.987
73.37720 3.307
73.38127 3.635
73.38534 3.729
73.38941 3.917
73.39348 3.354
73.39755 3.963
73.40162 3.025
73.40568 3.682
73.40975 3.424
73.41382 3.682
73.41789 3.119
73.42196 3.424
73.42603 3.447
73.43009 3.424
73.43416 3.729
73.43823 3.307
73.44230 3.752
73.44637 4.315
73.45044 3.518
73.45451 3.870
73.45857 3.401
73.46264 3.682
73.46671 3.494
73.47078 3.447
73.47485 4.198
73.47892 3.635
73.48299 4.104
73.48705 3.283
73.49112 3.823
73.49519 3.471
73.49926 3.565
73.50333 4.081
73.50740 4.010
73.51146 3.049
73.51553 3.096
73.51960 3.049
73.52367 3.799
73.52774 3.541
73.53181 3.002
73.53588 3.963
73.53994 2.861
73.54401 3.447
73.54808 3.049
73.55215 3.565
73.55622 3.635
73.56029 3.518
73.56436 3.447
73.56842 3.283
73.57249 3.424
73.57656 3.518
73.58063 2.885
73.58470 3.752
73.58877 3.752
73.59283 4.010
73.59690 3.330
73.60097 3.776
73.60504 3.283
73.60911 3.236
73.61318 3.236
73.61725 3.588
73.62131 3.049
73.62538 3.729
73.62945 3.705
73.63352 4.081
73.63759 3.823
73.64166 3.682
73.64572 3.166
73.64979 3.870
73.65386 3.424
73.65793 3.705
73.66200 3.494
73.66607 3.494
73.67014 3.893
73.67420 3.635
73.67827 3.447
73.68234 3.659
73.68641 3.494
73.69048 3.565
73.69455 3.705
73.69862 3.682
73.70268 3.659
73.70675 3.494
73.71082 3.799
73.71489 3.705
73.71896 3.447
73.72303 3.401
73.72709 3.917
73.73116 3.494
73.73523 3.917
73.73930 3.330
73.74337 3.963
73.74744 4.010
73.75151 3.401
73.75557 3.776
73.75964 3.494
73.76371 4.010
73.76778 3.682
73.77185 3.471
73.77592 3.541
73.77999 4.292
73.78405 3.893
73.78812 3.565
73.79219 4.128
73.79626 3.776
73.80033 3.189
73.80440 3.870
73.80846 3.963
73.81253 3.682
73.81660 3.963
73.82067 3.659
73.82474 3.354
73.82881 3.588
73.83288 3.424
73.83694 3.893
73.84101 3.917
73.84508 4.081
73.84915 3.447
73.85322 3.166
73.85729 3.799
73.86135 4.104
73.86542 3.354
73.86949 3.799
73.87356 3.987
73.87763 3.705
73.88170 4.081
73.88577 3.424
73.88983 3.143
73.89390 3.940
73.89797 4.292
73.90204 3.659
73.90611 3.635
73.91018 3.987
73.91425 3.518
73.91831 4.174
73.92238 4.315
73.92645 3.705
73.93052 3.823
73.93459 3.682
73.93866 3.189
73.94272 3.307
73.94679 3.635
73.95086 3.494
73.95493 3.870
73.95900 3.729
73.96307 3.987
73.96714 3.917
73.97120 3.659
73.97527 3.541
73.97934 3.682
73.98341 3.776
73.98748 3.940
73.99155 3.705
73.99562 3.799
73.99968 3.471
74.00375 3.987
74.00782 4.151
74.01189 4.221
74.01596 3.565
74.02003 3.330
74.02409 3.565
74.02816 3.307
74.03223 3.471
74.03630 3.565
74.04037 3.799
74.04444 3.705
74.04851 3.870
74.05257 3.870
74.05664 3.447
74.06071 4.456
74.06478 3.917
74.06885 3.729
74.07292 3.565
74.07698 4.081
74.08105 3.682
74.08512 3.424
74.08919 3.870
74.09326 3.213
74.09733 3.659
74.10140 3.682
74.10546 3.799
74.10953 3.846
74.11360 3.776
74.11767 3.823
74.12174 3.659
74.12581 3.612
74.12988 3.846
74.13394 4.104
74.13801 3.260
74.14208 3.659
74.14615 3.940
74.15022 3.635
74.15429 3.682
74.15835 2.744
74.16242 4.268
74.16649 3.659
74.17056 3.799
74.17463 3.917
74.17870 3.659
74.18277 3.705
74.18683 3.846
74.19090 3.752
74.19497 3.799
74.19904 3.893
74.20311 3.494
74.20718 3.752
74.21124 3.799
74.21531 3.541
74.21938 4.034
74.22345 3.447
74.22752 3.705
74.23159 3.424
74.23566 3.471
74.23972 4.151
74.24379 4.362
74.24786 3.776
74.25193 3.752
74.25600 4.292
74.26007 3.447
74.26414 3.963
74.26820 3.846
74.27227 3.846
74.27634 3.729
74.28041 3.518
74.28448 3.213
74.28855 3.705
74.29261 4.034
74.29668 3.963
74.30075 3.565
74.30482 3.494
74.30889 3.870
74.31296 3.729
74.31703 3.612
74.32109 4.151
74.32516 3.401
74.32923 3.752
74.33330 3.612
74.33737 3.494
74.34144 3.963
74.34551 3.588
74.34957 3.494
74.35364 3.659
74.35771 3.494
74.36178 3.752
74.36585 3.705
74.36992 3.541
74.37398 2.978
74.37805 4.221
74.38212 4.057
74.38619 3.541
74.39026 3.752
74.39433 3.870
74.39840 3.307
74.40246 3.752
74.40653 4.081
74.41060 3.705
74.41467 3.588
74.41874 3.917
74.42281 3.893
74.42687 3.354
74.43094 3.987
74.43501 3.729
74.43908 3.588
74.44315 3.963
74.44722 3.893
74.45129 3.494
74.45535 3.518
74.45942 4.057
74.46349 3.260
74.46756 3.588
74.47163 3.776
74.47570 3.612
74.47977 3.612
74.48383 3.776
74.48790 3.377
74.49197 3.940
74.49604 3.635
74.50011 3.729
74.50418 3.471
74.50824 3.893
74.51231 3.424
74.51638 3.565
74.52045 3.541
74.52452 3.166
74.52859 3.705
74.53266 3.447
74.53672 3.166
74.54079 4.010
74.54486 3.518
74.54893 3.401
74.55300 3.612
74.55707 3.823
74.56114 3.659
74.56520 3.682
74.56927 3.330
74.57334 3.377
74.57741 3.752
74.58148 3.330
74.58555 3.494
74.58961 3.799
74.59368 3.635
74.59775 3.424
74.60182 3.776
74.60589 3.682
74.60996 3.659
74.61403 3.260
74.61809 3.776
74.62216 3.612
74.62623 4.221
74.63030 3.401
74.63437 3.471
74.63844 4.128
74.64250 3.447
74.64657 4.081
74.65064 3.565
74.65471 4.104
74.65878 3.401
74.66285 3.729
74.66692 4.362
74.67098 3.846
74.67505 3.659
74.67912 3.330
74.68319 3.776
74.68726 2.955
74.69133 3.307
74.69540 3.846
74.69946 3.565
74.70353 3.846
74.70760 3.330
74.71167 3.963
74.71574 3.917
74.71981 4.081
74.72387 3.330
74.72794 3.823
74.73201 3.823
74.73608 4.010
74.74015 4.010
74.74422 4.151
74.74829 3.682
74.75235 3.682
74.75642 3.799
74.76049 4.620
74.76456 3.541
74.76863 3.846
74.77270 4.292
74.77677 3.565
74.78083 3.893
74.78490 3.565
74.78897 4.292
74.79304 3.705
74.79711 3.893
74.80118 4.104
74.80524 4.104
74.80931 4.034
74.81338 4.057
74.81745 3.588
74.82152 3.307
74.82559 4.174
74.82966 4.268
74.83372 3.494
74.83779 3.635
74.84186 3.705
74.84593 4.268
74.85000 3.752
74.85407 3.940
74.85813 4.526
74.86220 4.268
74.86627 4.479
74.87034 4.362
74.87441 4.526
74.87848 4.104
74.88255 4.081
74.88661 3.752
74.89068 4.597
74.89475 4.128
74.89882 4.456
74.90289 3.752
74.90696 3.987
74.91103 4.104
74.91509 4.128
74.91916 4.151
74.92323 4.221
74.92730 4.620
74.93137 4.198
74.93544 4.690
74.93950 3.870
74.94357 3.823
74.94764 4.268
74.95171 3.963
74.95578 4.432
74.95985 4.221
74.96392 4.620
74.96798 4.808
74.97205 4.784
74.97612 4.245
74.98019 4.292
74.98426 4.245
74.98833 4.503
74.99239 4.386
74.99646 4.784
75.00053 5.113
75.00460 5.159
75.00867 5.042
75.01274 4.878
75.01681 4.456
75.02087 4.550
75.02494 4.972
75.02901 4.667
75.03308 4.245
75.03715 4.550
75.04122 4.995
75.04529 4.878
75.04935 5.746
75.05342 5.605
75.05749 5.840
75.06156 4.526
75.06563 5.206
75.06970 4.714
75.07376 5.347
75.07783 5.230
75.08190 6.191
75.08597 5.910
75.09004 6.238
75.09411 5.324
75.09818 5.816
75.10224 5.629
75.10631 5.441
75.11038 6.965
75.11445 6.262
75.11852 5.910
75.12259 6.215
75.12666 5.910
75.13072 6.285
75.13479 5.957
75.13886 6.191
75.14293 6.309
75.14700 6.496
75.15107 6.496
75.15513 5.582
75.15920 6.027
75.16327 7.481
75.16734 5.793
75.17141 6.684
75.17548 6.684
75.17955 6.731
75.18361 6.871
75.18768 6.614
75.19175 6.332
75.19582 7.012
75.19989 7.552
75.20396 6.825
75.20802 6.660
75.21209 6.426
75.21616 7.387
75.22023 7.036
75.22430 7.598
75.22837 7.622
75.23244 7.083
75.23650 6.168
75.24057 7.481
75.24464 7.833
75.24871 7.247
75.25278 7.833
75.25685 6.567
75.26092 7.786
75.26498 7.341
75.26905 7.411
75.27312 6.942
75.27719 7.223
75.28126 7.739
75.28533 7.505
75.28939 7.692
75.29346 8.255
75.29753 8.185
75.30160 6.965
75.30567 8.279
75.30974 7.880
75.31381 7.739
75.31787 7.669
75.32194 7.575
75.32601 7.856
75.33008 7.974
75.33415 7.669
75.33822 8.091
75.34229 7.552
75.34635 7.903
75.35042 7.294
75.35449 8.021
75.35856 7.481
75.36263 8.044
75.36670 7.153
75.37076 8.068
75.37483 7.364
75.37890 7.434
75.38297 7.786
75.38704 7.552
75.39111 7.763
75.39518 6.965
75.39924 7.294
75.40331 6.637
75.40738 7.528
75.41145 6.895
75.41552 7.364
75.41959 6.848
75.42365 6.871
75.42772 7.294
75.43179 6.965
75.43586 7.364
75.43993 7.481
75.44400 6.707
75.44807 7.364
75.45213 6.660
75.45620 6.449
75.46027 6.660
75.46434 6.731
75.46841 6.191
75.47248 6.778
75.47655 6.965
75.48061 6.520
75.48468 6.168
75.48875 6.191
75.49282 6.121
75.49689 6.379
75.50096 6.707
75.50502 7.387
75.50909 6.918
75.51316 6.027
75.51723 6.473
75.52130 6.168
75.52537 6.238
75.52944 5.840
75.53350 5.722
75.53757 6.965
75.54164 6.520
75.54571 6.426
75.54978 5.769
75.55385 6.449
75.55792 5.910
75.56198 5.605
75.56605 5.558
75.57012 5.441
75.57419 5.629
75.57826 5.746
75.58233 4.972
75.58639 6.379
75.59046 5.464
75.59453 5.300
75.59860 5.511
75.60267 4.690
75.60674 5.840
75.61081 5.324
75.61487 6.098
75.61894 5.605
75.62301 5.230
75.62708 5.324
75.63115 4.784
75.63522 5.629
75.63928 4.972
75.64335 6.004
75.64742 5.042
75.65149 5.019
75.65556 4.714
75.65963 5.230
75.66370 5.206
75.66776 4.948
75.67183 5.417
75.67590 5.371
75.67997 4.878
75.68404 4.174
75.68811 4.948
75.69218 5.629
75.69624 4.597
75.70031 4.902
75.70438 4.644
75.70845 4.878
75.71252 4.690
75.71659 4.737
75.72065 4.831
75.72472 5.089
75.72879 4.667
75.73286 4.503
75.73693 4.198
75.74100 4.386
75.74507 3.893
75.74913 4.620
75.75320 4.245
75.75727 4.198
75.76134 5.089
75.76541 5.019
75.76948 4.925
75.77354 4.503
75.77761 5.159
75.78168 4.409
75.78575 4.268
75.78982 4.573
75.79389 4.925
75.79796 4.198
75.80202 3.846
75.80609 4.315
75.81016 4.432
75.81423 4.081
75.81830 4.479
75.82237 4.057
75.82644 3.823
75.83050 3.518
75.83457 3.776
75.83864 4.292
75.84271 4.432
75.84678 3.963
75.85085 4.808
75.85491 3.987
75.85898 3.823
75.86305 4.362
75.86712 4.268
75.87119 4.503
75.87526 4.174
75.87933 3.846
75.88339 4.573
75.88746 4.174
75.89153 4.128
75.89560 4.714
75.89967 3.729
75.90374 4.057
75.90781 3.799
75.91187 4.386
75.91594 3.635
75.92001 3.776
75.92408 4.221
75.92815 3.752
75.93222 3.963
75.93628 4.315
75.94035 4.526
75.94442 4.409
75.94849 4.151
75.95256 3.799
75.95663 4.245
75.96070 4.128
75.96476 4.128
75.96883 4.010
75.97290 3.987
75.97697 3.401
75.98104 4.010
75.98511 3.893
75.98917 3.870
75.99324 3.917
75.99731 3.823
76.00138 4.104
76.00545 3.659
76.00952 4.010
76.01359 4.221
76.01765 4.010
76.02172 4.174
76.02579 3.635
76.02986 3.283
76.03393 3.823
76.03800 3.987
76.04207 3.823
76.04613 4.034
76.05020 4.128
76.05427 3.823
76.05834 4.034
76.06241 4.104
76.06648 3.893
76.07054 3.799
76.07461 4.128
76.07868 3.893
76.08275 3.799
76.08682 3.307
76.09089 3.823
76.09496 3.494
76.09902 3.752
76.10309 3.588
76.10716 4.221
76.11123 3.963
76.11530 3.588
76.11937 4.057
76.12344 3.846
76.12750 3.377
76.13157 3.893
76.13564 3.870
76.13971 3.729
76.14378 4.315
76.14785 3.471
76.15191 3.447
76.15598 3.401
76.16005 3.682
76.16412 3.283
76.16819 4.386
76.17226 3.987
76.17633 4.104
76.18039 3.846
76.18446 4.034
76.18853 4.198
76.19260 3.846
76.19667 3.893
76.20074 3.354
76.20480 4.245
76.20887 4.151
76.21294 3.823
76.21701 3.541
76.22108 3.471
76.22515 4.292
76.22922 4.034
76.23328 3.635
76.23735 3.565
76.24142 3.377
76.24549 3.893
76.24956 3.635
76.25363 3.870
76.25770 3.260
76.26176 3.705
76.26583 4.104
76.26990 3.752
76.27397 4.292
76.27804 3.612
76.28211 3.776
76.28617 3.659
76.29024 3.682
76.29431 3.893
76.29838 3.846
76.30245 3.447
76.30652 3.588
76.31059 3.870
76.31465 3.612
76.31872 3.987
76.32279 3.752
76.32686 3.870
76.33093 3.401
76.33500 3.893
76.33907 3.705
76.34313 3.893
76.34720 3.424
76.35127 3.917
76.35534 3.119
76.35941 3.236
76.36348 4.034
76.36754 4.081
76.37161 3.870
76.37568 3.330
76.37975 3.893
76.38382 3.518
76.38789 3.963
76.39196 3.799
76.39602 3.893
76.40009 3.705
76.40416 3.659
76.40823 3.541
76.41230 3.471
76.41637 3.588
76.42043 3.518
76.42450 3.776
76.42857 3.565
76.43264 3.447
76.43671 3.565
76.44078 3.752
76.44485 3.917
76.44891 4.081
76.45298 3.987
76.45705 3.893
76.46112 4.221
76.46519 3.729
76.46926 3.752
76.47333 3.494
76.47739 4.010
76.48146 4.174
76.48553 3.940
76.48960 4.034
76.49367 3.940
76.49774 4.174
76.50180 3.307
76.50587 4.174
76.50994 3.705
76.51401 3.963
76.51808 4.456
76.52215 4.878
76.52622 4.268
76.53028 4.526
76.53435 4.151
76.53842 4.573
76.54249 4.784
76.54656 4.667
76.55063 4.339
76.55469 4.644
76.55876 4.714
76.56283 4.902
76.56690 4.128
76.57097 4.667
76.57504 4.878
76.57911 4.268
76.58317 4.644
76.58724 4.503
76.59131 5.042
76.59538 4.620
76.59945 5.300
76.60352 4.878
76.60759 4.667
76.61165 4.667
76.61572 4.315
76.61979 4.831
76.62386 4.620
76.62793 4.128
76.63200 4.479
76.63606 4.198
76.64013 4.620
76.64420 4.339
76.64827 4.479
76.65234 4.386
76.65641 4.010
76.66048 4.081
76.66454 3.823
76.66861 3.565
76.67268 3.846
76.67675 3.776
76.68082 4.245
76.68489 4.010
76.68896 3.588
76.69302 3.236
76.69709 3.776
76.70116 4.174
76.70523 3.893
76.70930 3.917
76.71337 4.010
76.71743 3.659
76.72150 4.104
76.72557 3.330
76.72964 3.987
76.73371 4.104
76.73778 4.597
76.74185 4.362
76.74591 3.776
76.74998 4.057
76.75405 3.893
76.75812 4.221
76.76219 4.526
76.76626 4.479
76.77032 3.260
76.77439 3.987
76.77846 3.963
76.78253 4.432
76.78660 4.456
76.79067 4.245
76.79474 3.846
76.79880 4.432
76.80287 4.010
76.80694 4.245
76.81101 3.729
76.81508 3.940
76.81915 4.057
76.82322 3.823
76.82728 3.940
76.83135 3.963
76.83542 4.479
76.83949 3.799
76.84356 4.245
76.84763 3.893
76.85169 3.752
76.85576 3.682
76.85983 3.823
76.86390 4.315
76.86797 3.682
76.87204 4.456
76.87611 4.104
76.88017 3.682
76.88424 4.151
76.88831 3.940
76.89238 3.377
76.89645 3.893
76.90052 4.573
76.90459 3.752
76.90865 4.221
76.91272 4.010
76.91679 4.198
76.92086 3.447
76.92493 3.541
76.92900 3.823
76.93306 3.447
76.93713 3.659
76.94120 3.870
76.94527 3.682
76.94934 3.518
76.95341 3.776
76.95748 4.010
76.96154 3.846
76.96561 3.612
76.96968 3.940
76.97375 3.612
76.97782 2.955
76.98189 3.823
76.98595 3.471
76.99002 3.635
76.99409 3.541
76.99816 3.705
77.00223 3.752
77.00630 3.588
77.01037 3.893
77.01443 3.635
77.01850 3.940
77.02257 3.635
77.02664 3.846
77.03071 4.315
77.03478 3.705
77.03885 3.846
77.04291 3.963
77.04698 3.987
77.05105 3.870
77.05512 3.659
77.05919 4.057
77.06326 3.213
77.06732 3.776
77.07139 3.330
77.07546 3.401
77.07953 3.612
77.08360 3.776
77.08767 3.917
77.09174 4.151
77.09580 3.541
77.09987 3.963
77.10394 4.057
77.10801 3.846
77.11208 3.494
77.11615 3.963
77.12022 3.635
77.12428 4.057
77.12835 3.682
77.13242 3.846
77.13649 3.588
77.14056 3.846
77.14463 3.659
77.14869 3.401
77.15276 3.471
77.15683 4.081
77.16090 4.573
77.16497 4.221
77.16904 3.659
77.17311 4.081
77.17717 3.870
77.18124 3.940
77.18531 3.917
77.18938 3.752
77.19345 3.729
77.19752 4.550
77.20158 3.494
77.20565 4.010
77.20972 3.682
77.21379 4.268
77.21786 4.362
77.22193 3.776
77.22600 4.128
77.23006 4.292
77.23413 3.447
77.23820 4.057
77.24227 4.104
77.24634 4.292
77.25041 3.236
77.25448 3.823
77.25854 3.682
77.26261 3.705
77.26668 4.198
77.27075 4.128
77.27482 4.245
77.27889 4.104
77.28295 4.057
77.28702 3.940
77.29109 4.081
77.29516 3.987
77.29923 4.104
77.30330 4.034
77.30737 4.362
77.31143 4.081
77.31550 4.198
77.31957 3.917
77.32364 4.690
77.32771 4.151
77.33178 4.432
77.33585 4.667
77.33991 3.776
77.34398 4.362
77.34805 4.409
77.35212 4.479
77.35619 4.855
77.36026 4.714
77.36432 4.550
77.36839 4.925
77.37246 5.159
77.37653 5.324
77.38060 4.268
77.38467 4.526
77.38874 5.136
77.39280 5.253
77.39687 4.714
77.40094 5.558
77.40501 4.925
77.40908 4.550
77.41315 5.746
77.41721 4.667
77.42128 4.737
77.42535 5.113
77.42942 4.878
77.43349 4.503
77.43756 5.793
77.44163 5.417
77.44569 5.629
77.44976 5.464
77.45383 5.066
77.45790 4.714
77.46197 5.441
77.46604 5.277
77.47011 5.159
77.47417 6.074
77.47824 5.629
77.48231 5.042
77.48638 4.972
77.49045 5.371
77.49452 5.371
77.49858 5.089
77.50265 5.582
77.50672 5.699
77.51079 5.699
77.51486 5.933
77.51893 4.878
77.52300 5.910
77.52706 6.707
77.53113 5.933
77.53520 6.543
77.53927 6.144
77.54334 6.285
77.54741 6.262
77.55147 6.356
77.55554 6.379
77.55961 6.215
77.56368 5.582
77.56775 6.332
77.57182 6.332
77.57589 5.769
77.57995 6.074
77.58402 6.590
77.58809 6.309
77.59216 6.449
77.59623 6.449
77.60030 6.520
77.60437 6.379
77.60843 6.567
77.61250 6.379
77.61657 6.144
77.62064 6.004
77.62471 6.496
77.62878 6.168
77.63284 6.778
77.63691 6.098
77.64098 6.074
77.64505 6.684
77.64912 6.520
77.65319 5.722
77.65726 6.285
77.66132 6.660
77.66539 5.816
77.66946 6.449
77.67353 6.449
77.67760 6.332
77.68167 7.270
77.68574 5.980
77.68980 6.074
77.69387 6.637
77.69794 5.652
77.70201 6.543
77.70608 6.778
77.71015 6.496
77.71421 5.933
77.71828 5.675
77.72235 6.402
77.72642 6.356
77.73049 6.191
77.73456 5.886
77.73863 5.863
77.74269 6.402
77.74676 5.464
77.75083 6.426
77.75490 5.980
77.75897 5.863
77.76304 5.863
77.76710 5.886
77.77117 5.840
77.77524 5.417
77.77931 6.144
77.78338 5.816
77.78745 5.394
77.79152 6.191
77.79558 5.347
77.79965 6.098
77.80372 5.417
77.80779 5.417
77.81186 5.699
77.81593 5.840
77.82000 5.886
77.82406 5.605
77.82813 5.488
77.83220 5.793
77.83627 5.113
77.84034 5.417
77.84441 5.019
77.84847 5.183
77.85254 5.863
77.85661 4.597
77.86068 4.878
77.86475 5.113
77.86882 4.995
77.87289 5.206
77.87695 5.957
77.88102 4.737
77.88509 4.667
77.88916 5.886
77.89323 5.206
77.89730 5.371
77.90137 4.667
77.90543 5.019
77.90950 4.855
77.91357 4.948
77.91764 4.761
77.92171 4.550
77.92578 4.386
77.92984 4.339
77.93391 4.831
77.93798 5.183
77.94205 4.644
77.94612 4.479
77.95019 4.362
77.95426 4.972
77.95832 5.042
77.96239 4.174
77.96646 4.174
77.97053 4.620
77.97460 4.128
77.97867 4.526
77.98273 4.198
77.98680 4.503
77.99087 4.808
77.99494 4.409
77.99901 4.925
78.00308 4.198
78.00715 4.409
78.01121 4.690
78.01528 4.573
78.01935 4.057
78.02342 4.268
78.02749 3.917
78.03156 3.823
78.03563 4.034
78.03969 4.315
78.04376 4.737
78.04783 4.292
78.05190 4.034
78.05597 4.925
78.06004 3.893
78.06410 3.940
78.06817 3.940
78.07224 4.034
78.07631 4.409
78.08038 3.565
78.08445 3.682
78.08852 4.339
78.09258 4.104
78.09665 4.010
78.10072 4.221
78.10479 3.870
78.10886 4.128
78.11293 3.776
78.11700 3.893
78.12106 3.776
78.12513 4.386
78.12920 3.940
78.13327 3.987
78.13734 4.128
78.14141 3.752
78.14547 4.081
78.14954 4.339
78.15361 3.963
78.15768 3.776
78.16175 3.963
78.16582 3.752
78.16989 3.823
78.17395 3.987
78.17802 3.705
78.18209 4.339
78.18616 3.987
78.19023 3.494
78.19430 3.823
78.19836 3.705
78.20243 3.471
78.20650 3.682
78.21057 4.010
78.21464 3.729
78.21871 4.198
78.22278 4.409
78.22684 4.010
78.23091 3.659
78.23498 4.339
78.23905 4.128
78.24312 3.494
78.24719 4.034
78.25126 3.799
78.25532 4.057
78.25939 3.518
78.26346 3.776
78.26753 3.729
78.27160 3.987
78.27567 3.963
78.27973 3.541
78.28380 4.268
78.28787 4.151
78.29194 3.870
78.29601 4.174
78.30008 3.307
78.30415 3.729
78.30821 3.846
78.31228 3.823
78.31635 4.174
78.32042 3.283
78.32449 3.846
78.32856 4.081
78.33262 3.870
78.33669 3.752
78.34076 3.189
78.34483 3.823
78.34890 3.729
78.35297 3.893
78.35704 3.612
78.36110 3.635
78.36517 3.541
78.36924 3.752
78.37331 4.409
78.37738 4.174
78.38145 4.034
78.38552 3.471
78.38958 3.565
78.39365 3.870
78.39772 3.963
78.40179 3.893
78.40586 3.330
78.40993 3.776
78.41399 3.283
78.41806 3.494
78.42213 3.846
78.42620 4.128
78.43027 3.635
78.43434 3.823
78.43841 3.799
78.44247 3.917
78.44654 3.471
78.45061 3.213
78.45468 3.635
78.45875 3.424
78.46282 3.447
78.46689 3.752
78.47095 3.659
78.47502 3.659
78.47909 4.221
78.48316 3.236
78.48723 3.307
78.49130 3.940
78.49536 3.659
78.49943 3.330
78.50350 3.659
78.50757 3.635
78.51164 4.128
78.51571 3.518
78.51978 3.541
78.52384 4.174
78.52791 3.612
78.53198 3.424
78.53605 3.283
78.54012 3.518
78.54419 3.354
78.54825 3.963
78.55232 4.057
78.55639 3.236
78.56046 3.260
78.56453 3.354
78.56860 3.799
78.57267 3.283
78.57673 3.846
78.58080 3.119
78.58487 3.893
78.58894 3.963
78.59301 3.377
78.59708 4.034
78.60115 3.213
78.60521 3.917
78.60928 3.612
78.61335 3.424
78.61742 3.236
78.62149 3.518
78.62556 3.799
78.62962 3.330
78.63369 3.612
78.63776 3.377
78.64183 3.424
78.64590 4.081
78.64997 3.963
78.65404 3.307
78.65810 3.471
78.66217 3.401
78.66624 3.518
78.67031 3.401
78.67438 3.612
78.67845 3.307
78.68252 4.010
78.68658 3.354
78.69065 3.823
78.69472 2.978
78.69879 3.659
78.70286 3.143
78.70693 3.049
78.71099 3.518
78.71506 3.236
78.71913 4.221
78.72320 4.174
78.72727 2.932
78.73134 3.494
78.73541 3.494
78.73947 3.987
78.74354 3.659
78.74761 3.846
78.75168 3.447
78.75575 3.846
78.75982 3.236
78.76388 3.682
78.76795 3.987
78.77202 3.588
78.77609 3.307
78.78016 3.776
78.78423 3.213
78.78830 3.917
78.79236 3.705
78.79643 3.635
78.80050 3.940
78.80457 3.494
78.80864 4.221
78.81271 3.471
78.81678 4.104
78.82084 3.307
78.82491 3.565
78.82898 4.128
78.83305 3.963
78.83712 3.752
78.84119 3.705
78.84525 3.752
78.84932 3.471
78.85339 3.776
78.85746 3.963
78.86153 3.870
78.86560 3.752
78.86967 3.940
78.87373 3.846
78.87780 3.776
78.88187 3.612
78.88594 4.057
78.89001 3.283
78.89408 4.198
78.89815 4.221
78.90221 4.057
78.90628 3.987
78.91035 4.268
78.91442 4.456
78.91849 3.799
78.92256 4.526
78.92662 3.893
78.93069 4.057
78.93476 4.221
78.93883 4.386
78.94290 4.221
78.94697 3.870
78.95104 4.292
78.95510 4.198
78.95917 4.034
78.96324 4.550
78.96731 3.799
78.97138 4.690
78.97545 3.588
78.97951 4.690
78.98358 4.362
78.98765 3.917
78.99172 4.057
78.99579 4.245
78.99986 3.729
79.00393 4.245
79.00799 4.292
79.01206 4.151
79.01613 4.409
79.02020 4.245
79.02427 3.705
79.02834 4.151
79.03241 3.729
79.03647 3.494
79.04054 3.963
79.04461 3.729
79.04868 3.377
79.05275 4.057
79.05682 3.846
79.06088 4.057
79.06495 4.128
79.06902 3.471
79.07309 3.799
79.07716 3.893
79.08123 4.057
79.08530 3.893
79.08936 3.963
79.09343 3.612
79.09750 3.659
79.10157 3.354
79.10564 3.588
79.10971 3.494
79.11377 3.096
79.11784 3.870
79.12191 3.471
79.12598 3.377
79.13005 3.635
79.13412 3.518
79.13819 3.846
79.14225 3.635
79.14632 3.917
79.15039 3.729
79.15446 3.682
79.15853 4.010
79.16260 4.057
79.16667 4.151
79.17073 3.870
79.17480 4.151
79.17887 4.034
79.18294 3.682
79.18701 3.917
79.19108 3.870
79.19514 3.494
79.19921 4.315
79.20328 3.565
79.20735 3.565
79.21142 4.034
79.21549 4.174
79.21956 3.776
79.22362 3.635
79.22769 3.682
79.23176 3.424
79.23583 3.893
79.23990 4.128
79.24397 3.588
79.24804 3.541
79.25210 3.635
79.25617 3.729
79.26024 3.963
79.26431 3.917
79.26838 3.682
79.27245 3.401
79.27651 3.494
79.28058 2.932
79.28465 3.940
79.28872 3.166
79.29279 3.518
79.29686 3.143
79.30093 3.729
79.30499 3.189
79.30906 3.307
79.31313 3.354
79.31720 3.565
79.32127 3.401
79.32534 2.697
79.32940 3.588
79.33347 3.518
79.33754 3.659
79.34161 3.471
79.34568 3.635
79.34975 3.330
79.35382 3.565
79.35788 4.034
79.36195 3.799
79.36602 3.447
79.37009 3.471
79.37416 3.213
79.37823 3.307
79.38230 3.752
79.38636 3.752
79.39043 3.987
79.39450 3.119
79.39857 3.565
79.40264 3.518
79.40671 3.166
79.41077 3.424
79.41484 3.096
79.41891 3.752
79.42298 4.010
79.42705 3.565
79.43112 3.213
79.43519 3.189
79.43925 3.354
79.44332 3.236
79.44739 3.612
79.45146 3.260
79.45553 3.471
79.45960 3.518
79.46367 3.330
79.46773 3.025
79.47180 3.588
79.47587 3.541
79.47994 3.049
79.48401 3.213
79.48808 3.494
79.49214 3.143
79.49621 3.213
79.50028 3.752
79.50435 3.635
79.50842 3.260
79.51249 3.049
79.51656 3.612
79.52062 3.189
79.52469 3.307
79.52876 3.166
79.53283 3.330
79.53690 3.471
79.54097 3.143
79.54503 3.401
79.54910 3.354
79.55317 3.330
79.55724 3.260
79.56131 3.377
79.56538 3.870
79.56945 3.705
79.57351 3.565
79.57758 2.908
79.58165 3.424
79.58572 3.189
79.58979 3.283
79.59386 3.823
79.59793 3.682
79.60199 2.932
79.60606 3.260
79.61013 3.471
79.61420 3.236
79.61827 3.565
79.62234 3.189
79.62640 2.955
79.63047 3.260
79.63454 3.471
79.63861 3.588
79.64268 3.494
79.64675 3.588
79.65082 3.612
79.65488 3.588
79.65895 3.236
79.66302 3.307
79.66709 3.330
79.67116 3.518
79.67523 3.119
79.67930 2.978
79.68336 3.541
79.68743 3.049
79.69150 3.354
79.69557 3.823
79.69964 3.213
79.70371 3.307
79.70777 3.377
79.71184 3.635
79.71591 3.330
79.71998 3.823
79.72405 3.002
79.72812 3.612
79.73219 3.189
79.73625 3.143
79.74032 2.908
79.74439 3.682
79.74846 3.236
79.75253 4.268
79.75660 3.143
79.76066 3.799
79.76473 3.213
79.76880 3.729
79.77287 3.494
79.77694 2.955
79.78101 3.166
79.78508 3.612
79.78914 3.330
79.79321 3.049
79.79728 3.119
79.80135 3.401
79.80542 3.494
79.80949 3.447
79.81356 3.494
79.81762 3.471
79.82169 3.213
79.82576 3.283
79.82983 2.814
79.83390 3.143
79.83797 3.049
79.84203 3.541
79.84610 3.236
79.85017 3.354
79.85424 3.518
79.85831 3.307
79.86238 2.861
79.86645 3.354
79.87051 3.705
79.87458 3.565
79.87865 3.518
79.88272 3.682
79.88679 3.588
79.89086 3.471
79.89493 3.823
79.89899 3.401
79.90306 3.119
79.90713 3.424
79.91120 3.189
79.91527 3.002
79.91934 2.955
79.92340 3.682
79.92747 3.330
79.93154 3.119
79.93561 3.213
79.93968 3.236
79.94375 3.588
79.94782 4.034
79.95188 3.752
79.95595 3.189
79.96002 3.260
79.96409 3.588
79.96816 3.049
79.97223 3.447
79.97629 3.518
79.98036 3.072
79.98443 4.104
79.98850 3.565
79.99257 3.189
79.99664 3.330
80.00071 3.260
80.00477 3.307
80.00884 3.025
80.01291 3.565
80.01698 2.978
80.02105 3.260
80.02512 3.236
80.02919 3.260
80.03325 3.025
80.03732 3.541
80.04139 3.705
80.04546 2.978
80.04953 3.072
80.05360 4.362
80.05766 3.213
80.06173 3.213
80.06580 3.330
80.06987 3.236
80.07394 3.541
80.07801 3.307
80.08208 3.635
80.08614 2.978
80.09021 3.377
80.09428 3.143
80.09835 3.025
80.10242 3.236
80.10649 3.213
80.11055 3.166
80.11462 3.307
80.11869 2.978
80.12276 3.612
80.12683 3.307
80.13090 3.518
80.13497 3.659
80.13903 3.565
80.14310 3.471
80.14717 3.682
80.15124 3.283
80.15531 3.166
80.15938 3.401
80.16345 3.260
80.16751 3.283
80.17158 3.354
80.17565 3.307
80.17972 3.049
80.18379 2.908
80.18786 3.471
80.19192 3.307
80.19599 3.588
80.20006 3.143
80.20413 3.330
80.20820 3.330
80.21227 3.518
80.21634 3.049
80.22040 3.846
80.22447 3.283
80.22854 3.236
80.23261 3.283
80.23668 2.861
80.24075 3.471
80.24482 3.236
80.24888 3.494
80.25295 3.166
80.25702 2.908
80.26109 3.330
80.26516 3.096
80.26923 3.705
80.27329 2.908
80.27736 3.213
80.28143 3.283
80.28550 3.424
80.28957 3.799
80.29364 3.213
80.29771 3.049
80.30177 3.283
80.30584 3.541
80.30991 3.612
80.31398 3.072
80.31805 2.791
80.32212 3.236
80.32618 3.424
80.33025 3.635
80.33432 3.752
80.33839 3.330
80.34246 3.283
80.34653 3.377
80.35060 3.635
80.35466 3.189
80.35873 3.612
80.36280 3.166
80.36687 3.260
80.37094 3.659
80.37501 3.401
80.37908 3.025
80.38314 2.955
80.38721 2.978
80.39128 3.119
80.39535 3.354
80.39942 3.799
80.40349 3.612
80.40755 3.588
80.41162 3.565
80.41569 3.119
80.41976 3.283
80.42383 3.025
80.42790 3.518
80.43197 2.978
80.43603 3.002
80.44010 3.236
80.44417 3.143
80.44824 3.729
80.45231 3.823
80.45638 3.119
80.46045 3.002
80.46451 3.729
80.46858 3.354
80.47265 3.424
80.47672 3.588
80.48079 3.307
80.48486 3.401
80.48892 3.424
80.49299 3.049
80.49706 3.565
80.50113 3.072
80.50520 3.471
80.50927 3.307
80.51334 3.283
80.51740 4.034
80.52147 3.166
80.52554 3.236
80.52961 3.401
80.53368 3.612
80.53775 3.213
80.54181 3.471
80.54588 3.049
80.54995 3.096
80.55402 3.541
80.55809 3.635
80.56216 3.283
80.56623 3.354
80.57029 3.189
80.57436 3.565
80.57843 3.424
80.58250 3.588
80.58657 3.260
80.59064 3.588
80.59471 3.799
80.59877 3.213
80.60284 3.940
80.60691 4.057
80.61098 3.705
80.61505 3.401
80.61912 3.002
80.62318 3.612
80.62725 2.978
80.63132 3.424
80.63539 3.166
80.63946 3.447
80.64353 3.940
80.64760 3.236
80.65166 3.823
80.65573 3.659
80.65980 3.494
80.66387 3.283
80.66794 3.143
80.67201 3.283
80.67608 3.518
80.68014 3.143
80.68421 3.541
80.68828 3.705
80.69235 3.659
80.69642 3.447
80.70049 3.096
80.70455 3.096
80.70862 3.236
80.71269 3.424
80.71676 3.635
80.72083 2.885
80.72490 3.447
80.72897 3.330
80.73303 3.143
80.73710 3.447
80.74117 3.471
80.74524 3.799
80.74931 3.518
80.75338 3.494
80.75744 3.330
80.76151 3.166
80.76558 3.096
80.76965 3.401
80.77372 3.025
80.77779 3.213
80.78186 3.447
80.78592 3.612
80.78999 3.307
80.79406 3.705
80.79813 3.049
80.80220 3.729
80.80627 3.447
80.81034 3.002
80.81440 3.588
80.81847 3.377
80.82254 3.377
80.82661 3.377
80.83068 3.541
80.83475 4.034
80.83881 3.541
80.84288 3.682
80.84695 3.799
80.85102 3.377
80.85509 3.377
80.85916 3.377
80.86323 3.354
80.86729 3.213
80.87136 3.541
80.87543 3.424
80.87950 3.283
80.88357 3.354
80.88764 3.213
80.89170 4.081
80.89577 3.166
80.89984 3.447
80.90391 3.635
80.90798 3.189
80.91205 3.729
80.91612 3.307
80.92018 3.330
80.92425 3.447
80.92832 3.494
80.93239 3.447
80.93646 3.283
80.94053 3.330
80.94460 3.471
80.94866 3.565
80.95273 3.447
80.95680 3.447
80.96087 3.002
80.96494 3.682
80.96901 3.541
80.97307 3.729
80.97714 3.682
80.98121 3.541
80.98528 3.518
80.98935 3.612
80.99342 2.814
80.99749 3.354
81.00155 3.283
81.00562 3.682
81.00969 3.659
81.01376 3.401
81.01783 3.729
81.02190 2.932
81.02597 3.260
81.03003 3.119
81.03410 3.565
81.03817 3.401
81.04224 3.119
81.04631 2.978
81.05038 3.377
81.05444 3.870
81.05851 3.424
81.06258 2.978
81.06665 3.635
81.07072 3.635
81.07479 3.236
81.07886 2.838
81.08292 4.104
81.08699 3.330
81.09106 3.330
81.09513 3.330
81.09920 3.471
81.10327 4.104
81.10733 3.494
81.11140 3.354
81.11547 3.260
81.11954 3.588
81.12361 3.236
81.12768 3.541
81.13175 3.025
81.13581 3.870
81.13988 3.096
81.14395 3.917
81.14802 4.057
81.15209 3.494
81.15616 3.166
81.16023 3.307
81.16429 3.541
81.16836 2.908
81.17243 3.518
81.17650 3.752
81.18057 3.189
81.18464 3.682
81.18870 3.189
81.19277 3.166
81.19684 3.307
81.20091 3.799
81.20498 3.565
81.20905 3.096
81.21312 3.424
81.21718 3.588
81.22125 3.354
81.22532 3.096
81.22939 3.518
81.23346 3.213
81.23753 3.447
81.24160 3.119
81.24566 3.049
81.24973 3.377
81.25380 3.283
81.25787 3.330
81.26194 3.002
81.26601 3.166
81.27007 3.541
81.27414 3.471
81.27821 3.072
81.28228 3.917
81.28635 3.330
81.29042 3.283
81.29449 3.635
81.29855 3.494
81.30262 3.119
81.30669 3.283
81.31076 3.471
81.31483 3.471
81.31890 3.189
81.32296 2.955
81.32703 3.471
81.33110 3.541
81.33517 3.705
81.33924 3.471
81.34331 3.424
81.34738 3.307
81.35144 3.705
81.35551 3.659
81.35958 3.307
81.36365 3.494
81.36772 2.861
81.37179 3.494
81.37586 3.307
81.37992 2.814
81.38399 3.354
81.38806 3.447
81.39213 2.838
81.39620 3.307
81.40027 3.588
81.40433 3.260
81.40840 3.354
81.41247 3.189
81.41654 3.307
81.42061 2.932
81.42468 3.166
81.42875 3.377
81.43281 3.189
81.43688 3.776
81.44095 3.963
81.44502 3.002
81.44909 3.494
81.45316 3.588
81.45723 3.354
81.46129 3.940
81.46536 3.307
81.46943 3.752
81.47350 3.401
81.47757 3.189
81.48164 3.260
81.48570 3.236
81.48977 3.424
81.49384 3.447
81.49791 3.143
81.50198 3.401
81.50605 3.049
81.51012 2.814
81.51418 3.541
81.51825 3.213
81.52232 3.189
81.52639 3.917
81.53046 3.330
81.53453 2.885
81.53859 3.330
81.54266 3.236
81.54673 3.283
81.55080 2.885
81.55487 3.002
81.55894 3.494
81.56301 2.978
81.56707 3.283
81.57114 3.330
81.57521 3.307
81.57928 3.166
81.58335 3.213
81.58742 3.494
81.59149 3.236
81.59555 3.635
81.59962 3.494
81.60369 3.565
81.60776 3.659
81.61183 3.424
81.61590 2.908
81.61996 3.682
81.62403 2.814
81.62810 3.424
81.63217 3.377
81.63624 3.236
81.64031 3.307
81.64438 3.588
81.64844 3.494
81.65251 3.330
81.65658 3.776
81.66065 3.354
81.66472 3.354
81.66879 2.791
81.67285 3.166
81.67692 3.471
81.68099 2.978
81.68506 2.697
81.68913 3.447
81.69320 3.401
81.69727 3.213
81.70133 2.275
81.70540 2.627
81.70947 3.354
81.71354 2.603
81.71761 3.189
81.72168 3.659
81.72575 3.002
81.72981 2.462
81.73388 3.072
81.73795 3.518
81.74202 3.002
81.74609 3.119
81.75016 3.166
81.75422 3.119
81.75829 2.978
81.76236 3.025
81.76643 3.260
81.77050 3.494
81.77457 2.908
81.77864 3.424
81.78270 3.119
81.78677 2.908
81.79084 3.799
81.79491 3.189
81.79898 2.885
81.80305 3.307
81.80712 3.283
81.81118 2.885
81.81525 3.236
81.81932 3.354
81.82339 2.838
81.82746 2.932
81.83153 3.471
81.83559 3.143
81.83966 3.236
81.84373 3.424
81.84780 3.447
81.85187 3.049
81.85594 3.002
81.86001 2.650
81.86407 3.260
81.86814 3.330
81.87221 3.330
81.87628 3.143
81.88035 3.049
81.88442 2.932
81.88848 3.236
81.89255 2.885
81.89662 3.471
81.90069 3.025
81.90476 3.002
81.90883 3.401
81.91290 3.025
81.91696 3.049
81.92103 2.955
81.92510 3.565
81.92917 3.049
81.93324 3.260
81.93731 3.401
81.94138 3.260
81.94544 3.166
81.94951 2.908
81.95358 3.330
81.95765 3.119
81.96172 3.354
81.96579 3.635
81.96985 3.307
81.97392 3.025
81.97799 3.189
81.98206 3.354
81.98613 3.635
81.99020 3.143
81.99427 2.908
81.99833 3.612
82.00240 3.213
82.00647 3.354
82.01054 3.236
82.01461 3.002
82.01868 3.119
82.02275 2.885
82.02681 3.260
82.03088 3.143
82.03495 2.908
82.03902 3.260
82.04309 3.330
82.04716 3.049
82.05122 3.518
82.05529 3.143
82.05936 3.189
82.06343 3.823
82.06750 2.978
82.07157 3.213
82.07564 2.955
82.07970 3.447
82.08377 3.283
82.08784 3.471
82.09191 3.236
82.09598 3.729
82.10005 3.119
82.10411 2.885
82.10818 3.377
82.11225 3.401
82.11632 2.955
82.12039 3.096
82.12446 3.377
82.12853 3.260
82.13259 3.518
82.13666 3.213
82.14073 3.377
82.14480 3.166
82.14887 3.565
82.15294 3.330
82.15701 3.729
82.16107 3.166
82.16514 2.580
82.16921 3.166
82.17328 3.846
82.17735 3.330
82.18142 3.119
82.18548 3.283
82.18955 2.908
82.19362 3.659
82.19769 3.401
82.20176 3.143
82.20583 3.096
82.20990 3.354
82.21396 3.401
82.21803 3.072
82.22210 2.744
82.22617 3.213
82.23024 3.119
82.23431 3.143
82.23838 3.401
82.24244 3.729
82.24651 3.189
82.25058 3.072
82.25465 3.025
82.25872 3.189
82.26279 3.213
82.26685 3.307
82.27092 3.940
82.27499 3.494
82.27906 3.213
82.28313 3.471
82.28720 3.307
82.29127 3.870
82.29533 3.213
82.29940 2.838
82.30347 3.494
82.30754 2.767
82.31161 3.025
82.31568 3.518
82.31974 3.307
82.32381 2.861
82.32788 3.096
82.33195 2.791
82.33602 3.354
82.34009 3.049
82.34416 3.189
82.34822 3.166
82.35229 2.814
82.35636 3.518
82.36043 3.518
82.36450 3.776
82.36857 3.283
82.37264 3.377
82.37670 3.401
82.38077 3.752
82.38484 3.025
82.38891 3.518
82.39298 3.143
82.39705 3.447
82.40111 3.236
82.40518 3.143
82.40925 3.447
82.41332 3.752
82.41739 2.814
82.42146 3.401
82.42553 3.189
82.42959 3.424
82.43366 2.838
82.43773 3.377
82.44180 3.377
82.44587 2.744
82.44994 3.143
82.45400 2.697
82.45807 3.236
82.46214 3.002
82.46621 3.143
82.47028 3.283
82.47435 2.720
82.47842 3.307
82.48248 2.556
82.48655 2.885
82.49062 2.908
82.49469 3.494
82.49876 3.189
82.50283 3.166
82.50690 3.096
82.51096 3.096
82.51503 3.471
82.51910 2.955
82.52317 3.166
82.52724 3.096
82.53131 3.002
82.53537 3.072
82.53944 3.447
82.54351 3.588
82.54758 3.635
82.55165 3.002
82.55572 2.814
82.55979 3.377
82.56385 3.283
82.56792 3.189
82.57199 3.330
82.57606 3.025
82.58013 3.166
82.58420 3.447
82.58827 3.401
82.59233 3.705
82.59640 3.682
82.60047 3.330
82.60454 3.635
82.60861 3.401
82.61268 3.424
82.61674 3.143
82.62081 3.213
82.62488 3.236
82.62895 3.307
82.63302 2.955
82.63709 2.767
82.64116 3.424
82.64522 2.791
82.64929 3.659
82.65336 3.119
82.65743 3.119
82.66150 3.236
82.66557 3.236
82.66963 2.955
82.67370 3.072
82.67777 3.236
82.68184 3.283
82.68591 3.072
82.68998 2.861
82.69405 2.861
82.69811 3.260
82.70218 3.705
82.70625 3.049
82.71032 2.697
82.71439 3.494
82.71846 3.166
82.72253 2.861
82.72659 3.330
82.73066 3.166
82.73473 2.697
82.73880 3.424
82.74287 3.096
82.74694 3.330
82.75100 3.377
82.75507 3.213
82.75914 3.283
82.76321 3.143
82.76728 2.861
82.77135 3.565
82.77542 3.682
82.77948 3.471
82.78355 2.955
82.78762 2.932
82.79169 3.072
82.79576 3.119
82.79983 3.096
82.80390 3.002
82.80796 3.401
82.81203 3.166
82.81610 3.354
82.82017 3.143
82.82424 3.025
82.82831 3.260
82.83237 3.260
82.83644 3.447
82.84051 3.401
82.84458 3.049
82.84865 3.377
82.85272 3.565
82.85679 3.143
82.86085 3.096
82.86492 3.049
82.86899 3.893
82.87306 3.049
82.87713 3.260
82.88120 3.635
82.88526 3.471
82.88933 3.518
82.89340 3.471
82.89747 3.025
82.90154 3.401
82.90561 3.612
82.90968 3.119
82.91374 3.307
82.91781 3.447
82.92188 3.377
82.92595 3.213
82.93002 3.963
82.93409 3.119
82.93816 2.978
82.94222 3.072
82.94629 2.603
82.95036 3.354
82.95443 3.307
82.95850 3.307
82.96257 3.189
82.96663 3.823
82.97070 3.705
82.97477 3.518
82.97884 3.330
82.98291 2.955
82.98698 3.635
82.99105 3.354
82.99511 3.143
82.99918 3.565
83.00325 2.838
83.00732 3.213
83.01139 3.565
83.01546 3.612
83.01953 3.659
83.02359 3.705
83.02766 3.705
83.03173 2.978
83.03580 3.471
83.03987 3.494
83.04394 3.447
83.04800 3.518
83.05207 3.049
83.05614 3.377
83.06021 3.471
83.06428 3.471
83.06835 3.213
83.07242 3.119
83.07648 3.541
83.08055 2.978
83.08462 3.471
83.08869 3.635
83.09276 3.260
83.09683 3.330
83.10089 3.518
83.10496 2.814
83.10903 3.635
83.11310 3.119
83.11717 3.189
83.12124 3.565
83.12531 2.932
83.12937 3.166
83.13344 3.588
83.13751 2.978
83.14158 3.025
83.14565 3.635
83.14972 3.236
83.15379 3.166
83.15785 3.283
83.16192 3.588
83.16599 3.541
83.17006 3.002
83.17413 3.682
83.17820 2.814
83.18226 3.612
83.18633 2.955
83.19040 3.283
83.19447 3.659
83.19854 3.283
83.20261 3.635
83.20668 3.565
83.21074 2.978
83.21481 3.283
83.21888 3.072
83.22295 3.354
83.22702 3.659
83.23109 3.377
83.23516 3.705
83.23922 3.213
83.24329 3.588
83.24736 3.565
83.25143 3.635
83.25550 3.635
83.25957 3.799
83.26363 3.705
83.26770 2.908
83.27177 3.471
83.27584 3.354
83.27991 2.978
83.28398 3.143
83.28805 3.447
83.29211 3.283
83.29618 4.104
83.30025 3.119
83.30432 3.283
83.30839 3.354
83.31246 3.189
83.31652 3.705
83.32059 3.518
83.32466 3.307
83.32873 3.588
83.33280 3.283
83.33687 3.424
83.34094 3.424
83.34500 3.565
83.34907 3.401
83.35314 3.518
83.35721 3.401
83.36128 3.541
83.36535 3.354
83.36942 3.729
83.37348 3.025
83.37755 3.565
83.38162 4.057
83.38569 3.377
83.38976 3.096
83.39383 3.166
83.39789 3.307
83.40196 3.471
83.40603 3.283
83.41010 3.236
83.41417 3.213
83.41824 2.978
83.42231 3.494
83.42637 3.143
83.43044 3.283
83.43451 3.447
83.43858 2.885
83.44265 3.189
83.44672 3.213
83.45078 2.791
83.45485 3.166
83.45892 3.401
83.46299 3.494
83.46706 3.494
83.47113 3.143
83.47520 3.471
83.47926 3.541
83.48333 3.143
83.48740 3.096
83.49147 3.307
83.49554 3.424
83.49961 3.705
83.50368 2.533
83.50774 3.189
83.51181 3.565
83.51588 2.955
83.51995 3.518
83.52402 3.494
83.52809 3.002
83.53215 3.330
83.53622 3.260
83.54029 3.471
83.54436 3.307
83.54843 3.096
83.55250 3.166
83.55657 3.213
83.56063 3.283
83.56470 3.541
83.56877 2.791
83.57284 3.471
83.57691 3.189
83.58098 3.143
83.58505 3.447
83.58911 3.518
83.59318 3.494
83.59725 3.283
83.60132 3.143
83.60539 3.072
83.60946 3.307
83.61352 2.838
83.61759 3.377
83.62166 3.377
83.62573 3.096
83.62980 3.612
83.63387 3.330
83.63794 3.002
83.64200 3.401
83.64607 3.213
83.65014 2.908
83.65421 3.260
83.65828 3.096
83.66235 3.330
83.66641 3.612
83.67048 3.236
83.67455 3.401
83.67862 3.377
83.68269 3.260
83.68676 3.424
83.69083 2.908
83.69489 3.096
83.69896 3.283
83.70303 3.189
83.70710 3.260
83.71117 3.682
83.71524 3.189
83.71931 2.932
83.72337 2.955
83.72744 3.424
83.73151 2.861
83.73558 3.307
83.73965 3.447
83.74372 2.791
83.74778 3.659
83.75185 3.283
83.75592 3.823
83.75999 3.049
83.76406 3.377
83.76813 3.049
83.77220 2.908
83.77626 3.635
83.78033 3.447
83.78440 3.330
83.78847 3.283
83.79254 3.307
83.79661 2.955
83.80068 3.166
83.80474 3.588
83.80881 3.377
83.81288 3.236
83.81695 3.471
83.82102 3.823
83.82509 3.072
83.82915 3.189
83.83322 3.096
83.83729 2.955
83.84136 3.494
83.84543 3.166
83.84950 2.861
83.85357 3.049
83.85763 3.354
83.86170 2.932
83.86577 3.635
83.86984 3.283
83.87391 3.119
83.87798 3.354
83.88204 3.401
83.88611 3.377
83.89018 3.096
83.89425 3.635
83.89832 3.002
83.90239 3.119
83.90646 3.354
83.91052 3.260
83.91459 3.705
83.91866 3.236
83.92273 3.424
83.92680 3.307
83.93087 3.705
83.93494 3.330
83.93900 3.424
83.94307 3.330
83.94714 3.119
83.95121 3.213
83.95528 2.744
83.95935 2.978
83.96341 2.955
83.96748 3.377
83.97155 2.885
83.97562 3.471
83.97969 3.002
83.98376 3.166
83.98783 3.447
83.99189 3.283
83.99596 3.377
84.00003 3.401
84.00410 3.049
84.00817 2.838
84.01224 2.627
84.01631 3.025
84.02037 2.978
84.02444 2.885
84.02851 3.612
84.03258 3.330
84.03665 3.119
84.04072 2.932
84.04478 3.119
84.04885 3.729
84.05292 2.932
84.05699 3.025
84.06106 3.682
84.06513 3.143
84.06920 2.885
84.07326 2.861
84.07733 3.401
84.08140 3.072
84.08547 3.354
84.08954 2.838
84.09361 3.049
84.09767 2.908
84.10174 3.119
84.10581 3.002
84.10988 2.603
84.11395 3.025
84.11802 3.166
84.12209 3.494
84.12615 2.955
84.13022 3.424
84.13429 3.236
84.13836 3.307
84.14243 3.659
84.14650 3.049
84.15057 3.307
84.15463 3.025
84.15870 3.119
84.16277 3.072
84.16684 3.236
84.17091 2.814
84.17498 3.471
84.17904 3.002
84.18311 2.462
84.18718 3.377
84.19125 3.166
84.19532 2.791
84.19939 3.283
84.20346 3.401
84.20752 3.283
84.21159 3.166
84.21566 3.307
84.21973 3.401
84.22380 3.025
84.22787 3.189
84.23193 3.002
84.23600 3.518
84.24007 3.236
84.24414 3.096
84.24821 3.002
84.25228 3.236
84.25635 2.955
84.26041 3.330
84.26448 3.330
84.26855 3.659
84.27262 2.978
84.27669 3.143
84.28076 3.025
84.28483 2.908
84.28889 3.166
84.29296 3.143
84.29703 3.072
84.30110 3.189
84.30517 3.260
84.30924 2.908
84.31330 3.260
84.31737 2.861
84.32144 3.213
84.32551 3.846
84.32958 3.166
84.33365 3.049
84.33772 3.213
84.34178 3.002
84.34585 3.283
84.34992 3.143
84.35399 3.260
84.35806 2.978
84.36213 2.791
84.36620 3.025
84.37026 3.377
84.37433 2.978
84.37840 2.767
84.38247 3.119
84.38654 3.401
84.39061 2.955
84.39467 2.932
84.39874 2.838
84.40281 2.932
84.40688 3.025
84.41095 3.518
84.41502 3.096
84.41909 3.283
84.42315 2.744
84.42722 3.002
84.43129 3.377
84.43536 3.283
84.43943 2.627
84.44350 2.627
84.44756 2.978
84.45163 3.072
84.45570 3.143
84.45977 3.213
84.46384 3.189
84.46791 3.025
84.47198 2.814
84.47604 3.119
84.48011 3.189
84.48418 2.814
84.48825 3.002
84.49232 3.424
84.49639 2.744
84.50046 3.002
84.50452 2.838
84.50859 3.119
84.51266 2.955
84.51673 2.932
84.52080 3.143
84.52487 2.767
84.52893 3.213
84.53300 3.096
84.53707 3.307
84.54114 3.588
84.54521 3.494
84.54928 3.424
84.55335 3.049
84.55741 2.955
84.56148 2.885
84.56555 2.978
84.56962 2.978
84.57369 3.213
84.57776 3.119
84.58183 3.049
84.58589 3.236
84.58996 3.494
84.59403 2.627
84.59810 3.213
84.60217 3.072
84.60624 3.002
84.61030 3.447
84.61437 2.932
84.61844 3.049
84.62251 2.861
84.62658 3.401
84.63065 3.377
84.63472 3.213
84.63878 3.072
84.64285 3.143
84.64692 3.119
84.65099 3.354
84.65506 2.955
84.65913 2.791
84.66319 3.213
84.66726 3.283
84.67133 3.260
84.67540 2.720
84.67947 3.635
84.68354 3.025
84.68761 3.096
84.69167 3.588
84.69574 3.143
84.69981 3.401
84.70388 3.471
84.70795 3.377
84.71202 3.307
84.71609 3.096
84.72015 2.908
84.72422 3.236
84.72829 2.955
84.73236 3.612
84.73643 3.283
84.74050 3.119
84.74456 3.447
84.74863 3.377
84.75270 3.236
84.75677 3.307
84.76084 3.799
84.76491 2.744
84.76898 3.283
84.77304 3.072
84.77711 3.447
84.78118 3.189
84.78525 3.096
84.78932 2.814
84.79339 3.682
84.79746 3.119
84.80152 2.838
84.80559 3.119
84.80966 3.283
84.81373 2.556
84.81780 2.627
84.82187 3.236
84.82593 3.354
84.83000 3.166
84.83407 3.236
84.83814 3.143
84.84221 2.908
84.84628 3.307
84.85035 2.861
84.85441 2.767
84.85848 3.377
84.86255 2.791
84.86662 3.494
84.87069 2.955
84.87476 3.119
84.87882 3.354
84.88289 3.189
84.88696 3.447
84.89103 3.471
84.89510 3.447
84.89917 3.119
84.90324 3.518
84.90730 3.424
84.91137 3.260
84.91544 3.401
84.91951 3.119
84.92358 3.682
84.92765 2.603
84.93172 3.143
84.93578 3.166
84.93985 3.189
84.94392 2.908
84.94799 3.377
84.95206 3.447
84.95613 2.908
84.96019 2.814
84.96426 3.377
84.96833 3.283
84.97240 3.049
84.97647 3.213
84.98054 3.119
84.98461 3.471
84.98867 3.893
84.99274 2.932
84.99681 2.697
85.00088 2.861
85.00495 2.814
85.00902 3.002
85.01308 3.307
85.01715 3.119
85.02122 2.932
85.02529 2.814
85.02936 3.330
85.03343 2.791
85.03750 2.908
85.04156 2.814
85.04563 2.955
85.04970 2.861
85.05377 2.908
85.05784 3.189
85.06191 2.955
85.06598 3.565
85.07004 2.861
85.07411 3.166
85.07818 2.838
85.08225 3.049
85.08632 3.424
85.09039 3.260
85.09445 2.861
85.09852 3.025
85.10259 2.650
85.10666 3.729
85.11073 3.072
85.11480 3.049
85.11887 2.814
85.12293 3.119
85.12700 2.885
85.13107 3.236
85.13514 3.330
85.13921 3.236
85.14328 3.354
85.14735 3.189
85.15141 3.330
85.15548 3.189
85.15955 3.189
85.16362 3.119
85.16769 3.401
85.17176 3.119
85.17582 3.283
85.17989 3.166
85.18396 3.354
85.18803 3.307
85.19210 3.963
85.19617 3.096
85.20024 2.767
85.20430 3.401
85.20837 3.049
85.21244 3.659
85.21651 3.119
85.22058 3.072
85.22465 3.189
85.22871 3.260
85.23278 3.213
85.23685 3.307
85.24092 2.814
85.24499 3.377
85.24906 3.447
85.25313 3.236
85.25719 3.307
85.26126 3.260
85.26533 3.377
85.26940 3.236
85.27347 3.799
85.27754 3.377
85.28161 3.447
85.28567 3.307
85.28974 3.565
85.29381 3.541
85.29788 3.682
85.30195 3.213
85.30602 3.541
85.31008 3.377
85.31415 3.752
85.31822 3.213
85.32229 3.236
85.32636 3.025
85.33043 3.612
85.33450 2.861
85.33856 3.424
85.34263 3.307
85.34670 3.213
85.35077 3.072
85.35484 3.119
85.35891 3.447
85.36298 3.002
85.36704 3.307
85.37111 3.189
85.37518 3.166
85.37925 3.659
85.38332 2.932
85.38739 3.494
85.39145 3.447
85.39552 3.401
85.39959 3.213
85.40366 3.635
85.40773 3.096
85.41180 3.166
85.41587 3.025
85.41993 3.494
85.42400 2.885
85.42807 3.119
85.43214 3.401
85.43621 3.283
85.44028 2.908
85.44434 3.518
85.44841 3.447
85.45248 3.612
85.45655 3.377
85.46062 3.260
85.46469 3.940
85.46876 3.236
85.47282 3.705
85.47689 3.143
85.48096 3.401
85.48503 3.119
85.48910 3.189
85.49317 3.072
85.49724 3.776
85.50130 3.377
85.50537 3.377
85.50944 3.424
85.51351 3.283
85.51758 3.307
85.52165 3.307
85.52571 3.072
85.52978 3.987
85.53385 3.119
85.53792 3.635
85.54199 3.096
85.54606 3.354
85.55013 3.471
85.55419 3.236
85.55826 3.377
85.56233 3.917
85.56640 3.494
85.57047 3.776
85.57454 3.612
85.57861 3.987
85.58267 3.729
85.58674 3.025
85.59081 3.260
85.59488 3.213
85.59895 3.354
85.60302 3.752
85.60708 3.870
85.61115 3.752
85.61522 3.354
85.61929 3.424
85.62336 3.143
85.62743 3.025
85.63150 3.096
85.63556 3.659
85.63963 3.377
85.64370 3.354
85.64777 3.213
85.65184 3.799
85.65591 2.908
85.65997 3.189
85.66404 3.471
85.66811 3.213
85.67218 3.588
85.67625 3.330
85.68032 3.143
85.68439 3.354
85.68845 3.635
85.69252 2.650
85.69659 3.260
85.70066 3.072
85.70473 3.049
85.70880 3.330
85.71287 3.565
85.71693 3.494
85.72100 3.541
85.72507 3.096
85.72914 3.307
85.73321 3.447
85.73728 3.377
85.74134 3.682
85.74541 3.424
85.74948 3.049
85.75355 3.260
85.75762 2.978
85.76169 3.330
85.76576 3.494
85.76982 3.424
85.77389 3.588
85.77796 3.166
85.78203 3.025
85.78610 3.635
85.79017 3.541
85.79423 3.260
85.79830 3.401
85.80237 3.354
85.80644 3.612
85.81051 3.682
85.81458 3.588
85.81865 3.424
85.82271 3.189
85.82678 3.119
85.83085 3.307
85.83492 2.720
85.83899 3.565
85.84306 3.447
85.84713 3.119
85.85119 3.330
85.85526 2.791
85.85933 3.236
85.86340 3.424
85.86747 3.541
85.87154 3.002
85.87560 3.354
85.87967 2.978
85.88374 3.096
85.88781 3.283
85.89188 2.861
85.89595 3.049
85.90002 3.236
85.90408 2.674
85.90815 2.978
85.91222 3.471
85.91629 3.447
85.92036 3.612
85.92443 3.283
85.92850 3.682
85.93256 3.002
85.93663 4.010
85.94070 3.307
85.94477 2.603
85.94884 2.861
85.95291 3.518
85.95697 2.627
85.96104 3.002
85.96511 2.814
85.96918 3.143
85.97325 3.236
85.97732 3.096
85.98139 3.330
85.98545 3.588
85.98952 3.752
85.99359 3.189
85.99766 3.260
86.00173 3.213
86.00580 3.518
86.00986 3.518
86.01393 3.260
86.01800 3.494
86.02207 3.189
86.02614 3.166
86.03021 3.471
86.03428 3.096
86.03834 3.447
86.04241 3.330
86.04648 3.705
86.05055 3.541
86.05462 3.401
86.05869 3.705
86.06276 3.096
86.06682 3.002
86.07089 3.283
86.07496 3.917
86.07903 3.776
86.08310 3.283
86.08717 3.049
86.09123 3.635
86.09530 3.447
86.09937 2.791
86.10344 3.330
86.10751 2.932
86.11158 3.471
86.11565 3.541
86.11971 3.002
86.12378 3.072
86.12785 3.846
86.13192 3.612
86.13599 3.354
86.14006 3.401
86.14413 3.612
86.14819 3.166
86.15226 3.518
86.15633 3.518
86.16040 3.682
86.16447 3.635
86.16854 3.213
86.17260 3.963
86.17667 3.401
86.18074 3.424
86.18481 3.635
86.18888 3.143
86.19295 4.198
86.19702 3.870
86.20108 3.729
86.20515 3.541
86.20922 3.401
86.21329 3.307
86.21736 3.612
86.22143 3.565
86.22549 3.588
86.22956 3.189
86.23363 3.518
86.23770 3.752
86.24177 3.518
86.24584 3.893
86.24991 3.518
86.25397 3.940
86.25804 3.635
86.26211 3.471
86.26618 3.705
86.27025 3.823
86.27432 3.283
86.27839 3.588
86.28245 3.307
86.28652 3.541
86.29059 3.401
86.29466 3.635
86.29873 3.682
86.30280 3.870
86.30686 3.401
86.31093 3.705
86.31500 3.401
86.31907 3.659
86.32314 3.424
86.32721 3.166
86.33128 3.682
86.33534 3.776
86.33941 3.870
86.34348 3.635
86.34755 3.940
86.35162 3.846
86.35569 3.846
86.35976 3.776
86.36382 3.377
86.36789 4.081
86.37196 3.682
86.37603 3.799
86.38010 4.034
86.38417 3.682
86.38823 3.565
86.39230 3.752
86.39637 3.963
86.40044 3.940
86.40451 3.260
86.40858 4.362
86.41265 4.315
86.41671 4.198
86.42078 4.339
86.42485 3.870
86.42892 4.221
86.43299 3.846
86.43706 4.292
86.44112 4.081
86.44519 3.846
86.44926 4.128
86.45333 4.292
86.45740 4.292
86.46147 4.526
86.46554 4.339
86.46960 4.761
86.47367 4.831
86.47774 4.221
86.48181 4.268
86.48588 4.386
86.48995 4.292
86.49402 5.042
86.49808 4.479
86.50215 4.737
86.50622 4.315
86.51029 4.784
86.51436 4.245
86.51843 4.878
86.52249 4.667
86.52656 4.620
86.53063 4.550
86.53470 4.878
86.53877 4.644
86.54284 4.573
86.54691 4.761
86.55097 5.206
86.55504 4.386
86.55911 5.230
86.56318 4.995
86.56725 5.066
86.57132 5.324
86.57539 4.784
86.57945 4.972
86.58352 5.347
86.58759 5.441
86.59166 5.629
86.59573 5.324
86.59980 4.761
86.60386 5.417
86.60793 5.699
86.61200 5.089
86.61607 5.019
86.62014 5.675
86.62421 5.886
86.62828 4.620
86.63234 5.371
86.63641 4.667
86.64048 4.808
86.64455 5.394
86.64862 6.144
86.65269 5.699
86.65675 4.784
86.66082 5.488
86.66489 6.051
86.66896 5.371
86.67303 5.488
86.67710 5.910
86.68117 5.769
86.68523 5.980
86.68930 5.511
86.69337 5.816
86.69744 5.605
86.70151 6.051
86.70558 5.511
86.70965 5.464
86.71371 6.215
86.71778 6.121
86.72185 5.980
86.72592 6.285
86.72999 6.168
86.73406 5.371
86.73812 6.027
86.74219 5.933
86.74626 6.614
86.75033 5.863
86.75440 6.356
86.75847 6.051
86.76254 6.520
86.76660 6.191
86.77067 6.215
86.77474 6.121
86.77881 6.332
86.78288 6.449
86.78695 6.051
86.79101 6.660
86.79508 6.144
86.79915 5.629
86.80322 5.652
86.80729 6.238
86.81136 6.332
86.81543 5.863
86.81949 5.816
86.82356 5.910
86.82763 6.098
86.83170 6.614
86.83577 5.980
86.83984 5.136
86.84391 5.394
86.84797 5.582
86.85204 5.652
86.85611 6.051
86.86018 6.215
86.86425 5.746
86.86832 5.230
86.87238 5.816
86.87645 5.699
86.88052 5.675
86.88459 5.840
86.88866 5.441
86.89273 5.253
86.89680 5.441
86.90086 4.855
86.90493 5.089
86.90900 5.840
86.91307 6.074
86.91714 5.136
86.92121 5.136
86.92528 5.511
86.92934 4.550
86.93341 5.394
86.93748 4.784
86.94155 5.535
86.94562 5.699
86.94969 6.004
86.95375 5.113
86.95782 4.808
86.96189 5.558
86.96596 5.136
86.97003 5.347
86.97410 4.855
86.97817 5.910
86.98223 4.784
86.98630 4.597
86.99037 5.159
86.99444 4.784
86.99851 5.300
87.00258 5.277
87.00664 5.136
87.01071 5.113
87.01478 5.629
87.01885 4.831
87.02292 4.972
87.02699 4.784
87.03106 5.347
87.03512 4.315
87.03919 4.972
87.04326 4.831
87.04733 4.315
87.05140 4.245
87.05547 5.206
87.05954 4.667
87.06360 5.113
87.06767 4.808
87.07174 4.104
87.07581 4.761
87.07988 4.855
87.08395 4.667
87.08801 4.292
87.09208 4.902
87.09615 4.456
87.10022 4.831
87.10429 4.503
87.10836 5.066
87.11243 4.550
87.11649 4.503
87.12056 4.644
87.12463 4.573
87.12870 4.761
87.13277 4.620
87.13684 4.808
87.14091 4.878
87.14497 4.620
87.14904 4.855
87.15311 4.409
87.15718 4.315
87.16125 4.221
87.16532 4.198
87.16938 4.690
87.17345 4.128
87.17752 4.409
87.18159 4.245
87.18566 4.174
87.18973 3.776
87.19380 3.729
87.19786 4.034
87.20193 4.292
87.20600 4.034
87.21007 4.198
87.21414 4.151
87.21821 4.198
87.22227 3.870
87.22634 4.010
87.23041 3.823
87.23448 4.081
87.23855 4.550
87.24262 3.940
87.24669 4.081
87.25075 3.846
87.25482 4.057
87.25889 3.799
87.26296 3.401
87.26703 3.541
87.27110 3.870
87.27517 4.104
87.27923 4.597
87.28330 3.940
87.28737 3.401
87.29144 3.682
87.29551 3.447
87.29958 3.987
87.30364 3.659
87.30771 3.963
87.31178 3.846
87.31585 4.409
87.31992 3.659
87.32399 3.870
87.32806 3.659
87.33212 3.846
87.33619 3.705
87.34026 3.354
87.34433 3.635
87.34840 4.245
87.35247 3.705
87.35654 3.987
87.36060 3.565
87.36467 3.799
87.36874 4.010
87.37281 3.659
87.37688 3.659
87.38095 3.541
87.38501 3.541
87.38908 3.659
87.39315 3.635
87.39722 3.846
87.40129 3.893
87.40536 3.494
87.40943 3.682
87.41349 3.682
87.41756 3.823
87.42163 3.705
87.42570 3.401
87.42977 3.893
87.43384 3.846
87.43790 3.260
87.44197 3.987
87.44604 3.776
87.45011 3.752
87.45418 3.963
87.45825 3.870
87.46232 3.659
87.46638 3.541
87.47045 3.612
87.47452 4.151
87.47859 3.447
87.48266 4.010
87.48673 3.260
87.49080 3.682
87.49486 3.612
87.49893 3.377
87.50300 3.354
87.50707 3.307
87.51114 3.940
87.51521 3.893
87.51927 3.659
87.52334 3.401
87.52741 3.518
87.53148 3.917
87.53555 3.870
87.53962 3.588
87.54369 3.612
87.54775 3.752
87.55182 3.659
87.55589 3.518
87.55996 3.330
87.56403 3.518
87.56810 3.330
87.57216 4.104
87.57623 3.823
87.58030 3.776
87.58437 3.987
87.58844 3.893
87.59251 3.729
87.59658 3.283
87.60064 3.588
87.60471 3.565
87.60878 4.174
87.61285 3.518
87.61692 3.776
87.62099 3.283
87.62506 3.612
87.62912 3.494
87.63319 3.776
87.63726 3.166
87.64133 3.705
87.64540 3.518
87.64947 3.940
87.65353 3.330
87.65760 3.541
87.66167 3.377
87.66574 4.104
87.66981 3.541
87.67388 3.799
87.67795 3.447
87.68201 3.612
87.68608 3.401
87.69015 3.776
87.69422 3.729
87.69829 4.104
87.70236 3.635
87.70643 3.307
87.71049 3.541
87.71456 3.354
87.71863 3.354
87.72270 3.963
87.72677 3.729
87.73084 3.377
87.73490 3.377
87.73897 3.776
87.74304 3.377
87.74711 3.424
87.75118 3.494
87.75525 3.635
87.75932 3.307
87.76338 3.143
87.76745 3.401
87.77152 3.823
87.77559 3.424
87.77966 3.424
87.78373 3.494
87.78779 3.213
87.79186 3.401
87.79593 3.283
87.80000 3.283
87.80407 3.846
87.80814 3.002
87.81221 3.424
87.81627 3.096
87.82034 3.518
87.82441 3.166
87.82848 4.010
87.83255 3.565
87.83662 3.330
87.84069 3.635
87.84475 3.612
87.84882 3.799
87.85289 3.588
87.85696 3.588
87.86103 3.494
87.86510 3.471
87.86916 3.213
87.87323 3.424
87.87730 3.635
87.88137 3.518
87.88544 3.541
87.88951 3.494
87.89358 3.447
87.89764 3.354
87.90171 3.682
87.90578 3.870
87.90985 3.471
87.91392 3.119
87.91799 3.518
87.92206 3.401
87.92612 3.002
87.93019 3.541
87.93426 3.072
87.93833 2.814
87.94240 3.729
87.94647 3.471
87.95053 3.846
87.95460 3.471
87.95867 3.752
87.96274 3.283
87.96681 3.401
87.97088 3.541
87.97495 3.565
87.97901 3.635
87.98308 3.283
87.98715 3.659
87.99122 3.659
87.99529 3.565
87.99936 3.612
88.00342 3.705
88.00749 3.471
88.01156 3.471
88.01563 3.565
88.01970 3.705
88.02377 3.963
88.02784 3.236
88.03190 3.447
88.03597 3.377
88.04004 3.002
88.04411 3.588
88.04818 3.166
88.05225 3.917
88.05632 3.283
88.06038 3.447
88.06445 4.151
88.06852 3.166
88.07259 3.612
88.07666 3.236
88.08073 3.846
88.08479 3.471
88.08886 3.119
88.09293 3.401
88.09700 3.354
88.10107 3.049
88.10514 3.260
88.10921 3.096
88.11327 3.143
88.11734 3.424
88.12141 3.588
88.12548 3.330
88.12955 3.799
88.13362 3.424
88.13769 3.025
88.14175 3.659
88.14582 3.401
88.14989 3.752
88.15396 3.565
88.15803 2.838
88.16210 3.494
88.16616 4.151
88.17023 3.705
88.17430 3.354
88.17837 3.213
88.18244 3.447
88.18651 3.330
88.19058 3.471
88.19464 3.917
88.19871 3.682
88.20278 3.424
88.20685 4.221
88.21092 3.823
88.21499 3.987
88.21905 3.635
88.22312 3.424
88.22719 3.776
88.23126 3.612
88.23533 3.752
88.23940 3.823
88.24347 3.635
88.24753 3.799
88.25160 3.987
88.25567 3.635
88.25974 3.682
88.26381 3.893
88.26788 4.245
88.27195 3.846
88.27601 3.893
88.28008 4.151
88.28415 3.705
88.28822 3.541
88.29229 3.799
88.29636 4.081
88.30042 4.104
88.30449 3.917
88.30856 4.292
88.31263 4.386
88.31670 4.550
88.32077 3.963
88.32484 4.526
88.32890 4.292
88.33297 4.057
88.33704 4.339
88.34111 4.526
88.34518 3.940
88.34925 4.479
88.35331 4.456
88.35738 3.682
88.36145 3.987
88.36552 4.456
88.36959 3.705
88.37366 3.823
88.37773 3.870
88.38179 3.682
88.38586 4.034
88.38993 4.198
88.39400 4.128
88.39807 3.612
88.40214 3.705
88.40621 3.870
88.41027 3.377
88.41434 3.799
88.41841 3.002
88.42248 3.260
88.42655 3.354
88.43062 3.377
88.43468 3.401
88.43875 3.518
88.44282 3.119
88.44689 3.588
88.45096 3.096
88.45503 3.471
88.45910 3.612
88.46316 2.955
88.46723 2.955
88.47130 3.635
88.47537 3.494
88.47944 3.447
88.48351 3.283
88.48758 3.354
88.49164 3.635
88.49571 2.697
88.49978 3.166
88.50385 4.174
88.50792 3.424
88.51199 3.565
88.51605 3.119
88.52012 3.565
88.52419 3.635
88.52826 4.362
88.53233 3.752
88.53640 4.034
88.54047 3.283
88.54453 3.541
88.54860 3.494
88.55267 3.236
88.55674 3.166
88.56081 3.541
88.56488 3.612
88.56894 4.010
88.57301 3.799
88.57708 3.354
88.58115 3.565
88.58522 3.307
88.58929 3.541
88.59336 3.541
88.59742 3.377
88.60149 3.541
88.60556 3.096
88.60963 3.846
88.61370 3.377
88.61777 4.034
88.62184 3.870
88.62590 3.682
88.62997 3.612
88.63404 4.010
88.63811 3.635
88.64218 3.682
88.64625 3.166
88.65031 3.588
88.65438 2.697
88.65845 3.283
88.66252 3.494
88.66659 3.541
88.67066 3.541
88.67473 3.823
88.67879 3.354
88.68286 3.541
88.68693 3.307
88.69100 3.447
88.69507 2.885
88.69914 3.447
88.70321 2.627
88.70727 2.861
88.71134 3.143
88.71541 3.072
88.71948 2.861
88.72355 3.072
88.72762 3.447
88.73168 3.659
88.73575 3.752
88.73982 3.635
88.74389 2.861
88.74796 3.025
88.75203 3.354
88.75610 3.612
88.76016 3.143
88.76423 3.072
88.76830 3.260
88.77237 3.213
88.77644 3.307
88.78051 3.189
88.78457 3.494
88.78864 2.978
88.79271 2.932
88.79678 3.213
88.80085 2.533
88.80492 3.424
88.80899 3.096
88.81305 3.307
88.81712 3.143
88.82119 3.002
88.82526 2.978
88.82933 3.002
88.83340 2.791
88.83747 3.189
88.84153 3.213
88.84560 3.096
88.84967 2.838
88.85374 3.354
88.85781 2.861
88.86188 2.885
88.86594 3.659
88.87001 3.025
88.87408 2.814
88.87815 3.494
88.88222 2.791
88.88629 2.955
88.89036 3.072
88.89442 3.307
88.89849 3.330
88.90256 3.494
88.90663 2.674
88.91070 3.096
88.91477 3.236
88.91884 3.189
88.92290 2.885
88.92697 2.838
88.93104 3.096
88.93511 2.908
88.93918 3.424
88.94325 3.354
88.94731 2.674
88.95138 3.166
88.95545 3.166
88.95952 3.096
88.96359 3.236
88.96766 3.260
88.97173 3.166
88.97579 2.580
88.97986 2.767
88.98393 3.283
88.98800 3.307
88.99207 3.283
88.99614 2.932
89.00020 3.166
89.00427 2.392
89.00834 2.744
89.01241 2.908
89.01648 2.885
89.02055 2.814
89.02462 2.580
89.02868 3.002
89.03275 3.236
89.03682 3.072
89.04089 3.119
89.04496 3.401
89.04903 2.932
89.05310 2.650
89.05716 2.744
89.06123 2.791
89.06530 3.471
89.06937 2.767
89.07344 2.885
89.07751 2.861
89.08157 3.166
89.08564 2.955
89.08971 3.260
89.09378 2.861
89.09785 2.322
89.10192 2.885
89.10599 2.697
89.11005 2.814
89.11412 3.283
89.11819 3.072
89.12226 3.166
89.12633 2.838
89.13040 3.119
89.13447 3.401
89.13853 2.955
89.14260 2.603
89.14667 2.932
89.15074 2.885
89.15481 3.002
89.15888 2.720
89.16294 2.861
89.16701 3.119
89.17108 2.955
89.17515 3.424
89.17922 2.885
89.18329 3.025
89.18736 2.908
89.19142 2.978
89.19549 2.838
89.19956 2.697
89.20363 3.143
89.20770 3.166
89.21177 2.978
89.21583 2.814
89.21990 3.236
89.22397 3.213
89.22804 3.283
89.23211 3.049
89.23618 2.955
89.24025 3.330
89.24431 3.143
89.24838 3.236
89.25245 3.166
89.25652 3.330
89.26059 3.119
89.26466 2.791
89.26873 3.236
89.27279 3.189
89.27686 2.791
89.28093 3.119
89.28500 2.978
89.28907 3.143
89.29314 3.330
89.29720 2.955
89.30127 2.978
89.30534 3.025
89.30941 3.119
89.31348 3.189
89.31755 2.603
89.32162 3.189
89.32568 2.791
89.32975 2.955
89.33382 2.533
89.33789 3.096
89.34196 3.143
89.34603 3.236
89.35009 2.814
89.35416 2.978
89.35823 3.236
89.36230 3.049
89.36637 3.471
89.37044 3.307
89.37451 3.424
89.37857 3.049
89.38264 3.166
89.38671 2.908
89.39078 2.908
89.39485 2.814
89.39892 2.955
89.40299 2.791
89.40705 2.580
89.41112 2.978
89.41519 3.307
89.41926 2.814
89.42333 3.283
89.42740 3.002
89.43146 3.518
89.43553 3.260
89.43960 3.471
89.44367 3.002
89.44774 3.119
89.45181 2.814
89.45588 2.814
89.45994 2.580
89.46401 3.049
89.46808 2.978
89.47215 2.978
89.47622 3.213
89.48029 3.096
89.48436 3.283
89.48842 3.354
89.49249 3.401
89.49656 2.955
89.50063 3.096
89.50470 3.002
89.50877 2.932
89.51283 2.838
89.51690 3.096
89.52097 3.307
89.52504 3.447
89.52911 2.955
89.53318 3.189
89.53725 3.377
89.54131 3.072
89.54538 2.720
89.54945 3.072
89.55352 3.025
89.55759 3.354
89.56166 3.096
89.56572 2.978
89.56979 2.978
89.57386 3.354
89.57793 3.072
89.58200 3.143
89.58607 3.447
89.59014 3.377
89.59420 3.166
89.59827 3.119
89.60234 3.002
89.60641 3.072
89.61048 3.049
89.61455 2.720
89.61862 3.424
89.62268 2.861
89.62675 3.002
89.63082 3.518
89.63489 3.002
89.63896 2.885
89.64303 3.119
89.64709 2.838
89.65116 3.283
89.65523 3.002
89.65930 2.955
89.66337 3.119
89.66744 3.330
89.67151 3.377
89.67557 3.354
89.67964 2.814
89.68371 3.283
89.68778 3.119
89.69185 3.612
89.69592 3.049
89.69999 2.838
89.70405 2.838
89.70812 3.283
89.71219 2.978
89.71626 2.674
89.72033 3.025
89.72440 2.932
89.72846 3.096
89.73253 3.260
89.73660 3.119
89.74067 3.682
89.74474 3.236
89.74881 2.932
89.75288 2.509
89.75694 2.791
89.76101 3.143
89.76508 3.072
89.76915 3.424
89.77322 3.072
89.77729 2.955
89.78135 3.025
89.78542 3.096
89.78949 3.025
89.79356 3.072
89.79763 2.955
89.80170 3.072
89.80577 3.283
89.80983 3.189
89.81390 3.002
89.81797 2.932
89.82204 3.166
89.82611 3.236
89.83018 2.674
89.83425 3.072
89.83831 3.166
89.84238 3.096
89.84645 2.861
89.85052 2.697
89.85459 3.260
89.85866 3.283
89.86272 2.955
89.86679 3.096
89.87086 3.143
89.87493 3.260
89.87900 2.978
89.88307 3.471
89.88714 3.143
89.89120 3.025
89.89527 3.049
89.89934 3.401
89.90341 3.283
89.90748 2.791
89.91155 3.541
89.91562 2.978
89.91968 2.861
89.92375 3.283
89.92782 3.189
89.93189 3.377
89.93596 3.002
89.94003 2.932
89.94409 3.072
89.94816 3.401
89.95223 3.166
89.95630 3.330
89.96037 2.650
89.96444 3.447
89.96851 3.354
89.97257 2.439
89.97664 2.932
89.98071 3.072
89.98478 3.330
89.98885 2.838
89.99292 3.189
89.99698 3.471
90.00105 2.932
90.00512 3.565
90.00919 3.096
90.01326 3.119
90.01733 3.096
90.02140 2.509
90.02546 2.697
90.02953 2.650
90.03360 2.580
90.03767 2.814
90.04174 3.307
90.04581 3.307
90.04988 3.072
90.05394 3.401
90.05801 3.705
90.06208 2.861
90.06615 2.978
90.07022 3.143
90.07429 2.580
90.07835 3.705
90.08242 3.283
90.08649 3.236
90.09056 3.189
90.09463 2.814
90.09870 2.908
90.10277 3.072
90.10683 3.002
90.11090 3.354
90.11497 2.932
90.11904 3.236
90.12311 3.049
90.12718 3.447
90.13124 3.096
90.13531 3.236
90.13938 3.143
90.14345 2.908
90.14752 2.861
90.15159 2.720
90.15566 2.908
90.15972 2.814
90.16379 2.885
90.16786 3.283
90.17193 3.189
90.17600 2.744
90.18007 3.002
90.18414 3.213
90.18820 3.307
90.19227 3.447
90.19634 3.447
90.20041 2.650
90.20448 2.720
90.20855 3.377
90.21261 2.861
90.21668 3.283
90.22075 2.932
90.22482 3.354
90.22889 2.978
90.23296 3.330
90.23703 3.143
90.24109 2.885
90.24516 3.213
90.24923 3.330
90.25330 2.885
90.25737 2.744
90.26144 3.518
90.26551 3.143
90.26957 3.330
90.27364 2.861
90.27771 3.283
90.28178 2.697
90.28585 2.932
90.28992 3.189
90.29398 3.143
90.29805 2.955
90.30212 3.260
90.30619 3.025
90.31026 2.814
90.31433 3.541
90.31840 3.119
90.32246 2.885
90.32653 3.213
90.33060 3.002
90.33467 3.213
90.33874 3.072
90.34281 3.354
90.34687 3.377
90.35094 3.260
90.35501 2.861
90.35908 2.509
90.36315 3.189
90.36722 3.377
90.37129 2.885
90.37535 3.143
90.37942 3.236
90.38349 3.049
90.38756 3.330
90.39163 3.189
90.39570 3.119
90.39977 3.096
90.40383 2.908
90.40790 3.049
90.41197 2.932
90.41604 3.541
90.42011 3.354
90.42418 2.908
90.42824 3.049
90.43231 3.565
90.43638 3.307
90.44045 3.025
90.44452 3.049
90.44859 3.143
90.45266 3.049
90.45672 2.720
90.46079 2.885
90.46486 2.932
90.46893 2.416
90.47300 2.720
90.47707 2.955
90.48114 3.260
90.48520 3.025
90.48927 3.189
90.49334 2.978
90.49741 3.049
90.50148 3.049
90.50555 2.462
90.50961 2.767
90.51368 3.260
90.51775 2.908
90.52182 2.885
90.52589 3.518
90.52996 3.049
90.53403 3.213
90.53809 2.955
90.54216 3.143
90.54623 2.791
90.55030 3.049
90.55437 2.674
90.55844 2.838
90.56250 3.119
90.56657 2.955
90.57064 2.908
90.57471 2.908
90.57878 3.283
90.58285 3.189
90.58692 2.650
90.59098 3.189
90.59505 3.166
90.59912 3.166
90.60319 2.392
90.60726 3.072
90.61133 2.556
90.61540 3.283
90.61946 2.650
90.62353 3.635
90.62760 3.354
90.63167 3.072
90.63574 3.166
90.63981 3.189
90.64387 3.307
90.64794 2.955
90.65201 2.932
90.65608 2.885
90.66015 3.354
90.66422 2.556
90.66829 3.002
90.67235 2.978
90.67642 2.603
90.68049 3.260
90.68456 3.049
90.68863 2.955
90.69270 3.143
90.69677 2.978
90.70083 2.885
90.70490 3.166
90.70897 3.189
90.71304 2.791
90.71711 2.767
90.72118 2.697
90.72524 3.494
90.72931 3.354
90.73338 3.377
90.73745 2.744
90.74152 3.565
90.74559 2.674
90.74966 2.955
90.75372 3.049
90.75779 3.447
90.76186 3.189
90.76593 3.002
90.77000 3.072
90.77407 3.119
90.77813 2.932
90.78220 3.143
90.78627 2.908
90.79034 3.377
90.79441 3.283
90.79848 2.767
90.80255 2.650
90.80661 2.908
90.81068 3.283
90.81475 2.885
90.81882 2.767
90.82289 3.002
90.82696 2.556
90.83103 2.767
90.83509 3.471
90.83916 2.814
90.84323 3.424
90.84730 3.424
90.85137 3.189
90.85544 3.330
90.85950 3.213
90.86357 2.697
90.86764 3.213
90.87171 2.978
90.87578 3.236
90.87985 3.307
90.88392 3.330
90.88798 3.189
90.89205 3.236
90.89612 3.330
90.90019 2.674
90.90426 2.932
90.90833 2.744
90.91239 2.814
90.91646 3.049
90.92053 3.025
90.92460 2.932
90.92867 3.072
90.93274 2.932
90.93681 3.096
90.94087 3.096
90.94494 3.377
90.94901 2.814
90.95308 2.791
90.95715 2.885
90.96122 3.213
90.96529 2.791
90.96935 3.189
90.97342 3.072
90.97749 3.189
90.98156 2.603
90.98563 3.377
90.98970 3.096
90.99376 3.518
90.99783 2.838
91.00190 2.955
91.00597 2.767
91.01004 3.166
91.01411 3.776
91.01818 2.908
91.02224 2.838
91.02631 2.861
91.03038 3.283
91.03445 2.908
91.03852 2.955
91.04259 3.002
91.04666 3.096
91.05072 2.908
91.05479 3.189
91.05886 3.612
91.06293 3.049
91.06700 3.307
91.07107 3.049
91.07513 2.767
91.07920 2.955
91.08327 3.236
91.08734 2.650
91.09141 2.580
91.09548 3.213
91.09955 3.283
91.10361 3.283
91.10768 3.354
91.11175 3.377
91.11582 3.119
91.11989 3.260
91.12396 3.494
91.12802 3.072
91.13209 3.659
91.13616 3.635
91.14023 3.330
91.14430 2.955
91.14837 3.213
91.15244 2.978
91.15650 2.861
91.16057 3.377
91.16464 2.932
91.16871 2.955
91.17278 3.166
91.17685 3.424
91.18092 2.744
91.18498 2.767
91.18905 3.119
91.19312 3.119
91.19719 2.838
91.20126 2.767
91.20533 3.072
91.20939 2.791
91.21346 2.978
91.21753 2.838
91.22160 2.674
91.22567 2.908
91.22974 3.143
91.23381 3.002
91.23787 2.791
91.24194 3.354
91.24601 3.213
91.25008 2.978
91.25415 2.861
91.25822 2.767
91.26229 2.814
91.26635 2.767
91.27042 2.978
91.27449 2.861
91.27856 2.838
91.28263 2.814
91.28670 3.049
91.29076 2.791
91.29483 2.932
91.29890 3.424
91.30297 3.260
91.30704 3.166
91.31111 3.002
91.31518 3.330
91.31924 2.744
91.32331 2.650
91.32738 3.049
91.33145 2.978
91.33552 2.814
91.33959 2.955
91.34365 2.650
91.34772 3.213
91.35179 3.330
91.35586 3.002
91.35993 3.236
91.36400 3.049
91.36807 3.307
91.37213 3.659
91.37620 3.119
91.38027 3.189
91.38434 3.260
91.38841 2.674
91.39248 3.072
91.39655 2.674
91.40061 3.049
91.40468 3.049
91.40875 3.682
91.41282 2.720
91.41689 2.814
91.42096 3.166
91.42502 3.283
91.42909 3.236
91.43316 2.908
91.43723 3.213
91.44130 3.096
91.44537 2.861
91.44944 2.838
91.45350 3.025
91.45757 3.330
91.46164 2.791
91.46571 2.744
91.46978 3.236
91.47385 2.627
91.47792 2.814
91.48198 3.752
91.48605 3.236
91.49012 2.814
91.49419 2.978
91.49826 3.002
91.50233 3.072
91.50639 3.213
91.51046 2.697
91.51453 3.354
91.51860 2.861
91.52267 3.260
91.52674 2.744
91.53081 2.627
91.53487 3.049
91.53894 3.236
91.54301 3.236
91.54708 3.049
91.55115 2.486
91.55522 3.166
91.55928 3.752
91.56335 2.838
91.56742 2.932
91.57149 3.072
91.57556 3.143
91.57963 2.861
91.58370 2.369
91.58776 3.096
91.59183 3.354
91.59590 2.838
91.59997 3.377
91.60404 3.072
91.60811 2.791
91.61218 3.283
91.61624 2.580
91.62031 2.814
91.62438 3.447
91.62845 3.377
91.63252 3.096
91.63659 2.392
91.64065 2.814
91.64472 2.955
91.64879 3.236
91.65286 2.767
91.65693 3.072
91.66100 3.189
91.66507 2.885
91.66913 3.424
91.67320 3.189
91.67727 3.283
91.68134 3.494
91.68541 2.932
91.68948 2.885
91.69354 2.932
91.69761 3.119
91.70168 2.932
91.70575 3.002
91.70982 2.932
91.71389 3.354
91.71796 3.494
91.72202 3.025
91.72609 2.978
91.73016 2.814
91.73423 2.932
91.73830 3.025
91.74237 2.767
91.74644 3.330
91.75050 3.354
91.75457 3.283
91.75864 2.650
91.76271 2.932
91.76678 2.603
91.77085 3.119
91.77491 2.838
91.77898 3.143
91.78305 2.720
91.78712 3.377
91.79119 2.885
91.79526 3.213
91.79933 3.143
91.80339 2.978
91.80746 2.603
91.81153 2.556
91.81560 3.307
91.81967 2.978
91.82374 2.885
91.82781 2.978
91.83187 2.885
91.83594 3.283
91.84001 3.401
91.84408 3.002
91.84815 3.588
91.85222 3.541
91.85628 3.189
91.86035 3.072
91.86442 3.189
91.86849 3.330
91.87256 3.330
91.87663 2.885
91.88070 3.166
91.88476 2.814
91.88883 2.861
91.89290 2.814
91.89697 3.213
91.90104 3.213
91.90511 2.556
91.90917 2.908
91.91324 3.166
91.91731 2.932
91.92138 3.283
91.92545 2.885
91.92952 2.861
91.93359 2.978
91.93765 2.791
91.94172 3.189
91.94579 2.861
91.94986 2.861
91.95393 3.260
91.95800 3.705
91.96207 2.533
91.96613 2.932
91.97020 2.978
91.97427 2.720
91.97834 3.025
91.98241 3.283
91.98648 3.119
91.99054 3.189
91.99461 2.885
91.99868 3.330
92.00275 3.283
92.00682 2.955
92.01089 3.377
92.01496 3.260
92.01902 2.932
92.02309 3.143
92.02716 3.189
92.03123 2.932
92.03530 2.744
92.03937 3.189
92.04344 2.744
92.04750 2.955
92.05157 3.283
92.05564 3.377
92.05971 3.025
92.06378 2.838
92.06785 2.885
92.07191 2.861
92.07598 2.744
92.08005 2.955
92.08412 3.166
92.08819 3.236
92.09226 2.978
92.09633 2.861
92.10039 3.471
92.10446 2.791
92.10853 3.354
92.11260 3.354
92.11667 3.236
92.12074 3.588
92.12480 2.650
92.12887 3.189
92.13294 2.697
92.13701 2.650
92.14108 2.650
92.14515 3.049
92.14922 3.635
92.15328 2.932
92.15735 2.744
92.16142 2.814
92.16549 3.330
92.16956 2.697
92.17363 2.908
92.17770 3.002
92.18176 3.213
92.18583 2.955
92.18990 3.799
92.19397 2.932
92.19804 3.002
92.20211 3.354
92.20617 3.049
92.21024 2.744
92.21431 2.674
92.21838 3.236
92.22245 3.143
92.22652 3.143
92.23059 3.143
92.23465 2.674
92.23872 3.025
92.24279 3.096
92.24686 2.908
92.25093 3.330
92.25500 2.533
92.25907 3.072
92.26313 3.283
92.26720 3.189
92.27127 3.025
92.27534 2.932
92.27941 2.603
92.28348 2.861
92.28754 3.236
92.29161 3.330
92.29568 3.025
92.29975 3.166
92.30382 2.767
92.30789 3.025
92.31196 3.494
92.31602 2.885
92.32009 2.697
92.32416 2.791
92.32823 3.705
92.33230 3.283
92.33637 3.213
92.34043 3.002
92.34450 3.049
92.34857 3.541
92.35264 2.603
92.35671 3.424
92.36078 3.752
92.36485 3.283
92.36891 3.307
92.37298 3.401
92.37705 3.752
92.38112 3.213
92.38519 3.049
92.38926 3.049
92.39333 2.955
92.39739 3.213
92.40146 2.580
92.40553 2.791
92.40960 3.377
92.41367 2.932
92.41774 3.283
92.42180 2.932
92.42587 3.260
92.42994 2.650
92.43401 3.471
92.43808 3.283
92.44215 2.932
92.44622 3.330
92.45028 2.580
92.45435 3.072
92.45842 2.697
92.46249 2.955
92.46656 3.330
92.47063 3.213
92.47470 2.978
92.47876 3.002
92.48283 3.143
92.48690 2.932
92.49097 3.307
92.49504 2.744
92.49911 3.705
92.50317 2.908
92.50724 3.283
92.51131 3.283
92.51538 3.236
92.51945 2.885
92.52352 2.744
92.52759 3.002
92.53165 3.072
92.53572 2.955
92.53979 2.838
92.54386 3.213
92.54793 3.260
92.55200 3.893
92.55606 2.932
92.56013 3.401
92.56420 2.955
92.56827 3.354
92.57234 3.025
92.57641 3.213
92.58048 3.307
92.58454 2.885
92.58861 2.885
92.59268 3.377
92.59675 2.955
92.60082 3.096
92.60489 2.603
92.60896 2.838
92.61302 2.744
92.61709 2.814
92.62116 2.978
92.62523 3.189
92.62930 2.885
92.63337 2.814
92.63743 3.283
92.64150 3.096
92.64557 3.401
92.64964 3.377
92.65371 2.932
92.65778 2.955
92.66185 2.978
92.66591 3.189
92.66998 3.025
92.67405 3.354
92.67812 2.650
92.68219 2.814
92.68626 2.955
92.69032 2.697
92.69439 2.885
92.69846 2.932
92.70253 3.119
92.70660 2.720
92.71067 3.541
92.71474 3.072
92.71880 2.978
92.72287 3.494
92.72694 3.705
92.73101 3.072
92.73508 3.166
92.73915 3.283
92.74322 3.635
92.74728 3.260
92.75135 3.471
92.75542 3.002
92.75949 3.283
92.76356 2.814
92.76763 3.049
92.77169 3.096
92.77576 3.096
92.77983 3.166
92.78390 2.814
92.78797 3.283
92.79204 2.932
92.79611 3.143
92.80017 3.330
92.80424 3.518
92.80831 2.978
92.81238 2.509
92.81645 3.752
92.82052 3.213
92.82459 3.236
92.82865 3.119
92.83272 3.049
92.83679 3.072
92.84086 3.096
92.84493 3.096
92.84900 3.354
92.85306 3.424
92.85713 3.119
92.86120 3.330
92.86527 3.588
92.86934 2.955
92.87341 3.189
92.87748 3.401
92.88154 3.565
92.88561 3.588
92.88968 3.893
92.89375 3.166
92.89782 3.401
92.90189 3.119
92.90595 3.049
92.91002 3.752
92.91409 3.424
92.91816 3.705
92.92223 3.401
92.92630 4.081
92.93037 3.541
92.93443 4.010
92.93850 3.588
92.94257 2.978
92.94664 3.541
92.95071 3.518
92.95478 3.541
92.95885 3.424
92.96291 3.377
92.96698 3.424
92.97105 3.447
92.97512 3.565
92.97919 3.541
92.98326 3.612
92.98732 3.799
92.99139 3.330
92.99546 3.377
92.99953 2.955
93.00360 3.236
93.00767 3.963
93.01174 3.447
93.01580 3.236
93.01987 3.729
93.02394 2.861
93.02801 3.236
93.03208 3.447
93.03615 3.729
93.04022 4.128
93.04428 3.096
93.04835 3.447
93.05242 3.682
93.05649 3.917
93.06056 3.401
93.06463 3.471
93.06869 3.354
93.07276 3.377
93.07683 3.401
93.08090 3.260
93.08497 3.447
93.08904 3.612
93.09311 3.424
93.09717 3.471
93.10124 3.541
93.10531 3.565
93.10938 3.612
93.11345 3.330
93.11752 3.494
93.12158 3.518
93.12565 3.729
93.12972 3.471
93.13379 3.963
93.13786 4.010
93.14193 3.447
93.14600 3.659
93.15006 3.447
93.15413 3.940
93.15820 3.893
93.16227 3.823
93.16634 4.432
93.17041 3.940
93.17448 4.198
93.17854 4.339
93.18261 3.635
93.18668 3.682
93.19075 3.682
93.19482 3.846
93.19889 4.737
93.20295 4.128
93.20702 3.963
93.21109 4.104
93.21516 4.292
93.21923 4.057
93.22330 4.104
93.22737 4.597
93.23143 4.784
93.23550 3.893
93.23957 4.198
93.24364 4.761
93.24771 4.104
93.25178 4.526
93.25585 4.902
93.25991 4.315
93.26398 4.339
93.26805 4.479
93.27212 4.432
93.27619 3.870
93.28026 4.245
93.28432 4.714
93.28839 4.620
93.29246 4.479
93.29653 4.597
93.30060 4.690
93.30467 4.644
93.30874 4.128
93.31280 4.878
93.31687 5.230
93.32094 5.066
93.32501 4.737
93.32908 4.737
93.33315 5.300
93.33721 5.019
93.34128 4.667
93.34535 4.339
93.34942 4.456
93.35349 4.690
93.35756 4.714
93.36163 4.432
93.36569 3.987
93.36976 4.386
93.37383 5.019
93.37790 4.104
93.38197 4.245
93.38604 4.597
93.39011 5.019
93.39417 5.113
93.39824 5.042
93.40231 4.737
93.40638 4.925
93.41045 5.113
93.41452 4.831
93.41858 4.573
93.42265 4.784
93.42672 5.441
93.43079 5.113
93.43486 5.253
93.43893 4.902
93.44300 5.347
93.44706 4.644
93.45113 5.113
93.45520 5.511
93.45927 5.347
93.46334 5.277
93.46741 5.159
93.47147 5.699
93.47554 5.136
93.47961 4.972
93.48368 4.878
93.48775 5.441
93.49182 5.394
93.49589 5.511
93.49995 5.488
93.50402 5.582
93.50809 5.558
93.51216 5.722
93.51623 4.737
93.52030 5.441
93.52437 5.136
93.52843 5.347
93.53250 5.183
93.53657 5.535
93.54064 5.464
93.54471 5.558
93.54878 5.300
93.55284 5.769
93.55691 5.159
93.56098 4.948
93.56505 4.831
93.56912 6.238
93.57319 5.300
93.57726 5.347
93.58132 5.793
93.58539 5.675
93.58946 4.902
93.59353 5.371
93.59760 5.558
93.60167 5.089
93.60574 5.558
93.60980 5.206
93.61387 5.746
93.61794 5.042
93.62201 5.324
93.62608 5.699
93.63015 5.136
93.63421 5.324
93.63828 5.863
93.64235 5.113
93.64642 5.722
93.65049 5.324
93.65456 5.488
93.65863 4.808
93.66269 4.948
93.66676 4.550
93.67083 5.113
93.67490 5.746
93.67897 5.347
93.68304 5.347
93.68710 4.995
93.69117 4.714
93.69524 5.136
93.69931 5.159
93.70338 4.526
93.70745 4.948
93.71152 5.652
93.71558 4.573
93.71965 5.042
93.72372 5.816
93.72779 4.831
93.73186 5.886
93.73593 4.644
93.74000 4.386
93.74406 4.526
93.74813 5.206
93.75220 4.878
93.75627 4.526
93.76034 5.136
93.76441 4.878
93.76847 4.597
93.77254 4.644
93.77661 5.277
93.78068 5.230
93.78475 4.784
93.78882 4.855
93.79289 4.573
93.79695 4.690
93.80102 4.925
93.80509 4.573
93.80916 4.948
93.81323 4.737
93.81730 5.066
93.82137 4.737
93.82543 4.644
93.82950 4.362
93.83357 4.456
93.83764 4.526
93.84171 4.644
93.84578 4.010
93.84984 4.432
93.85391 4.034
93.85798 3.987
93.86205 4.315
93.86612 5.136
93.87019 4.597
93.87426 4.573
93.87832 4.526
93.88239 4.151
93.88646 4.503
93.89053 4.432
93.89460 4.831
93.89867 4.503
93.90273 4.010
93.90680 4.362
93.91087 4.386
93.91494 4.479
93.91901 4.456
93.92308 4.081
93.92715 4.479
93.93121 4.526
93.93528 4.174
93.93935 4.292
93.94342 4.362
93.94749 3.963
93.95156 4.620
93.95563 4.081
93.95969 4.268
93.96376 4.456
93.96783 4.456
93.97190 4.456
93.97597 4.432
93.98004 4.081
93.98410 4.362
93.98817 3.776
93.99224 4.151
93.99631 3.987
94.00038 4.503
94.00445 5.019
94.00852 4.386
94.01258 3.518
94.01665 4.128
94.02072 4.010
94.02479 4.198
94.02886 4.690
94.03293 4.057
94.03700 3.518
94.04106 3.987
94.04513 3.682
94.04920 3.776
94.05327 3.705
94.05734 3.776
94.06141 4.151
94.06547 3.799
94.06954 3.846
94.07361 4.128
94.07768 4.081
94.08175 3.635
94.08582 4.081
94.08989 3.893
94.09395 3.588
94.09802 3.612
94.10209 3.917
94.10616 3.752
94.11023 3.776
94.11430 3.846
94.11836 4.057
94.12243 3.518
94.12650 4.057
94.13057 3.917
94.13464 3.635
94.13871 3.940
94.14278 3.729
94.14684 3.870
94.15091 3.635
94.15498 3.799
94.15905 4.174
94.16312 3.354
94.16719 3.963
94.17126 3.799
94.17532 3.635
94.17939 4.128
94.18346 3.565
94.18753 3.752
94.19160 4.057
94.19567 3.682
94.19973 3.823
94.20380 3.846
94.20787 3.963
94.21194 3.705
94.21601 3.541
94.22008 3.776
94.22415 4.010
94.22821 3.823
94.23228 3.143
94.23635 3.565
94.24042 3.729
94.24449 3.330
94.24856 3.072
94.25262 3.541
94.25669 3.893
94.26076 4.034
94.26483 3.917
94.26890 3.236
94.27297 3.752
94.27704 3.471
94.28110 3.494
94.28517 3.518
94.28924 3.494
94.29331 3.776
94.29738 3.166
94.30145 3.682
94.30552 3.424
94.30958 3.799
94.31365 3.588
94.31772 3.682
94.32179 4.245
94.32586 3.682
94.32993 3.447
94.33399 2.955
94.33806 3.424
94.34213 3.260
94.34620 3.799
94.35027 3.424
94.35434 4.128
94.35841 3.166
94.36247 3.776
94.36654 3.565
94.37061 3.541
94.37468 3.260
94.37875 3.424
94.38282 3.846
94.38689 3.659
94.39095 3.682
94.39502 3.447
94.39909 3.541
94.40316 3.401
94.40723 3.940
94.41130 3.447
94.41536 2.650
94.41943 3.799
94.42350 3.588
94.42757 3.659
94.43164 3.494
94.43571 3.424
94.43978 3.494
94.44384 3.729
94.44791 3.541
94.45198 3.471
94.45605 3.471
94.46012 2.838
94.46419 4.034
94.46825 3.565
94.47232 3.447
94.47639 3.635
94.48046 3.541
94.48453 3.283
94.48860 3.612
94.49267 3.189
94.49673 3.588
94.50080 3.260
94.50487 3.799
94.50894 3.447
94.51301 3.401
94.51708 3.917
94.52115 3.401
94.52521 3.729
94.52928 3.424
94.53335 3.424
94.53742 3.401
94.54149 4.010
94.54556 3.213
94.54962 3.682
94.55369 3.072
94.55776 3.541
94.56183 3.729
94.56590 2.720
94.56997 3.447
94.57404 3.705
94.57810 3.893
94.58217 3.659
94.58624 3.424
94.59031 3.401
94.59438 2.814
94.59845 3.354
94.60252 3.236
94.60658 4.151
94.61065 3.705
94.61472 3.330
94.61879 3.659
94.62286 3.049
94.62693 3.447
94.63099 3.307
94.63506 3.565
94.63913 3.635
94.64320 3.354
94.64727 3.236
94.65134 3.189
94.65541 3.729
94.65947 3.917
94.66354 3.893
94.66761 3.541
94.67168 3.705
94.67575 3.447
94.67982 3.635
94.68388 3.025
94.68795 3.541
94.69202 3.354
94.69609 3.612
94.70016 3.729
94.70423 3.471
94.70830 3.260
94.71236 3.705
94.71643 3.236
94.72050 3.189
94.72457 3.635
94.72864 3.471
94.73271 3.401
94.73678 3.401
94.74084 3.401
94.74491 3.870
94.74898 3.354
94.75305 3.659
94.75712 3.471
94.76119 3.213
94.76525 3.072
94.76932 3.260
94.77339 3.401
94.77746 3.776
94.78153 3.143
94.78560 3.494
94.78967 3.283
94.79373 3.189
94.79780 3.260
94.80187 3.354
94.80594 3.189
94.81001 3.096
94.81408 3.236
94.81815 3.682
94.82221 3.612
94.82628 3.494
94.83035 3.635
94.83442 3.541
94.83849 3.940
94.84256 3.283
94.84662 3.588
94.85069 3.002
94.85476 3.565
94.85883 3.283
94.86290 3.494
94.86697 3.424
94.87104 3.143
94.87510 3.447
94.87917 3.189
94.88324 3.354
94.88731 3.354
94.89138 3.283
94.89545 3.541
94.89951 3.377
94.90358 3.494
94.90765 2.791
94.91172 3.283
94.91579 2.978
94.91986 3.682
94.92393 3.166
94.92799 3.213
94.93206 3.870
94.93613 3.494
94.94020 3.541
94.94427 3.635
94.94834 3.447
94.95241 2.955
94.95647 3.541
94.96054 3.236
94.96461 3.260
94.96868 3.518
94.97275 3.330
94.97682 3.401
94.98088 2.861
94.98495 3.166
94.98902 3.143
94.99309 3.987
94.99716 3.401
95.00123 3.260
95.00530 3.541
95.00936 3.518
95.01343 3.612
95.01750 2.978
95.02157 3.401
95.02564 3.377
95.02971 3.213
95.03377 3.213
95.03784 3.401
95.04191 2.978
95.04598 3.354
95.05005 2.838
95.05412 3.518
95.05819 3.002
95.06225 3.518
95.06632 2.861
95.07039 3.072
95.07446 3.283
95.07853 3.002
95.08260 3.307
95.08667 3.283
95.09073 2.650
95.09480 3.260
95.09887 3.518
95.10294 3.471
95.10701 3.377
95.11108 3.213
95.11514 3.283
95.11921 3.588
95.12328 3.565
95.12735 3.612
95.13142 3.401
95.13549 3.213
95.13956 3.307
95.14362 3.166
95.14769 3.424
95.15176 3.424
95.15583 2.838
95.15990 3.330
95.16397 3.236
95.16804 2.978
95.17210 3.307
95.17617 3.213
95.18024 3.283
95.18431 3.377
95.18838 3.401
95.19245 3.307
95.19651 3.307
95.20058 3.424
95.20465 3.917
95.20872 3.752
95.21279 3.823
95.21686 3.283
95.22093 3.846
95.22499 3.846
95.22906 3.588
95.23313 3.682
95.23720 3.541
95.24127 3.823
95.24534 3.823
95.24940 4.081
95.25347 3.823
95.25754 3.893
95.26161 3.846
95.26568 3.377
95.26975 4.010
95.27382 3.917
95.27788 4.128
95.28195 3.917
95.28602 4.245
95.29009 3.612
95.29416 3.729
95.29823 3.705
95.30230 4.479
95.30636 4.268
95.31043 4.714
95.31450 4.081
95.31857 3.870
95.32264 3.799
95.32671 4.057
95.33077 4.057
95.33484 3.870
95.33891 3.447
95.34298 4.268
95.34705 3.940
95.35112 4.315
95.35519 3.377
95.35925 3.189
95.36332 3.096
95.36739 3.799
95.37146 3.705
95.37553 3.283
95.37960 3.659
95.38367 3.917
95.38773 3.260
95.39180 3.119
95.39587 3.049
95.39994 3.776
95.40401 3.471
95.40808 3.729
95.41214 3.494
95.41621 3.401
95.42028 3.588
95.42435 3.377
95.42842 3.236
95.43249 3.471
95.43656 3.143
95.44062 3.612
95.44469 3.283
95.44876 3.213
95.45283 3.401
95.45690 3.401
95.46097 3.072
95.46503 3.283
95.46910 3.471
95.47317 3.307
95.47724 3.307
95.48131 3.846
95.48538 3.471
95.48945 3.401
95.49351 3.471
95.49758 3.940
95.50165 3.002
95.50572 3.776
95.50979 3.401
95.51386 3.049
95.51793 2.814
95.52199 3.776
95.52606 3.213
95.53013 3.682
95.53420 3.283
95.53827 2.697
95.54234 2.674
95.54640 3.447
95.55047 3.236
95.55454 3.189
95.55861 3.635
95.56268 3.189
95.56675 3.612
95.57082 3.518
95.57488 3.213
95.57895 3.682
95.58302 3.799
95.58709 3.612
95.59116 3.166
95.59523 3.635
95.59930 3.354
95.60336 3.612
95.60743 3.705
95.61150 3.424
95.61557 2.932
95.61964 3.682
95.62371 3.377
95.62777 4.198
95.63184 3.494
95.63591 3.494
95.63998 3.635
95.64405 3.260
95.64812 3.635
95.65219 3.213
95.65625 3.166
95.66032 3.377
95.66439 4.221
95.66846 3.307
95.67253 3.799
95.67660 3.846
95.68066 3.377
95.68473 3.471
95.68880 3.401
95.69287 3.705
95.69694 3.002
95.70101 3.752
95.70508 3.049
95.70914 2.978
95.71321 3.447
95.71728 2.720
95.72135 2.838
95.72542 2.791
95.72949 2.533
95.73356 3.049
95.73762 3.424
95.74169 3.025
95.74576 2.627
95.74983 3.072
95.75390 3.049
95.75797 3.354
95.76203 3.025
95.76610 3.447
95.77017 2.674
95.77424 3.213
95.77831 3.025
95.78238 2.885
95.78645 2.955
95.79051 3.354
95.79458 3.236
95.79865 2.767
95.80272 3.518
95.80679 3.002
95.81086 3.189
95.81493 3.330
95.81899 2.580
95.82306 2.814
95.82713 2.767
95.83120 2.767
95.83527 3.119
95.83934 3.236
95.84340 3.025
95.84747 3.283
95.85154 2.627
95.85561 3.283
95.85968 3.189
95.86375 2.955
95.86782 2.838
95.87188 3.002
95.87595 3.213
95.88002 3.119
95.88409 3.401
95.88816 3.049
95.89223 3.776
95.89629 2.814
95.90036 2.978
95.90443 3.401
95.90850 3.119
95.91257 3.049
95.91664 3.189
95.92071 3.002
95.92477 2.767
95.92884 3.072
95.93291 2.861
95.93698 3.236
95.94105 3.377
95.94512 3.447
95.94919 2.885
95.95325 2.720
95.95732 3.377
95.96139 3.213
95.96546 3.096
95.96953 2.885
95.97360 2.978
95.97766 3.541
95.98173 3.166
95.98580 3.447
95.98987 2.791
95.99394 3.002
95.99801 3.143
96.00208 2.861
96.00614 2.861
96.01021 3.002
96.01428 2.932
96.01835 3.119
96.02242 3.072
96.02649 3.096
96.03055 3.236
96.03462 2.462
96.03869 2.767
96.04276 2.978
96.04683 3.025
96.05090 3.049
96.05497 3.518
96.05903 2.603
96.06310 3.072
96.06717 3.424
96.07124 2.791
96.07531 2.603
96.07938 3.072
96.08345 2.556
96.08751 2.603
96.09158 3.002
96.09565 3.025
96.09972 3.096
96.10379 2.955
96.10786 2.908
96.11192 3.354
96.11599 2.580
96.12006 3.424
96.12413 2.767
96.12820 2.392
96.13227 3.143
96.13634 2.861
96.14040 2.814
96.14447 3.189
96.14854 2.509
96.15261 3.189
96.15668 2.978
96.16075 2.978
96.16482 2.838
96.16888 3.025
96.17295 3.307
96.17702 3.471
96.18109 2.603
96.18516 3.096
96.18923 3.236
96.19329 3.236
96.19736 3.049
96.20143 2.486
96.20550 3.401
96.20957 2.838
96.21364 2.955
96.21771 3.143
96.22177 2.885
96.22584 2.697
96.22991 3.424
96.23398 3.025
96.23805 3.213
96.24212 2.603
96.24618 3.189
96.25025 2.861
96.25432 3.307
96.25839 3.002
96.26246 3.659
96.26653 3.002
96.27060 2.932
96.27466 2.908
96.27873 2.978
96.28280 3.096
96.28687 3.236
96.29094 2.908
96.29501 2.932
96.29908 3.072
96.30314 2.932
96.30721 2.908
96.31128 3.049
96.31535 3.354
96.31942 3.189
96.32349 2.955
96.32755 3.260
96.33162 2.814
96.33569 3.096
96.33976 3.166
96.34383 3.002
96.34790 2.814
96.35197 2.978
96.35603 2.955
96.36010 3.283
96.36417 3.213
96.36824 2.720
96.37231 2.885
96.37638 3.424
96.38045 2.767
96.38451 3.518
96.38858 2.814
96.39265 3.119
96.39672 2.978
96.40079 3.166
96.40486 3.049
96.40892 3.143
96.41299 2.814
96.41706 2.861
96.42113 3.471
96.42520 3.471
96.42927 3.307
96.43334 3.283
96.43740 3.002
96.44147 2.767
96.44554 3.354
96.44961 2.767
96.45368 2.205
96.45775 3.283
96.46181 2.744
96.46588 2.627
96.46995 3.659
96.47402 3.166
96.47809 3.283
96.48216 2.580
96.48623 3.354
96.49029 3.189
96.49436 3.565
96.49843 2.908
96.50250 3.119
96.50657 3.354
96.51064 3.189
96.51471 3.307
96.51877 3.283
96.52284 3.330
96.52691 3.189
96.53098 3.424
96.53505 3.377
96.53912 2.908
96.54318 3.119
96.54725 3.189
96.55132 2.814
96.55539 3.283
96.55946 3.447
96.56353 2.908
96.56760 3.143
96.57166 3.096
96.57573 3.612
96.57980 3.283
96.58387 3.471
96.58794 3.494
96.59201 3.002
96.59608 3.588
96.60014 3.260
96.60421 2.908
96.60828 3.025
96.61235 3.588
96.61642 3.377
96.62049 3.166
96.62455 3.260
96.62862 3.072
96.63269 3.189
96.63676 2.885
96.64083 3.330
96.64490 2.885
96.64897 3.143
96.65303 2.932
96.65710 2.932
96.66117 3.072
96.66524 2.955
96.66931 3.166
96.67338 3.330
96.67744 3.025
96.68151 3.401
96.68558 3.612
96.68965 3.612
96.69372 3.096
96.69779 3.213
96.70186 3.260
96.70592 3.096
96.70999 3.447
96.71406 3.025
96.71813 3.025
96.72220 2.908
96.72627 3.494
96.73034 3.213
96.73440 3.471
96.73847 2.791
96.74254 3.307
96.74661 3.189
96.75068 2.978
96.75475 3.143
96.75881 2.674
96.76288 3.354
96.76695 3.705
96.77102 2.814
96.77509 3.025
96.77916 3.377
96.78323 2.885
96.78729 2.720
96.79136 2.767
96.79543 3.096
96.79950 2.744
96.80357 3.119
96.80764 3.049
96.81170 2.814
96.81577 3.213
96.81984 3.401
96.82391 3.002
96.82798 2.861
96.83205 3.260
96.83612 3.283
96.84018 2.978
96.84425 2.932
96.84832 2.650
96.85239 3.119
96.85646 3.189
96.86053 3.401
96.86460 3.049
96.86866 3.166
96.87273 3.518
96.87680 3.424
96.88087 3.612
96.88494 3.096
96.88901 3.424
96.89307 2.978
96.89714 3.236
96.90121 3.096
96.90528 3.354
96.90935 2.838
96.91342 3.659
96.91749 3.025
96.92155 3.166
96.92562 3.143
96.92969 3.682
96.93376 3.541
96.93783 3.189
96.94190 3.612
96.94597 3.096
96.95003 3.401
96.95410 3.119
96.95817 3.166
96.96224 3.260
96.96631 3.213
96.97038 2.908
96.97444 3.166
96.97851 3.447
96.98258 3.213
96.98665 2.955
96.99072 2.674
96.99479 2.838
96.99886 3.236
97.00292 2.861
97.00699 3.283
97.01106 2.791
97.01513 3.025
97.01920 3.283
97.02327 3.283
97.02733 3.049
97.03140 3.354
97.03547 2.697
97.03954 3.588
97.04361 3.166
97.04768 3.283
97.05175 3.072
97.05581 3.025
97.05988 2.838
97.06395 2.955
97.06802 3.565
97.07209 3.072
97.07616 2.932
97.08023 2.908
97.08429 3.002
97.08836 2.861
97.09243 3.307
97.09650 2.838
97.10057 2.767
97.10464 3.072
97.10870 2.697
97.11277 3.424
97.11684 3.025
97.12091 3.283
97.12498 2.720
97.12905 3.002
97.13312 2.908
97.13718 2.955
97.14125 3.354
97.14532 3.893
97.14939 3.354
97.15346 3.096
97.15753 3.283
97.16160 3.096
97.16566 3.330
97.16973 2.885
97.17380 3.213
97.17787 3.096
97.18194 3.049
97.18601 3.119
97.19007 3.189
97.19414 3.002
97.19821 2.838
97.20228 3.307
97.20635 3.189
97.21042 3.143
97.21449 3.166
97.21855 2.720
97.22262 3.119
97.22669 3.025
97.23076 3.260
97.23483 3.283
97.23890 2.861
97.24296 3.049
97.24703 3.447
97.25110 3.447
97.25517 3.401
97.25924 2.627
97.26331 2.978
97.26738 3.166
97.27144 3.260
97.27551 3.143
97.27958 2.908
97.28365 3.213
97.28772 2.885
97.29179 3.002
97.29586 3.213
97.29992 3.307
97.30399 3.377
97.30806 2.720
97.31213 3.189
97.31620 3.213
97.32027 2.720
97.32433 3.166
97.32840 3.401
97.33247 2.978
97.33654 3.072
97.34061 2.814
97.34468 2.838
97.34875 2.533
97.35281 3.025
97.35688 2.814
97.36095 2.978
97.36502 3.260
97.36909 3.096
97.37316 2.932
97.37723 3.776
97.38129 2.885
97.38536 3.283
97.38943 3.401
97.39350 2.462
97.39757 3.049
97.40164 2.932
97.40570 3.424
97.40977 2.533
97.41384 3.119
97.41791 3.072
97.42198 2.791
97.42605 2.697
97.43012 2.603
97.43418 3.002
97.43825 3.283
97.44232 2.509
97.44639 2.861
97.45046 2.650
97.45453 3.049
97.45859 3.518
97.46266 3.096
97.46673 2.885
97.47080 3.166
97.47487 2.744
97.47894 2.674
97.48301 3.377
97.48707 3.025
97.49114 2.838
97.49521 3.213
97.49928 2.791
97.50335 3.471
97.50742 2.955
97.51149 3.213
97.51555 2.767
97.51962 3.025
97.52369 2.861
97.52776 3.260
97.53183 2.251
97.53590 3.166
97.53996 3.236
97.54403 3.471
97.54810 2.978
97.55217 2.697
97.55624 3.307
97.56031 2.627
97.56438 2.861
97.56844 2.861
97.57251 3.025
97.57658 3.025
97.58065 3.260
97.58472 2.978
97.58879 2.697
97.59285 2.650
97.59692 3.283
97.60099 2.932
97.60506 2.814
97.60913 2.697
97.61320 3.283
97.61727 3.189
97.62133 3.213
97.62540 3.236
97.62947 3.143
97.63354 2.791
97.63761 3.143
97.64168 3.119
97.64575 3.002
97.64981 3.072
97.65388 2.955
97.65795 2.838
97.66202 2.580
97.66609 2.932
97.67016 3.096
97.67422 2.814
97.67829 3.401
97.68236 3.518
97.68643 3.283
97.69050 3.025
97.69457 2.650
97.69864 2.908
97.70270 3.002
97.70677 3.072
97.71084 3.096
97.71491 2.814
97.71898 2.978
97.72305 2.885
97.72712 3.518
97.73118 3.260
97.73525 2.978
97.73932 2.814
97.74339 2.556
97.74746 2.978
97.75153 3.260
97.75559 2.650
97.75966 3.143
97.76373 3.260
97.76780 2.838
97.77187 3.166
97.77594 2.791
97.78001 3.025
97.78407 3.166
97.78814 3.072
97.79221 3.025
97.79628 3.096
97.80035 2.861
97.80442 3.025
97.80848 2.603
97.81255 2.955
97.81662 2.650
97.82069 3.447
97.82476 2.744
97.82883 2.627
97.83290 2.955
97.83696 3.377
97.84103 3.143
97.84510 2.978
97.84917 2.345
97.85324 2.767
97.85731 2.955
97.86138 2.744
97.86544 3.025
97.86951 2.650
97.87358 3.166
97.87765 3.189
97.88172 2.650
97.88579 2.955
97.88985 3.025
97.89392 2.627
97.89799 3.236
97.90206 3.049
97.90613 3.096
97.91020 2.955
97.91427 3.236
97.91833 3.189
97.92240 3.354
97.92647 3.002
97.93054 3.002
97.93461 3.002
97.93868 2.978
97.94275 2.650
97.94681 2.720
97.95088 2.908
97.95495 3.096
97.95902 3.072
97.96309 2.861
97.96716 3.049
97.97122 2.720
97.97529 2.955
97.97936 3.025
97.98343 2.932
97.98750 3.166
97.99157 3.189
97.99564 2.650
97.99970 3.025
98.00377 2.791
98.00784 2.932
98.01191 3.119
98.01598 2.486
98.02005 2.885
98.02411 2.932
98.02818 2.462
98.03225 3.377
98.03632 2.674
98.04039 3.166
98.04446 2.650
98.04853 2.955
98.05259 2.791
98.05666 2.838
98.06073 2.509
98.06480 2.908
98.06887 2.955
98.07294 2.627
98.07701 2.674
98.08107 3.236
98.08514 2.627
98.08921 3.119
98.09328 2.814
98.09735 2.720
98.10142 3.424
98.10548 2.932
98.10955 2.767
98.11362 3.049
98.11769 3.096
98.12176 2.509
98.12583 2.791
98.12990 3.002
98.13396 3.213
98.13803 2.603
98.14210 3.143
98.14617 3.072
98.15024 2.908
98.15431 2.744
98.15838 3.096
98.16244 2.885
98.16651 2.603
98.17058 3.025
98.17465 3.377
98.17872 3.213
98.18279 3.330
98.18685 2.978
98.19092 2.603
98.19499 2.814
98.19906 3.119
98.20313 3.119
98.20720 3.049
98.21127 3.049
98.21533 2.814
98.21940 2.650
98.22347 3.377
98.22754 3.330
98.23161 2.720
98.23568 3.025
98.23974 3.025
98.24381 3.143
98.24788 2.861
98.25195 3.096
98.25602 3.119
98.26009 2.861
98.26416 2.932
98.26822 2.861
98.27229 3.002
98.27636 2.814
98.28043 2.885
98.28450 2.955
98.28857 2.908
98.29264 3.119
98.29670 2.486
98.30077 3.377
98.30484 3.143
98.30891 3.307
98.31298 3.025
98.31705 2.885
98.32111 2.603
98.32518 3.166
98.32925 3.049
98.33332 2.462
98.33739 3.025
98.34146 2.744
98.34553 3.002
98.34959 3.002
98.35366 3.354
98.35773 2.814
98.36180 3.096
98.36587 2.744
98.36994 2.627
98.37401 3.025
98.37807 2.556
98.38214 3.049
98.38621 3.307
98.39028 3.307
98.39435 2.767
98.39842 3.096
98.40248 2.697
98.40655 3.002
98.41062 2.627
98.41469 2.955
98.41876 2.861
98.42283 3.119
98.42690 2.791
98.43096 3.189
98.43503 2.650
98.43910 3.471
98.44317 2.697
98.44724 3.025
98.45131 2.814
98.45537 2.861
98.45944 3.096
98.46351 3.189
98.46758 2.767
98.47165 2.744
98.47572 3.236
98.47979 3.213
98.48385 2.908
98.48792 3.049
98.49199 2.627
98.49606 3.260
98.50013 2.791
98.50420 3.354
98.50827 2.908
98.51233 2.627
98.51640 2.885
98.52047 2.767
98.52454 3.565
98.52861 3.166
98.53268 3.659
98.53674 3.213
98.54081 2.767
98.54488 3.166
98.54895 2.955
98.55302 3.189
98.55709 2.955
98.56116 3.541
98.56522 2.885
98.56929 3.049
98.57336 3.049
98.57743 3.096
98.58150 2.744
98.58557 3.072
98.58963 2.697
98.59370 3.002
98.59777 2.908
98.60184 3.072
98.60591 2.955
98.60998 2.791
98.61405 2.697
98.61811 3.236
98.62218 3.189
98.62625 3.096
98.63032 3.236
98.63439 3.025
98.63846 3.354
98.64253 3.143
98.64659 3.166
98.65066 3.260
98.65473 3.166
98.65880 2.978
98.66287 2.814
98.66694 3.377
98.67100 2.861
98.67507 2.791
98.67914 2.978
98.68321 2.838
98.68728 2.861
98.69135 3.166
98.69542 3.002
98.69948 2.603
98.70355 3.189
98.70762 3.002
98.71169 2.861
98.71576 3.447
98.71983 3.166
98.72390 2.486
98.72796 3.143
98.73203 3.424
98.73610 2.932
98.74017 3.752
98.74424 2.744
98.74831 3.471
98.75237 3.447
98.75644 3.565
98.76051 2.861
98.76458 3.377
98.76865 2.978
98.77272 2.603
98.77679 2.298
98.78085 3.025
98.78492 2.674
98.78899 3.260
98.79306 3.119
98.79713 3.025
98.80120 2.978
98.80526 2.744
98.80933 2.978
98.81340 3.143
98.81747 3.143
98.82154 2.932
98.82561 3.072
98.82968 2.580
98.83374 2.650
98.83781 3.025
98.84188 3.260
98.84595 3.072
98.85002 3.096
98.85409 3.096
98.85816 3.072
98.86222 3.401
98.86629 3.166
98.87036 3.283
98.87443 2.791
98.87850 3.189
98.88257 2.744
98.88663 3.096
98.89070 3.189
98.89477 3.307
98.89884 3.213
98.90291 2.791
98.90698 3.330
98.91105 2.932
98.91511 3.166
98.91918 3.354
98.92325 2.814
98.92732 2.908
98.93139 3.189
98.93546 2.932
98.93953 2.861
98.94359 3.541
98.94766 3.307
98.95173 3.236
98.95580 3.002
98.95987 3.025
98.96394 3.471
98.96800 2.814
98.97207 3.002
98.97614 3.260
98.98021 3.119
98.98428 3.213
98.98835 3.189
98.99242 3.401
98.99648 2.955
99.00055 2.861
99.00462 2.627
99.00869 2.861
99.01276 2.627
99.01683 3.189
99.02089 3.401
99.02496 3.330
99.02903 2.697
99.03310 2.838
99.03717 3.330
99.04124 3.283
99.04531 3.354
99.04937 3.119
99.05344 2.955
99.05751 3.096
99.06158 3.354
99.06565 2.767
99.06972 2.932
99.07379 2.720
99.07785 3.119
99.08192 3.307
99.08599 2.697
99.09006 3.307
99.09413 3.447
99.09820 3.166
99.10226 3.213
99.10633 3.260
99.11040 3.260
99.11447 3.166
99.11854 3.049
99.12261 2.838
99.12668 3.119
99.13074 3.143
99.13481 3.471
99.13888 2.932
99.14295 3.002
99.14702 3.096
99.15109 3.260
99.15516 3.213
99.15922 3.354
99.16329 3.096
99.16736 2.814
99.17143 3.307
99.17550 2.861
99.17957 2.533
99.18363 3.096
99.18770 3.330
99.19177 3.213
99.19584 3.260
99.19991 3.025
99.20398 3.236
99.20805 3.119
99.21211 3.072
99.21618 3.330
99.22025 3.447
99.22432 2.791
99.22839 3.447
99.23246 3.166
99.23652 3.072
99.24059 2.744
99.24466 3.166
99.24873 3.213
99.25280 2.978
99.25687 3.518
99.26094 2.955
99.26500 3.354
99.26907 2.767
99.27314 3.025
99.27721 3.072
99.28128 3.236
99.28535 3.260
99.28942 3.705
99.29348 2.908
99.29755 2.603
99.30162 3.260
99.30569 3.119
99.30976 3.143
99.31383 3.166
99.31789 3.236
99.32196 3.166
99.32603 2.978
99.33010 2.814
99.33417 2.861
99.33824 2.932
99.34231 3.189
99.34637 3.072
99.35044 3.049
99.35451 3.119
99.35858 2.603
99.36265 3.471
99.36672 2.791
99.37078 3.096
99.37485 2.603
99.37892 3.401
99.38299 3.447
99.38706 2.978
99.39113 3.119
99.39520 3.541
99.39926 2.932
99.40333 2.509
99.40740 3.307
99.41147 3.307
99.41554 3.002
99.41961 2.908
99.42368 3.166
99.42774 3.307
99.43181 2.932
99.43588 2.932
99.43995 2.674
99.44402 2.791
99.44809 3.096
99.45215 3.283
99.45622 2.650
99.46029 3.072
99.46436 3.072
99.46843 2.932
99.47250 2.885
99.47657 3.189
99.48063 3.401
99.48470 3.236
99.48877 2.486
99.49284 3.166
99.49691 3.119
99.50098 3.283
99.50505 2.720
99.50911 3.330
99.51318 2.838
99.51725 2.838
99.52132 2.978
99.52539 3.025
99.52946 2.767
99.53352 3.236
99.53759 2.767
99.54166 3.213
99.54573 2.674
99.54980 2.861
99.55387 3.072
99.55794 3.025
99.56200 2.627
99.56607 2.416
99.57014 3.049
99.57421 2.955
99.57828 2.861
99.58235 2.908
99.58641 2.720
99.59048 2.627
99.59455 2.955
99.59862 3.659
99.60269 3.236
99.60676 2.533
99.61083 2.932
99.61489 2.908
99.61896 3.189
99.62303 3.166
99.62710 2.838
99.63117 3.096
99.63524 3.166
99.63931 3.072
99.64337 2.955
99.64744 3.260
99.65151 3.377
99.65558 3.283
99.65965 2.744
99.66372 2.697
99.66778 3.471
99.67185 2.978
99.67592 3.166
99.67999 3.072
99.68406 2.603
99.68813 3.025
99.69220 2.932
99.69626 2.838
99.70033 2.720
99.70440 2.674
99.70847 2.791
99.71254 2.650
99.71661 3.260
99.72068 3.002
99.72474 3.049
99.72881 3.049
99.73288 2.462
99.73695 2.838
99.74102 2.861
99.74509 3.049
99.74915 3.471
99.75322 3.635
99.75729 2.955
99.76136 3.424
99.76543 2.603
99.76950 2.767
99.77357 2.955
99.77763 2.814
99.78170 3.166
99.78577 2.932
99.78984 2.697
99.79391 2.814
99.79798 3.002
99.80204 3.260
99.80611 2.697
99.81018 3.236
99.81425 2.932
99.81832 3.072
99.82239 2.791
99.82646 3.189
99.83052 2.791
99.83459 3.189
99.83866 3.283
99.84273 3.096
99.84680 3.189
99.85087 2.791
99.85494 2.932
99.85900 3.119
99.86307 3.143
99.86714 3.049
99.87121 3.002
99.87528 3.189
99.87935 2.767
99.88341 2.908
99.88748 3.236
99.89155 3.002
99.89562 2.978
99.89969 3.002
99.90376 2.838
99.90783 3.025
99.91189 2.744
99.91596 2.720
99.92003 3.354
99.92410 2.720
99.92817 3.213
99.93224 2.720
99.93631 2.814
99.94037 2.627
99.94444 2.908
99.94851 3.189
99.95258 2.932
99.95665 2.861
99.96072 2.932
99.96478 3.189
99.96885 3.424
99.97292 3.072
99.97699 3.283
99.98106 2.814
99.98513 3.283
99.98920 3.471
99.99326 3.377
99.99733 2.556
100.00140 3.002
100.00547 2.814
100.00954 3.213
100.01361 2.978
100.01767 3.143
100.02174 3.119
100.02581 2.955
100.02988 2.416
100.03395 2.744
100.03802 2.791
100.04209 2.861
100.04615 2.908
100.05022 2.932
100.05429 2.603
100.05836 2.838
100.06243 3.025
100.06650 2.955
100.07057 3.166
100.07463 2.533
100.07870 3.213
100.08277 2.838
100.08684 3.213
100.09091 2.345
100.09498 2.462
100.09904 3.143
100.10311 3.236
100.10718 3.541
100.11125 3.096
100.11532 3.025
100.11939 2.885
100.12346 3.236
100.12752 3.119
100.13159 2.955
100.13566 3.002
100.13973 2.767
100.14380 2.533
100.14787 2.744
100.15193 2.697
100.15600 2.486
100.16007 2.838
100.16414 2.650
100.16821 3.096
100.17228 2.885
100.17635 3.166
100.18041 3.143
100.18448 2.697
100.18855 2.908
100.19262 3.635
100.19669 3.049
100.20076 2.580
100.20483 3.143
100.20889 3.119
100.21296 3.424
100.21703 3.002
100.22110 3.002
100.22517 2.416
100.22924 2.720
100.23330 2.767
100.23737 3.213
100.24144 3.354
100.24551 3.283
100.24958 2.720
100.25365 3.072
100.25772 3.354
100.26178 3.002
100.26585 2.978
100.26992 2.838
100.27399 3.283
100.27806 3.401
100.28213 3.143
100.28620 3.025
100.29026 2.908
100.29433 2.720
100.29840 2.955
100.30247 2.650
100.30654 2.814
100.31061 3.260
100.31467 2.838
100.31874 3.166
100.32281 3.025
100.32688 2.791
100.33095 3.143
100.33502 2.885
100.33909 2.791
100.34315 2.627
100.34722 2.720
100.35129 2.791
100.35536 3.096
100.35943 3.072
100.36350 3.096
100.36756 3.072
100.37163 2.720
100.37570 3.143
100.37977 3.025
100.38384 2.978
100.38791 3.330
100.39198 3.049
100.39604 2.767
100.40011 3.096
100.40418 2.650
100.40825 3.119
100.41232 3.002
100.41639 3.166
100.42046 3.049
100.42452 2.955
100.42859 2.650
100.43266 2.767
100.43673 2.814
100.44080 2.744
100.44487 3.002
100.44893 2.838
100.45300 2.814
100.45707 3.072
100.46114 2.767
100.46521 2.556
100.46928 2.838
100.47335 2.932
100.47741 3.189
100.48148 3.260
100.48555 3.283
100.48962 3.025
100.49369 2.533
100.49776 3.072
100.50183 2.650
100.50589 3.049
100.50996 3.002
100.51403 2.861
100.51810 2.462
100.52217 2.533
100.52624 2.908
100.53030 2.814
100.53437 2.861
100.53844 2.885
100.54251 3.260
100.54658 3.213
100.55065 2.580
100.55472 2.744
100.55878 3.002
100.56285 3.189
100.56692 2.767
100.57099 3.002
100.57506 3.260
100.57913 3.072
100.58319 3.189
100.58726 3.260
100.59133 2.744
100.59540 2.416
100.59947 3.096
100.60354 3.307
100.60761 2.885
100.61167 3.189
100.61574 2.767
100.61981 2.955
100.62388 3.025
100.62795 3.002
100.63202 3.283
100.63609 2.955
100.64015 2.720
100.64422 2.674
100.64829 2.486
100.65236 3.002
100.65643 3.072
100.66050 2.978
100.66456 2.674
100.66863 2.791
100.67270 3.260
100.67677 3.072
100.68084 2.838
100.68491 2.744
100.68898 3.260
100.69304 2.627
100.69711 2.838
100.70118 2.908
100.70525 2.955
100.70932 3.025
100.71339 2.603
100.71746 3.260
100.72152 3.236
100.72559 3.096
100.72966 2.650
100.73373 2.885
100.73780 3.236
100.74187 3.049
100.74593 2.791
100.75000 3.002
100.75407 3.236
100.75814 3.189
100.76221 2.814
100.76628 2.627
100.77035 3.283
100.77441 2.650
100.77848 3.096
100.78255 3.377
100.78662 2.720
100.79069 3.072
100.79476 3.283
100.79882 2.650
100.80289 2.603
100.80696 3.025
100.81103 2.791
100.81510 3.236
100.81917 3.096
100.82324 2.978
100.82730 2.697
100.83137 2.298
100.83544 3.049
100.83951 2.697
100.84358 3.189
100.84765 2.533
100.85172 3.143
100.85578 2.533
100.85985 2.744
100.86392 2.767
100.86799 3.143
100.87206 2.838
100.87613 2.955
100.88019 2.697
100.88426 2.955
100.88833 2.978
100.89240 3.213
100.89647 3.283
100.90054 2.838
100.90461 3.283
100.90867 2.650
100.91274 3.236
100.91681 2.627
100.92088 2.932
100.92495 3.447
100.92902 3.307
100.93308 3.307
100.93715 2.955
100.94122 3.119
100.94529 2.861
100.94936 2.955
100.95343 3.260
100.95750 2.838
100.96156 2.744
100.96563 3.049
100.96970 2.580
100.97377 3.283
100.97784 3.072
100.98191 3.518
100.98598 3.072
100.99004 3.166
100.99411 2.744
100.99818 2.955
101.00225 2.744
101.00632 3.119
101.01039 3.025
101.01445 3.307
101.01852 2.814
101.02259 3.213
101.02666 3.260
101.03073 2.955
101.03480 3.072
101.03887 3.049
101.04293 3.096
101.04700 2.603
101.05107 2.650
101.05514 3.447
101.05921 3.189
101.06328 3.424
101.06735 3.424
101.07141 2.978
101.07548 3.119
101.07955 3.119
101.08362 2.720
101.08769 2.767
101.09176 2.978
101.09582 2.767
101.09989 2.885
101.10396 2.580
101.10803 2.955
101.11210 3.166
101.11617 2.861
101.12024 3.072
101.12430 2.932
101.12837 2.861
101.13244 3.330
101.13651 2.861
101.14058 2.978
101.14465 3.189
101.14871 3.072
101.15278 2.838
101.15685 3.002
101.16092 3.189
101.16499 3.213
101.16906 3.236
101.17313 2.627
101.17719 3.143
101.18126 2.838
101.18533 2.838
101.18940 2.767
101.19347 3.049
101.19754 3.025
101.20161 2.674
101.20567 3.166
101.20974 3.377
101.21381 2.955
101.21788 3.330
101.22195 3.307
101.22602 3.213
101.23008 2.767
101.23415 2.908
101.23822 2.767
101.24229 2.932
101.24636 2.908
101.25043 3.119
101.25450 2.627
101.25856 3.143
101.26263 3.189
101.26670 2.674
101.27077 3.143
101.27484 3.002
101.27891 3.213
101.28298 3.002
101.28704 2.978
101.29111 3.143
101.29518 3.260
101.29925 2.838
101.30332 3.025
101.30739 3.049
101.31145 2.885
101.31552 3.002
101.31959 2.767
101.32366 2.791
101.32773 3.823
101.33180 2.838
101.33587 2.814
101.33993 2.838
101.34400 3.143
101.34807 2.932
101.35214 2.674
101.35621 2.978
101.36028 3.143
101.36434 3.401
101.36841 3.072
101.37248 2.720
101.37655 2.932
101.38062 3.307
101.38469 3.518
101.38876 3.025
101.39282 2.955
101.39689 3.377
101.40096 3.119
101.40503 3.119
101.40910 3.025
101.41317 2.932
101.41724 3.330
101.42130 2.908
101.42537 3.213
101.42944 2.932
101.43351 3.096
101.43758 3.729
101.44165 3.143
101.44571 3.049
101.44978 3.143
101.45385 2.932
101.45792 3.283
101.46199 2.556
101.46606 2.885
101.47013 3.494
101.47419 2.627
101.47826 3.025
101.48233 3.213
101.48640 3.307
101.49047 2.838
101.49454 3.213
101.49861 2.932
101.50267 3.072
101.50674 3.401
101.51081 3.025
101.51488 3.213
101.51895 3.002
101.52302 3.377
101.52708 3.096
101.53115 3.260
101.53522 3.213
101.53929 2.838
101.54336 3.025
101.54743 3.283
101.55150 2.791
101.55556 3.401
101.55963 3.330
101.56370 3.213
101.56777 3.143
101.57184 2.767
101.57591 2.814
101.57997 2.744
101.58404 2.650
101.58811 3.213
101.59218 2.955
101.59625 2.275
101.60032 3.002
101.60439 3.236
101.60845 3.166
101.61252 3.119
101.61659 2.978
101.62066 2.955
101.62473 3.096
101.62880 2.650
101.63287 3.049
101.63693 3.189
101.64100 3.236
101.64507 2.861
101.64914 2.932
101.65321 3.354
101.65728 2.744
101.66134 3.002
101.66541 3.049
101.66948 2.955
101.67355 3.401
101.67762 3.213
101.68169 2.533
101.68576 2.767
101.68982 2.509
101.69389 2.720
101.69796 3.377
101.70203 2.650
101.70610 2.580
101.71017 2.978
101.71424 2.674
101.71830 2.932
101.72237 2.814
101.72644 3.096
101.73051 3.096
101.73458 3.025
101.73865 2.674
101.74271 2.720
101.74678 3.518
101.75085 3.612
101.75492 2.861
101.75899 3.143
101.76306 3.072
101.76713 2.791
101.77119 3.283
101.77526 3.166
101.77933 3.002
101.78340 2.767
101.78747 2.674
101.79154 3.002
101.79560 3.377
101.79967 2.814
101.80374 2.791
101.80781 3.002
101.81188 2.744
101.81595 2.720
101.82002 2.908
101.82408 2.814
101.82815 2.697
101.83222 2.838
101.83629 3.401
101.84036 2.627
101.84443 2.720
101.84850 3.096
101.85256 2.908
101.85663 3.072
101.86070 2.885
101.86477 3.260
101.86884 3.096
101.87291 3.236
101.87697 2.908
101.88104 3.471
101.88511 2.767
101.88918 3.330
101.89325 2.720
101.89732 2.978
101.90139 2.416
101.90545 3.401
101.90952 2.955
101.91359 2.978
101.91766 2.932
101.92173 3.002
101.92580 3.025
101.92986 3.002
101.93393 2.932
101.93800 3.002
101.94207 3.049
101.94614 3.166
101.95021 2.744
101.95428 2.322
101.95834 2.908
101.96241 3.072
101.96648 3.260
101.97055 2.674
101.97462 3.307
101.97869 3.049
101.98276 2.650
101.98682 3.096
101.99089 2.908
101.99496 2.744
101.99903 3.330
102.00310 2.955
102.00717 2.697
102.01123 3.002
102.01530 2.697
102.01937 3.283
102.02344 3.189
102.02751 2.744
102.03158 2.978
102.03565 2.674
102.03971 2.791
102.04378 2.955
102.04785 3.260
102.05192 2.955
102.05599 3.119
102.06006 2.181
102.06413 2.674
102.06819 3.096
102.07226 3.143
102.07633 3.025
102.08040 3.072
102.08447 2.838
102.08854 2.533
102.09260 3.377
102.09667 2.580
102.10074 3.143
102.10481 2.767
102.10888 3.377
102.11295 3.189
102.11702 3.143
102.12108 3.119
102.12515 2.462
102.12922 3.025
102.13329 2.978
102.13736 2.885
102.14143 3.189
102.14549 2.885
102.14956 2.955
102.15363 2.932
102.15770 3.025
102.16177 3.213
102.16584 2.814
102.16991 2.955
102.17397 2.814
102.17804 3.096
102.18211 3.119
102.18618 2.978
102.19025 3.119
102.19432 2.908
102.19839 2.861
102.20245 2.697
102.20652 2.885
102.21059 3.096
102.21466 3.096
102.21873 2.580
102.22280 2.720
102.22686 2.908
102.23093 3.072
102.23500 2.861
102.23907 3.025
102.24314 2.838
102.24721 2.580
102.25128 3.189
102.25534 2.838
102.25941 2.627
102.26348 2.580
102.26755 2.767
102.27162 3.213
102.27569 2.861
102.27976 3.096
102.28382 2.955
102.28789 2.932
102.29196 3.119
102.29603 2.791
102.30010 2.791
102.30417 2.978
102.30823 3.143
102.31230 2.767
102.31637 3.119
102.32044 3.049
102.32451 2.720
102.32858 3.096
102.33265 3.119
102.33671 2.369
102.34078 2.744
102.34485 2.978
102.34892 3.213
102.35299 3.002
102.35706 3.189
102.36112 2.767
102.36519 2.462
102.36926 2.697
102.37333 2.908
102.37740 3.002
102.38147 2.838
102.38554 3.119
102.38960 2.416
102.39367 2.885
102.39774 3.049
102.40181 2.932
102.40588 2.509
102.40995 2.392
102.41402 2.439
102.41808 2.814
102.42215 3.049
102.42622 3.283
102.43029 2.556
102.43436 2.814
102.43843 2.838
102.44249 2.908
102.44656 2.908
102.45063 2.720
102.45470 2.861
102.45877 2.814
102.46284 3.166
102.46691 2.814
102.47097 3.119
102.47504 3.119
102.47911 3.166
102.48318 2.744
102.48725 2.932
102.49132 2.720
102.49539 3.330
102.49945 2.580
102.50352 3.096
102.50759 2.908
102.51166 2.978
102.51573 3.002
102.51980 3.189
102.52386 2.955
102.52793 3.072
102.53200 3.072
102.53607 3.260
102.54014 3.283
102.54421 2.720
102.54828 2.791
102.55234 2.392
102.55641 3.166
102.56048 3.096
102.56455 2.674
102.56862 2.697
102.57269 2.533
102.57675 2.885
102.58082 2.627
102.58489 2.978
102.58896 2.603
102.59303 2.720
102.59710 2.838
102.60117 3.049
102.60523 3.236
102.60930 3.143
102.61337 2.908
102.61744 2.955
102.62151 3.049
102.62558 2.674
102.62965 2.838
102.63371 2.932
102.63778 2.978
102.64185 2.603
102.64592 2.908
102.64999 2.814
102.65406 2.978
102.65812 3.025
102.66219 2.932
102.66626 2.955
102.67033 3.002
102.67440 3.189
102.67847 3.283
102.68254 3.260
102.68660 2.298
102.69067 2.955
102.69474 2.767
102.69881 2.509
102.70288 2.908
102.70695 2.744
102.71101 3.096
102.71508 3.002
102.71915 3.025
102.72322 3.072
102.72729 3.119
102.73136 3.025
102.73543 2.509
102.73949 2.627
102.74356 3.002
102.74763 2.932
102.75170 3.166
102.75577 3.354
102.75984 2.814
102.76391 3.002
102.76797 2.674
102.77204 2.908
102.77611 2.556
102.78018 2.838
102.78425 2.627
102.78832 3.166
102.79238 2.932
102.79645 2.697
102.80052 2.978
102.80459 3.354
102.80866 2.674
102.81273 2.603
102.81680 2.885
102.82086 2.767
102.82493 2.533
102.82900 3.447
102.83307 3.260
102.83714 3.096
102.84121 2.814
102.84528 2.744
102.84934 3.002
102.85341 2.978
102.85748 3.072
102.86155 2.486
102.86562 2.744
102.86969 2.556
102.87375 3.096
102.87782 2.838
102.88189 3.096
102.88596 3.072
102.89003 2.791
102.89410 2.556
102.89817 2.486
102.90223 2.908
102.90630 2.650
102.91037 3.096
102.91444 3.049
102.91851 3.213
102.92258 2.556
102.92664 2.932
102.93071 2.838
102.93478 2.908
102.93885 2.885
102.94292 3.236
102.94699 3.307
102.95106 2.556
102.95512 3.260
102.95919 3.236
102.96326 3.283
102.96733 3.283
102.97140 3.049
102.97547 2.861
102.97954 2.861
102.98360 2.416
102.98767 2.509
102.99174 3.072
102.99581 3.025
102.99988 2.744
103.00395 3.189
103.00801 2.791
103.01208 2.603
103.01615 2.932
103.02022 2.955
103.02429 2.720
103.02836 3.565
103.03243 2.744
103.03649 2.720
103.04056 3.166
103.04463 2.978
103.04870 2.861
103.05277 2.627
103.05684 3.072
103.06091 2.955
103.06497 3.236
103.06904 3.025
103.07311 2.861
103.07718 2.697
103.08125 2.767
103.08532 3.049
103.08938 3.143
103.09345 2.791
103.09752 3.283
103.10159 2.720
103.10566 3.049
103.10973 3.025
103.11380 3.213
103.11786 2.603
103.12193 2.322
103.12600 2.603
103.13007 2.932
103.13414 2.416
103.13821 2.978
103.14227 3.166
103.14634 2.861
103.15041 2.861
103.15448 3.072
103.15855 3.330
103.16262 2.814
103.16669 3.283
103.17075 2.744
103.17482 3.049
103.17889 2.838
103.18296 2.720
103.18703 2.838
103.19110 3.424
103.19517 2.744
103.19923 3.236
103.20330 3.189
103.20737 3.049
103.21144 3.283
103.21551 3.377
103.21958 2.861
103.22364 3.189
103.22771 2.885
103.23178 2.932
103.23585 2.650
103.23992 2.932
103.24399 3.283
103.24806 3.072
103.25212 2.697
103.25619 2.697
103.26026 2.861
103.26433 2.533
103.26840 2.650
103.27247 2.744
103.27654 3.072
103.28060 2.885
103.28467 3.189
103.28874 2.978
103.29281 2.720
103.29688 3.119
103.30095 2.861
103.30501 2.697
103.30908 3.025
103.31315 2.791
103.31722 2.978
103.32129 2.627
103.32536 3.565
103.32943 2.674
103.33349 3.166
103.33756 2.885
103.34163 3.072
103.34570 2.439
103.34977 3.330
103.35384 2.978
103.35790 3.307
103.36197 2.838
103.36604 3.002
103.37011 3.119
103.37418 2.885
103.37825 3.283
103.38232 3.143
103.38638 2.580
103.39045 3.072
103.39452 2.861
103.39859 2.791
103.40266 3.565
103.40673 2.838
103.41080 2.955
103.41486 3.354
103.41893 2.955
103.42300 3.025
103.42707 3.401
103.43114 3.330
103.43521 2.767
103.43927 2.932
103.44334 3.025
103.44741 2.697
103.45148 2.603
103.45555 2.533
103.45962 2.885
103.46369 2.908
103.46775 3.354
103.47182 2.838
103.47589 2.814
103.47996 2.720
103.48403 2.932
103.48810 2.814
103.49216 2.978
103.49623 3.330
103.50030 3.002
103.50437 3.002
103.50844 2.720
103.51251 2.885
103.51658 3.283
103.52064 3.189
103.52471 3.260
103.52878 3.213
103.53285 3.424
103.53692 3.119
103.54099 3.799
103.54506 2.767
103.54912 2.861
103.55319 3.260
103.55726 3.025
103.56133 2.369
103.56540 3.096
103.56947 3.049
103.57353 3.354
103.57760 3.236
103.58167 2.533
103.58574 3.119
103.58981 3.166
103.59388 2.838
103.59795 3.354
103.60201 3.307
103.60608 3.002
103.61015 2.861
103.61422 2.838
103.61829 2.955
103.62236 2.791
103.62643 2.978
103.63049 3.236
103.63456 3.166
103.63863 3.541
103.64270 3.189
103.64677 2.462
103.65084 3.471
103.65490 2.932
103.65897 3.143
103.66304 3.049
103.66711 3.424
103.67118 2.955
103.67525 2.838
103.67932 3.166
103.68338 2.627
103.68745 3.283
103.69152 3.166
103.69559 2.650
103.69966 2.509
103.70373 3.049
103.70779 3.260
103.71186 2.955
103.71593 2.955
103.72000 3.659
103.72407 3.002
103.72814 2.556
103.73221 3.283
103.73627 2.650
103.74034 3.072
103.74441 2.791
103.74848 2.603
103.75255 3.166
103.75662 2.978
103.76069 2.885
103.76475 2.955
103.76882 3.330
103.77289 2.627
103.77696 2.955
103.78103 3.377
103.78510 3.283
103.78916 3.307
103.79323 2.533
103.79730 3.354
103.80137 2.603
103.80544 3.213
103.80951 3.143
103.81358 3.049
103.81764 2.932
103.82171 2.908
103.82578 2.908
103.82985 2.861
103.83392 2.791
103.83799 2.533
103.84206 2.744
103.84612 3.283
103.85019 3.143
103.85426 2.838
103.85833 3.424
103.86240 3.447
103.86647 3.189
103.87053 3.189
103.87460 2.814
103.87867 2.580
103.88274 3.119
103.88681 3.330
103.89088 3.002
103.89495 3.330
103.89901 3.072
103.90308 3.213
103.90715 2.627
103.91122 2.838
103.91529 3.307
103.91936 2.978
103.92342 2.791
103.92749 2.767
103.93156 2.908
103.93563 2.533
103.93970 3.260
103.94377 3.096
103.94784 3.072
103.95190 3.096
103.95597 2.861
103.96004 3.283
103.96411 2.885
103.96818 3.119
103.97225 3.096
103.97632 3.143
103.98038 2.955
103.98445 3.565
103.98852 2.556
103.99259 3.565
103.99666 2.955
104.00073 2.908
104.00479 3.213
104.00886 3.025
104.01293 2.697
104.01700 2.932
104.02107 2.205
104.02514 3.119
104.02921 3.119
104.03327 2.908
104.03734 3.846
104.04141 3.166
104.04548 2.720
104.04955 2.955
104.05362 2.838
104.05769 2.556
104.06175 3.424
104.06582 3.166
104.06989 3.189
104.07396 3.189
104.07803 3.213
104.08210 3.401
104.08616 2.744
104.09023 3.236
104.09430 2.978
104.09837 2.885
104.10244 3.119
104.10651 3.049
104.11058 3.096
104.11464 3.049
104.11871 2.908
104.12278 3.166
104.12685 2.932
104.13092 2.627
104.13499 3.002
104.13905 3.119
104.14312 2.908
104.14719 3.119
104.15126 3.260
104.15533 3.494
104.15940 2.885
104.16347 2.650
104.16753 3.799
104.17160 3.283
104.17567 3.072
104.17974 3.025
104.18381 3.002
104.18788 3.518
104.19195 2.955
104.19601 2.908
104.20008 2.533
104.20415 3.330
104.20822 3.096
104.21229 2.814
104.21636 2.861
104.22042 2.861
104.22449 3.354
104.22856 3.049
104.23263 3.236
104.23670 3.166
104.24077 2.767
104.24484 2.978
104.24890 3.260
104.25297 2.650
104.25704 3.119
104.26111 2.767
104.26518 3.283
104.26925 2.744
104.27331 3.002
104.27738 3.072
104.28145 2.650
104.28552 3.143
104.28959 3.166
104.29366 2.885
104.29773 3.330
104.30179 2.814
104.30586 3.096
104.30993 3.354
104.31400 2.345
104.31807 2.908
104.32214 3.002
104.32621 2.932
104.33027 3.096
104.33434 3.471
104.33841 2.838
104.34248 2.720
104.34655 3.119
104.35062 3.143
104.35468 3.189
104.35875 3.588
104.36282 3.213
104.36689 3.166
104.37096 3.049
104.37503 3.049
104.37910 3.283
104.38316 3.377
104.38723 2.955
104.39130 2.720
104.39537 2.720
104.39944 2.791
104.40351 3.025
104.40758 3.119
104.41164 2.650
104.41571 3.283
104.41978 3.119
104.42385 3.330
104.42792 2.885
104.43199 3.541
104.43605 2.978
104.44012 2.861
104.44419 3.002
104.44826 2.767
104.45233 2.627
104.45640 3.002
104.46047 3.213
104.46453 3.143
104.46860 2.509
104.47267 3.096
104.47674 3.236
104.48081 2.932
104.48488 2.720
104.48894 3.072
104.49301 3.143
104.49708 3.002
104.50115 3.518
104.50522 3.330
104.50929 3.752
104.51336 3.401
104.51742 3.236
104.52149 2.697
104.52556 3.143
104.52963 3.143
104.53370 3.049
104.53777 2.814
104.54184 2.978
104.54590 3.354
104.54997 3.635
104.55404 3.354
104.55811 3.072
104.56218 2.978
104.56625 3.213
104.57031 3.119
104.57438 3.072
104.57845 2.955
104.58252 3.189
104.58659 2.908
104.59066 2.955
104.59473 3.377
104.59879 3.447
104.60286 3.401
104.60693 3.189
104.61100 3.518
104.61507 3.096
104.61914 3.283
104.62321 3.283
104.62727 3.541
104.63134 3.799
104.63541 3.260
104.63948 2.674
104.64355 3.002
104.64762 3.236
104.65168 3.330
104.65575 3.260
104.65982 3.565
104.66389 3.588
104.66796 3.143
104.67203 3.096
104.67610 3.025
104.68016 3.002
104.68423 3.447
104.68830 3.189
104.69237 2.955
104.69644 3.588
104.70051 2.744
104.70457 3.354
104.70864 3.213
104.71271 3.119
104.71678 3.799
104.72085 3.424
104.72492 3.541
104.72899 2.955
104.73305 3.917
104.73712 3.541
104.74119 3.401
104.74526 3.870
104.74933 3.494
104.75340 3.823
104.75747 3.330
104.76153 3.307
104.76560 3.236
104.76967 3.283
104.77374 3.283
104.77781 3.330
104.78188 3.401
104.78594 3.917
104.79001 3.072
104.79408 3.588
104.79815 2.932
104.80222 3.447
104.80629 3.565
104.81036 3.729
104.81442 3.635
104.81849 3.705
104.82256 4.057
104.82663 3.776
104.83070 3.307
104.83477 3.846
104.83884 3.260
104.84290 3.260
104.84697 3.119
104.85104 3.776
104.85511 3.612
104.85918 3.330
104.86325 3.752
104.86731 3.283
104.87138 3.588
104.87545 3.682
104.87952 3.729
104.88359 3.565
104.88766 3.588
104.89173 3.612
104.89579 3.870
104.89986 3.659
104.90393 3.565
104.90800 3.518
104.91207 3.799
104.91614 3.940
104.92020 3.963
104.92427 3.963
104.92834 3.401
104.93241 3.940
104.93648 3.424
104.94055 3.424
104.94462 3.401
104.94868 3.823
104.95275 3.119
104.95682 3.424
104.96089 3.659
104.96496 3.823
104.96903 3.612
104.97310 3.565
104.97716 3.940
104.98123 3.799
104.98530 3.612
104.98937 3.236
104.99344 3.588
104.99751 3.799
105.00157 3.494
105.00564 3.823
105.00971 3.541
105.01378 3.588
105.01785 3.635
105.02192 3.471
105.02599 3.987
105.03005 3.236
105.03412 3.823
105.03819 3.729
105.04226 3.518
105.04633 4.315
105.05040 3.307
105.05447 4.104
105.05853 3.846
105.06260 3.917
105.06667 3.682
105.07074 3.705
105.07481 3.471
105.07888 3.682
105.08294 3.963
105.08701 3.635
105.09108 3.823
105.09515 3.729
105.09922 3.917
105.10329 3.283
105.10736 3.705
105.11142 3.705
105.11549 3.354
105.11956 3.799
105.12363 3.447
105.12770 3.283
105.13177 4.010
105.13583 3.659
105.13990 3.330
105.14397 3.424
105.14804 3.846
105.15211 3.705
105.15618 3.776
105.16025 3.236
105.16431 3.565
105.16838 3.283
105.17245 3.189
105.17652 3.260
105.18059 3.729
105.18466 3.752
105.18873 3.705
105.19279 3.588
105.19686 3.307
105.20093 3.330
105.20500 3.565
105.20907 3.588
105.21314 3.963
105.21720 2.978
105.22127 3.049
105.22534 3.377
105.22941 4.104
105.23348 3.659
105.23755 3.823
105.24162 3.659
105.24568 3.401
105.24975 3.377
105.25382 3.612
105.25789 3.635
105.26196 3.612
105.26603 3.330
105.27009 3.705
105.27416 3.870
105.27823 3.307
105.28230 3.471
105.28637 3.143
105.29044 3.330
105.29451 3.025
105.29857 3.752
105.30264 3.917
105.30671 3.401
105.31078 3.166
105.31485 3.377
105.31892 3.846
105.32299 3.377
105.32705 3.893
105.33112 3.799
105.33519 3.799
105.33926 3.846
105.34333 3.471
105.34740 3.588
105.35146 3.236
105.35553 2.720
105.35960 3.541
105.36367 3.377
105.36774 3.635
105.37181 3.471
105.37588 3.354
105.37994 3.682
105.38401 3.354
105.38808 3.119
105.39215 3.846
105.39622 2.955
105.40029 3.401
105.40436 3.729
105.40842 3.260
105.41249 3.729
105.41656 3.213
105.42063 3.354
105.42470 3.612
105.42877 3.330
105.43283 3.307
105.43690 3.213
105.44097 2.955
105.44504 3.119
105.44911 3.119
105.45318 3.494
105.45725 3.612
105.46131 3.377
105.46538 3.612
105.46945 3.588
105.47352 3.471
105.47759 3.189
105.48166 3.401
105.48572 4.010
105.48979 3.471
105.49386 3.518
105.49793 4.010
105.50200 3.143
105.50607 3.236
105.51014 3.236
105.51420 3.213
105.51827 3.494
105.52234 3.025
105.52641 3.283
105.53048 3.424
105.53455 3.307
105.53862 3.635
105.54268 2.978
105.54675 3.471
105.55082 3.377
105.55489 3.072
105.55896 3.002
105.56303 3.143
105.56709 3.659
105.57116 2.932
105.57523 3.635
105.57930 3.471
105.58337 2.978
105.58744 3.096
105.59151 3.377
105.59557 3.236
105.59964 3.025
105.60371 3.682
105.60778 3.307
105.61185 3.096
105.61592 2.955
105.61999 3.424
105.62405 3.424
105.62812 3.377
105.63219 3.447
105.63626 3.002
105.64033 3.377
105.64440 3.752
105.64846 3.354
105.65253 3.213
105.65660 3.260
105.66067 3.072
105.66474 3.072
105.66881 2.814
105.67288 2.767
105.67694 3.166
105.68101 3.307
105.68508 2.767
105.68915 3.471
105.69322 3.354
105.69729 2.767
105.70135 3.189
105.70542 3.166
105.70949 3.166
105.71356 3.002
105.71763 3.166
105.72170 3.119
105.72577 3.260
105.72983 3.471
105.73390 2.627
105.73797 3.799
105.74204 2.767
105.74611 3.565
105.75018 2.838
105.75425 3.096
105.75831 3.541
105.76238 3.236
105.76645 3.002
105.77052 3.283
105.77459 2.955
105.77866 3.143
105.78272 3.447
105.78679 3.166
105.79086 3.424
105.79493 3.143
105.79900 3.260
105.80307 3.166
105.80714 3.049
105.81120 3.072
105.81527 3.096
105.81934 3.072
105.82341 3.330
105.82748 3.002
105.83155 3.072
105.83562 2.978
105.83968 2.697
105.84375 3.260
105.84782 3.025
105.85189 3.377
105.85596 2.932
105.86003 2.978
105.86409 3.236
105.86816 2.838
105.87223 3.166
105.87630 3.354
105.88037 3.424
105.88444 3.494
105.88851 3.846
105.89257 3.236
105.89664 3.307
105.90071 2.932
105.90478 3.236
105.90885 3.236
105.91292 2.603
105.91698 2.767
105.92105 2.861
105.92512 2.978
105.92919 2.932
105.93326 3.189
105.93733 3.189
105.94140 3.330
105.94546 2.533
105.94953 3.307
105.95360 3.260
105.95767 2.462
105.96174 2.720
105.96581 3.096
105.96988 3.682
105.97394 3.166
105.97801 3.283
105.98208 3.025
105.98615 2.674
105.99022 2.838
105.99429 3.330
105.99835 2.978
106.00242 3.565
106.00649 3.330
106.01056 3.236
106.01463 3.213
106.01870 2.838
106.02277 3.189
106.02683 2.908
106.03090 2.885
106.03497 2.814
106.03904 2.955
106.04311 3.213
106.04718 2.885
106.05124 2.978
106.05531 2.603
106.05938 3.213
106.06345 3.072
106.06752 2.885
106.07159 3.354
106.07566 2.720
106.07972 2.697
106.08379 2.697
106.08786 3.189
106.09193 3.189
106.09600 3.213
106.10007 2.908
106.10414 3.213
106.10820 3.002
106.11227 3.072
106.11634 2.767
106.12041 2.838
106.12448 2.838
106.12855 2.650
106.13261 3.166
106.13668 3.705
106.14075 3.189
106.14482 3.377
106.14889 2.533
106.15296 3.096
106.15703 3.330
106.16109 3.166
106.16516 3.260
106.16923 2.861
106.17330 3.377
106.17737 2.932
106.18144 3.447
106.18551 3.002
106.18957 2.720
106.19364 3.283
106.19771 2.580
106.20178 3.143
106.20585 3.166
106.20992 2.932
106.21398 2.674
106.21805 2.885
106.22212 2.932
106.22619 3.447
106.23026 2.932
106.23433 3.166
106.23840 2.955
106.24246 3.377
106.24653 3.143
106.25060 3.025
106.25467 2.932
106.25874 2.955
106.26281 3.354
106.26687 3.096
106.27094 2.744
106.27501 2.556
106.27908 3.072
106.28315 2.861
106.28722 3.072
106.29129 2.955
106.29535 2.627
106.29942 3.612
106.30349 3.002
106.30756 2.767
106.31163 3.002
106.31570 3.307
106.31977 2.932
106.32383 2.720
106.32790 2.392
106.33197 3.447
106.33604 3.143
106.34011 2.955
106.34418 3.401
106.34824 3.119
106.35231 2.932
106.35638 3.096
106.36045 3.307
106.36452 2.369
106.36859 3.401
106.37266 3.119
106.37672 3.401
106.38079 2.978
106.38486 3.049
106.38893 3.096
106.39300 3.307
106.39707 2.838
106.40114 2.814
106.40520 3.377
106.40927 2.744
106.41334 3.096
106.41741 3.424
106.42148 2.556
106.42555 2.838
106.42961 3.002
106.43368 3.096
106.43775 3.143
106.44182 3.189
106.44589 3.424
106.44996 3.354
106.45403 3.072
106.45809 3.635
106.46216 2.885
106.46623 2.603
106.47030 2.814
106.47437 2.744
106.47844 2.978
106.48250 2.720
106.48657 3.236
106.49064 3.119
106.49471 3.189
106.49878 3.189
106.50285 2.791
106.50692 2.791
106.51098 2.697
106.51505 2.861
106.51912 2.767
106.52319 3.143
106.52726 2.275
106.53133 3.025
106.53540 3.330
106.53946 3.119
106.54353 2.955
106.54760 3.401
106.55167 2.861
106.55574 2.720
106.55981 3.330
106.56387 3.213
106.56794 3.377
106.57201 2.697
106.57608 2.814
106.58015 3.260
106.58422 3.166
106.58829 3.307
106.59235 2.767
106.59642 2.861
106.60049 2.767
106.60456 2.978
106.60863 2.650
106.61270 3.354
106.61677 2.814
106.62083 2.908
106.62490 2.955
106.62897 2.838
106.63304 3.025
106.63711 2.697
106.64118 3.447
106.64524 2.767
106.64931 3.189
106.65338 2.908
106.65745 3.260
106.66152 2.978
106.66559 2.885
106.66966 2.885
106.67372 2.791
106.67779 3.307
106.68186 2.955
106.68593 2.814
106.69000 3.471
106.69407 2.955
106.69813 2.767
106.70220 2.885
106.70627 3.166
106.71034 3.025
106.71441 2.978
106.71848 3.072
106.72255 3.025
106.72661 3.119
106.73068 2.674
106.73475 3.307
106.73882 2.744
106.74289 3.729
106.74696 3.236
106.75103 2.978
106.75509 2.697
106.75916 2.932
106.76323 3.518
106.76730 3.377
106.77137 3.401
106.77544 2.978
106.77950 3.025
106.78357 3.401
106.78764 3.236
106.79171 2.932
106.79578 3.049
106.79985 2.885
106.80392 3.002
106.80798 2.955
106.81205 2.908
106.81612 3.119
106.82019 2.533
106.82426 3.447
106.82833 3.471
106.83239 2.885
106.83646 3.213
106.84053 3.189
106.84460 3.447
106.84867 3.189
106.85274 3.143
106.85681 2.744
106.86087 3.119
106.86494 2.767
106.86901 3.682
106.87308 3.189
106.87715 3.025
106.88122 2.885
106.88529 3.283
106.88935 3.213
106.89342 3.143
106.89749 3.518
106.90156 3.166
106.90563 2.744
106.90970 3.072
106.91376 2.744
106.91783 3.025
106.92190 3.002
106.92597 3.072
106.93004 3.143
106.93411 3.401
106.93818 2.580
106.94224 2.791
106.94631 3.447
106.95038 3.236
106.95445 3.635
106.95852 3.494
106.96259 3.119
106.96666 3.471
106.97072 2.955
106.97479 2.932
106.97886 2.932
106.98293 3.002
106.98700 3.283
106.99107 2.908
106.99513 3.612
106.99920 2.955
107.00327 3.025
107.00734 3.541
107.01141 2.697
107.01548 3.377
107.01955 3.635
107.02361 2.838
107.02768 3.447
107.03175 2.674
107.03582 2.978
107.03989 3.236
107.04396 3.354
107.04802 3.354
107.05209 3.119
107.05616 3.236
107.06023 3.072
107.06430 2.720
107.06837 3.213
107.07244 3.049
107.07650 3.072
107.08057 2.791
107.08464 3.049
107.08871 3.752
107.09278 3.823
107.09685 3.096
107.10092 2.814
107.10498 3.096
107.10905 3.166
107.11312 3.635
107.11719 3.189
107.12126 3.494
107.12533 3.236
107.12939 3.189
107.13346 3.377
107.13753 3.588
107.14160 3.518
107.14567 3.213
107.14974 3.612
107.15381 3.354
107.15787 3.987
107.16194 3.401
107.16601 3.002
107.17008 3.330
107.17415 2.908
107.17822 3.705
107.18229 2.955
107.18635 3.494
107.19042 3.236
107.19449 2.978
107.19856 3.494
107.20263 2.908
107.20670 2.838
107.21076 2.932
107.21483 3.096
107.21890 3.189
107.22297 3.354
107.22704 3.002
107.23111 3.377
107.23518 3.143
107.23924 3.213
107.24331 3.283
107.24738 3.354
107.25145 2.767
107.25552 3.096
107.25959 2.978
107.26365 2.814
107.26772 3.377
107.27179 2.861
107.27586 3.002
107.27993 3.330
107.28400 2.885
107.28807 3.072
107.29213 3.283
107.29620 2.627
107.30027 2.955
107.30434 2.908
107.30841 2.838
107.31248 3.565
107.31655 3.588
107.32061 3.307
107.32468 3.236
107.32875 3.447
107.33282 2.814
107.33689 3.494
107.34096 3.377
107.34502 2.814
107.34909 2.720
107.35316 2.955
107.35723 3.189
107.36130 2.861
107.36537 3.119
107.36944 2.955
107.37350 2.861
107.37757 3.072
107.38164 3.705
107.38571 3.166
107.38978 2.932
107.39385 3.213
107.39792 2.697
107.40198 3.236
107.40605 3.541
107.41012 2.720
107.41419 3.002
107.41826 2.978
107.42233 2.697
107.42639 3.424
107.43046 3.260
107.43453 2.603
107.43860 2.978
107.44267 3.377
107.44674 3.025
107.45081 3.096
107.45487 2.580
107.45894 3.401
107.46301 2.978
107.46708 3.518
107.47115 2.720
107.47522 3.072
107.47928 3.049
107.48335 3.002
107.48742 2.697
107.49149 2.838
107.49556 2.861
107.49963 3.401
107.50370 3.518
107.50776 3.213
107.51183 3.260
107.51590 3.729
107.51997 2.978
107.52404 3.049
107.52811 3.307
107.53218 3.166
107.53624 3.494
107.54031 3.401
107.54438 3.612
107.54845 3.049
107.55252 3.705
107.55659 3.307
107.56065 3.354
107.56472 3.166
107.56879 3.049
107.57286 3.119
107.57693 3.424
107.58100 3.025
107.58507 2.932
107.58913 3.565
107.59320 3.072
107.59727 3.729
107.60134 3.213
107.60541 3.166
107.60948 3.096
107.61355 2.838
107.61761 3.072
107.62168 3.143
107.62575 3.189
107.62982 2.674
107.63389 2.885
107.63796 3.119
107.64202 3.377
107.64609 3.119
107.65016 3.213
107.65423 3.072
107.65830 2.838
107.66237 2.955
107.66644 2.720
107.67050 3.236
107.67457 3.049
107.67864 3.072
107.68271 2.885
107.68678 3.002
107.69085 2.885
107.69491 3.236
107.69898 3.494
107.70305 3.119
107.70712 2.838
107.71119 3.518
107.71526 2.767
107.71933 3.729
107.72339 3.189
107.72746 2.744
107.73153 3.260
107.73560 3.002
107.73967 3.213
107.74374 3.377
107.74781 3.236
107.75187 2.580
107.75594 3.283
107.76001 2.556
107.76408 2.955
107.76815 3.377
107.77222 3.002
107.77628 2.932
107.78035 3.189
107.78442 3.283
107.78849 3.283
107.79256 2.955
107.79663 2.932
107.80070 3.377
107.80476 3.049
107.80883 3.166
107.81290 3.025
107.81697 3.096
107.82104 3.447
107.82511 2.908
107.82917 3.377
107.83324 2.932
107.83731 3.119
107.84138 3.659
107.84545 3.166
107.84952 3.213
107.85359 3.049
107.85765 2.955
107.86172 3.119
107.86579 3.260
107.86986 2.978
107.87393 2.416
107.87800 3.049
107.88207 2.720
107.88613 2.650
107.89020 3.377
107.89427 3.213
107.89834 2.908
107.90241 2.885
107.90648 2.932
107.91054 3.002
107.91461 3.049
107.91868 3.283
107.92275 3.260
107.92682 2.955
107.93089 3.307
107.93496 3.260
107.93902 2.697
107.94309 2.720
107.94716 2.627
107.95123 3.424
107.95530 3.377
107.95937 2.650
107.96344 3.049
107.96750 2.697
107.97157 3.260
107.97564 2.908
107.97971 2.674
107.98378 3.260
107.98785 3.213
107.99191 3.236
107.99598 2.767
108.00005 3.025
108.00412 3.307
108.00819 2.932
108.01226 2.955
108.01633 3.025
108.02039 3.049
108.02446 2.955
108.02853 2.861
108.03260 2.978
108.03667 2.791
108.04074 3.049
108.04480 3.213
108.04887 3.377
108.05294 3.447
108.05701 2.908
108.06108 2.416
108.06515 2.908
108.06922 3.189
108.07328 3.377
108.07735 3.143
108.08142 2.838
108.08549 2.861
108.08956 3.072
108.09363 3.236
108.09770 3.260
108.10176 3.002
108.10583 2.697
108.10990 2.861
108.11397 2.838
108.11804 2.674
108.12211 2.955
108.12617 3.588
108.13024 2.955
108.13431 3.189
108.13838 3.541
108.14245 2.908
108.14652 3.166
108.15059 3.565
108.15465 3.330
108.15872 3.143
108.16279 2.814
108.16686 3.072
108.17093 3.049
108.17500 3.377
108.17907 2.814
108.18313 3.283
108.18720 3.189
108.19127 3.096
108.19534 2.955
108.19941 3.072
108.20348 3.518
108.20754 3.213
108.21161 3.049
108.21568 3.119
108.21975 3.377
108.22382 3.565
108.22789 3.307
108.23196 2.978
108.23602 3.260
108.24009 2.885
108.24416 2.861
108.24823 3.283
108.25230 3.236
108.25637 2.932
108.26043 2.932
108.26450 3.565
108.26857 3.260
108.27264 2.791
108.27671 3.025
108.28078 3.072
108.28485 3.260
108.28891 3.213
108.29298 3.377
108.29705 3.213
108.30112 2.932
108.30519 3.330
108.30926 3.213
108.31333 2.650
108.31739 3.166
108.32146 3.049
108.32553 3.049
108.32960 3.494
108.33367 2.744
108.33774 3.565
108.34180 3.447
108.34587 3.565
108.34994 3.119
108.35401 3.189
108.35808 2.861
108.36215 3.494
108.36622 3.236
108.37028 3.049
108.37435 3.166
108.37842 2.885
108.38249 3.260
108.38656 3.213
108.39063 2.720
108.39470 2.885
108.39876 3.377
108.40283 3.471
108.40690 2.885
108.41097 3.143
108.41504 2.838
108.41911 3.541
108.42317 2.908
108.42724 2.838
108.43131 3.189
108.43538 3.072
108.43945 3.072
108.44352 3.049
108.44759 3.447
108.45165 3.518
108.45572 3.049
108.45979 3.424
108.46386 2.932
108.46793 2.955
108.47200 3.002
108.47606 3.189
108.48013 3.025
108.48420 2.861
108.48827 3.424
108.49234 3.283
108.49641 2.767
108.50048 3.096
108.50454 2.885
108.50861 3.401
108.51268 2.720
108.51675 3.049
108.52082 3.096
108.52489 3.213
108.52896 3.049
108.53302 3.002
108.53709 2.838
108.54116 2.861
108.54523 3.096
108.54930 3.307
108.55337 3.307
108.55743 3.307
108.56150 3.307
108.56557 2.674
108.56964 3.401
108.57371 3.049
108.57778 3.002
108.58185 3.049
108.58591 3.002
108.58998 2.978
108.59405 3.189
108.59812 3.307
108.60219 2.791
108.60626 3.119
108.61032 2.885
108.61439 3.236
108.61846 2.955
108.62253 3.072
108.62660 2.580
108.63067 2.955
108.63474 3.236
108.63880 2.932
108.64287 3.541
108.64694 2.791
108.65101 3.565
108.65508 3.236
108.65915 3.330
108.66322 3.260
108.66728 3.143
108.67135 3.377
108.67542 3.002
108.67949 3.096
108.68356 3.401
108.68763 3.377
108.69169 3.166
108.69576 3.565
108.69983 3.189
108.70390 3.541
108.70797 2.955
108.71204 3.119
108.71611 3.096
108.72017 3.166
108.72424 3.612
108.72831 3.330
108.73238 3.002
108.73645 3.307
108.74052 2.814
108.74459 3.471
108.74865 3.260
108.75272 3.260
108.75679 3.213
108.76086 3.283
108.76493 3.002
108.76900 3.213
108.77306 2.908
108.77713 3.283
108.78120 3.025
108.78527 2.861
108.78934 3.283
108.79341 3.283
108.79748 3.401
108.80154 2.674
108.80561 3.518
108.80968 2.627
108.81375 2.885
108.81782 3.565
108.82189 3.354
108.82595 2.932
108.83002 3.143
108.83409 2.861
108.83816 3.471
108.84223 2.955
108.84630 3.236
108.85037 3.236
108.85443 3.330
108.85850 2.838
108.86257 3.307
108.86664 3.119
108.87071 2.814
108.87478 2.838
108.87885 3.283
108.88291 3.565
108.88698 3.917
108.89105 2.885
108.89512 2.955
108.89919 3.143
108.90326 3.236
108.90732 3.752
108.91139 2.978
108.91546 2.697
108.91953 3.096
108.92360 2.908
108.92767 3.143
108.93174 3.307
108.93580 3.377
108.93987 3.096
108.94394 3.166
108.94801 2.814
108.95208 3.330
108.95615 3.096
108.96022 3.002
108.96428 2.861
108.96835 3.189
108.97242 2.955
108.97649 3.166
108.98056 3.518
108.98463 3.049
108.98869 3.283
108.99276 3.096
108.99683 3.401
109.00090 3.002
109.00497 3.166
109.00904 3.236
109.01311 3.682
109.01717 3.518
109.02124 2.978
109.02531 2.720
109.02938 3.260
109.03345 2.720
109.03752 3.096
109.04158 3.401
109.04565 3.213
109.04972 2.650
109.05379 3.143
109.05786 3.354
109.06193 2.814
109.06600 3.025
109.07006 3.213
109.07413 3.565
109.07820 2.674
109.08227 2.767
109.08634 3.166
109.09041 3.143
109.09448 3.025
109.09854 3.072
109.10261 2.767
109.10668 3.447
109.11075 2.908
109.11482 3.166
109.11889 2.720
109.12295 3.401
109.12702 3.049
109.13109 2.556
109.13516 3.002
109.13923 2.932
109.14330 3.260
109.14737 3.096
109.15143 2.885
109.15550 2.650
109.15957 2.720
109.16364 3.236
109.16771 2.955
109.17178 2.650
109.17585 2.932
109.17991 2.861
109.18398 3.002
109.18805 3.025
109.19212 3.330
109.19619 3.612
109.20026 2.908
109.20432 3.447
109.20839 2.932
109.21246 3.025
109.21653 2.650
109.22060 3.401
109.22467 3.471
109.22874 3.096
109.23280 3.447
109.23687 3.213
109.24094 3.424
109.24501 3.518
109.24908 2.556
109.25315 3.447
109.25721 3.119
109.26128 2.486
109.26535 2.932
109.26942 2.885
109.27349 3.166
109.27756 3.166
109.28163 2.838
109.28569 3.283
109.28976 2.697
109.29383 2.908
109.29790 2.814
109.30197 2.462
109.30604 3.260
109.31011 2.861
109.31417 3.025
109.31824 2.838
109.32231 2.674
109.32638 3.354
109.33045 2.838
109.33452 3.354
109.33858 3.025
109.34265 3.236
109.34672 2.978
109.35079 2.908
109.35486 3.213
109.35893 2.791
109.36300 3.166
109.36706 3.447
109.37113 2.978
109.37520 3.236
109.37927 3.236
109.38334 3.236
109.38741 2.791
109.39147 3.096
109.39554 2.767
109.39961 2.627
109.40368 3.354
109.40775 3.541
109.41182 3.143
109.41589 3.612
109.41995 2.814
109.42402 3.119
109.42809 2.697
109.43216 2.861
109.43623 2.767
109.44030 3.189
109.44437 3.471
109.44843 3.541
109.45250 2.932
109.45657 2.627
109.46064 3.189
109.46471 3.213
109.46878 2.838
109.47284 2.861
109.47691 2.814
109.48098 3.401
109.48505 2.932
109.48912 3.213
109.49319 3.025
109.49726 2.978
109.50132 3.002
109.50539 2.720
109.50946 3.143
109.51353 3.260
109.51760 2.978
109.52167 3.025
109.52574 3.119
109.52980 2.908
109.53387 2.674
109.53794 3.424
109.54201 2.556
109.54608 2.885
109.55015 2.744
109.55421 3.025
109.55828 2.767
109.56235 2.978
109.56642 3.236
109.57049 3.143
109.57456 2.744
109.57863 3.143
109.58269 3.002
109.58676 3.471
109.59083 2.885
109.59490 2.955
109.59897 2.978
109.60304 2.767
109.60710 2.838
109.61117 2.932
109.61524 3.096
109.61931 3.236
109.62338 2.861
109.62745 3.166
109.63152 3.166
109.63558 3.002
109.63965 3.072
109.64372 3.002
109.64779 3.307
109.65186 3.119
109.65593 2.908
109.66000 3.166
109.66406 2.791
109.66813 3.002
109.67220 3.096
109.67627 2.439
109.68034 2.744
109.68441 3.025
109.68847 2.697
109.69254 3.541
109.69661 2.416
109.70068 3.189
109.70475 2.885
109.70882 2.908
109.71289 3.049
109.71695 3.307
109.72102 3.424
109.72509 3.471
109.72916 3.260
109.73323 3.002
109.73730 2.509
109.74137 3.189
109.74543 2.650
109.74950 2.509
109.75357 3.518
109.75764 3.143
109.76171 3.424
109.76578 3.424
109.76984 2.744
109.77391 3.236
109.77798 3.424
109.78205 2.955
109.78612 3.307
109.79019 2.791
109.79426 2.533
109.79832 2.908
109.80239 3.401
109.80646 3.401
109.81053 2.908
109.81460 2.814
109.81867 3.354
109.82273 2.861
109.82680 3.189
109.83087 3.119
109.83494 3.119
109.83901 3.236
109.84308 3.049
109.84715 2.533
109.85121 2.744
109.85528 3.072
109.85935 3.119
109.86342 3.119
109.86749 2.978
109.87156 3.049
109.87563 3.072
109.87969 3.002
109.88376 2.978
109.88783 2.861
109.89190 3.377
109.89597 3.260
109.90004 3.072
109.90410 3.119
109.90817 3.166
109.91224 3.143
109.91631 2.767
109.92038 3.119
109.92445 3.635
109.92852 3.002
109.93258 2.744
109.93665 2.744
109.94072 3.049
109.94479 3.260
109.94886 2.885
109.95293 2.767
109.95700 3.166
109.96106 2.744
109.96513 2.603
109.96920 3.166
109.97327 2.885
109.97734 3.096
109.98141 2.814
